-- phpMyAdmin SQL Dump
-- version 4.9.5
-- https://www.phpmyadmin.net/
--
-- Host: localhost
-- Generation Time: Aug 04, 2020 at 08:25 AM
-- Server version: 5.7.30
-- PHP Version: 7.1.33-15+0~20200419.36+debian10~1.gbp2384b3

SET SQL_MODE = "NO_AUTO_VALUE_ON_ZERO";
SET AUTOCOMMIT = 0;
START TRANSACTION;
SET time_zone = "+00:00";


/*!40101 SET @OLD_CHARACTER_SET_CLIENT=@@CHARACTER_SET_CLIENT */;
/*!40101 SET @OLD_CHARACTER_SET_RESULTS=@@CHARACTER_SET_RESULTS */;
/*!40101 SET @OLD_COLLATION_CONNECTION=@@COLLATION_CONNECTION */;
/*!40101 SET NAMES utf8mb4 */;

--
-- Database: `xb7191_db1`
--

-- --------------------------------------------------------

--
-- Table structure for table `advertises`
--

CREATE TABLE `advertises` (
  `AdvertiseID` int(11) NOT NULL,
  `Link` varchar(255) NOT NULL,
  `SortOrder` int(11) NOT NULL,
  `Hide` tinyint(4) NOT NULL,
  `IsActive` tinyint(4) NOT NULL,
  `CreatedAt` datetime NOT NULL,
  `UpdatedAt` datetime NOT NULL,
  `CreatedBy` int(11) NOT NULL,
  `UpdatedBy` int(11) NOT NULL
) ENGINE=InnoDB DEFAULT CHARSET=utf8;

--
-- Dumping data for table `advertises`
--

INSERT INTO `advertises` (`AdvertiseID`, `Link`, `SortOrder`, `Hide`, `IsActive`, `CreatedAt`, `UpdatedAt`, `CreatedBy`, `UpdatedBy`) VALUES
(5, '', 4, 0, 1, '2019-05-25 06:23:33', '2019-11-10 08:41:52', 1, 1),
(8, 'https://www.web-by-michi.de', 6, 0, 1, '2019-11-10 09:08:43', '2019-11-10 09:08:43', 1, 1),
(11, '', 7, 0, 1, '2019-11-10 09:13:33', '2020-02-03 11:14:46', 1, 1),
(12, '', 8, 0, 1, '2019-11-10 09:14:12', '2020-02-03 11:14:53', 1, 1),
(13, '', 9, 0, 1, '2019-11-10 09:15:20', '2020-02-03 11:15:00', 1, 1),
(14, 'https://www.gerlitz-maschinen.de/', 10, 0, 1, '2019-11-10 09:16:33', '2020-02-03 11:15:26', 1, 1),
(15, '', 11, 0, 1, '2019-11-10 09:17:34', '2020-02-03 11:15:07', 1, 1);

-- --------------------------------------------------------

--
-- Table structure for table `advertises_text`
--

CREATE TABLE `advertises_text` (
  `AdvertiseTextID` int(11) NOT NULL,
  `AdvertiseID` int(11) NOT NULL,
  `Title` varchar(255) NOT NULL,
  `Image` varchar(255) NOT NULL,
  `SystemLanguageID` int(11) NOT NULL,
  `CreatedAt` datetime NOT NULL,
  `UpdatedAt` datetime NOT NULL,
  `CreatedBy` int(11) NOT NULL,
  `UpdatedBy` int(11) NOT NULL
) ENGINE=InnoDB DEFAULT CHARSET=utf8;

--
-- Dumping data for table `advertises_text`
--

INSERT INTO `advertises_text` (`AdvertiseTextID`, `AdvertiseID`, `Title`, `Image`, `SystemLanguageID`, `CreatedAt`, `UpdatedAt`, `CreatedBy`, `UpdatedBy`) VALUES
(9, 5, 'WERBUNG-2', 'uploads/images/25916564720191110085241Platzhalter-Werbung1.png', 1, '2019-05-25 06:23:33', '2019-11-10 08:41:52', 1, 1),
(10, 5, 'WERBUNG-2', 'uploads/images/9310752466220190525073006WERBUNG.png', 2, '2019-05-25 06:23:33', '2019-05-25 07:06:30', 1, 1),
(15, 8, 'web by michi ', 'uploads/images/5710228620191110094308webbymichi.png', 1, '2019-11-10 09:08:43', '2019-11-10 09:08:43', 1, 1),
(16, 8, 'web by michi ', 'uploads/images/11707105020191110095508webbymichi.png', 2, '2019-11-10 09:08:43', '2019-11-10 09:08:55', 1, 1),
(21, 11, 'Platzhalter-1', 'uploads/images/4950243282020020311461418147476520191110093417Platzhalter-Werbung-V4.png', 1, '2019-11-10 09:13:33', '2020-02-03 11:14:46', 1, 1),
(22, 11, 'ad1', 'uploads/images/18857178720191110095013Platzhalter-Werbung-V4-EN.png', 2, '2019-11-10 09:13:33', '2019-11-10 09:13:50', 1, 1),
(23, 12, 'Platzhalter-2', 'uploads/images/186926022020020311531418147476520191110093417Platzhalter-Werbung-V4.png', 1, '2019-11-10 09:14:12', '2020-02-03 11:14:53', 1, 1),
(24, 12, 'ad2', 'uploads/images/38093585220191110092314Platzhalter-Werbung-V4-EN.png', 2, '2019-11-10 09:14:12', '2019-11-10 09:14:23', 1, 1),
(25, 13, 'Platzhalter-3', 'uploads/images/3035015672020020311001518147476520191110093417Platzhalter-Werbung-V4.png', 1, '2019-11-10 09:15:20', '2020-02-03 11:15:00', 1, 1),
(26, 13, 'ad3', 'uploads/images/55703504020191110092915Platzhalter-Werbung-V4-EN.png', 2, '2019-11-10 09:15:20', '2019-11-10 09:15:29', 1, 1),
(27, 14, 'Gerlitz Maschinenhandel', 'uploads/images/1520485602020020311261524424575820191110093316gerlitz-maschinenhandel.png', 1, '2019-11-10 09:16:33', '2020-02-03 11:15:26', 1, 1),
(28, 14, 'Gerlitz Maschinenhandel', 'uploads/images/63593873320191110094916gerlitz-maschinenhandel.png', 2, '2019-11-10 09:16:33', '2019-11-10 09:16:49', 1, 1),
(29, 15, 'Platzhalter-4', 'uploads/images/6704265952020020311071518147476520191110093417Platzhalter-Werbung-V4.png', 1, '2019-11-10 09:17:34', '2020-02-03 11:15:07', 1, 1),
(30, 15, 'ad4', 'uploads/images/97996101120191110094417Platzhalter-Werbung-V4-EN.png', 2, '2019-11-10 09:17:34', '2019-11-10 09:17:44', 1, 1);

-- --------------------------------------------------------

--
-- Table structure for table `categories`
--

CREATE TABLE `categories` (
  `CategoryID` int(11) NOT NULL,
  `ParentID` int(11) NOT NULL,
  `Image` varchar(255) NOT NULL,
  `Slug` varchar(255) NOT NULL,
  `CategoryType` tinyint(1) NOT NULL DEFAULT '0' COMMENT '0 for machine and 1 for ads category',
  `SortOrder` int(11) NOT NULL,
  `Hide` tinyint(4) NOT NULL,
  `IsActive` tinyint(4) NOT NULL,
  `CreatedAt` datetime NOT NULL,
  `UpdatedAt` datetime NOT NULL,
  `CreatedBy` int(11) NOT NULL,
  `UpdatedBy` int(11) NOT NULL
) ENGINE=InnoDB DEFAULT CHARSET=utf8;

--
-- Dumping data for table `categories`
--

INSERT INTO `categories` (`CategoryID`, `ParentID`, `Image`, `Slug`, `CategoryType`, `SortOrder`, `Hide`, `IsActive`, `CreatedAt`, `UpdatedAt`, `CreatedBy`, `UpdatedBy`) VALUES
(1, 0, 'uploads/category/44609693920191009112320metall37.jpg', 'metall', 0, 0, 0, 1, '2019-02-28 15:25:34', '2019-10-09 11:20:23', 1, 1),
(2, 0, 'uploads/category/34141181920191009110425Holz-37z.jpg', 'holz', 0, 6, 0, 1, '2019-03-04 09:52:49', '2019-10-09 11:25:04', 1, 1),
(3, 1, 'uploads/category/4706324551520190305014944Danobat-TCN11-30.jpg', 'cnc-maschinen', 0, 5, 0, 1, '2019-03-05 13:44:49', '2019-03-05 13:44:49', 1, 1),
(4, 1, 'uploads/category/34803799725201903050142501515371-2.jpg', 'drehmaschinen', 0, 6, 0, 1, '2019-03-05 13:46:18', '2019-03-05 13:50:42', 1, 1),
(5, 0, 'uploads/category/20328665020191009120031Druck-37.jpg', 'druck', 0, 4, 0, 1, '2019-03-05 13:53:32', '2019-10-09 12:31:00', 1, 1),
(6, 5, 'uploads/category/8946665705220190305012355offset-printing-2703_1920.jpg', 'offset-druck', 0, 8, 0, 1, '2019-03-05 13:55:23', '2019-03-05 13:55:23', 1, 1),
(7, 0, 'uploads/category/78792682020191009112124Antriebstechnik37.jpg', 'antriebstechnik', 0, 1, 0, 1, '2019-03-05 13:58:24', '2019-10-09 11:24:21', 1, 1),
(8, 0, 'uploads/category/75810980820191009115931Lager.jpg', 'lager', 0, 7, 0, 1, '2019-03-05 13:59:35', '2019-10-09 11:31:59', 1, 1),
(9, 0, 'uploads/category/15435694620191009114131Bau-2.jpg', 'bau', 0, 5, 0, 1, '2019-03-05 14:01:58', '2019-10-09 11:31:41', 1, 1),
(10, 3, '', 'cnc-bearbeitungszentrum-universal', 0, 9, 0, 1, '2019-03-05 14:46:59', '2019-05-14 14:47:40', 1, 1),
(11, 2, '', 's-gen', 0, 10, 0, 1, '2019-03-06 10:20:33', '2019-03-06 10:20:33', 1, 1),
(12, 2, '', 'hobelmaschinen', 0, 11, 0, 1, '2019-03-06 10:22:45', '2019-03-06 10:22:45', 1, 1),
(13, 2, '', 'schleifmaschinen', 0, 12, 0, 1, '2019-03-06 10:23:56', '2019-03-06 10:23:56', 1, 1),
(16, 7, '', 'elektromotoren', 0, 15, 0, 1, '2019-03-12 13:04:08', '2019-03-12 13:04:08', 1, 1),
(17, 9, '', 'bagger', 0, 16, 0, 1, '2019-03-12 13:08:23', '2019-03-12 13:08:23', 1, 1),
(18, 9, '', 'lader', 0, 17, 0, 1, '2019-03-12 13:11:09', '2019-03-12 13:11:09', 1, 1),
(19, 9, '', 'krane', 0, 18, 0, 1, '2019-03-12 13:15:04', '2019-03-12 13:15:22', 1, 1),
(20, 8, '', 'hochregallager', 0, 1, 0, 1, '2019-03-12 13:17:47', '2019-03-12 13:21:41', 1, 1),
(21, 5, '', 'tiefdruckmaschinen', 0, 20, 0, 1, '2019-03-12 13:24:09', '2019-03-12 13:24:09', 1, 1),
(22, 5, '', 'digitaldruckmaschinen', 0, 21, 0, 1, '2019-03-12 13:26:28', '2019-03-12 13:26:28', 1, 1),
(23, 8, '', 'hubwagen', 0, 2, 0, 1, '2019-03-12 13:31:02', '2019-03-12 13:31:02', 1, 1),
(24, 8, '', 'gabelstapler', 0, 0, 0, 1, '2019-03-12 13:33:36', '2019-03-12 13:33:36', 1, 1),
(25, 7, '', 'verbrennungsmotoren', 0, 24, 0, 1, '2019-03-12 13:38:38', '2019-03-12 13:38:38', 1, 1),
(26, 7, '', 'getriebe', 0, 25, 0, 1, '2019-03-12 13:40:59', '2019-03-12 13:40:59', 1, 1),
(27, 1, '', 'fr-smaschinen', 0, 8, 0, 1, '2019-03-12 13:45:58', '2019-03-12 13:45:58', 1, 1),
(28, 1, '', 'entgratmaschinen', 0, 7, 0, 1, '2019-03-12 13:47:57', '2019-03-12 13:47:57', 1, 1),
(29, 2, '', 'drechselmaschinen', 0, 28, 0, 1, '2019-03-12 13:53:41', '2019-03-12 13:53:41', 1, 1),
(30, 0, '', 'kunststoff', 0, 8, 0, 1, '2019-03-13 13:51:29', '2019-03-13 13:51:29', 1, 1),
(31, 0, 'uploads/category/42336953720191009121834papier37.jpg', 'papier', 0, 9, 0, 1, '2019-03-13 13:54:00', '2019-10-09 12:34:18', 1, 1),
(32, 30, '', 'spritzgussmaschinen', 0, 31, 0, 1, '2019-03-14 10:54:15', '2019-03-14 10:54:15', 1, 1),
(33, 30, '', 'extrusionsanlagen', 0, 32, 0, 1, '2019-03-14 11:00:08', '2019-03-14 11:00:08', 1, 1),
(34, 30, '', 'm-hlen', 0, 33, 0, 1, '2019-03-14 11:04:00', '2019-03-14 11:04:00', 1, 1),
(35, 30, '', 'pressen', 0, 34, 0, 1, '2019-03-14 11:05:24', '2019-03-14 11:05:24', 1, 1),
(36, 31, '', 'stanzen', 0, 35, 0, 1, '2019-03-14 11:15:10', '2019-03-14 11:15:10', 1, 1),
(37, 31, '', 'schneidemaschinen', 0, 36, 0, 1, '2019-03-14 11:17:31', '2019-03-14 11:17:31', 1, 1),
(38, 31, '', 'kartonagenherstellung', 0, 37, 0, 1, '2019-03-14 11:24:00', '2019-03-14 11:24:00', 1, 1),
(39, 1, '', 'metallschleifmaschine', 0, 9, 0, 1, '2019-03-14 11:43:42', '2020-08-03 14:22:51', 1, 1),
(40, 9, '', 'stromgeneratoren', 0, 39, 0, 1, '2019-03-14 11:53:48', '2019-03-14 11:53:48', 1, 1),
(41, 9, '', 'walzen', 0, 40, 0, 1, '2019-03-14 12:03:23', '2019-03-14 12:03:23', 1, 1),
(42, 1, '', 'blechbearbeitungsmaschinen', 0, 3, 0, 1, '2019-03-14 12:05:50', '2019-03-14 12:05:50', 1, 1),
(43, 5, '', 'buchbindereimaschinen', 0, 42, 0, 1, '2019-03-14 12:09:45', '2019-03-14 12:10:05', 1, 1),
(44, 5, '', 'buchdruck', 0, 43, 0, 1, '2019-03-14 12:11:22', '2019-03-14 12:11:22', 1, 1),
(45, 0, 'uploads/category/69780588620191009113524Automatisierung37.jpg', 'automatisierung', 0, 3, 0, 1, '2019-03-14 12:30:30', '2019-10-09 11:24:35', 1, 1),
(46, 45, '', 'steuerungstechnik', 0, 45, 0, 1, '2019-03-14 12:35:40', '2019-03-14 12:35:40', 1, 1),
(47, 45, '', 'roboter', 0, 46, 0, 1, '2019-03-14 12:36:52', '2019-03-14 12:36:52', 1, 1),
(48, 24, '', 'elektro-stapler', 0, 47, 0, 1, '2019-03-14 12:42:36', '2019-03-14 12:47:29', 1, 1),
(49, 24, '', 'diesel-stapler', 0, 48, 0, 1, '2019-03-14 12:51:59', '2019-03-21 10:03:32', 1, 1),
(50, 24, '', 'gas-stapler', 0, 49, 0, 1, '2019-03-14 12:55:14', '2019-03-14 12:55:14', 1, 1),
(51, 0, 'uploads/category/28909279420191009120938lebensmittel37.jpg', 'lebensmittel', 0, 10, 0, 1, '2019-03-14 13:34:09', '2019-10-09 12:38:09', 1, 1),
(52, 51, '', 'b-ckereimaschinen', 0, 51, 0, 1, '2019-03-14 13:37:15', '2019-03-14 13:37:15', 1, 1),
(53, 51, '', 'getr-nkemaschinen', 0, 52, 0, 1, '2019-03-14 13:39:34', '2019-03-14 13:39:34', 1, 1),
(54, 51, '', 'obstverarbeitung', 0, 53, 0, 1, '2019-03-14 13:41:35', '2019-03-14 13:41:35', 1, 1),
(55, 51, '', 'gem-severarbeitung', 0, 54, 0, 1, '2019-03-14 13:43:04', '2019-03-14 13:43:04', 1, 1),
(56, 51, '', 'fleischverarbeitung', 0, 55, 0, 1, '2019-03-14 13:44:16', '2019-03-14 13:44:16', 1, 1),
(57, 2, '', 'kantenanleimmaschinen', 0, 56, 0, 1, '2019-03-14 13:48:28', '2019-03-14 13:48:28', 1, 1),
(58, 11, '', 'bands-gen', 0, 57, 0, 1, '2019-03-14 13:52:06', '2019-03-15 10:09:27', 1, 1),
(59, 23, '', 'handhubwagen', 0, 0, 0, 1, '2019-03-21 10:57:22', '2019-03-21 11:06:31', 1, 1),
(60, 23, '', 'elektro-hubwagen', 0, 1, 0, 1, '2019-03-21 11:04:22', '2019-03-21 11:07:23', 1, 1),
(61, 1, '', 'zubeh-r-metall', 0, 15, 0, 1, '2019-05-14 14:42:26', '2019-05-14 14:42:26', 1, 1),
(62, 1, '', 'bearbeitungszentren-vertikal', 0, 1, 0, 1, '2019-05-14 14:44:07', '2019-09-03 08:33:00', 1, 1),
(63, 1, '', 'bohrmaschinen', 0, 4, 0, 1, '2019-05-14 14:45:48', '2019-05-14 14:45:48', 1, 1),
(64, 1, '', 'metallpressen', 0, 11, 0, 1, '2019-05-14 14:49:21', '2019-05-14 14:49:21', 1, 1),
(65, 1, '', 'schwei-ger-te', 0, 14, 0, 1, '2019-05-14 14:50:31', '2019-05-14 14:50:31', 1, 1),
(66, 1, '', 'metallschneidemaschinen', 0, 12, 0, 1, '2019-05-14 14:51:50', '2019-05-14 14:51:50', 1, 1),
(67, 1, '', 'metalls-gen', 0, 10, 0, 1, '2019-05-14 14:52:51', '2019-05-14 14:52:51', 1, 1),
(68, 1, '', 'sonstige-maschinen-f-r-metall', 0, 13, 0, 1, '2019-05-14 14:54:08', '2019-05-14 14:54:08', 1, 1),
(69, 2, '', 'kantenanleimmaschinen', 0, 68, 0, 1, '2019-05-14 14:55:36', '2019-05-14 14:55:36', 1, 1),
(70, 5, '', 'weiterverarbeitungsmaschinen', 0, 69, 0, 1, '2019-05-14 14:55:45', '2019-05-14 14:55:45', 1, 1),
(71, 2, '', 'holzfr-sen', 0, 70, 0, 1, '2019-05-14 14:56:24', '2019-05-14 14:56:24', 1, 1),
(72, 70, '', 'falzmaschinen', 0, 71, 0, 1, '2019-05-14 14:56:34', '2019-05-14 14:56:34', 1, 1),
(73, 70, '', 'druck-schneidemaschinen', 0, 72, 0, 1, '2019-05-14 14:57:17', '2019-05-14 14:57:17', 1, 1),
(74, 2, '', 'absauganlagen', 0, 73, 0, 1, '2019-05-14 14:57:24', '2019-05-14 14:57:24', 1, 1),
(75, 2, '', 'holz-cnc-bearbeitungszentren', 0, 74, 0, 1, '2019-05-14 14:58:43', '2019-05-14 14:58:43', 1, 1),
(76, 25, '', 'benzinmotoren', 0, 1, 0, 1, '2019-05-14 14:59:10', '2019-05-14 14:59:10', 1, 1),
(77, 2, '', 'holzpressen', 0, 76, 0, 1, '2019-05-14 14:59:27', '2019-05-14 14:59:27', 1, 1),
(78, 25, '', 'dieselmotoren', 0, 0, 0, 1, '2019-05-14 14:59:50', '2019-05-14 14:59:50', 1, 1),
(79, 25, '', 'gasmotoren', 0, 2, 0, 1, '2019-05-14 15:01:35', '2019-05-14 15:01:35', 1, 1),
(80, 51, '', 'gastronomieger-te', 0, 79, 0, 1, '2019-05-14 15:01:54', '2019-05-14 15:01:54', 1, 1),
(81, 51, '', 'brauereianlagen', 0, 80, 0, 1, '2019-05-14 15:02:53', '2019-05-14 15:02:53', 1, 1),
(82, 24, '', 'andere-stapler', 0, 81, 0, 1, '2019-05-14 15:03:09', '2019-05-14 15:03:09', 1, 1),
(83, 51, '', 'fischverarbeitung', 0, 82, 0, 1, '2019-05-14 15:03:47', '2019-05-14 15:03:47', 1, 1),
(84, 8, '', 'schwerlastregale', 0, 4, 0, 1, '2019-05-14 15:04:02', '2019-05-14 15:04:02', 1, 1),
(85, 8, '', 'lagertanks', 0, 3, 0, 1, '2019-05-14 15:04:39', '2019-05-14 15:04:39', 1, 1),
(86, 51, '', 'molkereianlagen', 0, 85, 0, 1, '2019-05-14 15:04:40', '2019-05-14 15:04:40', 1, 1),
(87, 51, '', 'verpackungsanlagen', 0, 86, 0, 1, '2019-05-14 15:05:33', '2019-05-14 15:05:33', 1, 1),
(88, 30, '', 'fensterbaumaschinen', 0, 87, 0, 1, '2019-05-14 15:06:09', '2019-05-14 15:06:09', 1, 1),
(89, 51, '', 'mischanlagen', 0, 88, 0, 1, '2019-05-14 15:06:24', '2019-05-14 15:06:24', 1, 1),
(90, 0, 'uploads/category/80619572820191009121841entsorgung37.jpg', 'entsorgung', 0, 11, 0, 1, '2019-05-14 15:07:50', '2019-10-09 12:41:18', 1, 1),
(91, 45, '', 'schaltanlagen', 0, 90, 0, 1, '2019-05-14 15:08:03', '2019-05-14 15:08:03', 1, 1),
(92, 0, 'uploads/category/24259623420191009122028foerdertechnik37.jpg', 'fuerdertechnik', 0, 2, 0, 1, '2019-05-14 15:08:33', '2019-10-09 12:28:20', 1, 1),
(93, 90, '', 'pressen-zur-entsorgung', 0, 92, 0, 1, '2019-05-14 15:09:11', '2019-05-14 15:09:11', 1, 1),
(94, 92, '', 'f-rderb-nder', 0, 0, 0, 1, '2019-05-14 15:09:21', '2019-05-14 15:09:21', 1, 1),
(95, 92, '', 'pumpen', 0, 2, 0, 1, '2019-05-14 15:09:51', '2019-05-14 15:09:51', 1, 1),
(96, 90, '', 'm-hlen-zur-entsorgung', 0, 95, 0, 1, '2019-05-14 15:10:06', '2019-05-14 15:10:06', 1, 1),
(97, 92, '', 'rollenbahnen', 0, 3, 0, 1, '2019-05-14 15:10:20', '2019-05-14 15:10:20', 1, 1),
(98, 92, '', 'kettenz-ge', 0, 1, 0, 1, '2019-05-14 15:11:03', '2019-05-14 15:11:03', 1, 1),
(99, 90, '', 'schredder', 0, 98, 0, 1, '2019-05-14 15:11:04', '2019-05-14 15:11:04', 1, 1),
(100, 92, '', 'sonstige-maschinen', 0, 4, 0, 1, '2019-05-14 15:11:37', '2019-05-14 15:11:37', 1, 1),
(101, 90, '', 'h-cksler', 0, 100, 0, 1, '2019-05-14 15:11:48', '2019-05-14 15:11:48', 1, 1),
(102, 90, '', 'siebanlagen', 0, 101, 0, 1, '2019-05-14 15:12:32', '2019-05-14 15:12:32', 1, 1),
(103, 90, '', 'zerkleinerungsanlagen', 0, 102, 0, 1, '2019-05-14 15:13:20', '2019-05-14 15:13:20', 1, 1),
(104, 0, 'uploads/category/21687630820191009120844steinbearbeitung37.jpg', 'steinbearbeitung', 0, 12, 0, 1, '2019-05-25 07:23:49', '2019-10-09 12:44:08', 1, 1),
(105, 0, 'uploads/category/34978762820191009124147textilmaschinen37.jpg', 'textilmaschinen', 0, 13, 0, 1, '2019-05-25 07:26:48', '2019-10-09 12:47:41', 1, 1),
(106, 0, 'uploads/category/53001231320191009122850transport37.jpg', 'transport', 0, 14, 0, 1, '2019-05-25 07:29:12', '2019-10-09 12:50:28', 1, 1),
(107, 0, 'uploads/category/44680687120191009124652stapler37.jpg', 'stapler', 0, 15, 0, 1, '2019-05-25 07:35:07', '2019-10-09 12:52:46', 1, 1),
(108, 0, '', 'lagerware', 0, 16, 0, 1, '2019-05-30 07:00:30', '2019-07-31 14:24:46', 1, 1),
(111, 0, '', 'services', 0, 17, 0, 1, '2019-07-31 15:58:18', '2019-07-31 15:58:18', 1, 1),
(112, 106, '', 'lastkraftwagen-oeber-7.5-to', 0, 109, 0, 1, '2019-07-31 16:01:27', '2019-07-31 16:02:26', 1, 1),
(113, 106, '', 'anhaenger', 0, 110, 0, 1, '2019-07-31 16:03:02', '2019-07-31 16:03:02', 1, 1),
(114, 0, '', 'industriebedarf', 0, 18, 0, 1, '2019-08-21 16:37:59', '2019-11-21 05:33:44', 1, 1),
(115, 1, '', 'bearbeitungszentren-universal', 0, 2, 0, 1, '2019-09-03 08:32:20', '2019-09-03 08:32:20', 1, 1),
(116, 1, '', 'bearbeitungszentren-horizontal', 0, 0, 0, 1, '2019-09-03 08:33:43', '2019-09-03 08:33:43', 1, 1),
(117, 116, '', 'bearbeitungszentren-horizontal-600-799mm-(x-weg)', 0, 2, 0, 1, '2019-09-03 08:35:00', '2019-09-03 09:05:26', 1, 1),
(118, 116, '', 'bearbeitungszentren-horizontal-ab-1200mm-(x-weg)', 0, 4, 0, 1, '2019-09-03 08:35:54', '2019-09-03 09:03:25', 1, 1),
(119, 116, '', 'bearbeitungszentren-horizontal-400-599mm-(x-weg)', 0, 1, 0, 1, '2019-09-03 08:45:51', '2019-09-03 09:02:30', 1, 1),
(120, 116, '', 'bearbeitungszentren-horizontal-800-1199mm-(x-weg)', 0, 3, 0, 1, '2019-09-03 08:50:36', '2019-09-03 09:04:19', 1, 1),
(121, 115, '', 'bearbeitungszentren-universal-0-599mm-(x-weg)', 0, 118, 0, 1, '2019-09-03 08:52:35', '2019-09-03 09:08:29', 1, 1),
(122, 115, '', 'bearbeitungszentren-universal-600-699mm-(x-weg)', 0, 119, 0, 1, '2019-09-03 08:55:05', '2019-09-03 09:07:29', 1, 1),
(123, 115, '', 'bearbeitungszentren-universal-700-999mm-(x-weg)', 0, 120, 0, 1, '2019-09-03 08:57:45', '2019-09-03 09:06:25', 1, 1),
(124, 115, '', 'bearbeitungszentren-universal-ab-1000mm-(x-weg)', 0, 121, 0, 1, '2019-09-03 09:00:39', '2020-01-23 09:28:24', 1, 1),
(125, 62, '', 'bearbeitungszentren-vertikal-0-599mm-(x-weg)', 0, 0, 0, 1, '2019-09-03 09:10:31', '2020-01-23 09:25:23', 1, 1),
(126, 62, '', 'bearbeitungszentren-vertikal-ab-1200mm-(x-weg)', 0, 4, 0, 1, '2019-09-03 09:13:38', '2020-01-23 09:27:27', 1, 1),
(127, 62, '', 'bearbeitungszentren-vertikal-600-699mm-(x-weg)', 0, 1, 0, 1, '2019-09-03 09:17:38', '2019-09-03 09:17:38', 1, 1),
(128, 62, '', 'bearbeitungszentren-vertikal-700-999mm-(x-weg)', 0, 2, 0, 1, '2019-09-03 09:19:35', '2019-09-03 09:19:35', 1, 1),
(129, 62, '', 'bearbeitungszentren-vertikal-1000-1199mm-(x-weg)', 0, 3, 0, 1, '2019-09-03 09:52:53', '2019-09-03 09:53:05', 1, 1),
(130, 116, '', 'bearbeitungszentren-horizontal-0--399mm-(x-weg)', 0, 0, 0, 1, '2019-12-03 09:32:20', '2019-12-03 09:32:20', 1, 1),
(131, 61, '', 'dreibackenfutter', 0, 128, 0, 1, '2019-12-03 09:36:27', '2019-12-03 09:36:27', 1, 1),
(132, 0, 'uploads/category/9948570120200323072138maschinentransporte-882.jpg', 'transportleistungen', 1, 2, 0, 1, '2020-02-25 05:53:13', '2020-03-23 07:38:21', 1, 1),
(133, 0, 'uploads/category/41908780020200323073945CNC-Bearbeitung-Service-4-5760.jpg', 'cnc-bearbeitung', 1, 0, 0, 1, '2020-02-25 05:55:47', '2020-03-23 07:45:39', 1, 1),
(134, 0, 'uploads/category/94709561020200323073941industriebedarf-35266.jpg', 'industriebedarf-', 1, 1, 0, 1, '2020-03-13 11:15:18', '2020-03-23 07:41:39', 1, 1),
(135, 0, 'uploads/category/32885860220200323074248promotion-524.jpg', 'werbeartikel-promotion', 1, 2, 0, 1, '2020-03-13 12:01:33', '2020-03-23 07:48:42', 1, 1),
(136, 5, '', 'laser-drucker', 0, 3, 0, 1, '2020-06-04 06:45:09', '2020-06-04 06:45:09', 1, 1),
(137, 5, '', 'tintenstrahldrucker', 0, 4, 0, 1, '2020-06-04 06:55:52', '2020-06-04 06:56:10', 1, 1),
(138, 0, '', 'oberflaechentechnik', 0, 5, 0, 1, '2020-06-05 17:22:43', '2020-06-05 17:22:43', 1, 1);

-- --------------------------------------------------------

--
-- Table structure for table `categories_text`
--

CREATE TABLE `categories_text` (
  `CategoryTextID` int(11) NOT NULL,
  `CategoryID` int(11) NOT NULL,
  `Title` varchar(255) NOT NULL,
  `Content` text NOT NULL,
  `Seo` text NOT NULL,
  `SystemLanguageID` int(11) NOT NULL,
  `CreatedAt` datetime NOT NULL,
  `UpdatedAt` datetime NOT NULL,
  `CreatedBy` int(11) NOT NULL,
  `UpdatedBy` int(11) NOT NULL
) ENGINE=InnoDB DEFAULT CHARSET=utf8;

--
-- Dumping data for table `categories_text`
--

INSERT INTO `categories_text` (`CategoryTextID`, `CategoryID`, `Title`, `Content`, `Seo`, `SystemLanguageID`, `CreatedAt`, `UpdatedAt`, `CreatedBy`, `UpdatedBy`) VALUES
(1, 1, 'Metal', '<p>Metal</p>', '{\"seo_title\":\"Metal\",\"keywords\":\"Metal\",\"meta_desc\":\"Metal\",\"crawl_after_day\":\"20\",\"follow\":\"nofollow\",\"index\":\"noindex\"}', 2, '2019-02-28 15:25:34', '2019-03-05 12:04:29', 1, 1),
(2, 1, 'Metall', '<p>Metall, Metallverarbeitung, CNC-Maschinen, Drehmaschinen, Fräsmaschinen</p>', '{\"seo_title\":\"Metall\",\"keywords\":\"Metall, Metallverarbeitung, CNC-Maschinen, Drehmaschinen, Fr\\u00e4smaschinen\",\"meta_desc\":\"Metall, Metallverarbeitung, CNC-Maschinen, Drehmaschinen, Fr\\u00e4smaschinen\",\"crawl_after_day\":\"\",\"follow\":\"follow\",\"index\":\"index\"}', 1, '2019-02-28 15:25:34', '2019-10-09 11:20:23', 1, 1),
(3, 1, '', '', '', 3, '2019-02-28 15:25:34', '2019-02-28 15:25:34', 1, 1),
(4, 2, 'Holz', '<p>Holzbearbeitung, Holz-Bearbeitungsmaschinen, Tischlerei,</p>', '{\"seo_title\":\"Holz\",\"keywords\":\"Holzbearbeitung, Holz-Bearbeitungsmaschinen, Tischlerei, S\\u00e4gen,\",\"meta_desc\":\"Holzbearbeitung, Holz-Bearbeitungsmaschinen, Tischlerei, \",\"crawl_after_day\":\"\",\"follow\":\"follow\",\"index\":\"index\"}', 1, '2019-03-04 09:52:49', '2019-10-09 11:25:04', 1, 1),
(5, 2, 'Wood', '<p>Wood, Woodmachinery,</p>', '{\"seo_title\":\"Wood, Woodmachinery,\",\"keywords\":\"Wood, Woodmachinery,\",\"meta_desc\":\"Wood, Woodmachinery,\",\"crawl_after_day\":\"\",\"follow\":\"follow\",\"index\":\"index\"}', 2, '2019-03-04 09:52:49', '2019-03-05 13:42:50', 1, 1),
(6, 3, 'CNC-Maschinen', '', '{\"seo_title\":\"CNC-Maschinen\",\"keywords\":\"CNC-Maschinen\",\"meta_desc\":\"CNC-Maschinen\",\"crawl_after_day\":\"\",\"follow\":\"follow\",\"index\":\"index\"}', 1, '2019-03-05 13:44:49', '2019-03-05 13:44:49', 1, 1),
(7, 3, 'CNC machine', '<p>CNC machine</p>', '{\"seo_title\":\"CNC machine\",\"keywords\":\"CNC machine\",\"meta_desc\":\"CNC machine\",\"crawl_after_day\":\"\",\"follow\":\"follow\",\"index\":\"index\"}', 2, '2019-03-05 13:44:49', '2019-03-05 13:45:24', 1, 1),
(8, 4, 'Drehmaschinen', '<p>Drehmaschinen</p>', '{\"seo_title\":\"Drehmaschinen\",\"keywords\":\"Drehmaschinen\",\"meta_desc\":\"Drehmaschinen\",\"crawl_after_day\":\"\",\"follow\":\"follow\",\"index\":\"index\"}', 1, '2019-03-05 13:46:18', '2019-03-05 13:50:42', 1, 1),
(9, 4, 'Lathes', '<p>Lathes</p>', '{\"seo_title\":\"Lathes\",\"keywords\":\"Lathes\",\"meta_desc\":\"Lathes\",\"crawl_after_day\":\"\",\"follow\":\"follow\",\"index\":\"index\"}', 2, '2019-03-05 13:46:18', '2019-03-05 13:46:40', 1, 1),
(10, 5, 'Druck', '<p>Druck, Druckerei, Druckmaschinen</p>', '{\"seo_title\":\"Druck, Druckerei, Druckmaschinen\",\"keywords\":\"Druck, Druckerei, Druckmaschinen\",\"meta_desc\":\"Druck, Druckerei, Druckmaschinen\",\"crawl_after_day\":\"\",\"follow\":\"follow\",\"index\":\"index\"}', 1, '2019-03-05 13:53:32', '2019-10-09 12:31:00', 1, 1),
(11, 5, 'Print', '<p>Print, printing machine</p>', '{\"seo_title\":\"Print, printing machine\",\"keywords\":\"Print, printing machine\",\"meta_desc\":\"Print, printing machine\",\"crawl_after_day\":\"\",\"follow\":\"follow\",\"index\":\"index\"}', 2, '2019-03-05 13:53:32', '2019-03-05 13:54:34', 1, 1),
(12, 6, 'Offset Druck', '<p>Offset Druck</p>', '{\"seo_title\":\"Offset Druck\",\"keywords\":\"Offset Druck\",\"meta_desc\":\"Offset Druck\",\"crawl_after_day\":\"\",\"follow\":\"follow\",\"index\":\"index\"}', 1, '2019-03-05 13:55:23', '2019-03-05 13:55:23', 1, 1),
(13, 6, 'Offset printing ', '<p>Offset printing machinery</p>', '{\"seo_title\":\"Offset printing machinery\",\"keywords\":\"Offset printing machinery\",\"meta_desc\":\"Offset printing machinery\",\"crawl_after_day\":\"\",\"follow\":\"follow\",\"index\":\"index\"}', 2, '2019-03-05 13:55:23', '2019-03-05 13:55:51', 1, 1),
(14, 7, 'Antriebstechnik', '<p>Antriebstechnik; Motoren, Elektromotoren, Dieselmotoren</p>', '{\"seo_title\":\"Antriebstechnik\",\"keywords\":\"Antriebstechnik\",\"meta_desc\":\"Antriebstechnik\",\"crawl_after_day\":\"\",\"follow\":\"follow\",\"index\":\"index\"}', 1, '2019-03-05 13:58:24', '2019-10-09 11:24:21', 1, 1),
(15, 7, 'Propulsion', '<p>Propulsion</p>', '{\"seo_title\":\"Propulsion\",\"keywords\":\"Propulsion\",\"meta_desc\":\"Propulsion\",\"crawl_after_day\":\"Propulsion\",\"follow\":\"follow\",\"index\":\"index\"}', 2, '2019-03-05 13:58:24', '2019-03-05 13:58:57', 1, 1),
(16, 8, 'Lager', '<p>Lagertechnik</p>', '{\"seo_title\":\"Lagertechnik\",\"keywords\":\"Lagertechnik\",\"meta_desc\":\"Lagertechnik\",\"crawl_after_day\":\"\",\"follow\":\"follow\",\"index\":\"index\"}', 1, '2019-03-05 13:59:35', '2019-10-09 11:31:59', 1, 1),
(17, 8, 'Storage', '<p>storage, warehouse technic,</p>', '{\"seo_title\":\"storage, warehouse technic, \",\"keywords\":\"storage, warehouse technic, \",\"meta_desc\":\"storage, warehouse technic, \",\"crawl_after_day\":\"\",\"follow\":\"follow\",\"index\":\"index\"}', 2, '2019-03-05 13:59:35', '2019-03-05 14:01:00', 1, 1),
(18, 9, 'Bau', '<p>Bau, Baufahrzeuge, Baumaschinen,</p>', '{\"seo_title\":\"Bau, Baufahrzeuge, Baumaschinen, \",\"keywords\":\"Bau, Baufahrzeuge, Baumaschinen, \",\"meta_desc\":\"Bau, Baufahrzeuge, Baumaschinen, \",\"crawl_after_day\":\"\",\"follow\":\"follow\",\"index\":\"index\"}', 1, '2019-03-05 14:01:58', '2019-10-09 11:31:41', 1, 1),
(19, 9, 'Construction', '<p>Construction</p>', '{\"seo_title\":\"Construction\",\"keywords\":\"Construction\",\"meta_desc\":\"Construction\",\"crawl_after_day\":\"\",\"follow\":\"follow\",\"index\":\"index\"}', 2, '2019-03-05 14:01:58', '2019-03-05 14:02:19', 1, 1),
(20, 10, 'CNC Bearbeitungszentrum universal', '<p>Bearbeitungszentrum universal, CNC</p>', '{\"seo_title\":\"CNC Bearbeitungszentrum universal\",\"keywords\":\"CNC Bearbeitungszentrum universal\",\"meta_desc\":\"CNC Bearbeitungszentrum universal\",\"crawl_after_day\":\"\",\"follow\":\"follow\",\"index\":\"index\"}', 1, '2019-03-05 14:46:59', '2019-05-14 14:47:40', 1, 1),
(21, 10, 'CNC machine centers', '<p>CNC machine centers</p>', '{\"seo_title\":\"CNC machine centers\",\"keywords\":\"CNC machine centers\",\"meta_desc\":\"CNC machine centers\",\"crawl_after_day\":\"\",\"follow\":\"follow\",\"index\":\"index\"}', 2, '2019-03-05 14:46:59', '2019-03-13 13:43:10', 1, 1),
(22, 11, 'Sägen', '<p>S&auml;gen</p>', '{\"seo_title\":\"S\\u00e4gen\",\"keywords\":\"S\\u00e4gen\",\"meta_desc\":\"S\\u00e4gen\",\"crawl_after_day\":\"\",\"follow\":\"follow\",\"index\":\"index\"}', 1, '2019-03-06 10:20:33', '2019-03-06 10:20:33', 1, 1),
(23, 11, 'Saws', '<p>S&auml;gen</p>', '{\"seo_title\":\"S\\u00e4gen\",\"keywords\":\"S\\u00e4gen\",\"meta_desc\":\"S\\u00e4gen\",\"crawl_after_day\":\"\",\"follow\":\"follow\",\"index\":\"index\"}', 2, '2019-03-06 10:20:33', '2019-03-06 10:21:06', 1, 1),
(24, 12, 'Hobelmaschinen', '<p>Hobelmaschinen</p>', '{\"seo_title\":\"Hobelmaschinen\",\"keywords\":\"Hobelmaschinen\",\"meta_desc\":\"Hobelmaschinen\",\"crawl_after_day\":\"\",\"follow\":\"follow\",\"index\":\"index\"}', 1, '2019-03-06 10:22:45', '2019-03-06 10:22:45', 1, 1),
(25, 12, 'Planers', '<p>Planers</p>', '{\"seo_title\":\"Planers\",\"keywords\":\"Planers\",\"meta_desc\":\"Planers\",\"crawl_after_day\":\"\",\"follow\":\"follow\",\"index\":\"index\"}', 2, '2019-03-06 10:22:45', '2019-03-06 10:23:18', 1, 1),
(26, 13, 'Schleifmaschinen', '<p>Schleifmaschinen</p>', '{\"seo_title\":\"Schleifmaschinen\",\"keywords\":\"Schleifmaschinen\",\"meta_desc\":\"Schleifmaschinen\",\"crawl_after_day\":\"\",\"follow\":\"follow\",\"index\":\"index\"}', 1, '2019-03-06 10:23:56', '2019-03-06 10:23:56', 1, 1),
(27, 13, 'Sanders', '<p>Sanders</p>', '{\"seo_title\":\"Sanders\",\"keywords\":\"Sanders\",\"meta_desc\":\"Sanders\",\"crawl_after_day\":\"\",\"follow\":\"follow\",\"index\":\"index\"}', 2, '2019-03-06 10:23:56', '2019-03-06 10:24:37', 1, 1),
(32, 16, 'Elektromotoren', '<p>Elektromotoren</p>', '{\"seo_title\":\"Elektromotoren\",\"keywords\":\"Elektromotoren\",\"meta_desc\":\"Elektromotoren\",\"crawl_after_day\":\"\",\"follow\":\"follow\",\"index\":\"index\"}', 1, '2019-03-12 13:04:08', '2019-03-12 13:04:08', 1, 1),
(33, 16, 'Electric motors', '<p>Electric motors</p>', '{\"seo_title\":\"Electric motors\",\"keywords\":\"Electric motors\",\"meta_desc\":\"Electric motors\",\"crawl_after_day\":\"\",\"follow\":\"follow\",\"index\":\"index\"}', 2, '2019-03-12 13:04:08', '2019-03-12 13:04:45', 1, 1),
(34, 17, 'Bagger', '<p>Bagger</p>', '{\"seo_title\":\"Bagger\",\"keywords\":\"Bagger\",\"meta_desc\":\"Bagger\",\"crawl_after_day\":\"\",\"follow\":\"follow\",\"index\":\"index\"}', 1, '2019-03-12 13:08:23', '2019-03-12 13:08:23', 1, 1),
(35, 17, 'Excavators', '<p>Excavators</p>', '{\"seo_title\":\"Excavators\",\"keywords\":\"Excavators\",\"meta_desc\":\"Excavators\",\"crawl_after_day\":\"\",\"follow\":\"follow\",\"index\":\"index\"}', 2, '2019-03-12 13:08:23', '2019-03-12 13:10:03', 1, 1),
(36, 18, 'Lader', '<p>Lader</p>', '{\"seo_title\":\"Lader\",\"keywords\":\"Lader\",\"meta_desc\":\"Lader\",\"crawl_after_day\":\"\",\"follow\":\"follow\",\"index\":\"index\"}', 1, '2019-03-12 13:11:09', '2019-03-12 13:11:09', 1, 1),
(37, 18, 'Loaders', '<p>Loaders</p>', '{\"seo_title\":\"Loaders\",\"keywords\":\"Loaders\",\"meta_desc\":\"Loaders\",\"crawl_after_day\":\"\",\"follow\":\"follow\",\"index\":\"index\"}', 2, '2019-03-12 13:11:09', '2019-03-12 13:11:26', 1, 1),
(38, 19, 'Krane', '<p>Krane</p>', '{\"seo_title\":\"Krane\",\"keywords\":\"Krane\",\"meta_desc\":\"Krane\",\"crawl_after_day\":\"\",\"follow\":\"follow\",\"index\":\"index\"}', 1, '2019-03-12 13:15:04', '2019-03-12 13:15:22', 1, 1),
(39, 19, 'Cranes', '<p>Cranes</p>', '{\"seo_title\":\"Cranes\",\"keywords\":\"Cranes\",\"meta_desc\":\"Cranes\",\"crawl_after_day\":\"\",\"follow\":\"follow\",\"index\":\"index\"}', 2, '2019-03-12 13:15:04', '2019-03-12 13:15:55', 1, 1),
(40, 20, 'Hochregallager', '<p>Hochregallager</p>', '{\"seo_title\":\"Hochregallager\",\"keywords\":\"Hochregallager\",\"meta_desc\":\"Hochregallager\",\"crawl_after_day\":\"\",\"follow\":\"follow\",\"index\":\"index\"}', 1, '2019-03-12 13:17:47', '2019-03-12 13:21:41', 1, 1),
(41, 20, 'High-bay racking', '<p>High-bay racking</p>', '{\"seo_title\":\"High-bay racking\",\"keywords\":\"High-bay racking\",\"meta_desc\":\"High-bay racking\",\"crawl_after_day\":\"\",\"follow\":\"follow\",\"index\":\"index\"}', 2, '2019-03-12 13:17:47', '2019-03-12 13:22:25', 1, 1),
(42, 21, 'Tiefdruckmaschinen', '<p>Tiefdruckmaschinen</p>', '{\"seo_title\":\"Tiefdruckmaschinen\",\"keywords\":\"Tiefdruckmaschinen\",\"meta_desc\":\"Tiefdruckmaschinen\",\"crawl_after_day\":\"\",\"follow\":\"follow\",\"index\":\"index\"}', 1, '2019-03-12 13:24:09', '2019-03-12 13:24:09', 1, 1),
(43, 21, 'Gravure printing presses', '<p>Gravure printing presses</p>', '{\"seo_title\":\"Gravure printing presses\",\"keywords\":\"Gravure printing presses\",\"meta_desc\":\"Gravure printing presses\",\"crawl_after_day\":\"\",\"follow\":\"follow\",\"index\":\"index\"}', 2, '2019-03-12 13:24:09', '2019-03-12 13:25:25', 1, 1),
(44, 22, 'Digitaldruckmaschinen', '<p>Digitaldruckmaschinen</p>', '{\"seo_title\":\"Digitaldruckmaschinen\",\"keywords\":\"Digitaldruckmaschinen\",\"meta_desc\":\"Digitaldruckmaschinen\",\"crawl_after_day\":\"\",\"follow\":\"follow\",\"index\":\"index\"}', 1, '2019-03-12 13:26:28', '2019-03-12 13:26:28', 1, 1),
(45, 22, 'Digital printing machines', '<p>Digital printing machines</p>', '{\"seo_title\":\"Digital printing machines\",\"keywords\":\"Digital printing machines\",\"meta_desc\":\"Digital printing machines\",\"crawl_after_day\":\"\",\"follow\":\"follow\",\"index\":\"index\"}', 2, '2019-03-12 13:26:28', '2019-03-12 13:28:09', 1, 1),
(46, 23, 'Hubwagen', '<p>Hubwagen</p>', '{\"seo_title\":\"Hubwagen\",\"keywords\":\"Hubwagen\",\"meta_desc\":\"Hubwagen\",\"crawl_after_day\":\"\",\"follow\":\"follow\",\"index\":\"index\"}', 1, '2019-03-12 13:31:02', '2019-03-12 13:31:02', 1, 1),
(47, 23, 'Pallet trucks', '<p>Pallet trucks</p>', '{\"seo_title\":\"Pallet trucks\",\"keywords\":\"Pallet trucks\",\"meta_desc\":\"Pallet trucks\",\"crawl_after_day\":\"\",\"follow\":\"follow\",\"index\":\"index\"}', 2, '2019-03-12 13:31:02', '2019-03-21 10:59:50', 1, 1),
(48, 24, 'Gabelstapler', '<p>Gabelstapler</p>', '{\"seo_title\":\"Gabelstapler\",\"keywords\":\"Gabelstapler\",\"meta_desc\":\"Gabelstapler\",\"crawl_after_day\":\"\",\"follow\":\"follow\",\"index\":\"index\"}', 1, '2019-03-12 13:33:36', '2019-03-12 13:33:36', 1, 1),
(49, 24, 'Forklift trucks', '<p>Forklift trucks</p>', '{\"seo_title\":\"Forklift trucks\",\"keywords\":\"Forklift trucks\",\"meta_desc\":\"Forklift trucks\",\"crawl_after_day\":\"\",\"follow\":\"follow\",\"index\":\"index\"}', 2, '2019-03-12 13:33:36', '2019-03-14 13:05:00', 1, 1),
(50, 25, 'Verbrennungsmotoren', '<p>Verbrennungsmotoren</p>', '{\"seo_title\":\"Verbrennungsmotoren\",\"keywords\":\"Verbrennungsmotoren\",\"meta_desc\":\"Verbrennungsmotoren\",\"crawl_after_day\":\"\",\"follow\":\"follow\",\"index\":\"index\"}', 1, '2019-03-12 13:38:38', '2019-03-12 13:38:38', 1, 1),
(51, 25, 'Combustion engines', '<p>Combustion engines</p>', '{\"seo_title\":\"Combustion engines\",\"keywords\":\"Combustion engines\",\"meta_desc\":\"Combustion engines\",\"crawl_after_day\":\"\",\"follow\":\"follow\",\"index\":\"index\"}', 2, '2019-03-12 13:38:38', '2019-03-12 13:39:11', 1, 1),
(52, 26, 'Getriebe', '<p>Getriebe</p>', '{\"seo_title\":\"Getriebe\",\"keywords\":\"Getriebe\",\"meta_desc\":\"Getriebe\",\"crawl_after_day\":\"\",\"follow\":\"follow\",\"index\":\"index\"}', 1, '2019-03-12 13:40:59', '2019-03-12 13:40:59', 1, 1),
(53, 26, 'Gear mechanisms', '<p>Gear mechanisms</p>', '{\"seo_title\":\"Gear mechanisms\",\"keywords\":\"Gear mechanisms\",\"meta_desc\":\"Gear mechanisms\",\"crawl_after_day\":\"\",\"follow\":\"follow\",\"index\":\"index\"}', 2, '2019-03-12 13:40:59', '2019-03-12 13:42:24', 1, 1),
(54, 27, 'Fräsmaschinen', '<p>Fr&auml;smaschinen</p>', '{\"seo_title\":\"Fr\\u00e4smaschinen\",\"keywords\":\"Fr\\u00e4smaschinen\",\"meta_desc\":\"Fr\\u00e4smaschinen\",\"crawl_after_day\":\"\",\"follow\":\"follow\",\"index\":\"index\"}', 1, '2019-03-12 13:45:58', '2019-03-12 13:45:58', 1, 1),
(55, 27, 'Milling machines', '<p>Milling machines</p>', '{\"seo_title\":\"Milling machines\",\"keywords\":\"Milling machines\",\"meta_desc\":\"Milling machines\",\"crawl_after_day\":\"\",\"follow\":\"follow\",\"index\":\"index\"}', 2, '2019-03-12 13:45:58', '2019-03-12 13:47:28', 1, 1),
(56, 28, 'Entgratmaschinen', '<p>Entgratmaschinen</p>', '{\"seo_title\":\"Entgratmaschinen\",\"keywords\":\"Entgratmaschinen\",\"meta_desc\":\"Entgratmaschinen\",\"crawl_after_day\":\"\",\"follow\":\"follow\",\"index\":\"index\"}', 1, '2019-03-12 13:47:57', '2019-03-12 13:47:57', 1, 1),
(57, 28, 'Deburring machines', '<p>Deburring machines</p>', '{\"seo_title\":\"Deburring machines\",\"keywords\":\"Deburring machines\",\"meta_desc\":\"Deburring machines\",\"crawl_after_day\":\"\",\"follow\":\"follow\",\"index\":\"index\"}', 2, '2019-03-12 13:47:57', '2019-03-12 13:48:23', 1, 1),
(58, 29, 'Drechselmaschinen', '<p>Drechselmaschinen</p>', '{\"seo_title\":\"Drechselmaschinen\",\"keywords\":\"Drechselmaschinen\",\"meta_desc\":\"Drechselmaschinen\",\"crawl_after_day\":\"\",\"follow\":\"follow\",\"index\":\"index\"}', 1, '2019-03-12 13:53:41', '2019-03-12 13:53:41', 1, 1),
(59, 29, 'Wood turning machines', '<p>Wood turning machines</p>', '{\"seo_title\":\"Wood turning machines\",\"keywords\":\"Wood turning machines\",\"meta_desc\":\"Wood turning machines\",\"crawl_after_day\":\"\",\"follow\":\"follow\",\"index\":\"index\"}', 2, '2019-03-12 13:53:41', '2019-03-12 13:54:16', 1, 1),
(60, 30, 'Kunststoff', '<p>Kunststoff, Kunststoffverarbeitung, Plastik</p>', '{\"seo_title\":\"Kunststoff\",\"keywords\":\"Kunststoff, Kunststoffverarbeitung, Plastik\",\"meta_desc\":\"Kunststoff\",\"crawl_after_day\":\"\",\"follow\":\"follow\",\"index\":\"index\"}', 1, '2019-03-13 13:51:29', '2019-03-13 13:51:29', 1, 1),
(61, 30, 'Plastics', '<p>Plastics, Plastics processing</p>', '{\"seo_title\":\"Plastics\",\"keywords\":\"Plastics, Plastics processing\",\"meta_desc\":\"Plastics\",\"crawl_after_day\":\"\",\"follow\":\"follow\",\"index\":\"index\"}', 2, '2019-03-13 13:51:29', '2019-03-13 13:52:48', 1, 1),
(62, 31, 'Papier', '<p>Papier, Pappe, Kartonagen</p>', '{\"seo_title\":\"Papier\",\"keywords\":\"Papier, Pappe, Kartonagen\",\"meta_desc\":\"Papier\",\"crawl_after_day\":\"\",\"follow\":\"follow\",\"index\":\"index\"}', 1, '2019-03-13 13:54:00', '2019-10-09 12:34:18', 1, 1),
(63, 31, 'Paper', '<p>Paper, cardboards</p>', '{\"seo_title\":\"Paper\",\"keywords\":\"Paper, cardboards\",\"meta_desc\":\"Paper\",\"crawl_after_day\":\"\",\"follow\":\"follow\",\"index\":\"index\"}', 2, '2019-03-13 13:54:00', '2019-03-13 13:55:37', 1, 1),
(64, 32, 'Spritzgussmaschinen', '<p>Spritzgussmaschinen</p>', '{\"seo_title\":\"Spritzgussmaschinen\",\"keywords\":\"Spritzgussmaschinen\",\"meta_desc\":\"Spritzgussmaschinen\",\"crawl_after_day\":\"\",\"follow\":\"follow\",\"index\":\"index\"}', 1, '2019-03-14 10:54:15', '2019-03-14 10:54:15', 1, 1),
(65, 32, 'Injection moulding machines', '<p>Injection moulding machines</p>', '{\"seo_title\":\"Injection moulding machines\",\"keywords\":\"Injection moulding machines\",\"meta_desc\":\"Injection moulding machines\",\"crawl_after_day\":\"\",\"follow\":\"follow\",\"index\":\"index\"}', 2, '2019-03-14 10:54:15', '2019-03-14 10:58:59', 1, 1),
(66, 33, 'Extrusionsanlagen', '<p>Extrusionsanlagen</p>', '{\"seo_title\":\"Extrusionsanlagen\",\"keywords\":\"Extrusionsanlagen\",\"meta_desc\":\"Extrusionsanlagen\",\"crawl_after_day\":\"\",\"follow\":\"follow\",\"index\":\"index\"}', 1, '2019-03-14 11:00:08', '2019-03-14 11:00:08', 1, 1),
(67, 33, 'Extruders', '<p>Extruders</p>', '{\"seo_title\":\"Extruders\",\"keywords\":\"Extruders\",\"meta_desc\":\"Extruders\",\"crawl_after_day\":\"\",\"follow\":\"follow\",\"index\":\"index\"}', 2, '2019-03-14 11:00:08', '2019-03-14 11:03:07', 1, 1),
(68, 34, 'Mühlen', '<p>M&uuml;hlen</p>', '{\"seo_title\":\"M\\u00fchlen\",\"keywords\":\"M\\u00fchlen\",\"meta_desc\":\"M\\u00fchlen\",\"crawl_after_day\":\"\",\"follow\":\"follow\",\"index\":\"index\"}', 1, '2019-03-14 11:04:00', '2019-03-14 11:04:00', 1, 1),
(69, 34, 'Mills', '<p>Mills</p>', '{\"seo_title\":\"Mills\",\"keywords\":\"Mills\",\"meta_desc\":\"Mills\",\"crawl_after_day\":\"\",\"follow\":\"follow\",\"index\":\"index\"}', 2, '2019-03-14 11:04:00', '2019-03-14 11:04:18', 1, 1),
(70, 35, 'Pressen', '<p>Pressen</p>', '{\"seo_title\":\"Pressen\",\"keywords\":\"Pressen\",\"meta_desc\":\"Pressen\",\"crawl_after_day\":\"\",\"follow\":\"follow\",\"index\":\"index\"}', 1, '2019-03-14 11:05:24', '2019-03-14 11:05:24', 1, 1),
(71, 35, 'Presses', '<p>Presses</p>', '{\"seo_title\":\"Presses\",\"keywords\":\"Presses\",\"meta_desc\":\"Presses\",\"crawl_after_day\":\"\",\"follow\":\"follow\",\"index\":\"index\"}', 2, '2019-03-14 11:05:24', '2019-03-14 11:06:14', 1, 1),
(72, 36, 'Stanzen', '<p>Stanzen</p>', '{\"seo_title\":\"Stanzen\",\"keywords\":\"Stanzen\",\"meta_desc\":\"Stanzen\",\"crawl_after_day\":\"\",\"follow\":\"follow\",\"index\":\"index\"}', 1, '2019-03-14 11:15:10', '2019-03-14 11:15:10', 1, 1),
(73, 36, 'Punches', '<p>Punches</p>', '{\"seo_title\":\"Punches\",\"keywords\":\"Punches\",\"meta_desc\":\"Punches\",\"crawl_after_day\":\"\",\"follow\":\"follow\",\"index\":\"index\"}', 2, '2019-03-14 11:15:10', '2019-03-14 11:16:21', 1, 1),
(74, 37, 'Schneidemaschinen', '<p>Schneidemaschinen</p>', '{\"seo_title\":\"Schneidemaschinen\",\"keywords\":\"Schneidemaschinen\",\"meta_desc\":\"Schneidemaschinen\",\"crawl_after_day\":\"\",\"follow\":\"follow\",\"index\":\"index\"}', 1, '2019-03-14 11:17:31', '2019-03-14 11:17:31', 1, 1),
(75, 37, 'Cutting maschines', '<p>Cutting maschines</p>', '{\"seo_title\":\"Cutting maschines\",\"keywords\":\"Cutting maschines\",\"meta_desc\":\"Cutting maschines\",\"crawl_after_day\":\"\",\"follow\":\"follow\",\"index\":\"index\"}', 2, '2019-03-14 11:17:31', '2019-03-14 11:18:44', 1, 1),
(76, 38, 'Kartonagenherstellung', '<p>Kartonagenherstellung</p>', '{\"seo_title\":\"Kartonagenherstellung\",\"keywords\":\"Kartonagenherstellung\",\"meta_desc\":\"Kartonagenherstellung\",\"crawl_after_day\":\"\",\"follow\":\"follow\",\"index\":\"index\"}', 1, '2019-03-14 11:24:00', '2019-03-14 11:24:00', 1, 1),
(77, 38, 'Cardboard production', '<p>Cardboard production</p>', '{\"seo_title\":\"Cardboard production\",\"keywords\":\"Cardboard production\",\"meta_desc\":\"Cardboard production\",\"crawl_after_day\":\"\",\"follow\":\"follow\",\"index\":\"index\"}', 2, '2019-03-14 11:24:00', '2019-03-14 11:24:27', 1, 1),
(78, 39, 'Metallschleifmaschine', '<p>Metallschleifmaschinen</p>', '{\"seo_title\":\"Metallschleifmaschine\",\"keywords\":\"Metallschleifmaschine\",\"meta_desc\":\"Metallschleifmaschine\",\"crawl_after_day\":\"\",\"follow\":\"follow\",\"index\":\"index\"}', 1, '2019-03-14 11:43:42', '2020-08-03 14:22:51', 1, 1),
(79, 39, 'Grinders', '<p>Grinders</p>', '{\"seo_title\":\"Grinders\",\"keywords\":\"Grinders\",\"meta_desc\":\"Grinders\",\"crawl_after_day\":\"\",\"follow\":\"follow\",\"index\":\"index\"}', 2, '2019-03-14 11:43:42', '2019-03-14 11:44:27', 1, 1),
(80, 40, 'Stromgeneratoren', '<p>Stromgeneratoren</p>', '{\"seo_title\":\"Stromgeneratoren\",\"keywords\":\"Stromgeneratoren\",\"meta_desc\":\"Stromgeneratoren\",\"crawl_after_day\":\"\",\"follow\":\"follow\",\"index\":\"index\"}', 1, '2019-03-14 11:53:48', '2019-03-14 11:53:48', 1, 1),
(81, 40, 'Generators', '<p>Generators</p>', '{\"seo_title\":\"Generators\",\"keywords\":\"Generators\",\"meta_desc\":\"Generators\",\"crawl_after_day\":\"\",\"follow\":\"follow\",\"index\":\"index\"}', 2, '2019-03-14 11:53:48', '2019-03-14 11:54:21', 1, 1),
(82, 41, 'Walzen', '<p>Walzen</p>', '{\"seo_title\":\"Walzen\",\"keywords\":\"Walzen\",\"meta_desc\":\"Walzen\",\"crawl_after_day\":\"\",\"follow\":\"follow\",\"index\":\"index\"}', 1, '2019-03-14 12:03:23', '2019-03-14 12:03:23', 1, 1),
(83, 41, 'Rollers', '<p>Rollers</p>', '{\"seo_title\":\"Rollers\",\"keywords\":\"Rollers\",\"meta_desc\":\"Rollers\",\"crawl_after_day\":\"\",\"follow\":\"follow\",\"index\":\"index\"}', 2, '2019-03-14 12:03:23', '2019-03-14 12:03:46', 1, 1),
(84, 42, 'Blechbearbeitungsmaschinen', '<p>Blechbearbeitungsmaschinen</p>', '{\"seo_title\":\"Blechbearbeitungsmaschinen\",\"keywords\":\"Blechbearbeitungsmaschinen\",\"meta_desc\":\"Blechbearbeitungsmaschinen\",\"crawl_after_day\":\"\",\"follow\":\"follow\",\"index\":\"index\"}', 1, '2019-03-14 12:05:50', '2019-03-14 12:05:50', 1, 1),
(85, 42, 'Sheet metal processing', '<p>Sheet metal processing</p>', '{\"seo_title\":\"Sheet metal processing\",\"keywords\":\"Sheet metal processing\",\"meta_desc\":\"Sheet metal processing\",\"crawl_after_day\":\"\",\"follow\":\"follow\",\"index\":\"index\"}', 2, '2019-03-14 12:05:50', '2019-03-14 12:07:18', 1, 1),
(86, 43, 'Buchbindereimaschinen', '<p>Buchbindereimaschinen</p>', '{\"seo_title\":\"Buchbindereimaschinen\",\"keywords\":\"Buchbindereimaschinen\",\"meta_desc\":\"Buchbindereimaschinen\",\"crawl_after_day\":\"\",\"follow\":\"follow\",\"index\":\"index\"}', 1, '2019-03-14 12:09:45', '2019-03-14 12:10:05', 1, 1),
(87, 43, 'Book binding machines', '<p>Book binding machines</p>', '{\"seo_title\":\"Book binding machines\",\"keywords\":\"Book binding machines\",\"meta_desc\":\"Book binding machines\",\"crawl_after_day\":\"\",\"follow\":\"follow\",\"index\":\"index\"}', 2, '2019-03-14 12:09:45', '2019-03-14 12:10:35', 1, 1),
(88, 44, 'Buchdruck', '<p>Buchdruck</p>', '{\"seo_title\":\"Buchdruck\",\"keywords\":\"Buchdruck\",\"meta_desc\":\"Buchdruck\",\"crawl_after_day\":\"\",\"follow\":\"follow\",\"index\":\"index\"}', 1, '2019-03-14 12:11:22', '2019-03-14 12:11:22', 1, 1),
(89, 44, 'Letterpress', '<p>Letterpress</p>', '{\"seo_title\":\"Letterpress\",\"keywords\":\"Letterpress\",\"meta_desc\":\"Letterpress\",\"crawl_after_day\":\"\",\"follow\":\"follow\",\"index\":\"index\"}', 2, '2019-03-14 12:11:22', '2019-03-14 12:11:48', 1, 1),
(90, 45, 'Automatisierung', '<p>Automatisierung</p>', '{\"seo_title\":\"Automatisierung\",\"keywords\":\"Automatisierung\",\"meta_desc\":\"Automatisierung\",\"crawl_after_day\":\"\",\"follow\":\"follow\",\"index\":\"index\"}', 1, '2019-03-14 12:30:30', '2019-10-09 11:24:35', 1, 1),
(91, 45, 'Automation', '<p>Automation</p>', '{\"seo_title\":\"Automation\",\"keywords\":\"Automation\",\"meta_desc\":\"Automation\",\"crawl_after_day\":\"\",\"follow\":\"follow\",\"index\":\"index\"}', 2, '2019-03-14 12:30:30', '2019-03-14 12:32:36', 1, 1),
(92, 46, 'Steuerungstechnik', '<p>Steuerungstechnik</p>', '{\"seo_title\":\"Steuerungstechnik\",\"keywords\":\"Steuerungstechnik\",\"meta_desc\":\"Steuerungstechnik\",\"crawl_after_day\":\"\",\"follow\":\"follow\",\"index\":\"index\"}', 1, '2019-03-14 12:35:40', '2019-03-14 12:35:40', 1, 1),
(93, 46, 'Controllers', '<p>Controllers</p>', '{\"seo_title\":\"Controllers\",\"keywords\":\"Controllers\",\"meta_desc\":\"Controllers\",\"crawl_after_day\":\"\",\"follow\":\"follow\",\"index\":\"index\"}', 2, '2019-03-14 12:35:40', '2019-03-14 12:36:05', 1, 1),
(94, 47, 'Roboter', '<p>Roboter</p>', '{\"seo_title\":\"Roboter\",\"keywords\":\"Roboter\",\"meta_desc\":\"Roboter\",\"crawl_after_day\":\"\",\"follow\":\"follow\",\"index\":\"index\"}', 1, '2019-03-14 12:36:52', '2019-03-14 12:36:52', 1, 1),
(95, 47, 'Robots', '<p>Robots</p>', '{\"seo_title\":\"Robots\",\"keywords\":\"Robots\",\"meta_desc\":\"Robots\",\"crawl_after_day\":\"\",\"follow\":\"follow\",\"index\":\"index\"}', 2, '2019-03-14 12:36:52', '2019-03-14 12:39:32', 1, 1),
(96, 48, 'Elektro-Stapler', '<p>Elektro-Stapler</p>', '{\"seo_title\":\"Elektro-Stapler\",\"keywords\":\"Elektro-Stapler\",\"meta_desc\":\"Elektro-Stapler\",\"crawl_after_day\":\"\",\"follow\":\"follow\",\"index\":\"index\"}', 1, '2019-03-14 12:42:36', '2019-03-14 12:47:29', 1, 1),
(97, 48, 'Electric forklifts', '<p>Electric forklifts</p>', '{\"seo_title\":\"Electric forklifts\",\"keywords\":\"Electric forklifts\",\"meta_desc\":\"Electric forklifts\",\"crawl_after_day\":\"\",\"follow\":\"follow\",\"index\":\"index\"}', 2, '2019-03-14 12:42:36', '2019-03-14 12:48:16', 1, 1),
(98, 49, 'Diesel-Stapler', '<p>Diesel-Stapler</p>', '{\"seo_title\":\"Diesel-Stapler\",\"keywords\":\"Diesel-Stapler\",\"meta_desc\":\"Diesel-Stapler\",\"crawl_after_day\":\"\",\"follow\":\"follow\",\"index\":\"index\"}', 1, '2019-03-14 12:51:59', '2019-03-21 10:03:32', 1, 1),
(99, 49, 'Diesel forklifts', '<p>Diesel forklifts</p>', '{\"seo_title\":\"Diesel forklifts\",\"keywords\":\"Diesel forklifts\",\"meta_desc\":\"Diesel forklifts\",\"crawl_after_day\":\"\",\"follow\":\"follow\",\"index\":\"index\"}', 2, '2019-03-14 12:51:59', '2019-03-14 12:52:24', 1, 1),
(100, 50, 'Gas-Stapler', '<p>Gas-Stapler</p>', '{\"seo_title\":\"Gas-Stapler\",\"keywords\":\"Gas-Stapler\",\"meta_desc\":\"Gas-Stapler\",\"crawl_after_day\":\"\",\"follow\":\"follow\",\"index\":\"index\"}', 1, '2019-03-14 12:55:14', '2019-03-14 12:55:14', 1, 1),
(101, 50, 'Gas forklifts', '<p>Gas forklifts</p>', '{\"seo_title\":\"Gas forklifts\",\"keywords\":\"Gas forklifts\",\"meta_desc\":\"Gas forklifts\",\"crawl_after_day\":\"\",\"follow\":\"follow\",\"index\":\"index\"}', 2, '2019-03-14 12:55:14', '2019-03-14 12:55:37', 1, 1),
(102, 51, 'Lebensmittel', '<p>Lebensmittel</p>', '{\"seo_title\":\"Lebensmittel\",\"keywords\":\"Lebensmittel\",\"meta_desc\":\"Lebensmittel\",\"crawl_after_day\":\"\",\"follow\":\"follow\",\"index\":\"index\"}', 1, '2019-03-14 13:34:09', '2019-10-09 12:38:09', 1, 1),
(103, 51, 'Food', '<p>Food</p>', '{\"seo_title\":\"Food\",\"keywords\":\"Food\",\"meta_desc\":\"Food\",\"crawl_after_day\":\"\",\"follow\":\"follow\",\"index\":\"index\"}', 2, '2019-03-14 13:34:09', '2019-03-14 13:34:27', 1, 1),
(104, 52, 'Bäckereimaschinen', '<p>B&auml;ckereimaschinen</p>', '{\"seo_title\":\"B\\u00e4ckereimaschinen\",\"keywords\":\"B\\u00e4ckereimaschinen\",\"meta_desc\":\"B\\u00e4ckereimaschinen\",\"crawl_after_day\":\"\",\"follow\":\"follow\",\"index\":\"index\"}', 1, '2019-03-14 13:37:15', '2019-03-14 13:37:15', 1, 1),
(105, 52, 'Bakery machines', '<p>Bakery machines</p>', '{\"seo_title\":\"Bakery machines\",\"keywords\":\"Bakery machines\",\"meta_desc\":\"Bakery machines\",\"crawl_after_day\":\"\",\"follow\":\"follow\",\"index\":\"index\"}', 2, '2019-03-14 13:37:15', '2019-03-14 13:37:44', 1, 1),
(106, 53, 'Getränkemaschinen', '<p>Getr&auml;nkemaschinen</p>', '{\"seo_title\":\"Getr\\u00e4nkemaschinen\",\"keywords\":\"Getr\\u00e4nkemaschinen\",\"meta_desc\":\"Getr\\u00e4nkemaschinen\",\"crawl_after_day\":\"\",\"follow\":\"follow\",\"index\":\"index\"}', 1, '2019-03-14 13:39:34', '2019-03-14 13:39:34', 1, 1),
(107, 53, 'Beverage machines', '<p>Beverage machines</p>', '{\"seo_title\":\"Beverage machines\",\"keywords\":\"Beverage machines\",\"meta_desc\":\"Beverage machines\",\"crawl_after_day\":\"\",\"follow\":\"follow\",\"index\":\"index\"}', 2, '2019-03-14 13:39:34', '2019-03-14 13:39:56', 1, 1),
(108, 54, 'Obstverarbeitung', '<p>Obstverarbeitung</p>', '{\"seo_title\":\"Obstverarbeitung\",\"keywords\":\"Obstverarbeitung\",\"meta_desc\":\"Obstverarbeitung\",\"crawl_after_day\":\"\",\"follow\":\"follow\",\"index\":\"index\"}', 1, '2019-03-14 13:41:35', '2019-03-14 13:41:35', 1, 1),
(109, 54, 'Fruit processing', '<p>Fruit processing</p>', '{\"seo_title\":\"Fruit processing\",\"keywords\":\"Fruit processing\",\"meta_desc\":\"Fruit processing\",\"crawl_after_day\":\"\",\"follow\":\"follow\",\"index\":\"index\"}', 2, '2019-03-14 13:41:35', '2019-03-14 13:42:06', 1, 1),
(110, 55, 'Gemüseverarbeitung', '<p>Gem&uuml;severarbeitung</p>', '{\"seo_title\":\"Gem\\u00fcseverarbeitung\",\"keywords\":\"Gem\\u00fcseverarbeitung\",\"meta_desc\":\"Gem\\u00fcseverarbeitung\",\"crawl_after_day\":\"\",\"follow\":\"follow\",\"index\":\"index\"}', 1, '2019-03-14 13:43:04', '2019-03-14 13:43:04', 1, 1),
(111, 55, 'Vegetable processing', '<p>Vegetable processing</p>', '{\"seo_title\":\"Vegetable processing\",\"keywords\":\"Vegetable processing\",\"meta_desc\":\"Vegetable processing\",\"crawl_after_day\":\"\",\"follow\":\"follow\",\"index\":\"index\"}', 2, '2019-03-14 13:43:04', '2019-03-14 13:43:25', 1, 1),
(112, 56, 'Fleischverarbeitung', '<p>Fleischverarbeitung</p>', '{\"seo_title\":\"Fleischverarbeitung\",\"keywords\":\"Fleischverarbeitung\",\"meta_desc\":\"Fleischverarbeitung\",\"crawl_after_day\":\"\",\"follow\":\"follow\",\"index\":\"index\"}', 1, '2019-03-14 13:44:16', '2019-03-14 13:44:16', 1, 1),
(113, 56, 'Meat processing', '<p>Meat processing</p>', '{\"seo_title\":\"Meat processing\",\"keywords\":\"Meat processing\",\"meta_desc\":\"Meat processing\",\"crawl_after_day\":\"\",\"follow\":\"follow\",\"index\":\"index\"}', 2, '2019-03-14 13:44:16', '2019-03-14 13:44:37', 1, 1),
(114, 57, 'Kantenanleimmaschinen', '<p>Kantenanleimmaschinen</p>', '{\"seo_title\":\"Kantenanleimmaschinen\",\"keywords\":\"Kantenanleimmaschinen\",\"meta_desc\":\"Kantenanleimmaschinen\",\"crawl_after_day\":\"\",\"follow\":\"follow\",\"index\":\"index\"}', 1, '2019-03-14 13:48:28', '2019-03-14 13:48:28', 1, 1),
(115, 57, 'Edgebanders', '<p>Edgebanders</p>', '{\"seo_title\":\"Edgebanders\",\"keywords\":\"Edgebanders\",\"meta_desc\":\"Edgebanders\",\"crawl_after_day\":\"\",\"follow\":\"follow\",\"index\":\"index\"}', 2, '2019-03-14 13:48:28', '2019-03-14 13:49:27', 1, 1),
(116, 58, 'Bandsägen', '<p>Bandsägen</p>', '{\"seo_title\":\"Bands\\u00e4gen\",\"keywords\":\"Bands\\u00e4gen\",\"meta_desc\":\"Bands\\u00e4gen\",\"crawl_after_day\":\"\",\"follow\":\"follow\",\"index\":\"index\"}', 1, '2019-03-14 13:52:06', '2019-03-15 10:09:27', 1, 1),
(117, 58, 'Belt saws', '<p>Belt saws</p>', '{\"seo_title\":\"Belt saws\",\"keywords\":\"Belt saws\",\"meta_desc\":\"Belt saws\",\"crawl_after_day\":\"\",\"follow\":\"follow\",\"index\":\"index\"}', 2, '2019-03-14 13:52:06', '2019-03-14 13:52:56', 1, 1),
(118, 59, 'Handhubwagen', '<p>Handhubwagen</p>', '{\"seo_title\":\"Handhubwagen\",\"keywords\":\"Handhubwagen\",\"meta_desc\":\"Handhubwagen\",\"crawl_after_day\":\"\",\"follow\":\"follow\",\"index\":\"index\"}', 1, '2019-03-21 10:57:22', '2019-03-21 11:06:31', 1, 1),
(119, 59, 'Hand pallet trucks', '<p>Hand pallet trucks</p>', '{\"seo_title\":\"Hand pallet trucks\",\"keywords\":\"Hand pallet trucks\",\"meta_desc\":\"Hand pallet trucks\",\"crawl_after_day\":\"\",\"follow\":\"follow\",\"index\":\"index\"}', 2, '2019-03-21 10:57:22', '2019-03-21 11:02:21', 1, 1),
(120, 60, 'Elektro-Hubwagen', '<p>Elektro-Hubwagen</p>', '{\"seo_title\":\"Elektro-Hubwagen\",\"keywords\":\"Elektro-Hubwagen\",\"meta_desc\":\"Elektro-Hubwagen\",\"crawl_after_day\":\"\",\"follow\":\"follow\",\"index\":\"index\"}', 1, '2019-03-21 11:04:22', '2019-03-21 11:07:23', 1, 1),
(121, 60, 'Electric pallet trucks', '<p>Electric pallet trucks</p>', '{\"seo_title\":\"Electric pallet trucks\",\"keywords\":\"Electric pallet trucks\",\"meta_desc\":\"Electric pallet trucks\",\"crawl_after_day\":\"\",\"follow\":\"follow\",\"index\":\"index\"}', 2, '2019-03-21 11:04:22', '2019-03-21 11:05:15', 1, 1),
(122, 61, 'Zubehör Metall', '', '{\"seo_title\":\"Zubeh\\u00f6r Metall\",\"keywords\":\"Zubeh\\u00f6r Metall\",\"meta_desc\":\"Zubeh\\u00f6r Metall\",\"crawl_after_day\":\"Zubeh\\u00f6r Metall\",\"follow\":\"follow\",\"index\":\"index\"}', 1, '2019-05-14 14:42:26', '2019-05-14 14:42:26', 1, 1),
(123, 61, 'Accessories Metal', '', '{\"seo_title\":\"\",\"keywords\":\"\",\"meta_desc\":\"\",\"crawl_after_day\":\"\",\"follow\":\"follow\",\"index\":\"index\"}', 2, '2019-05-14 14:42:26', '2019-05-14 14:42:48', 1, 1),
(124, 62, 'Bearbeitungszentren vertikal', '', '{\"seo_title\":\"\",\"keywords\":\"\",\"meta_desc\":\"\",\"crawl_after_day\":\"\",\"follow\":\"follow\",\"index\":\"index\"}', 1, '2019-05-14 14:44:07', '2019-09-03 08:33:00', 1, 1),
(125, 62, 'Machining centers (vertical)', '', '{\"seo_title\":\"\",\"keywords\":\"\",\"meta_desc\":\"\",\"crawl_after_day\":\"\",\"follow\":\"follow\",\"index\":\"index\"}', 2, '2019-05-14 14:44:07', '2019-05-14 14:44:54', 1, 1),
(126, 63, 'Bohrmaschinen', '', '{\"seo_title\":\"\",\"keywords\":\"\",\"meta_desc\":\"\",\"crawl_after_day\":\"\",\"follow\":\"follow\",\"index\":\"index\"}', 1, '2019-05-14 14:45:48', '2019-05-14 14:45:48', 1, 1),
(127, 63, 'Drills', '', '{\"seo_title\":\"\",\"keywords\":\"\",\"meta_desc\":\"\",\"crawl_after_day\":\"\",\"follow\":\"follow\",\"index\":\"index\"}', 2, '2019-05-14 14:45:48', '2019-05-14 14:46:14', 1, 1),
(128, 64, 'Metallpressen', '', '{\"seo_title\":\"\",\"keywords\":\"\",\"meta_desc\":\"\",\"crawl_after_day\":\"\",\"follow\":\"follow\",\"index\":\"index\"}', 1, '2019-05-14 14:49:21', '2019-05-14 14:49:21', 1, 1),
(129, 64, 'Metal Presses', '', '{\"seo_title\":\"\",\"keywords\":\"\",\"meta_desc\":\"\",\"crawl_after_day\":\"\",\"follow\":\"follow\",\"index\":\"index\"}', 2, '2019-05-14 14:49:21', '2019-05-14 14:49:52', 1, 1),
(130, 65, 'Schweißgeräte', '', '{\"seo_title\":\"\",\"keywords\":\"\",\"meta_desc\":\"\",\"crawl_after_day\":\"\",\"follow\":\"follow\",\"index\":\"index\"}', 1, '2019-05-14 14:50:31', '2019-05-14 14:50:31', 1, 1),
(131, 65, 'Welding Machines', '', '{\"seo_title\":\"\",\"keywords\":\"\",\"meta_desc\":\"\",\"crawl_after_day\":\"\",\"follow\":\"follow\",\"index\":\"index\"}', 2, '2019-05-14 14:50:31', '2019-05-14 14:51:02', 1, 1),
(132, 66, 'Metallschneidemaschinen', '', '{\"seo_title\":\"\",\"keywords\":\"\",\"meta_desc\":\"\",\"crawl_after_day\":\"\",\"follow\":\"follow\",\"index\":\"index\"}', 1, '2019-05-14 14:51:50', '2019-05-14 14:51:50', 1, 1),
(133, 66, 'Metaal Cutting Machines', '', '{\"seo_title\":\"\",\"keywords\":\"\",\"meta_desc\":\"\",\"crawl_after_day\":\"\",\"follow\":\"follow\",\"index\":\"index\"}', 2, '2019-05-14 14:51:50', '2019-05-14 14:52:14', 1, 1),
(134, 67, 'Metallsägen', '', '{\"seo_title\":\"\",\"keywords\":\"\",\"meta_desc\":\"\",\"crawl_after_day\":\"\",\"follow\":\"follow\",\"index\":\"index\"}', 1, '2019-05-14 14:52:51', '2019-05-14 14:52:51', 1, 1),
(135, 67, 'Metal Saws', '', '{\"seo_title\":\"\",\"keywords\":\"\",\"meta_desc\":\"\",\"crawl_after_day\":\"\",\"follow\":\"follow\",\"index\":\"index\"}', 2, '2019-05-14 14:52:51', '2019-05-14 14:53:34', 1, 1),
(136, 68, 'Sonstige Maschinen für Metall', '', '{\"seo_title\":\"\",\"keywords\":\"\",\"meta_desc\":\"\",\"crawl_after_day\":\"\",\"follow\":\"follow\",\"index\":\"index\"}', 1, '2019-05-14 14:54:08', '2019-05-14 14:54:08', 1, 1),
(137, 68, 'Other Metal Machines', '', '{\"seo_title\":\"\",\"keywords\":\"\",\"meta_desc\":\"\",\"crawl_after_day\":\"\",\"follow\":\"follow\",\"index\":\"index\"}', 2, '2019-05-14 14:54:08', '2019-05-14 14:54:27', 1, 1),
(138, 69, 'Kantenanleimmaschinen', '', '{\"seo_title\":\"\",\"keywords\":\"\",\"meta_desc\":\"\",\"crawl_after_day\":\"\",\"follow\":\"follow\",\"index\":\"index\"}', 1, '2019-05-14 14:55:36', '2019-05-14 14:55:36', 1, 1),
(139, 69, 'Edgebanders', '', '{\"seo_title\":\"\",\"keywords\":\"\",\"meta_desc\":\"\",\"crawl_after_day\":\"\",\"follow\":\"follow\",\"index\":\"index\"}', 2, '2019-05-14 14:55:36', '2019-05-14 14:55:56', 1, 1),
(140, 70, 'Weiterverarbeitungsmaschinen', '', '{\"seo_title\":\"\",\"keywords\":\"\",\"meta_desc\":\"\",\"crawl_after_day\":\"\",\"follow\":\"follow\",\"index\":\"index\"}', 1, '2019-05-14 14:55:45', '2019-05-14 14:55:45', 1, 1),
(141, 70, 'Print Processing Machines', '', '{\"seo_title\":\"\",\"keywords\":\"\",\"meta_desc\":\"\",\"crawl_after_day\":\"\",\"follow\":\"follow\",\"index\":\"index\"}', 2, '2019-05-14 14:55:45', '2019-05-14 14:56:00', 1, 1),
(142, 71, 'Holzfräsen', '', '{\"seo_title\":\"\",\"keywords\":\"\",\"meta_desc\":\"\",\"crawl_after_day\":\"\",\"follow\":\"follow\",\"index\":\"index\"}', 1, '2019-05-14 14:56:24', '2019-05-14 14:56:24', 1, 1),
(143, 71, 'Wood Milling Machines', '', '{\"seo_title\":\"\",\"keywords\":\"\",\"meta_desc\":\"\",\"crawl_after_day\":\"\",\"follow\":\"follow\",\"index\":\"index\"}', 2, '2019-05-14 14:56:24', '2019-05-14 14:56:49', 1, 1),
(144, 72, 'Falzmaschinen', '', '{\"seo_title\":\"\",\"keywords\":\"\",\"meta_desc\":\"\",\"crawl_after_day\":\"\",\"follow\":\"follow\",\"index\":\"index\"}', 1, '2019-05-14 14:56:34', '2019-05-14 14:56:34', 1, 1),
(145, 72, 'Folding Machines', '', '{\"seo_title\":\"\",\"keywords\":\"\",\"meta_desc\":\"\",\"crawl_after_day\":\"\",\"follow\":\"follow\",\"index\":\"index\"}', 2, '2019-05-14 14:56:34', '2019-05-14 14:56:47', 1, 1),
(146, 73, 'Druck-Schneidemaschinen', '', '{\"seo_title\":\"\",\"keywords\":\"\",\"meta_desc\":\"\",\"crawl_after_day\":\"\",\"follow\":\"follow\",\"index\":\"index\"}', 1, '2019-05-14 14:57:17', '2019-05-14 14:57:17', 1, 1),
(147, 73, 'Cutting Machines', '', '{\"seo_title\":\"\",\"keywords\":\"\",\"meta_desc\":\"\",\"crawl_after_day\":\"\",\"follow\":\"follow\",\"index\":\"index\"}', 2, '2019-05-14 14:57:17', '2019-05-14 14:57:29', 1, 1),
(148, 74, 'Absauganlagen', '', '{\"seo_title\":\"\",\"keywords\":\"\",\"meta_desc\":\"\",\"crawl_after_day\":\"\",\"follow\":\"follow\",\"index\":\"index\"}', 1, '2019-05-14 14:57:24', '2019-05-14 14:57:24', 1, 1),
(149, 74, 'Exhaust Systems', '', '{\"seo_title\":\"\",\"keywords\":\"\",\"meta_desc\":\"\",\"crawl_after_day\":\"\",\"follow\":\"follow\",\"index\":\"index\"}', 2, '2019-05-14 14:57:24', '2019-05-14 14:58:11', 1, 1),
(150, 75, 'Holz-CNC-Bearbeitungszentren', '', '{\"seo_title\":\"\",\"keywords\":\"\",\"meta_desc\":\"\",\"crawl_after_day\":\"\",\"follow\":\"follow\",\"index\":\"index\"}', 1, '2019-05-14 14:58:43', '2019-05-14 14:58:43', 1, 1),
(151, 75, 'Wood CNC Processing Machines', '', '{\"seo_title\":\"\",\"keywords\":\"\",\"meta_desc\":\"\",\"crawl_after_day\":\"\",\"follow\":\"follow\",\"index\":\"index\"}', 2, '2019-05-14 14:58:43', '2019-05-14 14:59:01', 1, 1),
(152, 76, 'Benzinmotoren', '', '{\"seo_title\":\"\",\"keywords\":\"\",\"meta_desc\":\"\",\"crawl_after_day\":\"\",\"follow\":\"follow\",\"index\":\"index\"}', 1, '2019-05-14 14:59:10', '2019-05-14 14:59:10', 1, 1),
(153, 76, 'Gasoline Engines', '', '{\"seo_title\":\"\",\"keywords\":\"\",\"meta_desc\":\"\",\"crawl_after_day\":\"\",\"follow\":\"follow\",\"index\":\"index\"}', 2, '2019-05-14 14:59:10', '2019-05-14 14:59:23', 1, 1),
(154, 77, 'Holzpressen', '', '{\"seo_title\":\"\",\"keywords\":\"\",\"meta_desc\":\"\",\"crawl_after_day\":\"\",\"follow\":\"follow\",\"index\":\"index\"}', 1, '2019-05-14 14:59:27', '2019-05-14 14:59:27', 1, 1),
(155, 77, 'Wood Presses', '', '{\"seo_title\":\"\",\"keywords\":\"\",\"meta_desc\":\"\",\"crawl_after_day\":\"\",\"follow\":\"follow\",\"index\":\"index\"}', 2, '2019-05-14 14:59:27', '2019-05-14 14:59:45', 1, 1),
(156, 78, 'Dieselmotoren', '', '{\"seo_title\":\"\",\"keywords\":\"\",\"meta_desc\":\"\",\"crawl_after_day\":\"\",\"follow\":\"follow\",\"index\":\"index\"}', 1, '2019-05-14 14:59:50', '2019-05-14 14:59:50', 1, 1),
(157, 78, 'Diesel Engines', '', '{\"seo_title\":\"\",\"keywords\":\"\",\"meta_desc\":\"\",\"crawl_after_day\":\"\",\"follow\":\"follow\",\"index\":\"index\"}', 2, '2019-05-14 14:59:50', '2019-05-14 15:00:28', 1, 1),
(158, 79, 'Gasmotoren', '', '{\"seo_title\":\"\",\"keywords\":\"\",\"meta_desc\":\"\",\"crawl_after_day\":\"\",\"follow\":\"follow\",\"index\":\"index\"}', 1, '2019-05-14 15:01:35', '2019-05-14 15:01:35', 1, 1),
(159, 79, 'Gas Engines', '', '{\"seo_title\":\"\",\"keywords\":\"\",\"meta_desc\":\"\",\"crawl_after_day\":\"\",\"follow\":\"follow\",\"index\":\"index\"}', 2, '2019-05-14 15:01:35', '2019-05-14 15:01:47', 1, 1),
(160, 80, 'Gastronomiegeräte', '', '{\"seo_title\":\"\",\"keywords\":\"\",\"meta_desc\":\"\",\"crawl_after_day\":\"\",\"follow\":\"follow\",\"index\":\"index\"}', 1, '2019-05-14 15:01:54', '2019-05-14 15:01:54', 1, 1),
(161, 80, 'Gastronomy equipment', '', '{\"seo_title\":\"\",\"keywords\":\"\",\"meta_desc\":\"\",\"crawl_after_day\":\"\",\"follow\":\"follow\",\"index\":\"index\"}', 2, '2019-05-14 15:01:54', '2019-05-14 15:02:09', 1, 1),
(162, 81, 'Brauereianlagen', '', '{\"seo_title\":\"\",\"keywords\":\"\",\"meta_desc\":\"\",\"crawl_after_day\":\"\",\"follow\":\"follow\",\"index\":\"index\"}', 1, '2019-05-14 15:02:53', '2019-05-14 15:02:53', 1, 1),
(163, 81, 'Brewing machinery', '', '{\"seo_title\":\"\",\"keywords\":\"\",\"meta_desc\":\"\",\"crawl_after_day\":\"\",\"follow\":\"follow\",\"index\":\"index\"}', 2, '2019-05-14 15:02:53', '2019-05-14 15:03:13', 1, 1),
(164, 82, 'Andere Stapler', '', '{\"seo_title\":\"\",\"keywords\":\"\",\"meta_desc\":\"\",\"crawl_after_day\":\"\",\"follow\":\"follow\",\"index\":\"index\"}', 1, '2019-05-14 15:03:09', '2019-05-14 15:03:09', 1, 1),
(165, 82, 'Other Forklifts', '', '{\"seo_title\":\"\",\"keywords\":\"\",\"meta_desc\":\"\",\"crawl_after_day\":\"\",\"follow\":\"follow\",\"index\":\"index\"}', 2, '2019-05-14 15:03:09', '2019-05-14 15:03:22', 1, 1),
(166, 83, 'Fischverarbeitung', '', '{\"seo_title\":\"\",\"keywords\":\"\",\"meta_desc\":\"\",\"crawl_after_day\":\"\",\"follow\":\"follow\",\"index\":\"index\"}', 1, '2019-05-14 15:03:47', '2019-05-14 15:03:47', 1, 1),
(167, 83, 'Fish processing', '', '{\"seo_title\":\"\",\"keywords\":\"\",\"meta_desc\":\"\",\"crawl_after_day\":\"\",\"follow\":\"follow\",\"index\":\"index\"}', 2, '2019-05-14 15:03:47', '2019-05-14 15:04:09', 1, 1),
(168, 84, 'Schwerlastregale', '', '{\"seo_title\":\"\",\"keywords\":\"\",\"meta_desc\":\"\",\"crawl_after_day\":\"\",\"follow\":\"follow\",\"index\":\"index\"}', 1, '2019-05-14 15:04:02', '2019-05-14 15:04:02', 1, 1),
(169, 84, 'Heavy-Duty Racking Systems', '', '{\"seo_title\":\"\",\"keywords\":\"\",\"meta_desc\":\"\",\"crawl_after_day\":\"\",\"follow\":\"follow\",\"index\":\"index\"}', 2, '2019-05-14 15:04:02', '2019-05-14 15:04:09', 1, 1),
(170, 85, 'Lagertanks', '', '{\"seo_title\":\"\",\"keywords\":\"\",\"meta_desc\":\"\",\"crawl_after_day\":\"\",\"follow\":\"follow\",\"index\":\"index\"}', 1, '2019-05-14 15:04:39', '2019-05-14 15:04:39', 1, 1),
(171, 85, 'Storage Tanks', '', '{\"seo_title\":\"\",\"keywords\":\"\",\"meta_desc\":\"\",\"crawl_after_day\":\"\",\"follow\":\"follow\",\"index\":\"index\"}', 2, '2019-05-14 15:04:39', '2019-05-14 15:04:46', 1, 1),
(172, 86, 'Molkereianlagen', '', '{\"seo_title\":\"\",\"keywords\":\"\",\"meta_desc\":\"\",\"crawl_after_day\":\"\",\"follow\":\"follow\",\"index\":\"index\"}', 1, '2019-05-14 15:04:40', '2019-05-14 15:04:40', 1, 1),
(173, 86, 'Dairy machinery', '', '{\"seo_title\":\"\",\"keywords\":\"\",\"meta_desc\":\"\",\"crawl_after_day\":\"\",\"follow\":\"follow\",\"index\":\"index\"}', 2, '2019-05-14 15:04:40', '2019-05-14 15:05:04', 1, 1),
(174, 87, 'Verpackungsanlagen', '', '{\"seo_title\":\"\",\"keywords\":\"\",\"meta_desc\":\"\",\"crawl_after_day\":\"\",\"follow\":\"follow\",\"index\":\"index\"}', 1, '2019-05-14 15:05:33', '2019-05-14 15:05:33', 1, 1),
(175, 87, 'Food Packaging Machines', '', '{\"seo_title\":\"\",\"keywords\":\"\",\"meta_desc\":\"\",\"crawl_after_day\":\"\",\"follow\":\"follow\",\"index\":\"index\"}', 2, '2019-05-14 15:05:33', '2019-05-14 15:05:53', 1, 1),
(176, 88, 'Fensterbaumaschinen', '', '{\"seo_title\":\"\",\"keywords\":\"\",\"meta_desc\":\"\",\"crawl_after_day\":\"\",\"follow\":\"follow\",\"index\":\"index\"}', 1, '2019-05-14 15:06:09', '2019-05-14 15:06:09', 1, 1),
(177, 88, 'Window Manufacturing Machines', '', '{\"seo_title\":\"\",\"keywords\":\"\",\"meta_desc\":\"\",\"crawl_after_day\":\"\",\"follow\":\"follow\",\"index\":\"index\"}', 2, '2019-05-14 15:06:09', '2019-05-14 15:06:16', 1, 1),
(178, 89, 'Mischanlagen', '', '{\"seo_title\":\"\",\"keywords\":\"\",\"meta_desc\":\"\",\"crawl_after_day\":\"\",\"follow\":\"follow\",\"index\":\"index\"}', 1, '2019-05-14 15:06:24', '2019-05-14 15:06:24', 1, 1),
(179, 89, 'Mixing machinery', '', '{\"seo_title\":\"\",\"keywords\":\"\",\"meta_desc\":\"\",\"crawl_after_day\":\"\",\"follow\":\"follow\",\"index\":\"index\"}', 2, '2019-05-14 15:06:24', '2019-05-14 15:06:40', 1, 1),
(180, 90, 'Entsorgung', '', '{\"seo_title\":\"\",\"keywords\":\"\",\"meta_desc\":\"\",\"crawl_after_day\":\"\",\"follow\":\"follow\",\"index\":\"index\"}', 1, '2019-05-14 15:07:50', '2019-10-09 12:41:18', 1, 1),
(181, 90, 'Waste management', '', '{\"seo_title\":\"\",\"keywords\":\"\",\"meta_desc\":\"\",\"crawl_after_day\":\"\",\"follow\":\"follow\",\"index\":\"index\"}', 2, '2019-05-14 15:07:50', '2019-05-14 15:08:10', 1, 1),
(182, 91, 'Schaltanlagen', '', '{\"seo_title\":\"\",\"keywords\":\"\",\"meta_desc\":\"\",\"crawl_after_day\":\"\",\"follow\":\"follow\",\"index\":\"index\"}', 1, '2019-05-14 15:08:03', '2019-05-14 15:08:03', 1, 1),
(183, 91, 'Switchgears', '', '{\"seo_title\":\"\",\"keywords\":\"\",\"meta_desc\":\"\",\"crawl_after_day\":\"\",\"follow\":\"follow\",\"index\":\"index\"}', 2, '2019-05-14 15:08:03', '2019-05-14 15:08:10', 1, 1),
(184, 92, 'Fördertechnik', '', '{\"seo_title\":\"\",\"keywords\":\"\",\"meta_desc\":\"\",\"crawl_after_day\":\"\",\"follow\":\"follow\",\"index\":\"index\"}', 1, '2019-05-14 15:08:33', '2019-10-09 12:28:20', 1, 1),
(185, 92, 'Conveying Machinery', '', '{\"seo_title\":\"\",\"keywords\":\"\",\"meta_desc\":\"\",\"crawl_after_day\":\"\",\"follow\":\"follow\",\"index\":\"index\"}', 2, '2019-05-14 15:08:33', '2019-05-14 15:08:43', 1, 1),
(186, 93, 'Pressen zur Entsorgung', '', '{\"seo_title\":\"\",\"keywords\":\"\",\"meta_desc\":\"\",\"crawl_after_day\":\"\",\"follow\":\"follow\",\"index\":\"index\"}', 1, '2019-05-14 15:09:11', '2019-05-14 15:09:11', 1, 1),
(187, 93, 'Waste management presses', '', '{\"seo_title\":\"\",\"keywords\":\"\",\"meta_desc\":\"\",\"crawl_after_day\":\"\",\"follow\":\"follow\",\"index\":\"index\"}', 2, '2019-05-14 15:09:11', '2019-05-14 15:09:35', 1, 1),
(188, 94, 'Förderbänder', '', '{\"seo_title\":\"\",\"keywords\":\"\",\"meta_desc\":\"\",\"crawl_after_day\":\"\",\"follow\":\"follow\",\"index\":\"index\"}', 1, '2019-05-14 15:09:21', '2019-05-14 15:09:21', 1, 1),
(189, 94, 'Conveyor belts', '', '{\"seo_title\":\"\",\"keywords\":\"\",\"meta_desc\":\"\",\"crawl_after_day\":\"\",\"follow\":\"follow\",\"index\":\"index\"}', 2, '2019-05-14 15:09:21', '2019-05-14 15:09:28', 1, 1),
(190, 95, 'Pumpen', '', '{\"seo_title\":\"\",\"keywords\":\"\",\"meta_desc\":\"\",\"crawl_after_day\":\"\",\"follow\":\"follow\",\"index\":\"index\"}', 1, '2019-05-14 15:09:51', '2019-05-14 15:09:51', 1, 1),
(191, 95, 'Pumps', '', '{\"seo_title\":\"\",\"keywords\":\"\",\"meta_desc\":\"\",\"crawl_after_day\":\"\",\"follow\":\"follow\",\"index\":\"index\"}', 2, '2019-05-14 15:09:51', '2019-05-14 15:09:59', 1, 1),
(192, 96, 'Mühlen zur Entsorgung', '', '{\"seo_title\":\"\",\"keywords\":\"\",\"meta_desc\":\"\",\"crawl_after_day\":\"\",\"follow\":\"follow\",\"index\":\"index\"}', 1, '2019-05-14 15:10:06', '2019-05-14 15:10:06', 1, 1),
(193, 96, 'Waste management mills', '', '{\"seo_title\":\"\",\"keywords\":\"\",\"meta_desc\":\"\",\"crawl_after_day\":\"\",\"follow\":\"follow\",\"index\":\"index\"}', 2, '2019-05-14 15:10:06', '2019-05-14 15:10:27', 1, 1),
(194, 97, 'Rollenbahnen', '', '{\"seo_title\":\"\",\"keywords\":\"\",\"meta_desc\":\"\",\"crawl_after_day\":\"\",\"follow\":\"follow\",\"index\":\"index\"}', 1, '2019-05-14 15:10:20', '2019-05-14 15:10:20', 1, 1),
(195, 97, 'Roller conveyors', '', '{\"seo_title\":\"\",\"keywords\":\"\",\"meta_desc\":\"\",\"crawl_after_day\":\"\",\"follow\":\"follow\",\"index\":\"index\"}', 2, '2019-05-14 15:10:20', '2019-05-14 15:10:29', 1, 1),
(196, 98, 'Kettenzüge', '', '{\"seo_title\":\"\",\"keywords\":\"\",\"meta_desc\":\"\",\"crawl_after_day\":\"\",\"follow\":\"follow\",\"index\":\"index\"}', 1, '2019-05-14 15:11:03', '2019-05-14 15:11:03', 1, 1),
(197, 98, 'Chain Hoists', '', '{\"seo_title\":\"\",\"keywords\":\"\",\"meta_desc\":\"\",\"crawl_after_day\":\"\",\"follow\":\"follow\",\"index\":\"index\"}', 2, '2019-05-14 15:11:03', '2019-05-14 15:11:13', 1, 1),
(198, 99, 'Schredder', '', '{\"seo_title\":\"\",\"keywords\":\"\",\"meta_desc\":\"\",\"crawl_after_day\":\"\",\"follow\":\"follow\",\"index\":\"index\"}', 1, '2019-05-14 15:11:04', '2019-05-14 15:11:04', 1, 1),
(199, 99, 'Shredders', '', '{\"seo_title\":\"\",\"keywords\":\"\",\"meta_desc\":\"\",\"crawl_after_day\":\"\",\"follow\":\"follow\",\"index\":\"index\"}', 2, '2019-05-14 15:11:04', '2019-05-14 15:11:21', 1, 1);
INSERT INTO `categories_text` (`CategoryTextID`, `CategoryID`, `Title`, `Content`, `Seo`, `SystemLanguageID`, `CreatedAt`, `UpdatedAt`, `CreatedBy`, `UpdatedBy`) VALUES
(200, 100, 'Sonstige Maschinen', '', '{\"seo_title\":\"\",\"keywords\":\"\",\"meta_desc\":\"\",\"crawl_after_day\":\"\",\"follow\":\"follow\",\"index\":\"index\"}', 1, '2019-05-14 15:11:37', '2019-05-14 15:11:37', 1, 1),
(201, 100, 'Other Conveying Machines', '', '{\"seo_title\":\"\",\"keywords\":\"\",\"meta_desc\":\"\",\"crawl_after_day\":\"\",\"follow\":\"follow\",\"index\":\"index\"}', 2, '2019-05-14 15:11:37', '2019-05-14 15:11:49', 1, 1),
(202, 101, 'Häcksler', '', '{\"seo_title\":\"\",\"keywords\":\"\",\"meta_desc\":\"\",\"crawl_after_day\":\"\",\"follow\":\"follow\",\"index\":\"index\"}', 1, '2019-05-14 15:11:48', '2019-05-14 15:11:48', 1, 1),
(203, 101, 'Chippers', '', '{\"seo_title\":\"\",\"keywords\":\"\",\"meta_desc\":\"\",\"crawl_after_day\":\"\",\"follow\":\"follow\",\"index\":\"index\"}', 2, '2019-05-14 15:11:48', '2019-05-14 15:12:01', 1, 1),
(204, 102, 'Siebanlagen', '', '{\"seo_title\":\"\",\"keywords\":\"\",\"meta_desc\":\"\",\"crawl_after_day\":\"\",\"follow\":\"follow\",\"index\":\"index\"}', 1, '2019-05-14 15:12:32', '2019-05-14 15:12:32', 1, 1),
(205, 102, 'Screening plants', '', '{\"seo_title\":\"\",\"keywords\":\"\",\"meta_desc\":\"\",\"crawl_after_day\":\"\",\"follow\":\"follow\",\"index\":\"index\"}', 2, '2019-05-14 15:12:32', '2019-05-14 15:12:48', 1, 1),
(206, 103, 'Zerkleinerungsanlagen ', '', '{\"seo_title\":\"\",\"keywords\":\"\",\"meta_desc\":\"\",\"crawl_after_day\":\"\",\"follow\":\"follow\",\"index\":\"index\"}', 1, '2019-05-14 15:13:20', '2019-05-14 15:13:20', 1, 1),
(207, 103, 'Crushing units', '', '{\"seo_title\":\"\",\"keywords\":\"\",\"meta_desc\":\"\",\"crawl_after_day\":\"\",\"follow\":\"follow\",\"index\":\"index\"}', 2, '2019-05-14 15:13:20', '2019-05-14 15:13:38', 1, 1),
(208, 104, 'Steinbearbeitung', '<p>Steinbearbeitung, Maschinen Steinbearbeitung</p>', '{\"seo_title\":\"Steinbearbeitung\",\"keywords\":\"Steinbearbeitung\",\"meta_desc\":\"Steinbearbeitung, Maschinen Steinbearbeitung\",\"crawl_after_day\":\"\",\"follow\":\"follow\",\"index\":\"index\"}', 1, '2019-05-25 07:23:49', '2019-10-09 12:44:08', 1, 1),
(209, 104, 'Stone working ', '<p>Stone working machines</p>', '{\"seo_title\":\"Stone working machines\",\"keywords\":\"Stone working machines\",\"meta_desc\":\"Stone working machines\",\"crawl_after_day\":\"\",\"follow\":\"follow\",\"index\":\"index\"}', 2, '2019-05-25 07:23:49', '2019-05-25 07:24:31', 1, 1),
(210, 105, 'Textilmaschinen', '<p>Textilmaschinen, Maschinen zur Textilbearbeitung</p>', '{\"seo_title\":\"Textilmaschinen, Maschinen zur Textilbearbeitung\",\"keywords\":\"Textilmaschinen, Maschinen zur Textilbearbeitung\",\"meta_desc\":\"Textilmaschinen, Maschinen zur Textilbearbeitung\",\"crawl_after_day\":\"\",\"follow\":\"follow\",\"index\":\"index\"}', 1, '2019-05-25 07:26:48', '2019-10-09 12:47:41', 1, 1),
(211, 105, 'Textile processing', '<p>Textile processing machinery</p>', '{\"seo_title\":\"Textile processing machinery\",\"keywords\":\"Textile processing machinery\",\"meta_desc\":\"Textile processing machinery\",\"crawl_after_day\":\"\",\"follow\":\"follow\",\"index\":\"index\"}', 2, '2019-05-25 07:26:48', '2019-05-25 07:27:20', 1, 1),
(212, 106, 'Transport', '<p>Transportfahrzeuge, Lastkraftwagen, Nutzfahrzeuge</p>', '{\"seo_title\":\"Transportfahrzeuge, Lastkraftwagen, Nutzfahrzeuge\",\"keywords\":\"Transportfahrzeuge, Lastkraftwagen, Nutzfahrzeuge\",\"meta_desc\":\"Transportfahrzeuge, Lastkraftwagen, Nutzfahrzeuge\",\"crawl_after_day\":\"\",\"follow\":\"follow\",\"index\":\"index\"}', 1, '2019-05-25 07:29:12', '2019-10-09 12:50:28', 1, 1),
(213, 106, 'Transport ', '<p>Transport Trailer Trucks</p>', '{\"seo_title\":\"Transport Trailer Trucks\",\"keywords\":\"Transport Trailer Trucks\",\"meta_desc\":\"Transport Trailer Trucks\",\"crawl_after_day\":\"\",\"follow\":\"follow\",\"index\":\"index\"}', 2, '2019-05-25 07:29:12', '2019-07-31 14:28:46', 1, 1),
(214, 107, 'Stapler', '<p>Stapler</p>', '{\"seo_title\":\"Stapler\",\"keywords\":\"Stapler\",\"meta_desc\":\"Stapler\",\"crawl_after_day\":\"\",\"follow\":\"follow\",\"index\":\"index\"}', 1, '2019-05-25 07:35:07', '2019-10-09 12:52:46', 1, 1),
(215, 107, 'Forklifts', '<p>Forklifts</p>', '{\"seo_title\":\"Forklifts\",\"keywords\":\"Forklifts\",\"meta_desc\":\"Forklifts\",\"crawl_after_day\":\"\",\"follow\":\"follow\",\"index\":\"index\"}', 2, '2019-05-25 07:35:07', '2019-05-25 07:35:39', 1, 1),
(216, 108, 'Lagerware', '<p>Lagerware, Restbestände, Restposten </p>', '{\"seo_title\":\"Lagerware, Restbest\\u00e4nde, Restposten, Lagerbest\\u00e4nde, Restposten, Restbest\\u00e4nde aus Industrie und Handel gebraucht \",\"keywords\":\"Lagerware, Restbest\\u00e4nde, Restposten, Lagerbest\\u00e4nde, Restposten, Restbest\\u00e4nde aus Industrie und Handel gebraucht \",\"meta_desc\":\"Lagerware, Restbest\\u00e4nde, Restposten, Lagerbest\\u00e4nde, Restposten, Restbest\\u00e4nde aus Industrie und Handel gebraucht \",\"crawl_after_day\":\"\",\"follow\":\"follow\",\"index\":\"index\"}', 1, '2019-05-30 07:00:30', '2019-07-31 14:24:46', 1, 1),
(217, 108, 'Stock ', '', '{\"seo_title\":\"Remaining stock\",\"keywords\":\"Remaining stock, Remaining stock of articles, surplus stock of articles, used suplus of articles\",\"meta_desc\":\"Remaining stock, Remaining stock of articles, surplus stock of articles, used suplus of articles\",\"crawl_after_day\":\"\",\"follow\":\"follow\",\"index\":\"index\"}', 2, '2019-05-30 07:00:30', '2019-07-31 14:25:30', 1, 1),
(222, 111, 'Services', '', '{\"seo_title\":\"Services\",\"keywords\":\"Services, Dienstleistungen,\",\"meta_desc\":\"Services, Dienstleistungen,\",\"crawl_after_day\":\"\",\"follow\":\"follow\",\"index\":\"index\"}', 1, '2019-07-31 15:58:18', '2019-07-31 15:58:18', 1, 1),
(223, 111, 'Services', '', '{\"seo_title\":\"Services\",\"keywords\":\"Services\",\"meta_desc\":\"Services\",\"crawl_after_day\":\"\",\"follow\":\"follow\",\"index\":\"index\"}', 2, '2019-07-31 15:58:18', '2019-07-31 15:58:34', 1, 1),
(224, 112, 'Lastkraftwagen über 7.5 to', '', '{\"seo_title\":\"Lastkraftwagen 7.5 to\",\"keywords\":\"Lastkraftwagen\",\"meta_desc\":\"Lastkraftwagen\",\"crawl_after_day\":\"\",\"follow\":\"follow\",\"index\":\"index\"}', 1, '2019-07-31 16:01:27', '2019-07-31 16:02:26', 1, 1),
(225, 112, 'Trucks over 7.5 to', '', '{\"seo_title\":\"Trucks over 7.5 to\",\"keywords\":\"Trucks over 7.5 to\",\"meta_desc\":\"Trucks over 7.5 to\",\"crawl_after_day\":\"\",\"follow\":\"follow\",\"index\":\"index\"}', 2, '2019-07-31 16:01:27', '2019-07-31 16:02:01', 1, 1),
(226, 113, 'Anhänger ', '', '{\"seo_title\":\"Anh\\u00e4nger\",\"keywords\":\"Anh\\u00e4nger\",\"meta_desc\":\"Anh\\u00e4nger\",\"crawl_after_day\":\"\",\"follow\":\"follow\",\"index\":\"index\"}', 1, '2019-07-31 16:03:02', '2019-07-31 16:03:02', 1, 1),
(227, 113, 'Trailer', '', '{\"seo_title\":\"Trailer\",\"keywords\":\"Trailer\",\"meta_desc\":\"Trailer\",\"crawl_after_day\":\"\",\"follow\":\"follow\",\"index\":\"index\"}', 2, '2019-07-31 16:03:02', '2019-07-31 16:03:18', 1, 1),
(228, 114, 'Industriebedarf', '', '{\"seo_title\":\"Industriebedarf\",\"keywords\":\"Industriebedarf\",\"meta_desc\":\"Industriebedarf\",\"crawl_after_day\":\"\",\"follow\":\"follow\",\"index\":\"index\"}', 1, '2019-08-21 16:37:59', '2019-11-21 05:33:44', 1, 1),
(229, 114, 'Industrial supplies', '', '{\"seo_title\":\"Stock goods \\/ industrial supplies\",\"keywords\":\"Stock goods \\/ industrial supplies\",\"meta_desc\":\"Stock goods \\/ industrial supplies\",\"crawl_after_day\":\"\",\"follow\":\"follow\",\"index\":\"index\"}', 2, '2019-08-21 16:37:59', '2019-11-21 05:36:09', 1, 1),
(230, 115, 'Bearbeitungszentren universal', '', '{\"seo_title\":\"Bearbeitungszentren universal\",\"keywords\":\"Bearbeitungszentren universal\",\"meta_desc\":\"Bearbeitungszentren universal\",\"crawl_after_day\":\"\",\"follow\":\"follow\",\"index\":\"index\"}', 1, '2019-09-03 08:32:20', '2019-09-03 08:32:20', 1, 1),
(231, 115, '', '', '', 2, '2019-09-03 08:32:20', '2019-09-03 08:32:20', 1, 1),
(232, 116, 'Bearbeitungszentren horizontal', '', '{\"seo_title\":\"Bearbeitungszentren horizontal\",\"keywords\":\"Bearbeitungszentren horizontal\",\"meta_desc\":\"Bearbeitungszentren horizontal\",\"crawl_after_day\":\"\",\"follow\":\"follow\",\"index\":\"index\"}', 1, '2019-09-03 08:33:43', '2019-09-03 08:33:43', 1, 1),
(233, 116, '', '', '', 2, '2019-09-03 08:33:43', '2019-09-03 08:33:43', 1, 1),
(234, 117, 'Bearbeitungszentren horizontal 600-799mm (x-Weg)', '<p>Bearbeitungszentren horizontal 600-799mm (x-Weg)</p>', '{\"seo_title\":\"Bearbeitungszentren horizontal 600-799mm (x-Weg)\",\"keywords\":\"Bearbeitungszentren horizontal 600-799mm (x-Weg)\",\"meta_desc\":\"Bearbeitungszentren horizontal 600-799mm (x-Weg)\",\"crawl_after_day\":\"\",\"follow\":\"follow\",\"index\":\"index\"}', 1, '2019-09-03 08:35:00', '2019-09-03 09:05:26', 1, 1),
(235, 117, 'Centers horizontal over 600-799mm (x-travel)', '<p>Centers horizontal over 600-799mm (x-travel)</p>', '{\"seo_title\":\"Centers horizontal over 600-799mm (x-travel)\",\"keywords\":\"Centers horizontal over 600-799mm (x-travel)\",\"meta_desc\":\"Centers horizontal over 600-799mm (x-travel)\",\"crawl_after_day\":\"\",\"follow\":\"follow\",\"index\":\"index\"}', 2, '2019-09-03 08:35:00', '2019-09-03 09:05:50', 1, 1),
(236, 118, 'Bearbeitungszentren horizontal ab 1200mm (x-Weg) ', '<p>Bearbeitungszentren horizontal ab 1200mm (x-Weg)</p>', '{\"seo_title\":\"Bearbeitungszentren horizontal ab 1200mm (x-Weg) \",\"keywords\":\"Bearbeitungszentren horizontal ab 1200mm (x-Weg) \",\"meta_desc\":\"Bearbeitungszentren horizontal ab 1200mm (x-Weg) \",\"crawl_after_day\":\"\",\"follow\":\"follow\",\"index\":\"index\"}', 1, '2019-09-03 08:35:54', '2019-09-03 09:03:25', 1, 1),
(237, 118, 'Centers horizontal over 1200mm (x-travel)', '<p>Centers horizontal over 1200mm (x-travel)</p>', '{\"seo_title\":\"Centers horizontal over 1200mm (x-travel)\",\"keywords\":\"Centers horizontal over 1200mm (x-travel)\",\"meta_desc\":\"Centers horizontal over 1200mm (x-travel)\",\"crawl_after_day\":\"\",\"follow\":\"follow\",\"index\":\"index\"}', 2, '2019-09-03 08:35:54', '2019-09-03 09:03:47', 1, 1),
(238, 119, 'Bearbeitungszentren horizontal 400-599mm (x-Weg)', '<p>Bearbeitungszentren horizontal 400-599mm (x-Weg)</p>', '{\"seo_title\":\"Bearbeitungszentren horizontal 400-599mm (x-Weg)\",\"keywords\":\"Bearbeitungszentren horizontal 400-599mm (x-Weg)\",\"meta_desc\":\"\",\"crawl_after_day\":\"\",\"follow\":\"follow\",\"index\":\"index\"}', 1, '2019-09-03 08:45:51', '2019-09-03 09:02:30', 1, 1),
(239, 119, 'Centers horizontal over 400-599mm (x-travel)', '<p>Centers horizontal over 400-599mm (x-travel)</p>', '{\"seo_title\":\"Centers horizontal over 400-599mm (x-travel)\",\"keywords\":\"Centers horizontal over 400-599mm (x-travel)\",\"meta_desc\":\"Centers horizontal over 400-599mm (x-travel)\",\"crawl_after_day\":\"\",\"follow\":\"follow\",\"index\":\"index\"}', 2, '2019-09-03 08:45:51', '2019-09-03 09:02:52', 1, 1),
(240, 120, 'Bearbeitungszentren horizontal 800-1199mm (x-Weg)', '<p>Bearbeitungszentren horizontal 800-1199mm (x-Weg)</p>', '{\"seo_title\":\"Bearbeitungszentren horizontal 800-1199mm (x-Weg)\",\"keywords\":\"Bearbeitungszentren horizontal 800-1199mm (x-Weg)\",\"meta_desc\":\"Bearbeitungszentren horizontal 800-1199mm (x-Weg)\",\"crawl_after_day\":\"\",\"follow\":\"follow\",\"index\":\"index\"}', 1, '2019-09-03 08:50:36', '2019-09-03 09:04:19', 1, 1),
(241, 120, 'Centers horizontal over 800-1199mm (x-travel)', '<p>Centers horizontal over 800-1199mm (x-travel)</p>', '{\"seo_title\":\"Centers horizontal over 800-1199mm (x-travel)\",\"keywords\":\"Centers horizontal over 800-1199mm (x-travel)\",\"meta_desc\":\"Centers horizontal over 800-1199mm (x-travel)\",\"crawl_after_day\":\"\",\"follow\":\"follow\",\"index\":\"index\"}', 2, '2019-09-03 08:50:36', '2019-09-03 09:04:44', 1, 1),
(242, 121, 'Bearbeitungszentren universal 0-599mm (x-Weg)', '<p>Bearbeitungszentren universal 0-599mm (x-Weg)</p>', '{\"seo_title\":\"Bearbeitungszentren universal 0-599mm (x-Weg)\",\"keywords\":\"Bearbeitungszentren universal 0-599mm (x-Weg)\",\"meta_desc\":\"Bearbeitungszentren universal 0-599mm (x-Weg)\",\"crawl_after_day\":\"\",\"follow\":\"follow\",\"index\":\"index\"}', 1, '2019-09-03 08:52:35', '2019-09-03 09:08:29', 1, 1),
(243, 121, 'Centers universal 0-599mm (x-travel)', '', '{\"seo_title\":\"Centers universal 0-599mm (x-travel)\",\"keywords\":\"Centers universal 0-599mm (x-travel)\",\"meta_desc\":\"Centers universal 0-599mm (x-travel)\",\"crawl_after_day\":\"\",\"follow\":\"follow\",\"index\":\"index\"}', 2, '2019-09-03 08:52:35', '2019-09-03 09:08:47', 1, 1),
(244, 122, 'Bearbeitungszentren universal 600-699mm (x-Weg)', '<p>Bearbeitungszentren universal 600-699mm (x-Weg)</p>', '{\"seo_title\":\"Bearbeitungszentren universal 600-699mm (x-Weg)\",\"keywords\":\"Bearbeitungszentren universal 600-699mm (x-Weg)\",\"meta_desc\":\"Bearbeitungszentren universal 600-699mm (x-Weg)\",\"crawl_after_day\":\"\",\"follow\":\"follow\",\"index\":\"index\"}', 1, '2019-09-03 08:55:05', '2019-09-03 09:07:29', 1, 1),
(245, 122, 'Centers universal 600-699mm (x-travel)', '<p>Centers universal 600-699mm (x-travel)</p>', '{\"seo_title\":\"Centers universal 600-699mm (x-travel)\",\"keywords\":\"Centers universal 600-699mm (x-travel)\",\"meta_desc\":\"Centers universal 600-699mm (x-travel)\",\"crawl_after_day\":\"\",\"follow\":\"follow\",\"index\":\"index\"}', 2, '2019-09-03 08:55:05', '2019-09-03 09:07:54', 1, 1),
(246, 123, 'Bearbeitungszentren universal 700-999mm (x-Weg)', '<p>Bearbeitungszentren universal 700-999mm (x-Weg)</p>', '{\"seo_title\":\"Bearbeitungszentren universal 700-999mm (x-Weg)\",\"keywords\":\"Bearbeitungszentren universal 700-999mm (x-Weg)\",\"meta_desc\":\"Bearbeitungszentren universal 700-999mm (x-Weg)\",\"crawl_after_day\":\"\",\"follow\":\"follow\",\"index\":\"index\"}', 1, '2019-09-03 08:57:45', '2019-09-03 09:06:25', 1, 1),
(247, 123, 'Centers universal 700-999mm (x-travel)', '<p>Centers universal 700-999mm (x-travel)</p>', '{\"seo_title\":\"Centers universal 700-999mm (x-travel)\",\"keywords\":\"Centers universal 700-999mm (x-travel)\",\"meta_desc\":\"Centers universal 700-999mm (x-travel)\",\"crawl_after_day\":\"\",\"follow\":\"follow\",\"index\":\"index\"}', 2, '2019-09-03 08:57:45', '2019-09-03 09:06:48', 1, 1),
(248, 124, 'Bearbeitungszentren universal ab 1000mm (x-Weg)', '<p>Bearbeitungszentren&nbsp;universal ab 1000mm (x-Weg)</p>', '{\"seo_title\":\"Bearbeitungszentren universal ab 1000mm (x-Weg)\",\"keywords\":\"Bearbeitungszentren universal ab 1000mm (x-Weg)\",\"meta_desc\":\"\",\"crawl_after_day\":\"\",\"follow\":\"follow\",\"index\":\"index\"}', 1, '2019-09-03 09:00:39', '2020-01-23 09:28:24', 1, 1),
(249, 124, 'Centers universal over 1000mm (x-travel)', '<p>Centers universal over 1000mm (x-travel)</p>', '{\"seo_title\":\"Centers universal over 1000mm (x-travel)\",\"keywords\":\"Centers universal over 1000mm (x-travel)\",\"meta_desc\":\"Centers universal over 1000mm (x-travel)\",\"crawl_after_day\":\"\",\"follow\":\"follow\",\"index\":\"index\"}', 2, '2019-09-03 09:00:39', '2019-09-03 09:01:21', 1, 1),
(250, 125, 'Bearbeitungszentren vertikal 0-599mm (x-Weg)', '<p>Bearbeitungszentren vertikal 0-599mm (x-Weg)</p>', '{\"seo_title\":\"Bearbeitungszentren vertikal 0-599mm (x-Weg)\",\"keywords\":\"Bearbeitungszentren vertikal 0-599mm (x-Weg)\",\"meta_desc\":\"Bearbeitungszentren vertikal 0-599mm (x-Weg)\",\"crawl_after_day\":\"\",\"follow\":\"follow\",\"index\":\"index\"}', 1, '2019-09-03 09:10:31', '2020-01-23 09:25:23', 1, 1),
(251, 125, 'Centers vertical 0-399mm (x-travel)', '<p>Centers vertical 0-399mm (x-travel)</p>', '{\"seo_title\":\"Centers vertical 0-399mm (x-travel)\",\"keywords\":\"Centers vertical 0-399mm (x-travel)\",\"meta_desc\":\"Centers vertical 0-399mm (x-travel)\",\"crawl_after_day\":\"\",\"follow\":\"follow\",\"index\":\"index\"}', 2, '2019-09-03 09:10:31', '2019-09-03 09:15:27', 1, 1),
(252, 126, 'Bearbeitungszentren vertikal ab 1200mm (x-Weg)', '<p>Bearbeitungszentren vertikal&nbsp;ab 1200mm (x-Weg)</p>', '{\"seo_title\":\"Bearbeitungszentren vertikal ab 1200mm (x-Weg)\",\"keywords\":\"Bearbeitungszentren vertikal ab 1200mm (x-Weg)\",\"meta_desc\":\"Bearbeitungszentren vertikal ab 1200mm (x-Weg)\",\"crawl_after_day\":\"\",\"follow\":\"follow\",\"index\":\"index\"}', 1, '2019-09-03 09:13:38', '2020-01-23 09:27:27', 1, 1),
(253, 126, 'Centers vertical 400-599mm (x-travel)', '<p>Centers vertical 400-599mm (x-travel)</p>', '{\"seo_title\":\"Centers vertical 400-599mm (x-travel)\",\"keywords\":\"Centers vertical 400-599mm (x-travel)\",\"meta_desc\":\"Centers vertical 400-599mm (x-travel)\",\"crawl_after_day\":\"\",\"follow\":\"follow\",\"index\":\"index\"}', 2, '2019-09-03 09:13:38', '2019-09-03 09:15:59', 1, 1),
(254, 127, 'Bearbeitungszentren vertikal 600-699mm (x-Weg)', '', '{\"seo_title\":\"Bearbeitungszentren vertikal 600-699mm (x-Weg)\",\"keywords\":\"Bearbeitungszentren vertikal 600-699mm (x-Weg)\",\"meta_desc\":\"Bearbeitungszentren vertikal 600-699mm (x-Weg)\",\"crawl_after_day\":\"\",\"follow\":\"follow\",\"index\":\"index\"}', 1, '2019-09-03 09:17:38', '2019-09-03 09:17:38', 1, 1),
(255, 127, 'Centers vertical 600-699mm (x-travel)', '<p>Centers vertical 600-699mm (x-travel)</p>', '{\"seo_title\":\"Centers vertical 600-699mm (x-travel)\",\"keywords\":\"Centers vertical 600-699mm (x-travel)\",\"meta_desc\":\"Centers vertical 600-699mm (x-travel)\",\"crawl_after_day\":\"\",\"follow\":\"follow\",\"index\":\"index\"}', 2, '2019-09-03 09:17:38', '2019-09-03 09:18:08', 1, 1),
(256, 128, 'Bearbeitungszentren vertikal 700-999mm (x-Weg)', '', '{\"seo_title\":\"Bearbeitungszentren vertikal 700-999mm (x-Weg)\",\"keywords\":\"Bearbeitungszentren vertikal 700-999mm (x-Weg)\",\"meta_desc\":\"Bearbeitungszentren vertikal 700-999mm (x-Weg)\",\"crawl_after_day\":\"\",\"follow\":\"follow\",\"index\":\"index\"}', 1, '2019-09-03 09:19:35', '2019-09-03 09:19:35', 1, 1),
(257, 128, 'Centers vertical 700-999mm (x-travel)', '<p>Centers vertical 700-999mm (x-travel)</p>', '{\"seo_title\":\"Centers vertical 700-999mm (x-travel)\",\"keywords\":\"Centers vertical 700-999mm (x-travel)\",\"meta_desc\":\"Centers vertical 700-999mm (x-travel)\",\"crawl_after_day\":\"\",\"follow\":\"follow\",\"index\":\"index\"}', 2, '2019-09-03 09:19:35', '2019-09-03 09:20:19', 1, 1),
(258, 129, 'Bearbeitungszentren vertikal 1000-1199mm (x-Weg)', '<p>Bearbeitungszentren vertikal 1000-1199mm (x-Weg)</p>', '{\"seo_title\":\"Bearbeitungszentren vertikal 1000-1199mm (x-Weg)\",\"keywords\":\"Bearbeitungszentren vertikal 1000-1199mm (x-Weg)\",\"meta_desc\":\"Bearbeitungszentren vertikal 1000-1199mm (x-Weg)\",\"crawl_after_day\":\"\",\"follow\":\"follow\",\"index\":\"index\"}', 1, '2019-09-03 09:52:53', '2019-09-03 09:53:05', 1, 1),
(259, 129, 'Centers vertical 1000-1199mm (x-travel)', '<p>Centers vertical 1000-1199mm (x-travel)</p>', '{\"seo_title\":\"Centers vertical 1000-1199mm (x-travel)\",\"keywords\":\"Centers vertical 1000-1199mm (x-travel)\",\"meta_desc\":\"Centers vertical 1000-1199mm (x-travel)\",\"crawl_after_day\":\"\",\"follow\":\"follow\",\"index\":\"index\"}', 2, '2019-09-03 09:52:53', '2019-09-03 09:53:39', 1, 1),
(260, 130, 'Bearbeitungszentren horizontal 0- 399mm (x-Weg)', '<p>Bearbeitungszentren horizontal 0- 399mm (x-Weg)</p>', '{\"seo_title\":\"Bearbeitungszentren horizontal 0- 399mm (x-Weg)\",\"keywords\":\"Bearbeitungszentren horizontal 0- 399mm (x-Weg)\",\"meta_desc\":\"Bearbeitungszentren horizontal 0- 399mm (x-Weg)\",\"crawl_after_day\":\"\",\"follow\":\"follow\",\"index\":\"index\"}', 1, '2019-12-03 09:32:20', '2019-12-03 09:32:20', 1, 1),
(261, 130, '', '', '', 2, '2019-12-03 09:32:20', '2019-12-03 09:32:20', 1, 1),
(262, 131, 'Dreibackenfutter', '<p>Dreibackenfutter</p>', '{\"seo_title\":\"Dreibackenfutter\",\"keywords\":\"Dreibackenfutter\",\"meta_desc\":\"Dreibackenfutter\",\"crawl_after_day\":\"\",\"follow\":\"follow\",\"index\":\"index\"}', 1, '2019-12-03 09:36:27', '2019-12-03 09:36:27', 1, 1),
(263, 131, 'Chucks', '<p>Chucks, Three-jaw Chucks</p>', '{\"seo_title\":\"Chucks\",\"keywords\":\"Chucks\",\"meta_desc\":\"Chucks\",\"crawl_after_day\":\"\",\"follow\":\"follow\",\"index\":\"index\"}', 2, '2019-12-03 09:36:27', '2019-12-03 09:37:24', 1, 1),
(264, 132, 'Transportleistungen', '<p>Maschinentransporte</p>', '{\"seo_title\":\"Transporte, Transportleistungen\",\"keywords\":\"Transporte, Transportleistungen\",\"meta_desc\":\"Transporte, Transportleistungen\",\"crawl_after_day\":\"\",\"follow\":\"follow\",\"index\":\"index\"}', 1, '2020-02-25 05:53:13', '2020-03-23 07:38:21', 1, 1),
(265, 132, '', '', '', 2, '2020-02-25 05:53:13', '2020-02-25 05:53:13', 1, 1),
(266, 133, 'CNC-Bearbeitung', '<p>CNC-Bearbeitung, Sonderfertigung, Serienfertigung, Auffangen von Auftragsspitzen</p>', '{\"seo_title\":\"CNC Bearbeitung\",\"keywords\":\"CNC-Bearbeitung, Sonderfertigung, Serienfertigung, Auffangen von Auftragsspitzen\",\"meta_desc\":\"CNC-Bearbeitung, Sonderfertigung, Serienfertigung, Auffangen von Auftragsspitzen\",\"crawl_after_day\":\"\",\"follow\":\"follow\",\"index\":\"index\"}', 1, '2020-02-25 05:55:47', '2020-03-23 07:45:39', 1, 1),
(267, 133, 'CNC processing', '<p>CNC processing, special production, series production, absorbing order peaks</p>', '{\"seo_title\":\"CNC processing\",\"keywords\":\"CNC processing, special production, series production, absorbing order peaks\",\"meta_desc\":\"CNC processing, special production, series production, absorbing order peaks\",\"crawl_after_day\":\"\",\"follow\":\"follow\",\"index\":\"index\"}', 2, '2020-02-25 05:55:47', '2020-02-25 05:57:05', 1, 1),
(268, 134, 'Industriebedarf ', '<p>Industriebedarf, Lagerware</p>', '{\"seo_title\":\"Industriebedarf, Lagerware\",\"keywords\":\"Industriebedarf, Lagerware\",\"meta_desc\":\"Industriebedarf, Lagerware\",\"crawl_after_day\":\"\",\"follow\":\"follow\",\"index\":\"index\"}', 1, '2020-03-13 11:15:18', '2020-03-23 07:41:39', 1, 1),
(269, 134, 'Industrial supply ', '<p>Industrial supply, stocks</p>', '{\"seo_title\":\"Industrial supply\",\"keywords\":\"Industrial supply, stocks\",\"meta_desc\":\"Industrial supply, stocks\",\"crawl_after_day\":\"\",\"follow\":\"follow\",\"index\":\"index\"}', 2, '2020-03-13 11:15:18', '2020-03-13 12:00:20', 1, 1),
(270, 135, 'Werbeartikel Promotion', '<p>Werbeartikel Promotion</p>', '{\"seo_title\":\"Werbeartikel Promotion\",\"keywords\":\"Werbeartikel Promotion\",\"meta_desc\":\"Werbeartikel Promotion\",\"crawl_after_day\":\"\",\"follow\":\"follow\",\"index\":\"index\"}', 1, '2020-03-13 12:01:33', '2020-03-23 07:48:42', 1, 1),
(271, 135, 'Advertising Promotion', '<p>Advertising Promotion</p>', '{\"seo_title\":\"Advertising Promotion\",\"keywords\":\"Advertising Promotion\",\"meta_desc\":\"Advertising Promotion\",\"crawl_after_day\":\"\",\"follow\":\"follow\",\"index\":\"index\"}', 2, '2020-03-13 12:01:33', '2020-03-13 12:02:06', 1, 1),
(272, 136, 'Laser-Drucker', '', '{\"seo_title\":\"Laser Drucker, Drucker \",\"keywords\":\"Drucker, Laserdrucker\",\"meta_desc\":\"\",\"crawl_after_day\":\"\",\"follow\":\"follow\",\"index\":\"index\"}', 1, '2020-06-04 06:45:09', '2020-06-04 06:45:09', 1, 1),
(273, 136, '', '', '', 2, '2020-06-04 06:45:09', '2020-06-04 06:45:09', 1, 1),
(274, 137, 'Tintenstrahldrucker', '<p>Drucker Tinte, Drucker B&uuml;ro, B&uuml;rodrucker, Home-Office</p>', '{\"seo_title\":\"Tintenstrahldrucker\",\"keywords\":\"Tintenstrahldrucker, Drucker Tinte, Drucker B\\u00fcro, B\\u00fcrodrucker, Home-Office\",\"meta_desc\":\"Tintenstrahldrucker, Drucker Tinte, Drucker B\\u00fcro, B\\u00fcrodrucker, Home-Office\",\"crawl_after_day\":\"\",\"follow\":\"follow\",\"index\":\"index\"}', 1, '2020-06-04 06:55:52', '2020-06-04 06:56:10', 1, 1),
(275, 137, '', '', '', 2, '2020-06-04 06:55:52', '2020-06-04 06:55:52', 1, 1),
(276, 138, 'Oberflächentechnik', '<p>Oberfl&auml;chentechnik, Pulverbeschichtung, Pulveranlagen</p>', '{\"seo_title\":\"Oberfl\\u00e4chentechnik, Pulverbeschichtung, Pulveranlagen\",\"keywords\":\"Oberfl\\u00e4chentechnik, Pulverbeschichtung, Pulveranlagen\",\"meta_desc\":\"Oberfl\\u00e4chentechnik, Pulverbeschichtung, Pulveranlagen\",\"crawl_after_day\":\"\",\"follow\":\"follow\",\"index\":\"index\"}', 1, '2020-06-05 17:22:43', '2020-06-05 17:22:43', 1, 1),
(277, 138, '', '', '', 2, '2020-06-05 17:22:43', '2020-06-05 17:22:43', 1, 1);

-- --------------------------------------------------------

--
-- Table structure for table `cities`
--

CREATE TABLE `cities` (
  `CityID` int(11) NOT NULL,
  `DistrictID` int(11) NOT NULL,
  `SortOrder` int(11) NOT NULL,
  `Hide` tinyint(4) NOT NULL,
  `IsActive` tinyint(4) NOT NULL,
  `CreatedAt` datetime NOT NULL,
  `UpdatedAt` datetime NOT NULL,
  `CreatedBy` int(11) NOT NULL,
  `UpdatedBy` int(11) NOT NULL
) ENGINE=InnoDB DEFAULT CHARSET=utf8;

--
-- Dumping data for table `cities`
--

INSERT INTO `cities` (`CityID`, `DistrictID`, `SortOrder`, `Hide`, `IsActive`, `CreatedAt`, `UpdatedAt`, `CreatedBy`, `UpdatedBy`) VALUES
(2, 1, 0, 0, 1, '2018-05-03 16:54:22', '2018-05-07 12:24:57', 1, 1),
(3, 2, 1, 0, 1, '2018-05-03 17:04:54', '2018-05-03 17:04:54', 1, 1),
(4, 4, 2, 0, 1, '2018-05-07 11:47:18', '2018-05-07 11:47:18', 1, 1),
(5, 4, 3, 0, 1, '2018-05-07 11:47:35', '2018-05-07 11:47:35', 1, 1),
(6, 4, 4, 0, 1, '2018-05-07 11:47:54', '2018-05-07 11:47:54', 1, 1),
(7, 4, 5, 0, 1, '2018-05-07 11:48:11', '2018-05-07 11:48:11', 1, 1),
(8, 4, 6, 0, 1, '2018-05-07 11:48:33', '2018-05-07 11:48:33', 1, 1),
(9, 5, 7, 0, 1, '2018-05-07 11:48:52', '2018-11-13 11:34:52', 1, 1),
(10, 5, 8, 0, 1, '2018-05-07 11:49:07', '2018-05-07 11:49:07', 1, 1),
(11, 5, 9, 0, 1, '2018-05-07 11:49:20', '2018-05-07 11:49:20', 1, 1),
(12, 5, 10, 0, 1, '2018-05-07 11:49:30', '2018-05-07 11:49:30', 1, 1),
(13, 5, 11, 0, 1, '2018-05-07 11:49:44', '2018-05-07 11:49:44', 1, 1),
(14, 5, 12, 0, 1, '2018-05-07 11:49:56', '2018-05-07 11:49:56', 1, 1),
(15, 2, 13, 0, 1, '2018-05-07 11:50:15', '2018-05-07 11:50:15', 1, 1),
(16, 2, 14, 0, 1, '2018-05-07 11:50:29', '2018-05-07 11:50:29', 1, 1),
(17, 2, 15, 0, 1, '2018-05-07 11:50:41', '2018-05-07 11:50:41', 1, 1),
(18, 9, 16, 0, 1, '2018-05-07 11:51:00', '2018-05-07 11:51:00', 1, 1),
(19, 9, 17, 0, 1, '2018-05-07 11:51:24', '2018-05-07 11:51:24', 1, 1),
(20, 9, 18, 0, 1, '2018-05-07 11:51:36', '2018-05-07 11:51:36', 1, 1),
(21, 9, 19, 0, 1, '2018-05-07 11:51:46', '2018-05-07 11:51:46', 1, 1),
(22, 19, 20, 0, 1, '2018-05-07 11:52:02', '2018-05-07 11:52:02', 1, 1),
(23, 19, 21, 0, 1, '2018-05-07 11:52:17', '2018-05-07 11:52:17', 1, 1),
(24, 19, 22, 0, 1, '2018-05-07 11:52:29', '2018-05-07 11:52:29', 1, 1),
(25, 24, 23, 0, 1, '2018-05-07 11:52:44', '2018-05-07 11:52:44', 1, 1),
(26, 24, 24, 0, 1, '2018-05-07 11:52:56', '2018-05-07 11:52:56', 1, 1),
(27, 24, 25, 0, 1, '2018-05-07 11:53:11', '2018-05-07 11:53:11', 1, 1),
(28, 24, 26, 0, 1, '2018-05-07 11:53:23', '2018-05-07 11:53:23', 1, 1),
(29, 29, 27, 0, 1, '2018-05-07 11:53:45', '2018-05-07 11:53:45', 1, 1),
(30, 29, 28, 0, 1, '2018-05-07 11:53:57', '2018-05-07 11:53:57', 1, 1),
(31, 29, 29, 0, 1, '2018-05-07 11:54:10', '2018-05-07 11:54:10', 1, 1),
(32, 29, 30, 0, 1, '2018-05-07 11:54:23', '2018-05-07 11:54:23', 1, 1),
(33, 8, 31, 0, 1, '2018-05-07 11:54:37', '2018-05-07 11:54:37', 1, 1),
(34, 8, 32, 0, 1, '2018-05-07 11:54:48', '2018-05-07 11:54:48', 1, 1),
(35, 8, 33, 0, 1, '2018-05-07 11:55:03', '2018-05-07 11:55:03', 1, 1),
(36, 10, 34, 0, 1, '2018-05-07 11:55:28', '2018-05-07 11:55:28', 1, 1),
(37, 10, 35, 0, 1, '2018-05-07 11:55:48', '2018-05-07 11:55:48', 1, 1),
(38, 10, 36, 0, 1, '2018-05-07 11:56:00', '2018-05-07 12:46:44', 1, 1),
(39, 10, 37, 0, 1, '2018-05-07 11:56:13', '2018-05-07 11:56:13', 1, 1),
(40, 10, 38, 0, 1, '2018-05-07 11:56:31', '2018-05-07 11:56:31', 1, 1),
(41, 10, 39, 0, 1, '2018-05-07 11:56:53', '2018-05-07 11:56:53', 1, 1),
(42, 14, 40, 0, 1, '2018-05-07 11:57:08', '2018-10-26 14:00:51', 1, 1),
(43, 14, 41, 0, 1, '2018-05-07 11:57:21', '2018-05-07 11:57:21', 1, 1),
(44, 14, 42, 0, 1, '2018-05-07 11:57:52', '2018-05-07 11:57:52', 1, 1),
(45, 14, 43, 0, 1, '2018-05-07 11:58:03', '2018-05-07 11:58:03', 1, 1),
(46, 35, 44, 0, 1, '2018-05-07 11:58:33', '2018-05-07 11:58:33', 1, 1),
(47, 35, 45, 0, 1, '2018-05-07 11:59:03', '2018-05-07 11:59:03', 1, 1),
(48, 35, 46, 0, 1, '2018-05-07 11:59:15', '2018-05-07 11:59:15', 1, 1),
(49, 35, 47, 0, 1, '2018-05-07 11:59:27', '2018-05-07 11:59:27', 1, 1),
(50, 11, 48, 0, 1, '2018-05-07 11:59:39', '2018-05-07 11:59:39', 1, 1),
(51, 11, 49, 0, 1, '2018-05-07 11:59:54', '2018-05-07 11:59:54', 1, 1),
(52, 11, 50, 0, 1, '2018-05-07 12:00:06', '2018-05-07 12:00:06', 1, 1),
(53, 11, 51, 0, 1, '2018-05-07 12:00:26', '2018-05-07 12:00:26', 1, 1),
(54, 11, 52, 0, 1, '2018-05-07 12:08:46', '2018-05-07 12:08:46', 1, 1),
(55, 12, 53, 0, 1, '2018-05-07 12:08:58', '2018-05-07 12:08:58', 1, 1),
(56, 12, 54, 0, 1, '2018-05-07 12:09:09', '2018-05-07 12:09:09', 1, 1),
(57, 12, 55, 0, 1, '2018-05-07 12:09:23', '2018-05-07 12:09:23', 1, 1),
(58, 13, 56, 0, 1, '2018-05-07 12:09:36', '2018-05-07 12:09:36', 1, 1),
(59, 13, 57, 0, 1, '2018-05-07 12:09:50', '2018-05-07 12:09:50', 1, 1),
(60, 21, 58, 0, 1, '2018-05-07 12:10:06', '2018-05-07 12:10:06', 1, 1),
(61, 21, 59, 0, 1, '2018-05-07 12:10:19', '2018-05-07 12:10:19', 1, 1),
(62, 21, 60, 0, 1, '2018-05-07 12:10:31', '2018-05-07 12:10:31', 1, 1),
(63, 25, 61, 0, 1, '2018-05-07 12:20:12', '2018-05-07 12:20:12', 1, 1),
(64, 25, 62, 0, 1, '2018-05-07 12:20:37', '2018-05-07 12:20:37', 1, 1),
(65, 25, 63, 0, 1, '2018-05-07 12:20:52', '2018-05-07 12:20:52', 1, 1),
(66, 34, 64, 0, 1, '2018-05-07 12:21:10', '2018-05-07 12:21:10', 1, 1),
(67, 34, 65, 0, 1, '2018-05-07 12:21:51', '2018-05-07 12:21:51', 1, 1),
(68, 34, 66, 0, 1, '2018-05-07 12:22:07', '2018-05-07 12:22:07', 1, 1),
(69, 34, 67, 0, 1, '2018-05-07 12:22:19', '2018-05-07 12:22:19', 1, 1),
(70, 16, 68, 0, 1, '2018-05-07 12:22:39', '2018-05-07 12:22:39', 1, 1),
(71, 16, 69, 0, 1, '2018-05-07 12:22:52', '2018-05-07 12:22:52', 1, 1),
(72, 16, 70, 0, 1, '2018-05-07 12:23:05', '2018-05-07 12:23:05', 1, 1),
(73, 16, 71, 0, 1, '2018-05-07 12:23:16', '2018-05-07 12:23:16', 1, 1),
(74, 1, 72, 0, 1, '2018-05-07 12:25:09', '2018-05-07 12:25:09', 1, 1),
(75, 1, 73, 0, 1, '2018-05-07 12:25:24', '2018-05-07 12:25:24', 1, 1),
(76, 1, 74, 0, 1, '2018-05-07 12:25:34', '2018-05-07 12:25:34', 1, 1),
(77, 1, 75, 0, 1, '2018-05-07 12:25:50', '2018-05-07 12:25:50', 1, 1),
(78, 26, 76, 0, 1, '2018-05-07 12:26:06', '2018-05-07 12:26:06', 1, 1),
(79, 26, 77, 0, 1, '2018-05-07 12:26:19', '2018-05-07 12:26:19', 1, 1),
(80, 26, 78, 0, 1, '2018-05-07 12:26:34', '2018-05-07 12:26:34', 1, 1),
(81, 33, 79, 0, 1, '2018-05-07 12:26:48', '2018-05-07 12:26:48', 1, 1),
(82, 33, 80, 0, 1, '2018-05-07 12:27:01', '2018-05-07 12:27:01', 1, 1),
(83, 33, 81, 0, 1, '2018-05-07 12:27:57', '2018-05-07 12:27:57', 1, 1),
(84, 33, 82, 0, 1, '2018-05-07 12:28:10', '2018-05-07 12:28:10', 1, 1),
(85, 33, 83, 0, 1, '2018-05-07 12:28:21', '2018-05-07 12:28:21', 1, 1),
(86, 17, 84, 0, 1, '2018-05-07 12:28:33', '2018-05-07 12:28:33', 1, 1),
(87, 17, 85, 0, 1, '2018-05-07 12:29:45', '2018-05-07 12:29:45', 1, 1),
(88, 17, 86, 0, 1, '2018-05-07 12:29:56', '2018-05-07 12:29:56', 1, 1),
(89, 17, 87, 0, 1, '2018-05-07 12:30:08', '2018-05-07 12:30:08', 1, 1),
(90, 20, 88, 0, 1, '2018-05-07 12:31:05', '2018-05-07 12:31:05', 1, 1),
(91, 20, 89, 0, 1, '2018-05-07 12:31:21', '2018-05-07 12:31:21', 1, 1),
(92, 20, 90, 0, 1, '2018-05-07 12:31:37', '2018-05-07 12:31:37', 1, 1),
(93, 23, 91, 0, 1, '2018-05-07 12:31:53', '2018-05-07 12:31:53', 1, 1),
(94, 23, 92, 0, 1, '2018-05-07 12:32:07', '2018-05-07 12:32:07', 1, 1),
(95, 23, 93, 0, 1, '2018-05-07 12:32:27', '2018-05-07 12:32:27', 1, 1),
(96, 23, 94, 0, 1, '2018-05-07 12:32:43', '2018-05-07 12:32:43', 1, 1),
(97, 36, 95, 0, 1, '2018-05-07 12:33:11', '2018-05-07 12:33:11', 1, 1),
(98, 36, 96, 0, 1, '2018-05-07 12:33:26', '2018-05-07 12:33:26', 1, 1),
(99, 36, 97, 0, 1, '2018-05-07 12:33:36', '2018-05-07 12:33:36', 1, 1),
(100, 3, 98, 0, 1, '2018-05-07 12:33:56', '2018-05-07 12:33:56', 1, 1),
(101, 3, 99, 0, 1, '2018-05-07 12:34:08', '2018-05-07 12:34:08', 1, 1),
(102, 3, 100, 0, 1, '2018-05-07 12:34:23', '2018-05-07 12:34:23', 1, 1),
(103, 3, 101, 0, 1, '2018-05-07 12:34:34', '2018-05-07 12:34:34', 1, 1),
(104, 3, 102, 0, 1, '2018-05-07 12:34:49', '2018-05-07 12:34:49', 1, 1),
(105, 3, 103, 0, 1, '2018-05-07 12:35:00', '2018-05-07 12:35:00', 1, 1),
(106, 7, 104, 0, 1, '2018-05-07 12:35:11', '2018-05-07 12:35:11', 1, 1),
(107, 7, 105, 0, 1, '2018-05-07 12:35:23', '2018-05-07 12:35:23', 1, 1),
(108, 7, 106, 0, 1, '2018-05-07 12:35:33', '2018-05-07 12:35:33', 1, 1),
(109, 7, 107, 0, 1, '2018-05-07 12:35:46', '2018-05-07 12:35:46', 1, 1),
(110, 7, 108, 0, 1, '2018-05-07 12:35:57', '2018-05-07 12:35:57', 1, 1),
(111, 15, 109, 0, 1, '2018-05-07 12:36:10', '2018-05-07 12:36:10', 1, 1),
(112, 15, 110, 0, 1, '2018-05-07 12:36:29', '2018-05-07 12:36:29', 1, 1),
(113, 15, 111, 0, 1, '2018-05-07 12:37:08', '2018-05-07 12:37:08', 1, 1),
(114, 15, 112, 0, 1, '2018-05-07 12:37:18', '2018-05-07 12:37:18', 1, 1),
(115, 30, 113, 0, 1, '2018-05-07 12:37:31', '2018-05-07 12:37:31', 1, 1),
(116, 30, 114, 0, 1, '2018-05-07 12:37:45', '2018-05-07 12:37:45', 1, 1),
(117, 30, 115, 0, 1, '2018-05-07 12:38:00', '2018-05-07 12:38:00', 1, 1),
(118, 30, 116, 0, 1, '2018-05-07 12:38:10', '2018-05-07 12:38:10', 1, 1),
(119, 30, 117, 0, 1, '2018-05-07 12:38:27', '2018-05-07 12:38:27', 1, 1),
(120, 30, 118, 0, 1, '2018-05-07 12:38:39', '2018-05-07 12:38:39', 1, 1),
(121, 30, 119, 0, 1, '2018-05-07 12:38:51', '2018-05-07 12:38:51', 1, 1),
(122, 30, 120, 0, 1, '2018-05-07 12:39:04', '2018-05-07 12:39:04', 1, 1),
(123, 27, 121, 0, 1, '2018-05-07 12:39:16', '2018-05-07 12:39:16', 1, 1),
(124, 27, 122, 0, 1, '2018-05-07 12:39:27', '2018-05-07 12:39:27', 1, 1),
(125, 27, 123, 0, 1, '2018-05-07 12:39:39', '2018-05-07 12:39:39', 1, 1),
(126, 28, 124, 0, 1, '2018-05-07 12:39:53', '2018-05-07 12:39:53', 1, 1),
(127, 28, 125, 0, 1, '2018-05-07 12:40:12', '2018-05-07 12:40:12', 1, 1),
(128, 31, 126, 0, 1, '2018-05-07 12:40:27', '2018-05-07 12:40:27', 1, 1),
(129, 31, 127, 0, 1, '2018-05-07 12:40:38', '2018-05-07 12:40:38', 1, 1),
(130, 6, 128, 0, 1, '2018-05-07 12:40:54', '2018-05-07 12:40:54', 1, 1),
(131, 6, 129, 0, 1, '2018-05-07 12:41:07', '2018-05-07 12:41:07', 1, 1),
(132, 6, 130, 0, 1, '2018-05-07 12:41:44', '2018-05-07 12:41:44', 1, 1),
(133, 6, 131, 0, 1, '2018-05-07 12:41:55', '2018-05-07 12:41:55', 1, 1),
(134, 18, 132, 0, 1, '2018-05-07 12:42:09', '2018-05-07 12:42:09', 1, 1),
(135, 18, 133, 0, 1, '2018-05-07 12:42:22', '2018-05-07 12:42:22', 1, 1),
(136, 18, 134, 0, 1, '2018-05-07 12:42:34', '2018-05-07 12:42:34', 1, 1),
(137, 18, 135, 0, 1, '2018-05-07 12:42:46', '2018-05-07 12:42:46', 1, 1),
(138, 22, 136, 0, 1, '2018-05-07 12:43:02', '2018-05-07 12:43:02', 1, 1),
(139, 22, 137, 0, 1, '2018-05-07 12:43:17', '2018-05-07 12:43:17', 1, 1),
(140, 22, 138, 0, 1, '2018-05-07 12:43:30', '2018-05-07 12:43:30', 1, 1),
(141, 32, 139, 0, 1, '2018-05-07 12:43:47', '2018-05-07 12:43:47', 1, 1),
(142, 32, 140, 0, 1, '2018-05-07 12:44:06', '2018-05-07 12:44:06', 1, 1),
(143, 32, 141, 0, 1, '2018-05-07 12:44:18', '2018-05-07 12:44:18', 1, 1),
(144, 32, 142, 0, 1, '2018-05-07 12:44:47', '2018-05-07 12:44:47', 1, 1),
(145, 32, 143, 0, 1, '2018-05-07 12:45:00', '2018-05-07 12:45:00', 1, 1),
(146, 32, 144, 0, 1, '2018-05-07 12:45:13', '2018-05-07 12:45:13', 1, 1),
(147, 1, 145, 0, 1, '2019-02-21 13:03:29', '2019-02-21 13:03:29', 1, 1),
(148, 1, 146, 0, 1, '2019-02-21 13:16:35', '2019-02-21 13:16:35', 1, 1),
(149, 1, 147, 0, 1, '2019-02-21 13:23:11', '2019-02-21 13:23:11', 1, 1);

-- --------------------------------------------------------

--
-- Table structure for table `cities_text`
--

CREATE TABLE `cities_text` (
  `CityTextID` int(11) NOT NULL,
  `CityID` int(11) NOT NULL,
  `Title` varchar(255) NOT NULL,
  `SystemLanguageID` int(11) NOT NULL,
  `CreatedAt` datetime NOT NULL,
  `UpdatedAt` datetime NOT NULL,
  `CreatedBy` int(11) NOT NULL,
  `UpdatedBy` int(11) NOT NULL
) ENGINE=InnoDB DEFAULT CHARSET=utf8;

--
-- Dumping data for table `cities_text`
--

INSERT INTO `cities_text` (`CityTextID`, `CityID`, `Title`, `SystemLanguageID`, `CreatedAt`, `UpdatedAt`, `CreatedBy`, `UpdatedBy`) VALUES
(1, 2, 'Lahore Cantt', 1, '2018-05-03 16:54:22', '2018-05-07 12:24:57', 1, 1),
(2, 3, 'Sadiqabad', 1, '2018-05-03 17:04:54', '2018-05-03 17:04:54', 1, 1),
(3, 4, 'Bahawalnagar', 1, '2018-05-07 11:47:18', '2018-05-07 11:47:18', 1, 1),
(4, 5, 'Chishtian', 1, '2018-05-07 11:47:35', '2018-05-07 11:47:35', 1, 1),
(5, 6, 'Fort Abbas', 1, '2018-05-07 11:47:54', '2018-05-07 11:47:54', 1, 1),
(6, 7, 'Haroonabad', 1, '2018-05-07 11:48:11', '2018-05-07 11:48:11', 1, 1),
(7, 8, 'Minchinabad', 1, '2018-05-07 11:48:33', '2018-05-07 11:48:33', 1, 1),
(8, 9, 'Ahmadpur East', 1, '2018-05-07 11:48:52', '2018-11-13 11:34:52', 1, 1),
(9, 10, 'Bahawalpur City', 1, '2018-05-07 11:49:07', '2018-05-07 11:49:07', 1, 1),
(10, 11, 'Bahawalpur Saddar', 1, '2018-05-07 11:49:20', '2018-05-07 11:49:20', 1, 1),
(11, 12, 'Hasilpur', 1, '2018-05-07 11:49:30', '2018-05-07 11:49:30', 1, 1),
(12, 13, 'Khairpur Tamewali', 1, '2018-05-07 11:49:44', '2018-05-07 11:49:44', 1, 1),
(13, 14, 'Yazman', 1, '2018-05-07 11:49:56', '2018-05-07 11:49:56', 1, 1),
(14, 15, 'Khanpur', 1, '2018-05-07 11:50:15', '2018-05-07 11:50:15', 1, 1),
(15, 16, 'Liaquatpur', 1, '2018-05-07 11:50:29', '2018-05-07 11:50:29', 1, 1),
(16, 17, 'Rahim Yar Khan', 1, '2018-05-07 11:50:41', '2018-05-07 11:50:41', 1, 1),
(17, 18, 'De-Excluded Area D.G. Khan', 1, '2018-05-07 11:51:00', '2018-05-07 11:51:00', 1, 1),
(18, 19, 'Dera Ghazi Khan', 1, '2018-05-07 11:51:24', '2018-05-07 11:51:24', 1, 1),
(19, 20, 'Kot Chutta', 1, '2018-05-07 11:51:36', '2018-05-07 11:51:36', 1, 1),
(20, 21, 'Taunsa', 1, '2018-05-07 11:51:46', '2018-05-07 11:51:46', 1, 1),
(21, 22, 'Chaubara', 1, '2018-05-07 11:52:02', '2018-05-07 11:52:02', 1, 1),
(22, 23, 'Karor Lal Esan', 1, '2018-05-07 11:52:17', '2018-05-07 11:52:17', 1, 1),
(23, 24, 'Layyah', 1, '2018-05-07 11:52:29', '2018-05-07 11:52:29', 1, 1),
(24, 25, 'Alipur', 1, '2018-05-07 11:52:44', '2018-05-07 11:52:44', 1, 1),
(25, 26, 'Jatoi', 1, '2018-05-07 11:52:56', '2018-05-07 11:52:56', 1, 1),
(26, 27, 'Kot Addu', 1, '2018-05-07 11:53:11', '2018-05-07 11:53:11', 1, 1),
(27, 28, 'Muzaffargarh', 1, '2018-05-07 11:53:23', '2018-05-07 11:53:23', 1, 1),
(28, 29, 'De-Excluded Area Rajanpur', 1, '2018-05-07 11:53:45', '2018-05-07 11:53:45', 1, 1),
(29, 30, 'Jampur', 1, '2018-05-07 11:53:57', '2018-05-07 11:53:57', 1, 1),
(30, 31, 'Rajanpur', 1, '2018-05-07 11:54:10', '2018-05-07 11:54:10', 1, 1),
(31, 32, 'Rojhan', 1, '2018-05-07 11:54:23', '2018-05-07 11:54:23', 1, 1),
(32, 33, 'Bhawana', 1, '2018-05-07 11:54:37', '2018-05-07 11:54:37', 1, 1),
(33, 34, 'Chiniot', 1, '2018-05-07 11:54:48', '2018-05-07 11:54:48', 1, 1),
(34, 35, 'Lalian', 1, '2018-05-07 11:55:03', '2018-05-07 11:55:03', 1, 1),
(35, 36, 'Chak Jhumra', 1, '2018-05-07 11:55:28', '2018-05-07 11:55:28', 1, 1),
(36, 37, 'Faisalabad City', 1, '2018-05-07 11:55:48', '2018-05-07 11:55:48', 1, 1),
(37, 38, 'Faisalabad Saddar', 1, '2018-05-07 11:56:00', '2018-05-07 12:46:44', 1, 1),
(38, 39, 'Jaranwala', 1, '2018-05-07 11:56:13', '2018-05-07 11:56:13', 1, 1),
(39, 40, 'Sammundri', 1, '2018-05-07 11:56:31', '2018-05-07 11:56:31', 1, 1),
(40, 41, 'Tandlian Wala', 1, '2018-05-07 11:56:53', '2018-05-07 11:56:53', 1, 1),
(41, 42, 'Project', 1, '2018-05-07 11:57:08', '2018-10-26 14:00:51', 1, 1),
(42, 43, 'Ahmadpur Sial', 1, '2018-05-07 11:57:21', '2018-05-07 11:57:21', 1, 1),
(43, 44, 'Jhang', 1, '2018-05-07 11:57:52', '2018-05-07 11:57:52', 1, 1),
(44, 45, 'Shorkot', 1, '2018-05-07 11:58:03', '2018-05-07 11:58:03', 1, 1),
(45, 46, 'Gojra', 1, '2018-05-07 11:58:33', '2018-05-07 11:58:33', 1, 1),
(46, 47, 'Kamalia', 1, '2018-05-07 11:59:03', '2018-05-07 11:59:03', 1, 1),
(47, 48, 'Pirmahal', 1, '2018-05-07 11:59:15', '2018-05-07 11:59:15', 1, 1),
(48, 49, 'Toba Tek Singh', 1, '2018-05-07 11:59:27', '2018-05-07 11:59:27', 1, 1),
(49, 50, 'Gujranwala City', 1, '2018-05-07 11:59:39', '2018-05-07 11:59:39', 1, 1),
(50, 51, 'Gujranwala Saddar', 1, '2018-05-07 11:59:54', '2018-05-07 11:59:54', 1, 1),
(51, 52, 'Kamoke', 1, '2018-05-07 12:00:06', '2018-05-07 12:00:06', 1, 1),
(52, 53, 'Nowshera Virkan', 1, '2018-05-07 12:00:26', '2018-05-07 12:00:26', 1, 1),
(53, 54, 'Wazirabad', 1, '2018-05-07 12:08:46', '2018-05-07 12:08:46', 1, 1),
(54, 55, 'Gujrat', 1, '2018-05-07 12:08:58', '2018-05-07 12:08:58', 1, 1),
(55, 56, 'Kharian', 1, '2018-05-07 12:09:09', '2018-05-07 12:09:09', 1, 1),
(56, 57, 'Sarai Alamgir', 1, '2018-05-07 12:09:23', '2018-05-07 12:09:23', 1, 1),
(57, 58, 'Hafizabad', 1, '2018-05-07 12:09:36', '2018-05-07 12:09:36', 1, 1),
(58, 59, 'Pindi Bhattian', 1, '2018-05-07 12:09:50', '2018-05-07 12:09:50', 1, 1),
(59, 60, 'Malakwal', 1, '2018-05-07 12:10:06', '2018-05-07 12:10:06', 1, 1),
(60, 61, 'Mandi Bahauddin', 1, '2018-05-07 12:10:19', '2018-05-07 12:10:19', 1, 1),
(61, 62, 'Phalia', 1, '2018-05-07 12:10:31', '2018-05-07 12:10:31', 1, 1),
(62, 63, 'Narowal', 1, '2018-05-07 12:20:12', '2018-05-07 12:20:12', 1, 1),
(63, 64, 'Shakargarh', 1, '2018-05-07 12:20:37', '2018-05-07 12:20:37', 1, 1),
(64, 65, 'Zafarwal', 1, '2018-05-07 12:20:52', '2018-05-07 12:20:52', 1, 1),
(65, 66, 'Daska', 1, '2018-05-07 12:21:10', '2018-05-07 12:21:10', 1, 1),
(66, 67, 'Pasrur', 1, '2018-05-07 12:21:51', '2018-05-07 12:21:51', 1, 1),
(67, 68, 'Sambrial', 1, '2018-05-07 12:22:07', '2018-05-07 12:22:07', 1, 1),
(68, 69, 'Sialkot', 1, '2018-05-07 12:22:19', '2018-05-07 12:22:19', 1, 1),
(69, 70, 'Chunian', 1, '2018-05-07 12:22:40', '2018-05-07 12:22:40', 1, 1),
(70, 71, 'Kasur', 1, '2018-05-07 12:22:52', '2018-05-07 12:22:52', 1, 1),
(71, 72, 'Kot Radha Kishan', 1, '2018-05-07 12:23:05', '2018-05-07 12:23:05', 1, 1),
(72, 73, 'Pattoki', 1, '2018-05-07 12:23:16', '2018-05-07 12:23:16', 1, 1),
(73, 74, 'Lahore City', 1, '2018-05-07 12:25:09', '2018-05-07 12:25:09', 1, 1),
(74, 75, 'Model Town', 1, '2018-05-07 12:25:24', '2018-05-07 12:25:24', 1, 1),
(75, 76, 'Raiwind', 1, '2018-05-07 12:25:34', '2018-05-07 12:25:34', 1, 1),
(76, 77, 'Shalimar', 1, '2018-05-07 12:25:50', '2018-05-07 12:25:50', 1, 1),
(77, 78, 'Nankana Sahib', 1, '2018-05-07 12:26:06', '2018-05-07 12:26:06', 1, 1),
(78, 79, 'Sangla Hill', 1, '2018-05-07 12:26:19', '2018-05-07 12:26:19', 1, 1),
(79, 80, 'Shah Kot', 1, '2018-05-07 12:26:34', '2018-05-07 12:26:34', 1, 1),
(80, 81, 'Firozewala', 1, '2018-05-07 12:26:48', '2018-05-07 12:26:48', 1, 1),
(81, 82, 'Muridke', 1, '2018-05-07 12:27:01', '2018-05-07 12:27:01', 1, 1),
(82, 83, 'Safdarabad', 1, '2018-05-07 12:27:58', '2018-05-07 12:27:58', 1, 1),
(83, 84, 'Sharak Pur', 1, '2018-05-07 12:28:10', '2018-05-07 12:28:10', 1, 1),
(84, 85, 'Sheikhupura', 1, '2018-05-07 12:28:21', '2018-05-07 12:28:21', 1, 1),
(85, 86, 'Jahanian', 1, '2018-05-07 12:28:33', '2018-05-07 12:28:33', 1, 1),
(86, 87, 'Kabirwala', 1, '2018-05-07 12:29:45', '2018-05-07 12:29:45', 1, 1),
(87, 88, 'Khanewal', 1, '2018-05-07 12:29:56', '2018-05-07 12:29:56', 1, 1),
(88, 89, 'Mian Channu', 1, '2018-05-07 12:30:08', '2018-05-07 12:30:08', 1, 1),
(89, 90, 'Dunyapur', 1, '2018-05-07 12:31:05', '2018-05-07 12:31:05', 1, 1),
(90, 91, 'Kahror Pacca', 1, '2018-05-07 12:31:21', '2018-05-07 12:31:21', 1, 1),
(91, 92, 'Lodhran', 1, '2018-05-07 12:31:37', '2018-05-07 12:31:37', 1, 1),
(92, 93, 'Jalalpur Pirwala', 1, '2018-05-07 12:31:53', '2018-05-07 12:31:53', 1, 1),
(93, 94, 'Multan City', 1, '2018-05-07 12:32:07', '2018-05-07 12:32:07', 1, 1),
(94, 95, 'Multan Saddar', 1, '2018-05-07 12:32:27', '2018-05-07 12:32:27', 1, 1),
(95, 96, 'Shujabad', 1, '2018-05-07 12:32:43', '2018-05-07 12:32:43', 1, 1),
(96, 97, 'Burewala', 1, '2018-05-07 12:33:11', '2018-05-07 12:33:11', 1, 1),
(97, 98, 'Mailsi', 1, '2018-05-07 12:33:26', '2018-05-07 12:33:26', 1, 1),
(98, 99, 'Vehari', 1, '2018-05-07 12:33:36', '2018-05-07 12:33:36', 1, 1),
(99, 100, 'Attock', 1, '2018-05-07 12:33:56', '2018-05-07 12:33:56', 1, 1),
(100, 101, 'Fateh Jang', 1, '2018-05-07 12:34:08', '2018-05-07 12:34:08', 1, 1),
(101, 102, 'HasanAbdal', 1, '2018-05-07 12:34:23', '2018-05-07 12:34:23', 1, 1),
(102, 103, 'Hazro', 1, '2018-05-07 12:34:34', '2018-05-07 12:34:34', 1, 1),
(103, 104, 'Jand', 1, '2018-05-07 12:34:49', '2018-05-07 12:34:49', 1, 1),
(104, 105, 'Pindi Gheb', 1, '2018-05-07 12:35:00', '2018-05-07 12:35:00', 1, 1),
(105, 106, 'Chakwal', 1, '2018-05-07 12:35:11', '2018-05-07 12:35:11', 1, 1),
(106, 107, 'Choa Saidan Shah', 1, '2018-05-07 12:35:23', '2018-05-07 12:35:23', 1, 1),
(107, 108, 'Kallar Kahar', 1, '2018-05-07 12:35:33', '2018-05-07 12:35:33', 1, 1),
(108, 109, 'Lawa', 1, '2018-05-07 12:35:46', '2018-05-07 12:35:46', 1, 1),
(109, 110, 'Talagang', 1, '2018-05-07 12:35:57', '2018-05-07 12:35:57', 1, 1),
(110, 111, 'Dina', 1, '2018-05-07 12:36:10', '2018-05-07 12:36:10', 1, 1),
(111, 112, 'Jhelum', 1, '2018-05-07 12:36:29', '2018-05-07 12:36:29', 1, 1),
(112, 113, 'Pind Dadan Khan', 1, '2018-05-07 12:37:08', '2018-05-07 12:37:08', 1, 1),
(113, 114, 'Sohawa', 1, '2018-05-07 12:37:19', '2018-05-07 12:37:19', 1, 1),
(114, 115, 'Potohar Town', 1, '2018-05-07 12:37:31', '2018-05-07 12:37:31', 1, 1),
(115, 116, 'Rawalpindi', 1, '2018-05-07 12:37:45', '2018-05-07 12:37:45', 1, 1),
(116, 117, 'Gujar Khan', 1, '2018-05-07 12:38:00', '2018-05-07 12:38:00', 1, 1),
(117, 118, 'Kahuta', 1, '2018-05-07 12:38:10', '2018-05-07 12:38:10', 1, 1),
(118, 119, 'Kallar Syedan', 1, '2018-05-07 12:38:27', '2018-05-07 12:38:27', 1, 1),
(119, 120, 'Kotli Sattian', 1, '2018-05-07 12:38:39', '2018-05-07 12:38:39', 1, 1),
(120, 121, 'Murree', 1, '2018-05-07 12:38:51', '2018-05-07 12:38:51', 1, 1),
(121, 122, 'Taxila', 1, '2018-05-07 12:39:04', '2018-05-07 12:39:04', 1, 1),
(122, 123, 'Depalpur', 1, '2018-05-07 12:39:16', '2018-05-07 12:39:16', 1, 1),
(123, 124, 'Okara', 1, '2018-05-07 12:39:27', '2018-05-07 12:39:27', 1, 1),
(124, 125, 'Renala Khurd', 1, '2018-05-07 12:39:39', '2018-05-07 12:39:39', 1, 1),
(125, 126, 'Arifwala', 1, '2018-05-07 12:39:53', '2018-05-07 12:39:53', 1, 1),
(126, 127, 'Pakpattan', 1, '2018-05-07 12:40:12', '2018-05-07 12:40:12', 1, 1),
(127, 128, 'Chichawatni', 1, '2018-05-07 12:40:27', '2018-05-07 12:40:27', 1, 1),
(128, 129, 'Sahiwal', 1, '2018-05-07 12:40:38', '2018-05-07 12:40:38', 1, 1),
(129, 130, 'Bhakkar', 1, '2018-05-07 12:40:54', '2018-05-07 12:40:54', 1, 1),
(130, 131, 'Darya Khan', 1, '2018-05-07 12:41:07', '2018-05-07 12:41:07', 1, 1),
(131, 132, 'Kalur Kot', 1, '2018-05-07 12:41:44', '2018-05-07 12:41:44', 1, 1),
(132, 133, 'Mankera', 1, '2018-05-07 12:41:55', '2018-05-07 12:41:55', 1, 1),
(133, 134, 'Khushab', 1, '2018-05-07 12:42:09', '2018-05-07 12:42:09', 1, 1),
(134, 135, 'Nurpur Thal', 1, '2018-05-07 12:42:22', '2018-05-07 12:42:22', 1, 1),
(135, 136, 'Quaidabad', 1, '2018-05-07 12:42:34', '2018-05-07 12:42:34', 1, 1),
(136, 137, 'Soon Valley', 1, '2018-05-07 12:42:46', '2018-05-07 12:42:46', 1, 1),
(137, 138, 'Isa Khel', 1, '2018-05-07 12:43:02', '2018-05-07 12:43:02', 1, 1),
(138, 139, 'Mianwali', 1, '2018-05-07 12:43:17', '2018-05-07 12:43:17', 1, 1),
(139, 140, 'Piplan', 1, '2018-05-07 12:43:31', '2018-05-07 12:43:31', 1, 1),
(140, 141, 'Bhalwal', 1, '2018-05-07 12:43:47', '2018-05-07 12:43:47', 1, 1),
(141, 142, 'Bhera', 1, '2018-05-07 12:44:06', '2018-05-07 12:44:06', 1, 1),
(142, 143, 'Kot Momin', 1, '2018-05-07 12:44:18', '2018-05-07 12:44:18', 1, 1),
(143, 144, 'Sargodha', 1, '2018-05-07 12:44:47', '2018-05-07 12:44:47', 1, 1),
(144, 145, 'Shahpur', 1, '2018-05-07 12:45:00', '2018-05-07 12:45:00', 1, 1),
(145, 146, 'Sillanwali', 1, '2018-05-07 12:45:13', '2018-05-07 12:45:13', 1, 1),
(146, 42, '18-Hazari', 2, '2018-07-02 14:47:49', '2018-07-02 14:47:49', 1, 1),
(147, 147, 'MultilLanguage Test', 1, '2019-02-21 13:03:29', '2019-02-21 13:03:29', 1, 1),
(148, 147, '', 2, '2019-02-21 13:03:29', '2019-02-21 13:03:29', 1, 1),
(150, 148, 'again multi test', 1, '2019-02-21 13:16:35', '2019-02-21 13:16:35', 1, 1),
(151, 148, 'test', 2, '2019-02-21 13:18:04', '2019-02-21 13:18:04', 1, 1),
(152, 149, 'new multilangu', 1, '2019-02-21 13:23:11', '2019-02-21 13:23:11', 1, 1),
(153, 149, '', 2, '2019-02-21 13:23:11', '2019-02-21 13:23:11', 1, 1),
(154, 149, '', 3, '2019-02-21 13:23:11', '2019-02-21 13:23:11', 1, 1),
(155, 2, '', 2, '2019-02-25 12:50:52', '2019-02-25 12:50:52', 1, 1),
(156, 3, '', 2, '2019-02-25 12:50:52', '2019-02-25 12:50:52', 1, 1),
(157, 4, '', 2, '2019-02-25 12:50:52', '2019-02-25 12:50:52', 1, 1),
(158, 5, '', 2, '2019-02-25 12:50:52', '2019-02-25 12:50:52', 1, 1),
(159, 6, '', 2, '2019-02-25 12:50:52', '2019-02-25 12:50:52', 1, 1),
(160, 7, '', 2, '2019-02-25 12:50:52', '2019-02-25 12:50:52', 1, 1),
(161, 8, '', 2, '2019-02-25 12:50:52', '2019-02-25 12:50:52', 1, 1),
(162, 9, '', 2, '2019-02-25 12:50:52', '2019-02-25 12:50:52', 1, 1),
(163, 10, '', 2, '2019-02-25 12:50:52', '2019-02-25 12:50:52', 1, 1),
(164, 11, '', 2, '2019-02-25 12:50:52', '2019-02-25 12:50:52', 1, 1),
(165, 12, '', 2, '2019-02-25 12:50:52', '2019-02-25 12:50:52', 1, 1),
(166, 13, '', 2, '2019-02-25 12:50:52', '2019-02-25 12:50:52', 1, 1),
(167, 14, '', 2, '2019-02-25 12:50:52', '2019-02-25 12:50:52', 1, 1),
(168, 15, '', 2, '2019-02-25 12:50:52', '2019-02-25 12:50:52', 1, 1),
(169, 16, '', 2, '2019-02-25 12:50:52', '2019-02-25 12:50:52', 1, 1),
(170, 17, '', 2, '2019-02-25 12:50:52', '2019-02-25 12:50:52', 1, 1),
(171, 18, '', 2, '2019-02-25 12:50:52', '2019-02-25 12:50:52', 1, 1),
(172, 19, '', 2, '2019-02-25 12:50:52', '2019-02-25 12:50:52', 1, 1),
(173, 20, '', 2, '2019-02-25 12:50:52', '2019-02-25 12:50:52', 1, 1),
(174, 21, '', 2, '2019-02-25 12:50:52', '2019-02-25 12:50:52', 1, 1),
(175, 22, '', 2, '2019-02-25 12:50:52', '2019-02-25 12:50:52', 1, 1),
(176, 23, '', 2, '2019-02-25 12:50:52', '2019-02-25 12:50:52', 1, 1),
(177, 24, '', 2, '2019-02-25 12:50:52', '2019-02-25 12:50:52', 1, 1),
(178, 25, '', 2, '2019-02-25 12:50:52', '2019-02-25 12:50:52', 1, 1),
(179, 26, '', 2, '2019-02-25 12:50:52', '2019-02-25 12:50:52', 1, 1),
(180, 27, '', 2, '2019-02-25 12:50:52', '2019-02-25 12:50:52', 1, 1),
(181, 28, '', 2, '2019-02-25 12:50:52', '2019-02-25 12:50:52', 1, 1),
(182, 29, '', 2, '2019-02-25 12:50:53', '2019-02-25 12:50:53', 1, 1),
(183, 30, '', 2, '2019-02-25 12:50:53', '2019-02-25 12:50:53', 1, 1),
(184, 31, '', 2, '2019-02-25 12:50:53', '2019-02-25 12:50:53', 1, 1),
(185, 32, '', 2, '2019-02-25 12:50:53', '2019-02-25 12:50:53', 1, 1),
(186, 33, '', 2, '2019-02-25 12:50:53', '2019-02-25 12:50:53', 1, 1),
(187, 34, '', 2, '2019-02-25 12:50:53', '2019-02-25 12:50:53', 1, 1),
(188, 35, '', 2, '2019-02-25 12:50:53', '2019-02-25 12:50:53', 1, 1),
(189, 36, '', 2, '2019-02-25 12:50:53', '2019-02-25 12:50:53', 1, 1),
(190, 37, '', 2, '2019-02-25 12:50:53', '2019-02-25 12:50:53', 1, 1),
(191, 38, '', 2, '2019-02-25 12:50:53', '2019-02-25 12:50:53', 1, 1),
(192, 39, '', 2, '2019-02-25 12:50:53', '2019-02-25 12:50:53', 1, 1),
(193, 40, '', 2, '2019-02-25 12:50:53', '2019-02-25 12:50:53', 1, 1),
(194, 41, '', 2, '2019-02-25 12:50:53', '2019-02-25 12:50:53', 1, 1),
(195, 43, '', 2, '2019-02-25 12:50:53', '2019-02-25 12:50:53', 1, 1),
(196, 44, '', 2, '2019-02-25 12:50:53', '2019-02-25 12:50:53', 1, 1),
(197, 45, '', 2, '2019-02-25 12:50:53', '2019-02-25 12:50:53', 1, 1),
(198, 46, '', 2, '2019-02-25 12:50:53', '2019-02-25 12:50:53', 1, 1),
(199, 47, '', 2, '2019-02-25 12:50:53', '2019-02-25 12:50:53', 1, 1),
(200, 48, '', 2, '2019-02-25 12:50:53', '2019-02-25 12:50:53', 1, 1),
(201, 49, '', 2, '2019-02-25 12:50:53', '2019-02-25 12:50:53', 1, 1),
(202, 50, '', 2, '2019-02-25 12:50:53', '2019-02-25 12:50:53', 1, 1),
(203, 51, '', 2, '2019-02-25 12:50:53', '2019-02-25 12:50:53', 1, 1),
(204, 52, '', 2, '2019-02-25 12:50:53', '2019-02-25 12:50:53', 1, 1),
(205, 53, '', 2, '2019-02-25 12:50:53', '2019-02-25 12:50:53', 1, 1),
(206, 54, '', 2, '2019-02-25 12:50:53', '2019-02-25 12:50:53', 1, 1),
(207, 55, '', 2, '2019-02-25 12:50:53', '2019-02-25 12:50:53', 1, 1),
(208, 56, '', 2, '2019-02-25 12:50:53', '2019-02-25 12:50:53', 1, 1),
(209, 57, '', 2, '2019-02-25 12:50:53', '2019-02-25 12:50:53', 1, 1),
(210, 58, '', 2, '2019-02-25 12:50:53', '2019-02-25 12:50:53', 1, 1),
(211, 59, '', 2, '2019-02-25 12:50:53', '2019-02-25 12:50:53', 1, 1),
(212, 60, '', 2, '2019-02-25 12:50:53', '2019-02-25 12:50:53', 1, 1),
(213, 61, '', 2, '2019-02-25 12:50:53', '2019-02-25 12:50:53', 1, 1),
(214, 62, '', 2, '2019-02-25 12:50:53', '2019-02-25 12:50:53', 1, 1),
(215, 63, '', 2, '2019-02-25 12:50:53', '2019-02-25 12:50:53', 1, 1),
(216, 64, '', 2, '2019-02-25 12:50:53', '2019-02-25 12:50:53', 1, 1),
(217, 65, '', 2, '2019-02-25 12:50:53', '2019-02-25 12:50:53', 1, 1),
(218, 66, '', 2, '2019-02-25 12:50:53', '2019-02-25 12:50:53', 1, 1),
(219, 67, '', 2, '2019-02-25 12:50:53', '2019-02-25 12:50:53', 1, 1),
(220, 68, '', 2, '2019-02-25 12:50:53', '2019-02-25 12:50:53', 1, 1),
(221, 69, '', 2, '2019-02-25 12:50:53', '2019-02-25 12:50:53', 1, 1),
(222, 70, '', 2, '2019-02-25 12:50:53', '2019-02-25 12:50:53', 1, 1),
(223, 71, '', 2, '2019-02-25 12:50:53', '2019-02-25 12:50:53', 1, 1),
(224, 72, '', 2, '2019-02-25 12:50:53', '2019-02-25 12:50:53', 1, 1),
(225, 73, '', 2, '2019-02-25 12:50:53', '2019-02-25 12:50:53', 1, 1),
(226, 74, '', 2, '2019-02-25 12:50:53', '2019-02-25 12:50:53', 1, 1),
(227, 75, '', 2, '2019-02-25 12:50:53', '2019-02-25 12:50:53', 1, 1),
(228, 76, '', 2, '2019-02-25 12:50:53', '2019-02-25 12:50:53', 1, 1),
(229, 77, '', 2, '2019-02-25 12:50:53', '2019-02-25 12:50:53', 1, 1),
(230, 78, '', 2, '2019-02-25 12:50:53', '2019-02-25 12:50:53', 1, 1),
(231, 79, '', 2, '2019-02-25 12:50:53', '2019-02-25 12:50:53', 1, 1),
(232, 80, '', 2, '2019-02-25 12:50:53', '2019-02-25 12:50:53', 1, 1),
(233, 81, '', 2, '2019-02-25 12:50:53', '2019-02-25 12:50:53', 1, 1),
(234, 82, '', 2, '2019-02-25 12:50:53', '2019-02-25 12:50:53', 1, 1),
(235, 83, '', 2, '2019-02-25 12:50:53', '2019-02-25 12:50:53', 1, 1),
(236, 84, '', 2, '2019-02-25 12:50:53', '2019-02-25 12:50:53', 1, 1),
(237, 85, '', 2, '2019-02-25 12:50:53', '2019-02-25 12:50:53', 1, 1),
(238, 86, '', 2, '2019-02-25 12:50:53', '2019-02-25 12:50:53', 1, 1),
(239, 87, '', 2, '2019-02-25 12:50:53', '2019-02-25 12:50:53', 1, 1),
(240, 88, '', 2, '2019-02-25 12:50:53', '2019-02-25 12:50:53', 1, 1),
(241, 89, '', 2, '2019-02-25 12:50:53', '2019-02-25 12:50:53', 1, 1),
(242, 90, '', 2, '2019-02-25 12:50:53', '2019-02-25 12:50:53', 1, 1),
(243, 91, '', 2, '2019-02-25 12:50:53', '2019-02-25 12:50:53', 1, 1),
(244, 92, '', 2, '2019-02-25 12:50:53', '2019-02-25 12:50:53', 1, 1),
(245, 93, '', 2, '2019-02-25 12:50:53', '2019-02-25 12:50:53', 1, 1),
(246, 94, '', 2, '2019-02-25 12:50:53', '2019-02-25 12:50:53', 1, 1),
(247, 95, '', 2, '2019-02-25 12:50:53', '2019-02-25 12:50:53', 1, 1),
(248, 96, '', 2, '2019-02-25 12:50:53', '2019-02-25 12:50:53', 1, 1),
(249, 97, '', 2, '2019-02-25 12:50:53', '2019-02-25 12:50:53', 1, 1),
(250, 98, '', 2, '2019-02-25 12:50:53', '2019-02-25 12:50:53', 1, 1),
(251, 99, '', 2, '2019-02-25 12:50:53', '2019-02-25 12:50:53', 1, 1),
(252, 100, '', 2, '2019-02-25 12:50:54', '2019-02-25 12:50:54', 1, 1),
(253, 101, '', 2, '2019-02-25 12:50:54', '2019-02-25 12:50:54', 1, 1),
(254, 102, '', 2, '2019-02-25 12:50:54', '2019-02-25 12:50:54', 1, 1),
(255, 103, '', 2, '2019-02-25 12:50:54', '2019-02-25 12:50:54', 1, 1),
(256, 104, '', 2, '2019-02-25 12:50:54', '2019-02-25 12:50:54', 1, 1),
(257, 105, '', 2, '2019-02-25 12:50:54', '2019-02-25 12:50:54', 1, 1),
(258, 106, '', 2, '2019-02-25 12:50:54', '2019-02-25 12:50:54', 1, 1),
(259, 107, '', 2, '2019-02-25 12:50:54', '2019-02-25 12:50:54', 1, 1),
(260, 108, '', 2, '2019-02-25 12:50:54', '2019-02-25 12:50:54', 1, 1),
(261, 109, '', 2, '2019-02-25 12:50:54', '2019-02-25 12:50:54', 1, 1),
(262, 110, '', 2, '2019-02-25 12:50:54', '2019-02-25 12:50:54', 1, 1),
(263, 111, '', 2, '2019-02-25 12:50:54', '2019-02-25 12:50:54', 1, 1),
(264, 112, '', 2, '2019-02-25 12:50:54', '2019-02-25 12:50:54', 1, 1),
(265, 113, '', 2, '2019-02-25 12:50:54', '2019-02-25 12:50:54', 1, 1),
(266, 114, '', 2, '2019-02-25 12:50:54', '2019-02-25 12:50:54', 1, 1),
(267, 115, '', 2, '2019-02-25 12:50:54', '2019-02-25 12:50:54', 1, 1),
(268, 116, '', 2, '2019-02-25 12:50:54', '2019-02-25 12:50:54', 1, 1),
(269, 117, '', 2, '2019-02-25 12:50:54', '2019-02-25 12:50:54', 1, 1),
(270, 118, '', 2, '2019-02-25 12:50:54', '2019-02-25 12:50:54', 1, 1),
(271, 119, '', 2, '2019-02-25 12:50:54', '2019-02-25 12:50:54', 1, 1),
(272, 120, '', 2, '2019-02-25 12:50:54', '2019-02-25 12:50:54', 1, 1),
(273, 121, '', 2, '2019-02-25 12:50:54', '2019-02-25 12:50:54', 1, 1),
(274, 122, '', 2, '2019-02-25 12:50:54', '2019-02-25 12:50:54', 1, 1),
(275, 123, '', 2, '2019-02-25 12:50:54', '2019-02-25 12:50:54', 1, 1),
(276, 124, '', 2, '2019-02-25 12:50:54', '2019-02-25 12:50:54', 1, 1),
(277, 125, '', 2, '2019-02-25 12:50:54', '2019-02-25 12:50:54', 1, 1),
(278, 126, '', 2, '2019-02-25 12:50:54', '2019-02-25 12:50:54', 1, 1),
(279, 127, '', 2, '2019-02-25 12:50:54', '2019-02-25 12:50:54', 1, 1),
(280, 128, '', 2, '2019-02-25 12:50:54', '2019-02-25 12:50:54', 1, 1),
(281, 129, '', 2, '2019-02-25 12:50:54', '2019-02-25 12:50:54', 1, 1),
(282, 130, '', 2, '2019-02-25 12:50:54', '2019-02-25 12:50:54', 1, 1),
(283, 131, '', 2, '2019-02-25 12:50:54', '2019-02-25 12:50:54', 1, 1),
(284, 132, '', 2, '2019-02-25 12:50:54', '2019-02-25 12:50:54', 1, 1),
(285, 133, '', 2, '2019-02-25 12:50:54', '2019-02-25 12:50:54', 1, 1),
(286, 134, '', 2, '2019-02-25 12:50:54', '2019-02-25 12:50:54', 1, 1),
(287, 135, '', 2, '2019-02-25 12:50:54', '2019-02-25 12:50:54', 1, 1),
(288, 136, '', 2, '2019-02-25 12:50:54', '2019-02-25 12:50:54', 1, 1),
(289, 137, '', 2, '2019-02-25 12:50:54', '2019-02-25 12:50:54', 1, 1),
(290, 138, '', 2, '2019-02-25 12:50:54', '2019-02-25 12:50:54', 1, 1),
(291, 139, '', 2, '2019-02-25 12:50:54', '2019-02-25 12:50:54', 1, 1),
(292, 140, '', 2, '2019-02-25 12:50:54', '2019-02-25 12:50:54', 1, 1),
(293, 141, '', 2, '2019-02-25 12:50:54', '2019-02-25 12:50:54', 1, 1),
(294, 142, '', 2, '2019-02-25 12:50:54', '2019-02-25 12:50:54', 1, 1),
(295, 143, '', 2, '2019-02-25 12:50:54', '2019-02-25 12:50:54', 1, 1),
(296, 144, '', 2, '2019-02-25 12:50:54', '2019-02-25 12:50:54', 1, 1),
(297, 145, '', 2, '2019-02-25 12:50:54', '2019-02-25 12:50:54', 1, 1),
(298, 146, '', 2, '2019-02-25 12:50:54', '2019-02-25 12:50:54', 1, 1),
(299, 2, '', 3, '2019-02-25 12:50:54', '2019-02-25 12:50:54', 1, 1),
(300, 3, '', 3, '2019-02-25 12:50:54', '2019-02-25 12:50:54', 1, 1),
(301, 4, '', 3, '2019-02-25 12:50:54', '2019-02-25 12:50:54', 1, 1),
(302, 5, '', 3, '2019-02-25 12:50:54', '2019-02-25 12:50:54', 1, 1),
(303, 6, '', 3, '2019-02-25 12:50:54', '2019-02-25 12:50:54', 1, 1),
(304, 7, '', 3, '2019-02-25 12:50:54', '2019-02-25 12:50:54', 1, 1),
(305, 8, '', 3, '2019-02-25 12:50:54', '2019-02-25 12:50:54', 1, 1),
(306, 9, '', 3, '2019-02-25 12:50:54', '2019-02-25 12:50:54', 1, 1),
(307, 10, '', 3, '2019-02-25 12:50:54', '2019-02-25 12:50:54', 1, 1),
(308, 11, '', 3, '2019-02-25 12:50:54', '2019-02-25 12:50:54', 1, 1),
(309, 12, '', 3, '2019-02-25 12:50:54', '2019-02-25 12:50:54', 1, 1),
(310, 13, '', 3, '2019-02-25 12:50:54', '2019-02-25 12:50:54', 1, 1),
(311, 14, '', 3, '2019-02-25 12:50:54', '2019-02-25 12:50:54', 1, 1),
(312, 15, '', 3, '2019-02-25 12:50:54', '2019-02-25 12:50:54', 1, 1),
(313, 16, '', 3, '2019-02-25 12:50:54', '2019-02-25 12:50:54', 1, 1),
(314, 17, '', 3, '2019-02-25 12:50:54', '2019-02-25 12:50:54', 1, 1),
(315, 18, '', 3, '2019-02-25 12:50:54', '2019-02-25 12:50:54', 1, 1),
(316, 19, '', 3, '2019-02-25 12:50:54', '2019-02-25 12:50:54', 1, 1),
(317, 20, '', 3, '2019-02-25 12:50:54', '2019-02-25 12:50:54', 1, 1),
(318, 21, '', 3, '2019-02-25 12:50:54', '2019-02-25 12:50:54', 1, 1),
(319, 22, '', 3, '2019-02-25 12:50:54', '2019-02-25 12:50:54', 1, 1),
(320, 23, '', 3, '2019-02-25 12:50:54', '2019-02-25 12:50:54', 1, 1),
(321, 24, '', 3, '2019-02-25 12:50:54', '2019-02-25 12:50:54', 1, 1),
(322, 25, '', 3, '2019-02-25 12:50:54', '2019-02-25 12:50:54', 1, 1),
(323, 26, '', 3, '2019-02-25 12:50:54', '2019-02-25 12:50:54', 1, 1),
(324, 27, '', 3, '2019-02-25 12:50:55', '2019-02-25 12:50:55', 1, 1),
(325, 28, '', 3, '2019-02-25 12:50:55', '2019-02-25 12:50:55', 1, 1),
(326, 29, '', 3, '2019-02-25 12:50:55', '2019-02-25 12:50:55', 1, 1),
(327, 30, '', 3, '2019-02-25 12:50:55', '2019-02-25 12:50:55', 1, 1),
(328, 31, '', 3, '2019-02-25 12:50:55', '2019-02-25 12:50:55', 1, 1),
(329, 32, '', 3, '2019-02-25 12:50:55', '2019-02-25 12:50:55', 1, 1),
(330, 33, '', 3, '2019-02-25 12:50:55', '2019-02-25 12:50:55', 1, 1),
(331, 34, '', 3, '2019-02-25 12:50:55', '2019-02-25 12:50:55', 1, 1),
(332, 35, '', 3, '2019-02-25 12:50:55', '2019-02-25 12:50:55', 1, 1),
(333, 36, '', 3, '2019-02-25 12:50:55', '2019-02-25 12:50:55', 1, 1),
(334, 37, '', 3, '2019-02-25 12:50:55', '2019-02-25 12:50:55', 1, 1),
(335, 38, '', 3, '2019-02-25 12:50:55', '2019-02-25 12:50:55', 1, 1),
(336, 39, '', 3, '2019-02-25 12:50:55', '2019-02-25 12:50:55', 1, 1),
(337, 40, '', 3, '2019-02-25 12:50:55', '2019-02-25 12:50:55', 1, 1),
(338, 41, '', 3, '2019-02-25 12:50:55', '2019-02-25 12:50:55', 1, 1),
(339, 42, '', 3, '2019-02-25 12:50:55', '2019-02-25 12:50:55', 1, 1),
(340, 43, '', 3, '2019-02-25 12:50:55', '2019-02-25 12:50:55', 1, 1),
(341, 44, '', 3, '2019-02-25 12:50:55', '2019-02-25 12:50:55', 1, 1),
(342, 45, '', 3, '2019-02-25 12:50:55', '2019-02-25 12:50:55', 1, 1),
(343, 46, '', 3, '2019-02-25 12:50:55', '2019-02-25 12:50:55', 1, 1),
(344, 47, '', 3, '2019-02-25 12:50:55', '2019-02-25 12:50:55', 1, 1),
(345, 48, '', 3, '2019-02-25 12:50:55', '2019-02-25 12:50:55', 1, 1),
(346, 49, '', 3, '2019-02-25 12:50:55', '2019-02-25 12:50:55', 1, 1),
(347, 50, '', 3, '2019-02-25 12:50:55', '2019-02-25 12:50:55', 1, 1),
(348, 51, '', 3, '2019-02-25 12:50:55', '2019-02-25 12:50:55', 1, 1),
(349, 52, '', 3, '2019-02-25 12:50:55', '2019-02-25 12:50:55', 1, 1),
(350, 53, '', 3, '2019-02-25 12:50:55', '2019-02-25 12:50:55', 1, 1),
(351, 54, '', 3, '2019-02-25 12:50:55', '2019-02-25 12:50:55', 1, 1),
(352, 55, '', 3, '2019-02-25 12:50:55', '2019-02-25 12:50:55', 1, 1),
(353, 56, '', 3, '2019-02-25 12:50:55', '2019-02-25 12:50:55', 1, 1),
(354, 57, '', 3, '2019-02-25 12:50:55', '2019-02-25 12:50:55', 1, 1),
(355, 58, '', 3, '2019-02-25 12:50:55', '2019-02-25 12:50:55', 1, 1),
(356, 59, '', 3, '2019-02-25 12:50:55', '2019-02-25 12:50:55', 1, 1),
(357, 60, '', 3, '2019-02-25 12:50:55', '2019-02-25 12:50:55', 1, 1),
(358, 61, '', 3, '2019-02-25 12:50:55', '2019-02-25 12:50:55', 1, 1),
(359, 62, '', 3, '2019-02-25 12:50:55', '2019-02-25 12:50:55', 1, 1),
(360, 63, '', 3, '2019-02-25 12:50:55', '2019-02-25 12:50:55', 1, 1),
(361, 64, '', 3, '2019-02-25 12:50:55', '2019-02-25 12:50:55', 1, 1),
(362, 65, '', 3, '2019-02-25 12:50:55', '2019-02-25 12:50:55', 1, 1),
(363, 66, '', 3, '2019-02-25 12:50:55', '2019-02-25 12:50:55', 1, 1),
(364, 67, '', 3, '2019-02-25 12:50:55', '2019-02-25 12:50:55', 1, 1),
(365, 68, '', 3, '2019-02-25 12:50:55', '2019-02-25 12:50:55', 1, 1),
(366, 69, '', 3, '2019-02-25 12:50:55', '2019-02-25 12:50:55', 1, 1),
(367, 70, '', 3, '2019-02-25 12:50:55', '2019-02-25 12:50:55', 1, 1),
(368, 71, '', 3, '2019-02-25 12:50:55', '2019-02-25 12:50:55', 1, 1),
(369, 72, '', 3, '2019-02-25 12:50:55', '2019-02-25 12:50:55', 1, 1),
(370, 73, '', 3, '2019-02-25 12:50:55', '2019-02-25 12:50:55', 1, 1),
(371, 74, '', 3, '2019-02-25 12:50:55', '2019-02-25 12:50:55', 1, 1),
(372, 75, '', 3, '2019-02-25 12:50:55', '2019-02-25 12:50:55', 1, 1),
(373, 76, '', 3, '2019-02-25 12:50:55', '2019-02-25 12:50:55', 1, 1),
(374, 77, '', 3, '2019-02-25 12:50:55', '2019-02-25 12:50:55', 1, 1),
(375, 78, '', 3, '2019-02-25 12:50:55', '2019-02-25 12:50:55', 1, 1),
(376, 79, '', 3, '2019-02-25 12:50:55', '2019-02-25 12:50:55', 1, 1),
(377, 80, '', 3, '2019-02-25 12:50:55', '2019-02-25 12:50:55', 1, 1),
(378, 81, '', 3, '2019-02-25 12:50:55', '2019-02-25 12:50:55', 1, 1),
(379, 82, '', 3, '2019-02-25 12:50:55', '2019-02-25 12:50:55', 1, 1),
(380, 83, '', 3, '2019-02-25 12:50:55', '2019-02-25 12:50:55', 1, 1),
(381, 84, '', 3, '2019-02-25 12:50:55', '2019-02-25 12:50:55', 1, 1),
(382, 85, '', 3, '2019-02-25 12:50:55', '2019-02-25 12:50:55', 1, 1),
(383, 86, '', 3, '2019-02-25 12:50:55', '2019-02-25 12:50:55', 1, 1),
(384, 87, '', 3, '2019-02-25 12:50:55', '2019-02-25 12:50:55', 1, 1),
(385, 88, '', 3, '2019-02-25 12:50:55', '2019-02-25 12:50:55', 1, 1),
(386, 89, '', 3, '2019-02-25 12:50:55', '2019-02-25 12:50:55', 1, 1),
(387, 90, '', 3, '2019-02-25 12:50:55', '2019-02-25 12:50:55', 1, 1),
(388, 91, '', 3, '2019-02-25 12:50:55', '2019-02-25 12:50:55', 1, 1),
(389, 92, '', 3, '2019-02-25 12:50:55', '2019-02-25 12:50:55', 1, 1),
(390, 93, '', 3, '2019-02-25 12:50:55', '2019-02-25 12:50:55', 1, 1),
(391, 94, '', 3, '2019-02-25 12:50:56', '2019-02-25 12:50:56', 1, 1),
(392, 95, '', 3, '2019-02-25 12:50:56', '2019-02-25 12:50:56', 1, 1),
(393, 96, '', 3, '2019-02-25 12:50:56', '2019-02-25 12:50:56', 1, 1),
(394, 97, '', 3, '2019-02-25 12:50:56', '2019-02-25 12:50:56', 1, 1),
(395, 98, '', 3, '2019-02-25 12:50:56', '2019-02-25 12:50:56', 1, 1),
(396, 99, '', 3, '2019-02-25 12:50:56', '2019-02-25 12:50:56', 1, 1),
(397, 100, '', 3, '2019-02-25 12:50:56', '2019-02-25 12:50:56', 1, 1),
(398, 101, '', 3, '2019-02-25 12:50:56', '2019-02-25 12:50:56', 1, 1),
(399, 102, '', 3, '2019-02-25 12:50:56', '2019-02-25 12:50:56', 1, 1),
(400, 103, '', 3, '2019-02-25 12:50:56', '2019-02-25 12:50:56', 1, 1),
(401, 104, '', 3, '2019-02-25 12:50:56', '2019-02-25 12:50:56', 1, 1),
(402, 105, '', 3, '2019-02-25 12:50:56', '2019-02-25 12:50:56', 1, 1),
(403, 106, '', 3, '2019-02-25 12:50:56', '2019-02-25 12:50:56', 1, 1),
(404, 107, '', 3, '2019-02-25 12:50:56', '2019-02-25 12:50:56', 1, 1),
(405, 108, '', 3, '2019-02-25 12:50:56', '2019-02-25 12:50:56', 1, 1),
(406, 109, '', 3, '2019-02-25 12:50:56', '2019-02-25 12:50:56', 1, 1),
(407, 110, '', 3, '2019-02-25 12:50:56', '2019-02-25 12:50:56', 1, 1),
(408, 111, '', 3, '2019-02-25 12:50:56', '2019-02-25 12:50:56', 1, 1),
(409, 112, '', 3, '2019-02-25 12:50:56', '2019-02-25 12:50:56', 1, 1),
(410, 113, '', 3, '2019-02-25 12:50:56', '2019-02-25 12:50:56', 1, 1),
(411, 114, '', 3, '2019-02-25 12:50:56', '2019-02-25 12:50:56', 1, 1),
(412, 115, '', 3, '2019-02-25 12:50:56', '2019-02-25 12:50:56', 1, 1),
(413, 116, '', 3, '2019-02-25 12:50:56', '2019-02-25 12:50:56', 1, 1),
(414, 117, '', 3, '2019-02-25 12:50:56', '2019-02-25 12:50:56', 1, 1),
(415, 118, '', 3, '2019-02-25 12:50:56', '2019-02-25 12:50:56', 1, 1),
(416, 119, '', 3, '2019-02-25 12:50:56', '2019-02-25 12:50:56', 1, 1),
(417, 120, '', 3, '2019-02-25 12:50:56', '2019-02-25 12:50:56', 1, 1),
(418, 121, '', 3, '2019-02-25 12:50:56', '2019-02-25 12:50:56', 1, 1),
(419, 122, '', 3, '2019-02-25 12:50:56', '2019-02-25 12:50:56', 1, 1),
(420, 123, '', 3, '2019-02-25 12:50:56', '2019-02-25 12:50:56', 1, 1),
(421, 124, '', 3, '2019-02-25 12:50:56', '2019-02-25 12:50:56', 1, 1),
(422, 125, '', 3, '2019-02-25 12:50:56', '2019-02-25 12:50:56', 1, 1),
(423, 126, '', 3, '2019-02-25 12:50:56', '2019-02-25 12:50:56', 1, 1),
(424, 127, '', 3, '2019-02-25 12:50:56', '2019-02-25 12:50:56', 1, 1),
(425, 128, '', 3, '2019-02-25 12:50:56', '2019-02-25 12:50:56', 1, 1),
(426, 129, '', 3, '2019-02-25 12:50:56', '2019-02-25 12:50:56', 1, 1),
(427, 130, '', 3, '2019-02-25 12:50:56', '2019-02-25 12:50:56', 1, 1),
(428, 131, '', 3, '2019-02-25 12:50:56', '2019-02-25 12:50:56', 1, 1),
(429, 132, '', 3, '2019-02-25 12:50:56', '2019-02-25 12:50:56', 1, 1),
(430, 133, '', 3, '2019-02-25 12:50:56', '2019-02-25 12:50:56', 1, 1),
(431, 134, '', 3, '2019-02-25 12:50:56', '2019-02-25 12:50:56', 1, 1),
(432, 135, '', 3, '2019-02-25 12:50:56', '2019-02-25 12:50:56', 1, 1),
(433, 136, '', 3, '2019-02-25 12:50:56', '2019-02-25 12:50:56', 1, 1),
(434, 137, '', 3, '2019-02-25 12:50:56', '2019-02-25 12:50:56', 1, 1),
(435, 138, '', 3, '2019-02-25 12:50:56', '2019-02-25 12:50:56', 1, 1),
(436, 139, '', 3, '2019-02-25 12:50:56', '2019-02-25 12:50:56', 1, 1),
(437, 140, '', 3, '2019-02-25 12:50:56', '2019-02-25 12:50:56', 1, 1),
(438, 141, '', 3, '2019-02-25 12:50:56', '2019-02-25 12:50:56', 1, 1),
(439, 142, '', 3, '2019-02-25 12:50:56', '2019-02-25 12:50:56', 1, 1),
(440, 143, '', 3, '2019-02-25 12:50:56', '2019-02-25 12:50:56', 1, 1),
(441, 144, '', 3, '2019-02-25 12:50:56', '2019-02-25 12:50:56', 1, 1),
(442, 145, '', 3, '2019-02-25 12:50:56', '2019-02-25 12:50:56', 1, 1),
(443, 146, '', 3, '2019-02-25 12:50:56', '2019-02-25 12:50:56', 1, 1),
(444, 147, '', 3, '2019-02-25 12:50:56', '2019-02-25 12:50:56', 1, 1),
(445, 148, '', 3, '2019-02-25 12:50:56', '2019-02-25 12:50:56', 1, 1);

-- --------------------------------------------------------

--
-- Table structure for table `confirmation_boxes`
--

CREATE TABLE `confirmation_boxes` (
  `Confirmation_boxID` int(11) NOT NULL,
  `SortOrder` int(11) NOT NULL,
  `Hide` tinyint(4) NOT NULL,
  `IsActive` tinyint(4) NOT NULL,
  `CreatedAt` datetime NOT NULL,
  `UpdatedAt` datetime NOT NULL,
  `CreatedBy` int(11) NOT NULL,
  `UpdatedBy` int(11) NOT NULL
) ENGINE=InnoDB DEFAULT CHARSET=utf8;

--
-- Dumping data for table `confirmation_boxes`
--

INSERT INTO `confirmation_boxes` (`Confirmation_boxID`, `SortOrder`, `Hide`, `IsActive`, `CreatedAt`, `UpdatedAt`, `CreatedBy`, `UpdatedBy`) VALUES
(1, 0, 0, 1, '2019-01-25 09:56:42', '2019-07-07 09:39:50', 1, 1),
(2, 1, 0, 1, '2019-03-11 11:13:03', '2019-09-26 15:01:07', 1, 1);

-- --------------------------------------------------------

--
-- Table structure for table `confirmation_boxes_text`
--

CREATE TABLE `confirmation_boxes_text` (
  `Confirmation_boxTextID` int(11) NOT NULL,
  `Confirmation_boxID` int(11) NOT NULL,
  `Content` text NOT NULL,
  `SystemLanguageID` int(11) NOT NULL,
  `CreatedAt` datetime NOT NULL,
  `UpdatedAt` datetime NOT NULL,
  `CreatedBy` int(11) NOT NULL,
  `UpdatedBy` int(11) NOT NULL
) ENGINE=InnoDB DEFAULT CHARSET=utf8;

--
-- Dumping data for table `confirmation_boxes_text`
--

INSERT INTO `confirmation_boxes_text` (`Confirmation_boxTextID`, `Confirmation_boxID`, `Content`, `SystemLanguageID`, `CreatedAt`, `UpdatedAt`, `CreatedBy`, `UpdatedBy`) VALUES
(1, 1, '<p>Ich stimme den <strong><a title=\"Allgemeinen Gesch&auml;ftsbedingungen\" href=\"https://www.maschinenpilot.de/allgemeine-geschaeftsbedingungen/\">Allgemeinen Gesch&auml;ftsbedingungen</a></strong> zu und habe die <strong><a href=\"https://www.maschinenpilot.de/datenschutz/\" target=\"_blank\">Datenschutzhinweise </a></strong>zur Kenntnis genommen. <br />Ich stimme zu, dass meine Angaben und Daten zur Beantwortung meiner Anfrage elektronisch erhoben und gespeichert werden.<br />Hinweis: Sie k&ouml;nnen Ihre Einwilligung jederzeit f&uuml;r die Zukunft per E-Mail an <a href=\"mailto:info@maschinenpilot.de\">info@maschinenpilot.de</a>&nbsp;widerrufen.</p>\r\n<p>&nbsp;</p>', 1, '2019-01-25 09:56:42', '2019-07-07 09:39:50', 1, 1),
(2, 1, '<p>I agree to the <strong>Terms and Conditions</strong> and have read and understood the <strong><a title=\"Privacy Policy\" href=\"https://www.maschinenpilot.de/datenschutz/\">Privacy Policy</a></strong>.&nbsp; I agree that my details and data will be collected and stored electronically to answer my request.<br />Note: You can revoke your consent at any time for the future by e-mail to<a href=\"mailto:info@maschinenpilot.de\"> info@maschinenpilot.de</a>.</p>', 2, '2019-01-25 11:59:25', '2019-06-07 10:21:15', 1, 1),
(3, 2, '<p>Ich stimme den <a href=\"https://maschinenpilot.de/allgemeine-geschaeftsbedingungen/\">Allgemeinen Gesch&auml;ftsbedingungen</a> und den Datenschutzhinweisen zu <a href=\"https://maschinenpilot.de/datenschutz/\">https://maschinenpilot.de/datenschutz/</a>. Ich erkl&auml;re mich damit einverstanden dass meine Daten f&uuml;r eine Kontaktaufnahme und n&ouml;tige Verarbeitung elektronisch gespeichert werden. Hinweis: Sie k&ouml;nnen Ihr Einverst&auml;ndnis zur Verarbeitung der Daten jederzeit f&uuml;r die Zukunft widerrufen. Hierzu richten Sie eine E-Mail an <a href=\"mailto:info@maschinenpilotd.e\">info@maschinenpilot.de.</a><br /><br /></p>', 1, '2019-03-11 11:13:03', '2019-09-26 15:01:07', 1, 1),
(4, 2, '<p>I agree to the <a href=\"https://maschinenpilot.de/allgemeine-geschaeftsbedingungen/\">Terms and Conditions</a> and have read and understood the&nbsp;<a href=\"https://maschinenpilot.de/datenschutz/\">Privacy Policy</a>.&nbsp; I agree that my details and personal data will be collected and stored electronically to answer my request.<br />Note: You can revoke your consent at any time for the future by e-mail to<a href=\"mailto:info@maschinenpilot.de\">&nbsp;info@maschinenpilot.de</a>.</p>', 2, '2019-03-11 11:13:03', '2019-09-26 15:02:12', 1, 1);

-- --------------------------------------------------------

--
-- Table structure for table `countries`
--

CREATE TABLE `countries` (
  `CountryID` int(11) NOT NULL,
  `SortOrder` int(11) NOT NULL,
  `Hide` tinyint(4) NOT NULL,
  `IsActive` tinyint(4) NOT NULL,
  `CreatedAt` datetime NOT NULL,
  `UpdatedAt` datetime NOT NULL,
  `CreatedBy` int(11) NOT NULL,
  `UpdatedBy` int(11) NOT NULL
) ENGINE=InnoDB DEFAULT CHARSET=utf8;

--
-- Dumping data for table `countries`
--

INSERT INTO `countries` (`CountryID`, `SortOrder`, `Hide`, `IsActive`, `CreatedAt`, `UpdatedAt`, `CreatedBy`, `UpdatedBy`) VALUES
(3, 1, 0, 1, '2018-10-15 14:12:21', '2019-05-28 12:04:57', 1, 1),
(4, 2, 0, 1, '2018-10-15 14:12:21', '2018-10-15 14:12:21', 1, 1),
(5, 3, 0, 1, '2018-10-15 14:12:21', '2018-10-15 14:12:21', 1, 1),
(6, 4, 0, 1, '2018-10-15 14:12:21', '2018-10-15 14:12:21', 1, 1),
(7, 5, 0, 1, '2018-10-15 14:12:21', '2018-10-15 14:12:21', 1, 1),
(8, 6, 0, 1, '2018-10-15 14:12:21', '2018-10-15 14:12:21', 1, 1),
(9, 7, 0, 1, '2018-10-15 14:12:21', '2018-10-15 14:12:21', 1, 1),
(10, 8, 0, 1, '2018-10-15 14:12:21', '2019-05-28 12:30:20', 1, 1),
(11, 9, 0, 1, '2018-10-15 14:12:22', '2018-10-15 14:12:22', 1, 1),
(12, 10, 0, 1, '2018-10-15 14:12:22', '2018-10-15 14:12:22', 1, 1),
(13, 11, 0, 1, '2018-10-15 14:12:22', '2019-05-28 12:30:56', 1, 1),
(14, 12, 0, 1, '2018-10-15 14:12:22', '2019-05-28 12:05:59', 1, 1),
(15, 13, 0, 1, '2018-10-15 14:12:22', '2018-10-15 14:12:22', 1, 1),
(16, 14, 0, 1, '2018-10-15 14:12:22', '2018-10-15 14:12:22', 1, 1),
(17, 15, 0, 1, '2018-10-15 14:12:22', '2018-10-15 14:12:22', 1, 1),
(18, 16, 0, 1, '2018-10-15 14:12:22', '2018-10-15 14:12:22', 1, 1),
(19, 17, 0, 1, '2018-10-15 14:12:22', '2018-10-15 14:12:22', 1, 1),
(20, 18, 0, 1, '2018-10-15 14:12:22', '2019-05-28 12:07:26', 1, 1),
(21, 19, 0, 1, '2018-10-15 14:12:22', '2019-05-28 12:08:07', 1, 1),
(22, 20, 0, 1, '2018-10-15 14:12:22', '2018-10-15 14:12:22', 1, 1),
(23, 21, 0, 1, '2018-10-15 14:12:22', '2018-10-15 14:12:22', 1, 1),
(24, 22, 0, 1, '2018-10-15 14:12:22', '2018-10-15 14:12:22', 1, 1),
(25, 23, 0, 1, '2018-10-15 14:12:22', '2018-10-15 14:12:22', 1, 1),
(26, 24, 0, 1, '2018-10-15 14:12:22', '2019-05-28 12:09:12', 1, 1),
(27, 25, 0, 1, '2018-10-15 14:12:23', '2018-10-15 14:12:23', 1, 1),
(28, 26, 0, 1, '2018-10-15 14:12:23', '2019-05-28 12:31:32', 1, 1),
(29, 27, 0, 1, '2018-10-15 14:12:23', '2018-10-15 14:12:23', 1, 1),
(31, 29, 0, 1, '2018-10-15 14:12:23', '2018-10-15 14:12:23', 1, 1),
(32, 30, 0, 1, '2018-10-15 14:12:23', '2018-10-15 14:12:23', 1, 1),
(33, 31, 0, 1, '2018-10-15 14:12:23', '2018-10-15 14:12:23', 1, 1),
(34, 32, 0, 1, '2018-10-15 14:12:23', '2018-10-15 14:12:23', 1, 1),
(35, 33, 0, 1, '2018-10-15 14:12:23', '2019-05-28 12:32:16', 1, 1),
(36, 34, 0, 1, '2018-10-15 14:12:23', '2018-10-15 14:12:23', 1, 1),
(37, 35, 0, 1, '2018-10-15 14:12:23', '2018-10-15 14:12:23', 1, 1),
(38, 36, 0, 1, '2018-10-15 14:12:23', '2018-10-15 14:12:23', 1, 1),
(39, 37, 0, 1, '2018-10-15 14:12:23', '2018-10-15 14:12:23', 1, 1),
(40, 38, 0, 1, '2018-10-15 14:12:23', '2018-10-15 14:12:23', 1, 1),
(42, 40, 0, 1, '2018-10-15 14:12:23', '2018-10-15 14:12:23', 1, 1),
(43, 41, 0, 1, '2018-10-15 14:12:23', '2018-10-15 14:12:23', 1, 1),
(44, 42, 0, 1, '2018-10-15 14:12:23', '2018-10-15 14:12:23', 1, 1),
(45, 43, 0, 1, '2018-10-15 14:12:23', '2018-10-15 14:12:23', 1, 1),
(46, 44, 0, 1, '2018-10-15 14:12:24', '2018-10-15 14:12:24', 1, 1),
(47, 45, 0, 1, '2018-10-15 14:12:24', '2018-10-15 14:12:24', 1, 1),
(48, 46, 0, 1, '2018-10-15 14:12:24', '2019-05-28 12:10:10', 1, 1),
(49, 47, 0, 1, '2018-10-15 14:12:24', '2018-10-15 14:12:24', 1, 1),
(51, 49, 0, 1, '2018-10-15 14:12:24', '2019-05-28 12:11:03', 1, 1),
(52, 50, 0, 1, '2018-10-15 14:12:24', '2019-05-28 12:11:45', 1, 1),
(53, 51, 0, 1, '2018-10-15 14:12:24', '2018-10-15 14:12:24', 1, 1),
(54, 52, 0, 1, '2018-10-15 14:12:24', '2018-10-15 14:12:24', 1, 1),
(55, 53, 0, 1, '2018-10-15 14:12:24', '2018-10-15 14:12:24', 1, 1),
(56, 54, 0, 1, '2018-10-15 14:12:24', '2018-10-15 14:12:24', 1, 1),
(57, 55, 0, 1, '2018-10-15 14:12:24', '2018-10-15 14:12:24', 1, 1),
(58, 56, 0, 1, '2018-10-15 14:12:24', '2018-10-15 14:12:24', 1, 1),
(59, 57, 0, 1, '2018-10-15 14:12:24', '2018-10-15 14:12:24', 1, 1),
(60, 58, 0, 1, '2018-10-15 14:12:24', '2018-10-15 14:12:24', 1, 1),
(61, 59, 0, 1, '2018-10-15 14:12:24', '2019-05-28 12:13:08', 1, 1),
(62, 60, 0, 1, '2018-10-15 14:12:24', '2018-10-15 14:12:24', 1, 1),
(63, 61, 0, 1, '2018-10-15 14:12:24', '2018-10-15 14:12:24', 1, 1),
(64, 62, 0, 1, '2018-10-15 14:12:25', '2018-10-15 14:12:25', 1, 1),
(65, 63, 0, 1, '2018-10-15 14:12:25', '2019-05-28 12:14:03', 1, 1),
(66, 64, 0, 1, '2018-10-15 14:12:25', '2019-05-28 12:14:32', 1, 1),
(67, 65, 0, 1, '2018-10-15 14:12:25', '2018-10-15 14:12:25', 1, 1),
(68, 66, 0, 1, '2018-10-15 14:12:25', '2018-10-15 14:12:25', 1, 1),
(69, 67, 0, 1, '2018-10-15 14:12:25', '2018-10-15 14:12:25', 1, 1),
(70, 68, 0, 1, '2018-10-15 14:12:25', '2018-10-15 14:12:25', 1, 1),
(71, 69, 0, 1, '2018-10-15 14:12:25', '2018-10-15 14:12:25', 1, 1),
(72, -1, 0, 1, '2018-10-15 14:12:25', '2019-05-28 12:15:19', 1, 1),
(73, 71, 0, 1, '2018-10-15 14:12:25', '2018-10-15 14:12:25', 1, 1),
(74, 72, 0, 1, '2018-10-15 14:12:25', '2018-10-15 14:12:25', 1, 1),
(75, 73, 0, 1, '2018-10-15 14:12:25', '2019-05-28 12:16:03', 1, 1),
(76, 74, 0, 1, '2018-10-15 14:12:25', '2018-10-15 14:12:25', 1, 1),
(77, 75, 0, 1, '2018-10-15 14:12:25', '2018-10-15 14:12:25', 1, 1),
(78, 76, 0, 1, '2018-10-15 14:12:25', '2018-10-15 14:12:25', 1, 1),
(79, 77, 0, 1, '2018-10-15 14:12:25', '2018-10-15 14:12:25', 1, 1),
(80, 78, 0, 1, '2018-10-15 14:12:25', '2018-10-15 14:12:25', 1, 1),
(81, 79, 0, 1, '2018-10-15 14:12:25', '2018-10-15 14:12:25', 1, 1),
(82, 80, 0, 1, '2018-10-15 14:12:25', '2018-10-15 14:12:25', 1, 1),
(83, 81, 0, 1, '2018-10-15 14:12:25', '2018-10-15 14:12:25', 1, 1),
(84, 82, 0, 1, '2018-10-15 14:12:25', '2018-10-15 14:12:25', 1, 1),
(85, 83, 0, 1, '2018-10-15 14:12:25', '2018-10-15 14:12:25', 1, 1),
(86, 84, 0, 1, '2018-10-15 14:12:25', '2019-05-28 12:16:33', 1, 1),
(87, 85, 0, 1, '2018-10-15 14:12:26', '2018-10-15 14:12:26', 1, 1),
(88, 86, 0, 1, '2018-10-15 14:12:26', '2019-05-28 12:33:16', 1, 1),
(89, 87, 0, 1, '2018-10-15 14:12:26', '2018-10-15 14:12:26', 1, 1),
(90, 88, 0, 1, '2018-10-15 14:12:26', '2018-10-15 14:12:26', 1, 1),
(91, 89, 0, 1, '2018-10-15 14:12:26', '2019-05-28 12:17:26', 1, 1),
(92, 90, 0, 1, '2018-10-15 14:12:26', '2019-05-28 12:33:43', 1, 1),
(93, 91, 0, 1, '2018-10-15 14:12:26', '2019-05-28 12:18:01', 1, 1),
(94, 92, 0, 1, '2018-10-15 14:12:26', '2018-10-15 14:12:26', 1, 1),
(95, 93, 0, 1, '2018-10-15 14:12:26', '2019-05-28 12:34:08', 1, 1),
(96, 94, 0, 1, '2018-10-15 14:12:26', '2018-10-15 14:12:26', 1, 1),
(97, 95, 0, 1, '2018-10-15 14:12:26', '2018-10-15 14:12:26', 1, 1),
(98, 96, 0, 1, '2018-10-15 14:12:26', '2018-10-15 14:12:26', 1, 1),
(99, 97, 0, 1, '2018-10-15 14:12:26', '2018-10-15 14:12:26', 1, 1),
(100, 98, 0, 1, '2018-10-15 14:12:26', '2018-10-15 14:12:26', 1, 1),
(101, 99, 0, 1, '2018-10-15 14:12:26', '2018-10-15 14:12:26', 1, 1),
(102, 100, 0, 1, '2018-10-15 14:12:26', '2019-05-28 12:19:01', 1, 1),
(103, 101, 0, 1, '2018-10-15 14:12:26', '2018-10-15 14:12:26', 1, 1),
(104, 102, 0, 1, '2018-10-15 14:12:26', '2018-10-15 14:12:26', 1, 1),
(105, 103, 0, 1, '2018-10-15 14:12:26', '2018-10-15 14:12:26', 1, 1),
(106, 104, 0, 1, '2018-10-15 14:12:26', '2019-05-28 12:34:54', 1, 1),
(107, 105, 0, 1, '2018-10-15 14:12:26', '2019-05-28 12:19:40', 1, 1),
(108, 106, 0, 1, '2018-10-15 14:12:26', '2019-05-28 12:20:23', 1, 1),
(109, 107, 0, 1, '2018-10-15 14:12:27', '2018-10-15 14:12:27', 1, 1),
(110, 108, 0, 1, '2018-10-15 14:12:27', '2018-10-15 14:12:27', 1, 1),
(111, 109, 0, 1, '2018-10-15 14:12:27', '2018-10-15 14:12:27', 1, 1),
(112, 110, 0, 1, '2018-10-15 14:12:27', '2018-10-15 14:12:27', 1, 1),
(113, 111, 0, 1, '2018-10-15 14:12:27', '2018-10-15 14:12:27', 1, 1),
(114, 112, 0, 1, '2018-10-15 14:12:27', '2018-10-15 14:12:27', 1, 1),
(115, 113, 0, 1, '2018-10-15 14:12:27', '2018-10-15 14:12:27', 1, 1),
(116, 114, 0, 1, '2018-10-15 14:12:27', '2018-10-15 14:12:27', 1, 1),
(117, 115, 0, 1, '2018-10-15 14:12:27', '2018-10-15 14:12:27', 1, 1),
(118, 116, 0, 1, '2018-10-15 14:12:27', '2018-10-15 14:12:27', 1, 1),
(119, 117, 0, 1, '2018-10-15 14:12:27', '2018-10-15 14:12:27', 1, 1),
(120, 118, 0, 1, '2018-10-15 14:12:27', '2018-10-15 14:12:27', 1, 1),
(121, 119, 0, 1, '2018-10-15 14:12:27', '2018-10-15 14:12:27', 1, 1),
(122, 120, 0, 1, '2018-10-15 14:12:27', '2018-10-15 14:12:27', 1, 1),
(123, 121, 0, 1, '2018-10-15 14:12:27', '2018-10-15 14:12:27', 1, 1),
(124, 122, 0, 1, '2018-10-15 14:12:27', '2018-10-15 14:12:27', 1, 1),
(125, 123, 0, 1, '2018-10-15 14:12:27', '2018-10-15 14:12:27', 1, 1),
(126, 124, 0, 1, '2018-10-15 14:12:27', '2018-10-15 14:12:27', 1, 1),
(127, 125, 0, 1, '2018-10-15 14:12:28', '2018-10-15 14:12:28', 1, 1),
(128, 126, 0, 1, '2018-10-15 14:12:28', '2018-10-15 14:12:28', 1, 1),
(129, 127, 0, 1, '2018-10-15 14:12:28', '2018-10-15 14:12:28', 1, 1),
(130, 128, 0, 1, '2018-10-15 14:12:28', '2019-05-28 12:21:19', 1, 1),
(131, 129, 0, 1, '2018-10-15 14:12:28', '2018-10-15 14:12:28', 1, 1),
(132, 130, 0, 1, '2018-10-15 14:12:28', '2018-10-15 14:12:28', 1, 1),
(133, 131, 0, 1, '2018-10-15 14:12:28', '2018-10-15 14:12:28', 1, 1),
(134, 132, 0, 1, '2018-10-15 14:12:28', '2018-10-15 14:12:28', 1, 1),
(135, 133, 0, 1, '2018-10-15 14:12:28', '2018-10-15 14:12:28', 1, 1),
(136, 134, 0, 1, '2018-10-15 14:12:28', '2018-10-15 14:12:28', 1, 1),
(137, 135, 0, 1, '2018-10-15 14:12:28', '2018-10-15 14:12:28', 1, 1),
(138, 136, 0, 1, '2018-10-15 14:12:28', '2018-10-15 14:12:28', 1, 1),
(139, 137, 0, 1, '2018-10-15 14:12:28', '2018-10-15 14:12:28', 1, 1),
(140, 138, 0, 1, '2018-10-15 14:12:28', '2019-05-28 12:22:10', 1, 1),
(141, 139, 0, 1, '2018-10-15 14:12:28', '2018-10-15 14:12:28', 1, 1),
(142, 140, 0, 1, '2018-10-15 14:12:28', '2018-10-15 14:12:28', 1, 1),
(143, 141, 0, 1, '2018-10-15 14:12:28', '2018-10-15 14:12:28', 1, 1),
(144, 142, 0, 1, '2018-10-15 14:12:28', '2018-10-15 14:12:28', 1, 1),
(145, 143, 0, 1, '2018-10-15 14:12:28', '2018-10-15 14:12:28', 1, 1),
(146, 144, 0, 1, '2018-10-15 14:12:28', '2018-10-15 14:12:28', 1, 1),
(147, 145, 0, 1, '2018-10-15 14:12:28', '2018-10-15 14:12:28', 1, 1),
(148, 146, 0, 1, '2018-10-15 14:12:28', '2018-10-15 14:12:28', 1, 1),
(149, 147, 0, 1, '2018-10-15 14:12:29', '2019-05-28 12:22:43', 1, 1),
(150, 148, 0, 1, '2018-10-15 14:12:29', '2019-05-28 12:23:11', 1, 1),
(151, 149, 0, 1, '2018-10-15 14:12:29', '2018-10-15 14:12:29', 1, 1),
(152, 150, 0, 1, '2018-10-15 14:12:29', '2018-10-15 14:12:29', 1, 1),
(153, 151, 0, 1, '2018-10-15 14:12:29', '2019-05-28 12:24:16', 1, 1),
(154, 152, 0, 1, '2018-10-15 14:12:29', '2018-10-15 14:12:29', 1, 1),
(155, 153, 0, 1, '2018-10-15 14:12:29', '2018-10-15 14:12:29', 1, 1),
(156, 154, 0, 1, '2018-10-15 14:12:29', '2018-10-15 14:12:29', 1, 1),
(157, 155, 0, 1, '2018-10-15 14:12:29', '2018-10-15 14:12:29', 1, 1),
(158, 156, 0, 1, '2018-10-15 14:12:29', '2018-10-15 14:12:29', 1, 1),
(159, 157, 0, 1, '2018-10-15 14:12:29', '2019-05-28 12:25:09', 1, 1),
(160, 158, 0, 1, '2018-10-15 14:12:29', '2018-10-15 14:12:29', 1, 1),
(161, 159, 0, 1, '2018-10-15 14:12:29', '2018-10-15 14:12:29', 1, 1),
(162, 160, 0, 1, '2018-10-15 14:12:29', '2018-10-15 14:12:29', 1, 1),
(163, 161, 0, 1, '2018-10-15 14:12:29', '2019-05-28 12:25:48', 1, 1),
(164, 162, 0, 1, '2018-10-15 14:12:29', '2019-05-28 12:26:17', 1, 1),
(165, 163, 0, 1, '2018-10-15 14:12:29', '2018-10-15 14:12:29', 1, 1),
(166, 164, 0, 1, '2018-10-15 14:12:29', '2018-10-15 14:12:29', 1, 1),
(167, 165, 0, 1, '2018-10-15 14:12:29', '2018-10-15 14:12:29', 1, 1),
(168, 166, 0, 1, '2018-10-15 14:12:29', '2019-05-28 12:27:12', 1, 1),
(169, 167, 0, 1, '2018-10-15 14:12:29', '2018-10-15 14:12:29', 1, 1),
(170, 168, 0, 1, '2018-10-15 14:12:29', '2018-10-15 14:12:29', 1, 1),
(171, 169, 0, 1, '2018-10-15 14:12:30', '2018-10-15 14:12:30', 1, 1),
(172, 170, 0, 1, '2018-10-15 14:12:30', '2018-10-15 14:12:30', 1, 1),
(173, 171, 0, 1, '2018-10-15 14:12:30', '2019-05-28 12:27:47', 1, 1),
(174, 172, 0, 1, '2018-10-15 14:12:30', '2019-05-28 12:28:12', 1, 1),
(175, 173, 0, 1, '2018-10-15 14:12:30', '2018-10-15 14:12:30', 1, 1),
(176, 174, 0, 1, '2018-10-15 14:12:30', '2018-10-15 14:12:30', 1, 1),
(177, 175, 0, 1, '2018-10-15 14:12:30', '2018-10-15 14:12:30', 1, 1),
(178, 176, 0, 1, '2018-10-15 14:12:30', '2018-10-15 14:12:30', 1, 1),
(179, 177, 0, 1, '2018-10-15 14:12:30', '2018-10-15 14:12:30', 1, 1),
(180, 178, 0, 1, '2018-10-15 14:12:30', '2018-10-15 14:12:30', 1, 1),
(181, 179, 0, 1, '2018-10-15 14:12:30', '2018-10-15 14:12:30', 1, 1),
(182, 180, 0, 1, '2018-10-15 14:12:30', '2019-05-28 12:29:36', 1, 1),
(183, 181, 0, 1, '2018-10-15 14:12:30', '2018-10-15 14:12:30', 1, 1),
(184, 182, 0, 1, '2018-10-15 14:12:30', '2018-10-15 14:12:30', 1, 1),
(185, 183, 0, 1, '2018-10-15 14:12:30', '2018-10-15 14:12:30', 1, 1),
(186, 184, 0, 1, '2018-10-15 14:12:30', '2018-10-15 14:12:30', 1, 1),
(187, 185, 0, 1, '2018-10-15 14:12:30', '2019-05-28 12:36:23', 1, 1),
(188, 186, 0, 1, '2018-10-15 14:12:30', '2018-10-15 14:12:30', 1, 1),
(189, 187, 0, 1, '2018-10-15 14:12:30', '2019-05-28 12:37:18', 1, 1),
(190, 188, 0, 1, '2018-10-15 14:12:30', '2019-05-28 12:38:20', 1, 1),
(191, 189, 0, 1, '2018-10-15 14:12:31', '2018-10-15 14:12:31', 1, 1),
(192, 190, 0, 1, '2018-10-15 14:12:31', '2018-10-15 14:12:31', 1, 1),
(193, 191, 0, 1, '2018-10-15 14:12:31', '2018-10-15 14:12:31', 1, 1),
(194, 192, 0, 1, '2018-10-15 14:12:31', '2018-10-15 14:12:31', 1, 1),
(195, 193, 0, 1, '2018-10-15 14:12:31', '2018-10-15 14:12:31', 1, 1),
(196, 194, 0, 1, '2018-10-15 14:12:31', '2018-10-15 14:12:31', 1, 1),
(197, 195, 0, 1, '2018-10-15 14:12:31', '2018-10-15 14:12:31', 1, 1);

-- --------------------------------------------------------

--
-- Table structure for table `countries_text`
--

CREATE TABLE `countries_text` (
  `CountryTextID` int(11) NOT NULL,
  `CountryID` int(11) NOT NULL,
  `Title` varchar(255) NOT NULL,
  `PhCode` varchar(255) NOT NULL,
  `ShortCode` varchar(255) NOT NULL,
  `Seo` text NOT NULL,
  `SystemLanguageID` int(11) NOT NULL,
  `CreatedAt` datetime NOT NULL,
  `UpdatedAt` datetime NOT NULL,
  `CreatedBy` int(11) NOT NULL,
  `UpdatedBy` int(11) NOT NULL
) ENGINE=InnoDB DEFAULT CHARSET=utf8;

--
-- Dumping data for table `countries_text`
--

INSERT INTO `countries_text` (`CountryTextID`, `CountryID`, `Title`, `PhCode`, `ShortCode`, `Seo`, `SystemLanguageID`, `CreatedAt`, `UpdatedAt`, `CreatedBy`, `UpdatedBy`) VALUES
(3, 3, 'Albanien', '+355', 'AL', '[]', 1, '2018-10-15 14:12:21', '2019-05-28 12:04:57', 1, 1),
(4, 4, 'Algeria', '+213', 'DZ', '', 1, '2018-10-15 14:12:21', '2018-10-15 14:12:21', 1, 1),
(5, 5, 'American Samoa', '+1 684', 'AS', '', 1, '2018-10-15 14:12:21', '2018-10-15 14:12:21', 1, 1),
(6, 6, 'Andorra', '+376', 'AD', '', 1, '2018-10-15 14:12:21', '2018-10-15 14:12:21', 1, 1),
(7, 7, 'Angola', '+244', 'AO', '', 1, '2018-10-15 14:12:21', '2018-10-15 14:12:21', 1, 1),
(8, 8, 'Anguilla', '+1 264', 'AI', '', 1, '2018-10-15 14:12:21', '2018-10-15 14:12:21', 1, 1),
(9, 9, 'Antigua and Barbuda', '+1268', 'AG', '', 1, '2018-10-15 14:12:21', '2018-10-15 14:12:21', 1, 1),
(10, 10, 'Argentinien', '+54', 'AR', '[]', 1, '2018-10-15 14:12:21', '2019-05-28 12:30:20', 1, 1),
(11, 11, 'Armenia', '+374', 'AM', '', 1, '2018-10-15 14:12:22', '2018-10-15 14:12:22', 1, 1),
(12, 12, 'Aruba', '+297', 'AW', '', 1, '2018-10-15 14:12:22', '2018-10-15 14:12:22', 1, 1),
(13, 13, 'Australien', '+61', 'AU', '[]', 1, '2018-10-15 14:12:22', '2019-05-28 12:30:56', 1, 1),
(14, 14, 'Österreich', '+43', 'AT', '[]', 1, '2018-10-15 14:12:22', '2019-05-28 12:05:59', 1, 1),
(15, 15, 'Azerbaijan', '+994', 'AZ', '', 1, '2018-10-15 14:12:22', '2018-10-15 14:12:22', 1, 1),
(16, 16, 'Bahamas', '+1 242', 'BS', '', 1, '2018-10-15 14:12:22', '2018-10-15 14:12:22', 1, 1),
(17, 17, 'Bahrain', '+973', 'BH', '', 1, '2018-10-15 14:12:22', '2018-10-15 14:12:22', 1, 1),
(18, 18, 'Bangladesh', '+880', 'BD', '', 1, '2018-10-15 14:12:22', '2018-10-15 14:12:22', 1, 1),
(19, 19, 'Barbados', '+1 246', 'BB', '', 1, '2018-10-15 14:12:22', '2018-10-15 14:12:22', 1, 1),
(20, 20, 'Weißrussland', '+375', 'BY', '[]', 1, '2018-10-15 14:12:22', '2019-05-28 12:07:26', 1, 1),
(21, 21, 'Belgien', '+32', 'BE', '[]', 1, '2018-10-15 14:12:22', '2019-05-28 12:08:07', 1, 1),
(22, 22, 'Belize', '+501', 'BZ', '', 1, '2018-10-15 14:12:22', '2018-10-15 14:12:22', 1, 1),
(23, 23, 'Benin', '+229', 'BJ', '', 1, '2018-10-15 14:12:22', '2018-10-15 14:12:22', 1, 1),
(24, 24, 'Bermuda', '+1 441', 'BM', '', 1, '2018-10-15 14:12:22', '2018-10-15 14:12:22', 1, 1),
(25, 25, 'Bhutan', '+975', 'BT', '', 1, '2018-10-15 14:12:22', '2018-10-15 14:12:22', 1, 1),
(26, 26, 'Bosnien und Herzegowina', '+387', 'BA', '[]', 1, '2018-10-15 14:12:22', '2019-05-28 12:09:12', 1, 1),
(27, 27, 'Botswana', '+267', 'BW', '', 1, '2018-10-15 14:12:23', '2018-10-15 14:12:23', 1, 1),
(28, 28, 'Brasilien', '+55', 'BR', '[]', 1, '2018-10-15 14:12:23', '2019-05-28 12:31:32', 1, 1),
(29, 29, 'British Indian Ocean Territory', '+246', 'IO', '', 1, '2018-10-15 14:12:23', '2018-10-15 14:12:23', 1, 1),
(31, 31, 'Burkina Faso', '+226', 'BF', '', 1, '2018-10-15 14:12:23', '2018-10-15 14:12:23', 1, 1),
(32, 32, 'Burundi', '+257', 'BI', '', 1, '2018-10-15 14:12:23', '2018-10-15 14:12:23', 1, 1),
(33, 33, 'Cambodia', '+855', 'KH', '', 1, '2018-10-15 14:12:23', '2018-10-15 14:12:23', 1, 1),
(34, 34, 'Cameroon', '+237', 'CM', '', 1, '2018-10-15 14:12:23', '2018-10-15 14:12:23', 1, 1),
(35, 35, 'Kanada', '+1', 'CA', '[]', 1, '2018-10-15 14:12:23', '2019-05-28 12:32:16', 1, 1),
(36, 36, 'Cape Verde', '+238', 'CV', '', 1, '2018-10-15 14:12:23', '2018-10-15 14:12:23', 1, 1),
(37, 37, 'Cayman Islands', '+ 345', 'KY', '', 1, '2018-10-15 14:12:23', '2018-10-15 14:12:23', 1, 1),
(38, 38, 'Central African Republic', '+236', 'CF', '', 1, '2018-10-15 14:12:23', '2018-10-15 14:12:23', 1, 1),
(39, 39, 'Chad', '+235', 'TD', '', 1, '2018-10-15 14:12:23', '2018-10-15 14:12:23', 1, 1),
(40, 40, 'Chile', '+56', 'CL', '', 1, '2018-10-15 14:12:23', '2018-10-15 14:12:23', 1, 1),
(42, 42, 'Christmas Island', '+61', 'CX', '', 1, '2018-10-15 14:12:23', '2018-10-15 14:12:23', 1, 1),
(43, 43, 'Colombia', '+57', 'CO', '', 1, '2018-10-15 14:12:23', '2018-10-15 14:12:23', 1, 1),
(44, 44, 'Comoros', '+269', 'KM', '', 1, '2018-10-15 14:12:23', '2018-10-15 14:12:23', 1, 1),
(45, 45, 'Congo', '+242', 'CG', '', 1, '2018-10-15 14:12:24', '2018-10-15 14:12:24', 1, 1),
(46, 46, 'Cook Islands', '+682', 'CK', '', 1, '2018-10-15 14:12:24', '2018-10-15 14:12:24', 1, 1),
(47, 47, 'Costa Rica', '+506', 'CR', '', 1, '2018-10-15 14:12:24', '2018-10-15 14:12:24', 1, 1),
(48, 48, 'Kroatien', '+385', 'HR', '[]', 1, '2018-10-15 14:12:24', '2019-05-28 12:10:10', 1, 1),
(49, 49, 'Cuba', '+53', 'CU', '', 1, '2018-10-15 14:12:24', '2018-10-15 14:12:24', 1, 1),
(51, 51, 'Tschechien', '+420', 'CZ', '[]', 1, '2018-10-15 14:12:24', '2019-05-28 12:11:03', 1, 1),
(52, 52, 'Dänemark', '+45', 'DK', '[]', 1, '2018-10-15 14:12:24', '2019-05-28 12:11:45', 1, 1),
(53, 53, 'Djibouti', '+253', 'DJ', '', 1, '2018-10-15 14:12:24', '2018-10-15 14:12:24', 1, 1),
(54, 54, 'Dominica', '+1 767', 'DM', '', 1, '2018-10-15 14:12:24', '2018-10-15 14:12:24', 1, 1),
(55, 55, 'Dominican Republic', '+1 849', 'DO', '', 1, '2018-10-15 14:12:24', '2018-10-15 14:12:24', 1, 1),
(56, 56, 'Ecuador', '+593', 'EC', '', 1, '2018-10-15 14:12:24', '2018-10-15 14:12:24', 1, 1),
(57, 57, 'Egypt', '+20', 'EG', '', 1, '2018-10-15 14:12:24', '2018-10-15 14:12:24', 1, 1),
(58, 58, 'El Salvador', '+503', 'SV', '', 1, '2018-10-15 14:12:24', '2018-10-15 14:12:24', 1, 1),
(59, 59, 'Equatorial Guinea', '+240', 'GQ', '', 1, '2018-10-15 14:12:24', '2018-10-15 14:12:24', 1, 1),
(60, 60, 'Eritrea', '+291', 'ER', '', 1, '2018-10-15 14:12:24', '2018-10-15 14:12:24', 1, 1),
(61, 61, 'Estland', '+372', 'EE', '[]', 1, '2018-10-15 14:12:24', '2019-05-28 12:13:08', 1, 1),
(62, 62, 'Ethiopia', '+251', 'ET', '', 1, '2018-10-15 14:12:24', '2018-10-15 14:12:24', 1, 1),
(63, 63, 'Faroe Islands', '+298', 'FO', '', 1, '2018-10-15 14:12:25', '2018-10-15 14:12:25', 1, 1),
(64, 64, 'Fiji', '+679', 'FJ', '', 1, '2018-10-15 14:12:25', '2018-10-15 14:12:25', 1, 1),
(65, 65, 'Finnland', '+358', 'FI', '[]', 1, '2018-10-15 14:12:25', '2019-05-28 12:14:03', 1, 1),
(66, 66, 'Frankreich', '+33', 'FR', '[]', 1, '2018-10-15 14:12:25', '2019-05-28 12:14:32', 1, 1),
(67, 67, 'French Guiana', '+594', 'GF', '', 1, '2018-10-15 14:12:25', '2018-10-15 14:12:25', 1, 1),
(68, 68, 'French Polynesia', '+689', 'PF', '', 1, '2018-10-15 14:12:25', '2018-10-15 14:12:25', 1, 1),
(69, 69, 'Gabon', '+241', 'GA', '', 1, '2018-10-15 14:12:25', '2018-10-15 14:12:25', 1, 1),
(70, 70, 'Gambia', '+220', 'GM', '', 1, '2018-10-15 14:12:25', '2018-10-15 14:12:25', 1, 1),
(71, 71, 'Georgia', '+995', 'GE', '', 1, '2018-10-15 14:12:25', '2018-10-15 14:12:25', 1, 1),
(72, 72, 'Deutschland', '+49', 'DE', '[]', 1, '2018-10-15 14:12:25', '2019-05-28 12:15:20', 1, 1),
(73, 73, 'Ghana', '+233', 'GH', '', 1, '2018-10-15 14:12:25', '2018-10-15 14:12:25', 1, 1),
(74, 74, 'Gibraltar', '+350', 'GI', '', 1, '2018-10-15 14:12:25', '2018-10-15 14:12:25', 1, 1),
(75, 75, 'Griechenland', '+30', 'GR', '[]', 1, '2018-10-15 14:12:25', '2019-05-28 12:16:03', 1, 1),
(76, 76, 'Greenland', '+299', 'GL', '', 1, '2018-10-15 14:12:25', '2018-10-15 14:12:25', 1, 1),
(77, 77, 'Grenada', '+1 473', 'GD', '', 1, '2018-10-15 14:12:25', '2018-10-15 14:12:25', 1, 1),
(78, 78, 'Guadeloupe', '+590', 'GP', '', 1, '2018-10-15 14:12:25', '2018-10-15 14:12:25', 1, 1),
(79, 79, 'Guam', '+1 671', 'GU', '', 1, '2018-10-15 14:12:25', '2018-10-15 14:12:25', 1, 1),
(80, 80, 'Guatemala', '+502', 'GT', '', 1, '2018-10-15 14:12:25', '2018-10-15 14:12:25', 1, 1),
(81, 81, 'Guinea', '+224', 'GN', '', 1, '2018-10-15 14:12:25', '2018-10-15 14:12:25', 1, 1),
(82, 82, 'Guinea-Bissau', '+245', 'GW', '', 1, '2018-10-15 14:12:25', '2018-10-15 14:12:25', 1, 1),
(83, 83, 'Guyana', '+595', 'GY', '', 1, '2018-10-15 14:12:25', '2018-10-15 14:12:25', 1, 1),
(84, 84, 'Haiti', '+509', 'HT', '', 1, '2018-10-15 14:12:25', '2018-10-15 14:12:25', 1, 1),
(85, 85, 'Honduras', '+504', 'HN', '', 1, '2018-10-15 14:12:25', '2018-10-15 14:12:25', 1, 1),
(86, 86, 'Ungarn', '+36', 'HU', '[]', 1, '2018-10-15 14:12:25', '2019-05-28 12:16:33', 1, 1),
(87, 87, 'Iceland', '+354', 'IS', '', 1, '2018-10-15 14:12:26', '2018-10-15 14:12:26', 1, 1),
(88, 88, 'Indien', '+91', 'IN', '[]', 1, '2018-10-15 14:12:26', '2019-05-28 12:33:16', 1, 1),
(89, 89, 'Indonesia', '+62', 'ID', '', 1, '2018-10-15 14:12:26', '2018-10-15 14:12:26', 1, 1),
(90, 90, 'Iraq', '+964', 'IQ', '', 1, '2018-10-15 14:12:26', '2018-10-15 14:12:26', 1, 1),
(91, 91, 'Irland', '+353', 'IE', '[]', 1, '2018-10-15 14:12:26', '2019-05-28 12:17:26', 1, 1),
(92, 92, 'Israel', '+972', 'IL', '[]', 1, '2018-10-15 14:12:26', '2019-05-28 12:33:43', 1, 1),
(93, 93, 'Italien', '+39', 'IT', '[]', 1, '2018-10-15 14:12:26', '2019-05-28 12:18:01', 1, 1),
(94, 94, 'Jamaica', '+1 876', 'JM', '', 1, '2018-10-15 14:12:26', '2018-10-15 14:12:26', 1, 1),
(95, 95, 'Japan', '+81', 'JP', '[]', 1, '2018-10-15 14:12:26', '2019-05-28 12:34:08', 1, 1),
(96, 96, 'Jordan', '+962', 'JO', '', 1, '2018-10-15 14:12:26', '2018-10-15 14:12:26', 1, 1),
(97, 97, 'Kazakhstan', '+7 7', 'KZ', '', 1, '2018-10-15 14:12:26', '2018-10-15 14:12:26', 1, 1),
(98, 98, 'Kenya', '+254', 'KE', '', 1, '2018-10-15 14:12:26', '2018-10-15 14:12:26', 1, 1),
(99, 99, 'Kiribati', '+686', 'KI', '', 1, '2018-10-15 14:12:26', '2018-10-15 14:12:26', 1, 1),
(100, 100, 'Kuwait', '+965', 'KW', '', 1, '2018-10-15 14:12:26', '2018-10-15 14:12:26', 1, 1),
(101, 101, 'Kyrgyzstan', '+996', 'KG', '', 1, '2018-10-15 14:12:26', '2018-10-15 14:12:26', 1, 1),
(102, 102, 'Lettland', '+371', 'LV', '[]', 1, '2018-10-15 14:12:26', '2019-05-28 12:19:01', 1, 1),
(103, 103, 'Lebanon', '+961', 'LB', '', 1, '2018-10-15 14:12:26', '2018-10-15 14:12:26', 1, 1),
(104, 104, 'Lesotho', '+266', 'LS', '', 1, '2018-10-15 14:12:26', '2018-10-15 14:12:26', 1, 1),
(105, 105, 'Liberia', '+231', 'LR', '', 1, '2018-10-15 14:12:26', '2018-10-15 14:12:26', 1, 1),
(106, 106, 'Liechtenstein', '+423', 'LI', '[]', 1, '2018-10-15 14:12:26', '2019-05-28 12:34:54', 1, 1),
(107, 107, 'Litauen', '+370', 'LT', '[]', 1, '2018-10-15 14:12:26', '2019-05-28 12:19:40', 1, 1),
(108, 108, 'Luxemburg', '+352', 'LU', '[]', 1, '2018-10-15 14:12:27', '2019-05-28 12:20:23', 1, 1),
(109, 109, 'Madagascar', '+261', 'MG', '', 1, '2018-10-15 14:12:27', '2018-10-15 14:12:27', 1, 1),
(110, 110, 'Malawi', '+265', 'MW', '', 1, '2018-10-15 14:12:27', '2018-10-15 14:12:27', 1, 1),
(111, 111, 'Malaysia', '+60', 'MY', '', 1, '2018-10-15 14:12:27', '2018-10-15 14:12:27', 1, 1),
(112, 112, 'Maldives', '+960', 'MV', '', 1, '2018-10-15 14:12:27', '2018-10-15 14:12:27', 1, 1),
(113, 113, 'Mali', '+223', 'ML', '', 1, '2018-10-15 14:12:27', '2018-10-15 14:12:27', 1, 1),
(114, 114, 'Malta', '+356', 'MT', '', 1, '2018-10-15 14:12:27', '2018-10-15 14:12:27', 1, 1),
(115, 115, 'Marshall Islands', '+692', 'MH', '', 1, '2018-10-15 14:12:27', '2018-10-15 14:12:27', 1, 1),
(116, 116, 'Martinique', '+596', 'MQ', '', 1, '2018-10-15 14:12:27', '2018-10-15 14:12:27', 1, 1),
(117, 117, 'Mauritania', '+222', 'MR', '', 1, '2018-10-15 14:12:27', '2018-10-15 14:12:27', 1, 1),
(118, 118, 'Mauritius', '+230', 'MU', '', 1, '2018-10-15 14:12:27', '2018-10-15 14:12:27', 1, 1),
(119, 119, 'Mayotte', '+262', 'YT', '', 1, '2018-10-15 14:12:27', '2018-10-15 14:12:27', 1, 1),
(120, 120, 'Mexico', '+52', 'MX', '', 1, '2018-10-15 14:12:27', '2018-10-15 14:12:27', 1, 1),
(121, 121, 'Monaco', '+377', 'MC', '', 1, '2018-10-15 14:12:27', '2018-10-15 14:12:27', 1, 1),
(122, 122, 'Mongolia', '+976', 'MN', '', 1, '2018-10-15 14:12:27', '2018-10-15 14:12:27', 1, 1),
(124, 124, 'Montserrat', '+1664', 'MS', '', 1, '2018-10-15 14:12:27', '2018-10-15 14:12:27', 1, 1),
(125, 125, 'Morocco', '+212', 'MA', '', 1, '2018-10-15 14:12:27', '2018-10-15 14:12:27', 1, 1),
(126, 126, 'Myanmar', '+95', 'MM', '', 1, '2018-10-15 14:12:27', '2018-10-15 14:12:27', 1, 1),
(127, 127, 'Namibia', '+264', 'NA', '', 1, '2018-10-15 14:12:28', '2018-10-15 14:12:28', 1, 1),
(128, 128, 'Nauru', '+674', 'NR', '', 1, '2018-10-15 14:12:28', '2018-10-15 14:12:28', 1, 1),
(129, 129, 'Nepal', '+977', 'NP', '', 1, '2018-10-15 14:12:28', '2018-10-15 14:12:28', 1, 1),
(130, 130, 'Niederlande', '+31', 'NL', '[]', 1, '2018-10-15 14:12:28', '2019-05-28 12:21:19', 1, 1),
(132, 132, 'New Caledonia', '+687', 'NC', '', 1, '2018-10-15 14:12:28', '2018-10-15 14:12:28', 1, 1),
(133, 133, 'New Zealand', '+64', 'NZ', '', 1, '2018-10-15 14:12:28', '2018-10-15 14:12:28', 1, 1),
(134, 134, 'Nicaragua', '+505', 'NI', '', 1, '2018-10-15 14:12:28', '2018-10-15 14:12:28', 1, 1),
(135, 135, 'Niger', '+227', 'NE', '', 1, '2018-10-15 14:12:28', '2018-10-15 14:12:28', 1, 1),
(136, 136, 'Nigeria', '+234', 'NG', '', 1, '2018-10-15 14:12:28', '2018-10-15 14:12:28', 1, 1),
(137, 137, 'Niue', '+683', 'NU', '', 1, '2018-10-15 14:12:28', '2018-10-15 14:12:28', 1, 1),
(138, 138, 'Norfolk Island', '+672', 'NF', '', 1, '2018-10-15 14:12:28', '2018-10-15 14:12:28', 1, 1),
(139, 139, 'Northern Mariana Islands', '+1 670', 'MP', '', 1, '2018-10-15 14:12:28', '2018-10-15 14:12:28', 1, 1),
(140, 140, 'Norwegen', '+47', 'NO', '[]', 1, '2018-10-15 14:12:28', '2019-05-28 12:22:10', 1, 1),
(141, 141, 'Oman', '+968', 'OM', '', 1, '2018-10-15 14:12:28', '2018-10-15 14:12:28', 1, 1),
(142, 142, 'Pakistan', '+92', 'PK', '', 1, '2018-10-15 14:12:28', '2018-10-15 14:12:28', 1, 1),
(143, 143, 'Palau', '+680', 'PW', '', 1, '2018-10-15 14:12:28', '2018-10-15 14:12:28', 1, 1),
(144, 144, 'Panama', '+507', 'PA', '', 1, '2018-10-15 14:12:28', '2018-10-15 14:12:28', 1, 1),
(145, 145, 'Papua new Guinea', '+675', 'PG', '', 1, '2018-10-15 14:12:28', '2018-10-15 14:12:28', 1, 1),
(146, 146, 'Paraguay', '+595', 'PY', '', 1, '2018-10-15 14:12:28', '2018-10-15 14:12:28', 1, 1),
(147, 147, 'Peru', '+51', 'PE', '', 1, '2018-10-15 14:12:28', '2018-10-15 14:12:28', 1, 1),
(148, 148, 'Philippines', '+63', 'PH', '', 1, '2018-10-15 14:12:28', '2018-10-15 14:12:28', 1, 1),
(149, 149, 'Polen', '+48', 'PL', '[]', 1, '2018-10-15 14:12:29', '2019-05-28 12:22:43', 1, 1),
(150, 150, 'Portugal', '+351', 'PT', '[]', 1, '2018-10-15 14:12:29', '2019-05-28 12:23:11', 1, 1),
(151, 151, 'Puerto Rico', '+1 939', 'PR', '', 1, '2018-10-15 14:12:29', '2018-10-15 14:12:29', 1, 1),
(152, 152, 'Qatar', '+974', 'QA', '', 1, '2018-10-15 14:12:29', '2018-10-15 14:12:29', 1, 1),
(153, 153, 'Rumänien', '+40', 'RO', '[]', 1, '2018-10-15 14:12:29', '2019-05-28 12:24:16', 1, 1),
(154, 154, 'Rwanda', '+250', 'RW', '', 1, '2018-10-15 14:12:29', '2018-10-15 14:12:29', 1, 1),
(155, 155, 'Samoa', '+685', 'WS', '', 1, '2018-10-15 14:12:29', '2018-10-15 14:12:29', 1, 1),
(156, 156, 'San Marino', '+378', 'SM', '', 1, '2018-10-15 14:12:29', '2018-10-15 14:12:29', 1, 1),
(157, 157, 'Saudi Arabia', '+966', 'SA', '', 1, '2018-10-15 14:12:29', '2018-10-15 14:12:29', 1, 1),
(158, 158, 'Senegal', '+221', 'SN', '', 1, '2018-10-15 14:12:29', '2018-10-15 14:12:29', 1, 1),
(159, 159, 'Serbien', '+381', 'RS', '[]', 1, '2018-10-15 14:12:29', '2019-05-28 12:25:09', 1, 1),
(160, 160, 'Seychelles', '+248', 'SC', '', 1, '2018-10-15 14:12:29', '2018-10-15 14:12:29', 1, 1),
(161, 161, 'Sierra Leone', '+232', 'SL', '', 1, '2018-10-15 14:12:29', '2018-10-15 14:12:29', 1, 1),
(162, 162, 'Singapore', '+65', 'SG', '', 1, '2018-10-15 14:12:29', '2018-10-15 14:12:29', 1, 1),
(163, 163, 'Slowakei', '+421', 'SK', '[]', 1, '2018-10-15 14:12:29', '2019-05-28 12:25:48', 1, 1),
(164, 164, 'Slowenien', '+386', 'SI', '[]', 1, '2018-10-15 14:12:29', '2019-05-28 12:26:17', 1, 1),
(165, 165, 'Solomon Islands', '+677', 'SB', '', 1, '2018-10-15 14:12:29', '2018-10-15 14:12:29', 1, 1),
(166, 166, 'South Africa', '+27', 'ZA', '', 1, '2018-10-15 14:12:29', '2018-10-15 14:12:29', 1, 1),
(167, 167, 'South Georgia', '+500', 'GS', '', 1, '2018-10-15 14:12:29', '2018-10-15 14:12:29', 1, 1),
(168, 168, 'Spanien', '+34', 'ES', '[]', 1, '2018-10-15 14:12:29', '2019-05-28 12:27:12', 1, 1),
(169, 169, 'Sri Lanka', '+94', 'LK', '', 1, '2018-10-15 14:12:29', '2018-10-15 14:12:29', 1, 1),
(170, 170, 'Sudan', '+249', 'SD', '', 1, '2018-10-15 14:12:30', '2018-10-15 14:12:30', 1, 1),
(171, 171, 'Suriname', '+597', 'SR', '', 1, '2018-10-15 14:12:30', '2018-10-15 14:12:30', 1, 1),
(172, 172, 'Swaziland', '+268', 'SZ', '', 1, '2018-10-15 14:12:30', '2018-10-15 14:12:30', 1, 1),
(173, 173, 'Schweden', '+46', 'SE', '[]', 1, '2018-10-15 14:12:30', '2019-05-28 12:27:47', 1, 1),
(174, 174, 'Schweiz', '+41', 'CH', '[]', 1, '2018-10-15 14:12:30', '2019-05-28 12:28:12', 1, 1),
(175, 175, 'Tajikistan', '+992', 'TJ', '', 1, '2018-10-15 14:12:30', '2018-10-15 14:12:30', 1, 1),
(176, 176, 'Thailand', '+66', 'TH', '', 1, '2018-10-15 14:12:30', '2018-10-15 14:12:30', 1, 1),
(177, 177, 'Togo', '+228', 'TG', '', 1, '2018-10-15 14:12:30', '2018-10-15 14:12:30', 1, 1),
(178, 178, 'Tokelau', '+690', 'TK', '', 1, '2018-10-15 14:12:30', '2018-10-15 14:12:30', 1, 1),
(179, 179, 'Tonga', '+676', 'TO', '', 1, '2018-10-15 14:12:30', '2018-10-15 14:12:30', 1, 1),
(180, 180, 'Trinidad and Tobago', '+1 868', 'TT', '', 1, '2018-10-15 14:12:30', '2018-10-15 14:12:30', 1, 1),
(181, 181, 'Tunisia', '+216', 'TN', '', 1, '2018-10-15 14:12:30', '2018-10-15 14:12:30', 1, 1),
(182, 182, 'Türkei', '+90', 'TR', '[]', 1, '2018-10-15 14:12:30', '2019-05-28 12:29:36', 1, 1),
(183, 183, 'Turkmenistan', '+993', 'TM', '', 1, '2018-10-15 14:12:30', '2018-10-15 14:12:30', 1, 1),
(184, 184, 'Turks and Caicos Islands', '+1 649', 'TC', '', 1, '2018-10-15 14:12:30', '2018-10-15 14:12:30', 1, 1),
(185, 185, 'Tuvalu', '+688', 'TV', '', 1, '2018-10-15 14:12:30', '2018-10-15 14:12:30', 1, 1),
(186, 186, 'Uganda', '+256', 'UG', '', 1, '2018-10-15 14:12:30', '2018-10-15 14:12:30', 1, 1),
(187, 187, 'Ukraine', '+380', 'UA', '[]', 1, '2018-10-15 14:12:30', '2019-05-28 12:36:23', 1, 1),
(188, 188, 'United Arab Emirates', '+971', 'AE', '', 1, '2018-10-15 14:12:30', '2018-10-15 14:12:30', 1, 1),
(189, 189, 'Vereinigtes Königreich', '+44', 'GB', '[]', 1, '2018-10-15 14:12:30', '2019-05-28 12:37:18', 1, 1),
(190, 190, 'Vereinigte Staaten', '+1', 'US', '[]', 1, '2018-10-15 14:12:31', '2019-05-28 12:38:20', 1, 1),
(191, 191, 'Uruguay', '+598', 'UY', '', 1, '2018-10-15 14:12:31', '2018-10-15 14:12:31', 1, 1),
(192, 192, 'Uzbekistan', '+998', 'UZ', '', 1, '2018-10-15 14:12:31', '2018-10-15 14:12:31', 1, 1),
(193, 193, 'Vanuatu', '+678', 'VU', '', 1, '2018-10-15 14:12:31', '2018-10-15 14:12:31', 1, 1),
(194, 194, 'Wallis and Futuna', '+681', 'WF', '', 1, '2018-10-15 14:12:31', '2018-10-15 14:12:31', 1, 1),
(195, 195, 'Yemen', '+967', 'YE', '', 1, '2018-10-15 14:12:31', '2018-10-15 14:12:31', 1, 1),
(196, 196, 'Zambia', '+260', 'ZM', '', 1, '2018-10-15 14:12:31', '2018-10-15 14:12:31', 1, 1),
(197, 197, 'Zimbabwe', '+263', 'ZW', '', 1, '2018-10-15 14:12:31', '2018-10-15 14:12:31', 1, 1),
(203, 123, '', '', '', '', 1, '2019-02-25 12:51:28', '2019-02-25 12:51:28', 1, 1),
(204, 131, '', '', '', '', 1, '2019-02-25 12:51:28', '2019-02-25 12:51:28', 1, 1),
(205, 3, '', '', '', '', 2, '2019-02-25 12:51:28', '2019-02-25 12:51:28', 1, 1),
(206, 4, '', '', '', '', 2, '2019-02-25 12:51:28', '2019-02-25 12:51:28', 1, 1),
(207, 5, '', '', '', '', 2, '2019-02-25 12:51:28', '2019-02-25 12:51:28', 1, 1),
(208, 6, '', '', '', '', 2, '2019-02-25 12:51:28', '2019-02-25 12:51:28', 1, 1),
(209, 7, '', '', '', '', 2, '2019-02-25 12:51:28', '2019-02-25 12:51:28', 1, 1),
(210, 8, '', '', '', '', 2, '2019-02-25 12:51:29', '2019-02-25 12:51:29', 1, 1),
(211, 9, '', '', '', '', 2, '2019-02-25 12:51:29', '2019-02-25 12:51:29', 1, 1),
(212, 10, '', '', '', '', 2, '2019-02-25 12:51:29', '2019-02-25 12:51:29', 1, 1),
(213, 11, '', '', '', '', 2, '2019-02-25 12:51:29', '2019-02-25 12:51:29', 1, 1),
(214, 12, '', '', '', '', 2, '2019-02-25 12:51:29', '2019-02-25 12:51:29', 1, 1),
(215, 13, '', '', '', '', 2, '2019-02-25 12:51:29', '2019-02-25 12:51:29', 1, 1),
(216, 14, '', '', '', '', 2, '2019-02-25 12:51:29', '2019-02-25 12:51:29', 1, 1),
(217, 15, '', '', '', '', 2, '2019-02-25 12:51:29', '2019-02-25 12:51:29', 1, 1),
(218, 16, '', '', '', '', 2, '2019-02-25 12:51:29', '2019-02-25 12:51:29', 1, 1),
(219, 17, '', '', '', '', 2, '2019-02-25 12:51:29', '2019-02-25 12:51:29', 1, 1),
(220, 18, '', '', '', '', 2, '2019-02-25 12:51:29', '2019-02-25 12:51:29', 1, 1),
(221, 19, '', '', '', '', 2, '2019-02-25 12:51:29', '2019-02-25 12:51:29', 1, 1),
(222, 20, '', '', '', '', 2, '2019-02-25 12:51:29', '2019-02-25 12:51:29', 1, 1),
(223, 21, '', '', '', '', 2, '2019-02-25 12:51:29', '2019-02-25 12:51:29', 1, 1),
(224, 22, '', '', '', '', 2, '2019-02-25 12:51:29', '2019-02-25 12:51:29', 1, 1),
(225, 23, '', '', '', '', 2, '2019-02-25 12:51:29', '2019-02-25 12:51:29', 1, 1),
(226, 24, '', '', '', '', 2, '2019-02-25 12:51:29', '2019-02-25 12:51:29', 1, 1),
(227, 25, '', '', '', '', 2, '2019-02-25 12:51:29', '2019-02-25 12:51:29', 1, 1),
(228, 26, '', '', '', '', 2, '2019-02-25 12:51:29', '2019-02-25 12:51:29', 1, 1),
(229, 27, '', '', '', '', 2, '2019-02-25 12:51:29', '2019-02-25 12:51:29', 1, 1),
(230, 28, '', '', '', '', 2, '2019-02-25 12:51:29', '2019-02-25 12:51:29', 1, 1),
(231, 29, '', '', '', '', 2, '2019-02-25 12:51:29', '2019-02-25 12:51:29', 1, 1),
(232, 31, '', '', '', '', 2, '2019-02-25 12:51:29', '2019-02-25 12:51:29', 1, 1),
(233, 32, '', '', '', '', 2, '2019-02-25 12:51:29', '2019-02-25 12:51:29', 1, 1),
(234, 33, '', '', '', '', 2, '2019-02-25 12:51:29', '2019-02-25 12:51:29', 1, 1),
(235, 34, '', '', '', '', 2, '2019-02-25 12:51:29', '2019-02-25 12:51:29', 1, 1),
(236, 35, '', '', '', '', 2, '2019-02-25 12:51:29', '2019-02-25 12:51:29', 1, 1),
(237, 36, '', '', '', '', 2, '2019-02-25 12:51:29', '2019-02-25 12:51:29', 1, 1),
(238, 37, '', '', '', '', 2, '2019-02-25 12:51:29', '2019-02-25 12:51:29', 1, 1),
(239, 38, '', '', '', '', 2, '2019-02-25 12:51:29', '2019-02-25 12:51:29', 1, 1),
(240, 39, '', '', '', '', 2, '2019-02-25 12:51:29', '2019-02-25 12:51:29', 1, 1),
(241, 40, '', '', '', '', 2, '2019-02-25 12:51:29', '2019-02-25 12:51:29', 1, 1),
(242, 42, '', '', '', '', 2, '2019-02-25 12:51:29', '2019-02-25 12:51:29', 1, 1),
(243, 43, '', '', '', '', 2, '2019-02-25 12:51:29', '2019-02-25 12:51:29', 1, 1),
(244, 44, '', '', '', '', 2, '2019-02-25 12:51:29', '2019-02-25 12:51:29', 1, 1),
(245, 45, '', '', '', '', 2, '2019-02-25 12:51:29', '2019-02-25 12:51:29', 1, 1),
(246, 46, '', '', '', '', 2, '2019-02-25 12:51:29', '2019-02-25 12:51:29', 1, 1),
(247, 47, '', '', '', '', 2, '2019-02-25 12:51:29', '2019-02-25 12:51:29', 1, 1),
(248, 48, '', '', '', '', 2, '2019-02-25 12:51:29', '2019-02-25 12:51:29', 1, 1),
(249, 49, '', '', '', '', 2, '2019-02-25 12:51:29', '2019-02-25 12:51:29', 1, 1),
(250, 51, '', '', '', '', 2, '2019-02-25 12:51:29', '2019-02-25 12:51:29', 1, 1),
(251, 52, '', '', '', '', 2, '2019-02-25 12:51:29', '2019-02-25 12:51:29', 1, 1),
(252, 53, '', '', '', '', 2, '2019-02-25 12:51:29', '2019-02-25 12:51:29', 1, 1),
(253, 54, '', '', '', '', 2, '2019-02-25 12:51:29', '2019-02-25 12:51:29', 1, 1),
(254, 55, '', '', '', '', 2, '2019-02-25 12:51:29', '2019-02-25 12:51:29', 1, 1),
(255, 56, '', '', '', '', 2, '2019-02-25 12:51:29', '2019-02-25 12:51:29', 1, 1),
(256, 57, '', '', '', '', 2, '2019-02-25 12:51:29', '2019-02-25 12:51:29', 1, 1),
(257, 58, '', '', '', '', 2, '2019-02-25 12:51:29', '2019-02-25 12:51:29', 1, 1),
(258, 59, '', '', '', '', 2, '2019-02-25 12:51:29', '2019-02-25 12:51:29', 1, 1),
(259, 60, '', '', '', '', 2, '2019-02-25 12:51:29', '2019-02-25 12:51:29', 1, 1),
(260, 61, '', '', '', '', 2, '2019-02-25 12:51:29', '2019-02-25 12:51:29', 1, 1),
(261, 62, '', '', '', '', 2, '2019-02-25 12:51:29', '2019-02-25 12:51:29', 1, 1),
(262, 63, '', '', '', '', 2, '2019-02-25 12:51:29', '2019-02-25 12:51:29', 1, 1),
(263, 64, '', '', '', '', 2, '2019-02-25 12:51:29', '2019-02-25 12:51:29', 1, 1),
(264, 65, '', '', '', '', 2, '2019-02-25 12:51:29', '2019-02-25 12:51:29', 1, 1),
(265, 66, '', '', '', '', 2, '2019-02-25 12:51:29', '2019-02-25 12:51:29', 1, 1),
(266, 67, '', '', '', '', 2, '2019-02-25 12:51:29', '2019-02-25 12:51:29', 1, 1),
(267, 68, '', '', '', '', 2, '2019-02-25 12:51:29', '2019-02-25 12:51:29', 1, 1),
(268, 69, '', '', '', '', 2, '2019-02-25 12:51:29', '2019-02-25 12:51:29', 1, 1),
(269, 70, '', '', '', '', 2, '2019-02-25 12:51:29', '2019-02-25 12:51:29', 1, 1),
(270, 71, '', '', '', '', 2, '2019-02-25 12:51:29', '2019-02-25 12:51:29', 1, 1),
(271, 72, 'Germany', '+49', 'DE', '[]', 2, '2019-02-25 12:51:29', '2019-05-29 11:17:56', 1, 1),
(272, 73, '', '', '', '', 2, '2019-02-25 12:51:29', '2019-02-25 12:51:29', 1, 1),
(273, 74, '', '', '', '', 2, '2019-02-25 12:51:29', '2019-02-25 12:51:29', 1, 1),
(274, 75, '', '', '', '', 2, '2019-02-25 12:51:29', '2019-02-25 12:51:29', 1, 1),
(275, 76, '', '', '', '', 2, '2019-02-25 12:51:29', '2019-02-25 12:51:29', 1, 1),
(276, 77, '', '', '', '', 2, '2019-02-25 12:51:29', '2019-02-25 12:51:29', 1, 1),
(277, 78, '', '', '', '', 2, '2019-02-25 12:51:29', '2019-02-25 12:51:29', 1, 1),
(278, 79, '', '', '', '', 2, '2019-02-25 12:51:29', '2019-02-25 12:51:29', 1, 1),
(279, 80, '', '', '', '', 2, '2019-02-25 12:51:29', '2019-02-25 12:51:29', 1, 1),
(280, 81, '', '', '', '', 2, '2019-02-25 12:51:29', '2019-02-25 12:51:29', 1, 1),
(281, 82, '', '', '', '', 2, '2019-02-25 12:51:29', '2019-02-25 12:51:29', 1, 1),
(282, 83, '', '', '', '', 2, '2019-02-25 12:51:29', '2019-02-25 12:51:29', 1, 1),
(283, 84, '', '', '', '', 2, '2019-02-25 12:51:29', '2019-02-25 12:51:29', 1, 1),
(284, 85, '', '', '', '', 2, '2019-02-25 12:51:29', '2019-02-25 12:51:29', 1, 1),
(285, 86, '', '', '', '', 2, '2019-02-25 12:51:29', '2019-02-25 12:51:29', 1, 1),
(286, 87, '', '', '', '', 2, '2019-02-25 12:51:30', '2019-02-25 12:51:30', 1, 1),
(287, 88, '', '', '', '', 2, '2019-02-25 12:51:30', '2019-02-25 12:51:30', 1, 1),
(288, 89, '', '', '', '', 2, '2019-02-25 12:51:30', '2019-02-25 12:51:30', 1, 1),
(289, 90, '', '', '', '', 2, '2019-02-25 12:51:30', '2019-02-25 12:51:30', 1, 1),
(290, 91, '', '', '', '', 2, '2019-02-25 12:51:30', '2019-02-25 12:51:30', 1, 1),
(291, 92, '', '', '', '', 2, '2019-02-25 12:51:30', '2019-02-25 12:51:30', 1, 1),
(292, 93, '', '', '', '', 2, '2019-02-25 12:51:30', '2019-02-25 12:51:30', 1, 1),
(293, 94, '', '', '', '', 2, '2019-02-25 12:51:30', '2019-02-25 12:51:30', 1, 1),
(294, 95, '', '', '', '', 2, '2019-02-25 12:51:30', '2019-02-25 12:51:30', 1, 1),
(295, 96, '', '', '', '', 2, '2019-02-25 12:51:30', '2019-02-25 12:51:30', 1, 1),
(296, 97, '', '', '', '', 2, '2019-02-25 12:51:30', '2019-02-25 12:51:30', 1, 1),
(297, 98, '', '', '', '', 2, '2019-02-25 12:51:30', '2019-02-25 12:51:30', 1, 1),
(298, 99, '', '', '', '', 2, '2019-02-25 12:51:30', '2019-02-25 12:51:30', 1, 1),
(299, 100, '', '', '', '', 2, '2019-02-25 12:51:30', '2019-02-25 12:51:30', 1, 1),
(300, 101, '', '', '', '', 2, '2019-02-25 12:51:30', '2019-02-25 12:51:30', 1, 1),
(301, 102, '', '', '', '', 2, '2019-02-25 12:51:30', '2019-02-25 12:51:30', 1, 1),
(302, 103, '', '', '', '', 2, '2019-02-25 12:51:30', '2019-02-25 12:51:30', 1, 1),
(303, 104, '', '', '', '', 2, '2019-02-25 12:51:30', '2019-02-25 12:51:30', 1, 1),
(304, 105, '', '', '', '', 2, '2019-02-25 12:51:30', '2019-02-25 12:51:30', 1, 1),
(305, 106, '', '', '', '', 2, '2019-02-25 12:51:30', '2019-02-25 12:51:30', 1, 1),
(306, 107, '', '', '', '', 2, '2019-02-25 12:51:30', '2019-02-25 12:51:30', 1, 1),
(307, 108, '', '', '', '', 2, '2019-02-25 12:51:30', '2019-02-25 12:51:30', 1, 1),
(308, 109, '', '', '', '', 2, '2019-02-25 12:51:30', '2019-02-25 12:51:30', 1, 1),
(309, 110, '', '', '', '', 2, '2019-02-25 12:51:30', '2019-02-25 12:51:30', 1, 1),
(310, 111, '', '', '', '', 2, '2019-02-25 12:51:30', '2019-02-25 12:51:30', 1, 1),
(311, 112, '', '', '', '', 2, '2019-02-25 12:51:30', '2019-02-25 12:51:30', 1, 1),
(312, 113, '', '', '', '', 2, '2019-02-25 12:51:30', '2019-02-25 12:51:30', 1, 1),
(313, 114, '', '', '', '', 2, '2019-02-25 12:51:30', '2019-02-25 12:51:30', 1, 1),
(314, 115, '', '', '', '', 2, '2019-02-25 12:51:30', '2019-02-25 12:51:30', 1, 1),
(315, 116, '', '', '', '', 2, '2019-02-25 12:51:30', '2019-02-25 12:51:30', 1, 1),
(316, 117, '', '', '', '', 2, '2019-02-25 12:51:30', '2019-02-25 12:51:30', 1, 1),
(317, 118, '', '', '', '', 2, '2019-02-25 12:51:30', '2019-02-25 12:51:30', 1, 1),
(318, 119, '', '', '', '', 2, '2019-02-25 12:51:30', '2019-02-25 12:51:30', 1, 1),
(319, 120, '', '', '', '', 2, '2019-02-25 12:51:30', '2019-02-25 12:51:30', 1, 1),
(320, 121, '', '', '', '', 2, '2019-02-25 12:51:30', '2019-02-25 12:51:30', 1, 1),
(321, 122, '', '', '', '', 2, '2019-02-25 12:51:30', '2019-02-25 12:51:30', 1, 1),
(322, 123, '', '', '', '', 2, '2019-02-25 12:51:30', '2019-02-25 12:51:30', 1, 1),
(323, 124, '', '', '', '', 2, '2019-02-25 12:51:30', '2019-02-25 12:51:30', 1, 1),
(324, 125, '', '', '', '', 2, '2019-02-25 12:51:30', '2019-02-25 12:51:30', 1, 1),
(325, 126, '', '', '', '', 2, '2019-02-25 12:51:30', '2019-02-25 12:51:30', 1, 1),
(326, 127, '', '', '', '', 2, '2019-02-25 12:51:30', '2019-02-25 12:51:30', 1, 1),
(327, 128, '', '', '', '', 2, '2019-02-25 12:51:30', '2019-02-25 12:51:30', 1, 1),
(328, 129, '', '', '', '', 2, '2019-02-25 12:51:30', '2019-02-25 12:51:30', 1, 1),
(329, 130, '', '', '', '', 2, '2019-02-25 12:51:30', '2019-02-25 12:51:30', 1, 1),
(330, 131, '', '', '', '', 2, '2019-02-25 12:51:30', '2019-02-25 12:51:30', 1, 1),
(331, 132, '', '', '', '', 2, '2019-02-25 12:51:30', '2019-02-25 12:51:30', 1, 1),
(332, 133, '', '', '', '', 2, '2019-02-25 12:51:30', '2019-02-25 12:51:30', 1, 1),
(333, 134, '', '', '', '', 2, '2019-02-25 12:51:30', '2019-02-25 12:51:30', 1, 1),
(334, 135, '', '', '', '', 2, '2019-02-25 12:51:30', '2019-02-25 12:51:30', 1, 1),
(335, 136, '', '', '', '', 2, '2019-02-25 12:51:30', '2019-02-25 12:51:30', 1, 1),
(336, 137, '', '', '', '', 2, '2019-02-25 12:51:30', '2019-02-25 12:51:30', 1, 1),
(337, 138, '', '', '', '', 2, '2019-02-25 12:51:30', '2019-02-25 12:51:30', 1, 1),
(338, 139, '', '', '', '', 2, '2019-02-25 12:51:30', '2019-02-25 12:51:30', 1, 1),
(339, 140, '', '', '', '', 2, '2019-02-25 12:51:30', '2019-02-25 12:51:30', 1, 1),
(340, 141, '', '', '', '', 2, '2019-02-25 12:51:30', '2019-02-25 12:51:30', 1, 1),
(341, 142, '', '', '', '', 2, '2019-02-25 12:51:30', '2019-02-25 12:51:30', 1, 1),
(342, 143, '', '', '', '', 2, '2019-02-25 12:51:30', '2019-02-25 12:51:30', 1, 1),
(343, 144, '', '', '', '', 2, '2019-02-25 12:51:30', '2019-02-25 12:51:30', 1, 1),
(344, 145, '', '', '', '', 2, '2019-02-25 12:51:30', '2019-02-25 12:51:30', 1, 1),
(345, 146, '', '', '', '', 2, '2019-02-25 12:51:30', '2019-02-25 12:51:30', 1, 1),
(346, 147, '', '', '', '', 2, '2019-02-25 12:51:30', '2019-02-25 12:51:30', 1, 1),
(347, 148, '', '', '', '', 2, '2019-02-25 12:51:30', '2019-02-25 12:51:30', 1, 1),
(348, 149, '', '', '', '', 2, '2019-02-25 12:51:30', '2019-02-25 12:51:30', 1, 1),
(349, 150, '', '', '', '', 2, '2019-02-25 12:51:30', '2019-02-25 12:51:30', 1, 1),
(350, 151, '', '', '', '', 2, '2019-02-25 12:51:30', '2019-02-25 12:51:30', 1, 1),
(351, 152, '', '', '', '', 2, '2019-02-25 12:51:30', '2019-02-25 12:51:30', 1, 1),
(352, 153, '', '', '', '', 2, '2019-02-25 12:51:30', '2019-02-25 12:51:30', 1, 1),
(353, 154, '', '', '', '', 2, '2019-02-25 12:51:30', '2019-02-25 12:51:30', 1, 1),
(354, 155, '', '', '', '', 2, '2019-02-25 12:51:30', '2019-02-25 12:51:30', 1, 1),
(355, 156, '', '', '', '', 2, '2019-02-25 12:51:30', '2019-02-25 12:51:30', 1, 1),
(356, 157, '', '', '', '', 2, '2019-02-25 12:51:30', '2019-02-25 12:51:30', 1, 1),
(357, 158, '', '', '', '', 2, '2019-02-25 12:51:30', '2019-02-25 12:51:30', 1, 1),
(358, 159, '', '', '', '', 2, '2019-02-25 12:51:31', '2019-02-25 12:51:31', 1, 1),
(359, 160, '', '', '', '', 2, '2019-02-25 12:51:31', '2019-02-25 12:51:31', 1, 1),
(360, 161, '', '', '', '', 2, '2019-02-25 12:51:31', '2019-02-25 12:51:31', 1, 1),
(361, 162, '', '', '', '', 2, '2019-02-25 12:51:31', '2019-02-25 12:51:31', 1, 1),
(362, 163, '', '', '', '', 2, '2019-02-25 12:51:31', '2019-02-25 12:51:31', 1, 1),
(363, 164, '', '', '', '', 2, '2019-02-25 12:51:31', '2019-02-25 12:51:31', 1, 1),
(364, 165, '', '', '', '', 2, '2019-02-25 12:51:31', '2019-02-25 12:51:31', 1, 1),
(365, 166, '', '', '', '', 2, '2019-02-25 12:51:31', '2019-02-25 12:51:31', 1, 1),
(366, 167, '', '', '', '', 2, '2019-02-25 12:51:31', '2019-02-25 12:51:31', 1, 1),
(367, 168, '', '', '', '', 2, '2019-02-25 12:51:31', '2019-02-25 12:51:31', 1, 1),
(368, 169, '', '', '', '', 2, '2019-02-25 12:51:31', '2019-02-25 12:51:31', 1, 1),
(369, 170, '', '', '', '', 2, '2019-02-25 12:51:31', '2019-02-25 12:51:31', 1, 1),
(370, 171, '', '', '', '', 2, '2019-02-25 12:51:31', '2019-02-25 12:51:31', 1, 1),
(371, 172, '', '', '', '', 2, '2019-02-25 12:51:31', '2019-02-25 12:51:31', 1, 1),
(372, 173, '', '', '', '', 2, '2019-02-25 12:51:31', '2019-02-25 12:51:31', 1, 1),
(373, 174, '', '', '', '', 2, '2019-02-25 12:51:31', '2019-02-25 12:51:31', 1, 1),
(374, 175, '', '', '', '', 2, '2019-02-25 12:51:31', '2019-02-25 12:51:31', 1, 1),
(375, 176, '', '', '', '', 2, '2019-02-25 12:51:31', '2019-02-25 12:51:31', 1, 1),
(376, 177, '', '', '', '', 2, '2019-02-25 12:51:31', '2019-02-25 12:51:31', 1, 1),
(377, 178, '', '', '', '', 2, '2019-02-25 12:51:31', '2019-02-25 12:51:31', 1, 1),
(378, 179, '', '', '', '', 2, '2019-02-25 12:51:31', '2019-02-25 12:51:31', 1, 1),
(379, 180, '', '', '', '', 2, '2019-02-25 12:51:31', '2019-02-25 12:51:31', 1, 1),
(380, 181, '', '', '', '', 2, '2019-02-25 12:51:31', '2019-02-25 12:51:31', 1, 1),
(381, 182, '', '', '', '', 2, '2019-02-25 12:51:31', '2019-02-25 12:51:31', 1, 1),
(382, 183, '', '', '', '', 2, '2019-02-25 12:51:31', '2019-02-25 12:51:31', 1, 1),
(383, 184, '', '', '', '', 2, '2019-02-25 12:51:31', '2019-02-25 12:51:31', 1, 1),
(384, 185, '', '', '', '', 2, '2019-02-25 12:51:31', '2019-02-25 12:51:31', 1, 1),
(385, 186, '', '', '', '', 2, '2019-02-25 12:51:31', '2019-02-25 12:51:31', 1, 1),
(386, 187, '', '', '', '', 2, '2019-02-25 12:51:31', '2019-02-25 12:51:31', 1, 1),
(387, 188, '', '', '', '', 2, '2019-02-25 12:51:31', '2019-02-25 12:51:31', 1, 1),
(388, 189, '', '', '', '', 2, '2019-02-25 12:51:31', '2019-02-25 12:51:31', 1, 1),
(389, 190, '', '', '', '', 2, '2019-02-25 12:51:31', '2019-02-25 12:51:31', 1, 1),
(390, 191, '', '', '', '', 2, '2019-02-25 12:51:31', '2019-02-25 12:51:31', 1, 1),
(391, 192, '', '', '', '', 2, '2019-02-25 12:51:31', '2019-02-25 12:51:31', 1, 1),
(392, 193, '', '', '', '', 2, '2019-02-25 12:51:31', '2019-02-25 12:51:31', 1, 1),
(393, 194, '', '', '', '', 2, '2019-02-25 12:51:31', '2019-02-25 12:51:31', 1, 1),
(394, 195, '', '', '', '', 2, '2019-02-25 12:51:31', '2019-02-25 12:51:31', 1, 1),
(395, 196, '', '', '', '', 2, '2019-02-25 12:51:31', '2019-02-25 12:51:31', 1, 1),
(396, 197, '', '', '', '', 2, '2019-02-25 12:51:31', '2019-02-25 12:51:31', 1, 1),
(397, 3, '', '', '', '', 3, '2019-02-25 12:51:31', '2019-02-25 12:51:31', 1, 1),
(398, 4, '', '', '', '', 3, '2019-02-25 12:51:31', '2019-02-25 12:51:31', 1, 1),
(399, 5, '', '', '', '', 3, '2019-02-25 12:51:31', '2019-02-25 12:51:31', 1, 1),
(400, 6, '', '', '', '', 3, '2019-02-25 12:51:31', '2019-02-25 12:51:31', 1, 1),
(401, 7, '', '', '', '', 3, '2019-02-25 12:51:31', '2019-02-25 12:51:31', 1, 1),
(402, 8, '', '', '', '', 3, '2019-02-25 12:51:31', '2019-02-25 12:51:31', 1, 1),
(403, 9, '', '', '', '', 3, '2019-02-25 12:51:31', '2019-02-25 12:51:31', 1, 1),
(404, 10, '', '', '', '', 3, '2019-02-25 12:51:31', '2019-02-25 12:51:31', 1, 1),
(405, 11, '', '', '', '', 3, '2019-02-25 12:51:31', '2019-02-25 12:51:31', 1, 1),
(406, 12, '', '', '', '', 3, '2019-02-25 12:51:31', '2019-02-25 12:51:31', 1, 1),
(407, 13, '', '', '', '', 3, '2019-02-25 12:51:31', '2019-02-25 12:51:31', 1, 1),
(408, 14, '', '', '', '', 3, '2019-02-25 12:51:31', '2019-02-25 12:51:31', 1, 1),
(409, 15, '', '', '', '', 3, '2019-02-25 12:51:31', '2019-02-25 12:51:31', 1, 1),
(410, 16, '', '', '', '', 3, '2019-02-25 12:51:31', '2019-02-25 12:51:31', 1, 1),
(411, 17, '', '', '', '', 3, '2019-02-25 12:51:31', '2019-02-25 12:51:31', 1, 1),
(412, 18, '', '', '', '', 3, '2019-02-25 12:51:31', '2019-02-25 12:51:31', 1, 1),
(413, 19, '', '', '', '', 3, '2019-02-25 12:51:31', '2019-02-25 12:51:31', 1, 1),
(414, 20, '', '', '', '', 3, '2019-02-25 12:51:31', '2019-02-25 12:51:31', 1, 1),
(415, 21, '', '', '', '', 3, '2019-02-25 12:51:31', '2019-02-25 12:51:31', 1, 1),
(416, 22, '', '', '', '', 3, '2019-02-25 12:51:31', '2019-02-25 12:51:31', 1, 1),
(417, 23, '', '', '', '', 3, '2019-02-25 12:51:31', '2019-02-25 12:51:31', 1, 1),
(418, 24, '', '', '', '', 3, '2019-02-25 12:51:31', '2019-02-25 12:51:31', 1, 1),
(419, 25, '', '', '', '', 3, '2019-02-25 12:51:31', '2019-02-25 12:51:31', 1, 1),
(420, 26, '', '', '', '', 3, '2019-02-25 12:51:31', '2019-02-25 12:51:31', 1, 1),
(421, 27, '', '', '', '', 3, '2019-02-25 12:51:31', '2019-02-25 12:51:31', 1, 1),
(422, 28, '', '', '', '', 3, '2019-02-25 12:51:31', '2019-02-25 12:51:31', 1, 1),
(423, 29, '', '', '', '', 3, '2019-02-25 12:51:31', '2019-02-25 12:51:31', 1, 1),
(424, 31, '', '', '', '', 3, '2019-02-25 12:51:31', '2019-02-25 12:51:31', 1, 1),
(425, 32, '', '', '', '', 3, '2019-02-25 12:51:31', '2019-02-25 12:51:31', 1, 1),
(426, 33, '', '', '', '', 3, '2019-02-25 12:51:31', '2019-02-25 12:51:31', 1, 1),
(427, 34, '', '', '', '', 3, '2019-02-25 12:51:31', '2019-02-25 12:51:31', 1, 1),
(428, 35, '', '', '', '', 3, '2019-02-25 12:51:31', '2019-02-25 12:51:31', 1, 1),
(429, 36, '', '', '', '', 3, '2019-02-25 12:51:32', '2019-02-25 12:51:32', 1, 1),
(430, 37, '', '', '', '', 3, '2019-02-25 12:51:32', '2019-02-25 12:51:32', 1, 1),
(431, 38, '', '', '', '', 3, '2019-02-25 12:51:32', '2019-02-25 12:51:32', 1, 1),
(432, 39, '', '', '', '', 3, '2019-02-25 12:51:32', '2019-02-25 12:51:32', 1, 1),
(433, 40, '', '', '', '', 3, '2019-02-25 12:51:32', '2019-02-25 12:51:32', 1, 1),
(434, 42, '', '', '', '', 3, '2019-02-25 12:51:32', '2019-02-25 12:51:32', 1, 1),
(435, 43, '', '', '', '', 3, '2019-02-25 12:51:32', '2019-02-25 12:51:32', 1, 1),
(436, 44, '', '', '', '', 3, '2019-02-25 12:51:32', '2019-02-25 12:51:32', 1, 1),
(437, 45, '', '', '', '', 3, '2019-02-25 12:51:32', '2019-02-25 12:51:32', 1, 1),
(438, 46, '', '', '', '', 3, '2019-02-25 12:51:32', '2019-02-25 12:51:32', 1, 1),
(439, 47, '', '', '', '', 3, '2019-02-25 12:51:32', '2019-02-25 12:51:32', 1, 1),
(440, 48, '', '', '', '', 3, '2019-02-25 12:51:32', '2019-02-25 12:51:32', 1, 1),
(441, 49, '', '', '', '', 3, '2019-02-25 12:51:32', '2019-02-25 12:51:32', 1, 1),
(442, 51, '', '', '', '', 3, '2019-02-25 12:51:32', '2019-02-25 12:51:32', 1, 1),
(443, 52, '', '', '', '', 3, '2019-02-25 12:51:32', '2019-02-25 12:51:32', 1, 1),
(444, 53, '', '', '', '', 3, '2019-02-25 12:51:32', '2019-02-25 12:51:32', 1, 1),
(445, 54, '', '', '', '', 3, '2019-02-25 12:51:32', '2019-02-25 12:51:32', 1, 1),
(446, 55, '', '', '', '', 3, '2019-02-25 12:51:32', '2019-02-25 12:51:32', 1, 1),
(447, 56, '', '', '', '', 3, '2019-02-25 12:51:32', '2019-02-25 12:51:32', 1, 1),
(448, 57, '', '', '', '', 3, '2019-02-25 12:51:32', '2019-02-25 12:51:32', 1, 1),
(449, 58, '', '', '', '', 3, '2019-02-25 12:51:32', '2019-02-25 12:51:32', 1, 1),
(450, 59, '', '', '', '', 3, '2019-02-25 12:51:32', '2019-02-25 12:51:32', 1, 1),
(451, 60, '', '', '', '', 3, '2019-02-25 12:51:32', '2019-02-25 12:51:32', 1, 1),
(452, 61, '', '', '', '', 3, '2019-02-25 12:51:32', '2019-02-25 12:51:32', 1, 1),
(453, 62, '', '', '', '', 3, '2019-02-25 12:51:32', '2019-02-25 12:51:32', 1, 1),
(454, 63, '', '', '', '', 3, '2019-02-25 12:51:32', '2019-02-25 12:51:32', 1, 1),
(455, 64, '', '', '', '', 3, '2019-02-25 12:51:32', '2019-02-25 12:51:32', 1, 1),
(456, 65, '', '', '', '', 3, '2019-02-25 12:51:32', '2019-02-25 12:51:32', 1, 1),
(457, 66, '', '', '', '', 3, '2019-02-25 12:51:32', '2019-02-25 12:51:32', 1, 1),
(458, 67, '', '', '', '', 3, '2019-02-25 12:51:32', '2019-02-25 12:51:32', 1, 1),
(459, 68, '', '', '', '', 3, '2019-02-25 12:51:32', '2019-02-25 12:51:32', 1, 1),
(460, 69, '', '', '', '', 3, '2019-02-25 12:51:32', '2019-02-25 12:51:32', 1, 1),
(461, 70, '', '', '', '', 3, '2019-02-25 12:51:32', '2019-02-25 12:51:32', 1, 1),
(462, 71, '', '', '', '', 3, '2019-02-25 12:51:32', '2019-02-25 12:51:32', 1, 1),
(463, 72, '', '', '', '', 3, '2019-02-25 12:51:32', '2019-02-25 12:51:32', 1, 1),
(464, 73, '', '', '', '', 3, '2019-02-25 12:51:32', '2019-02-25 12:51:32', 1, 1),
(465, 74, '', '', '', '', 3, '2019-02-25 12:51:32', '2019-02-25 12:51:32', 1, 1),
(466, 75, '', '', '', '', 3, '2019-02-25 12:51:32', '2019-02-25 12:51:32', 1, 1),
(467, 76, '', '', '', '', 3, '2019-02-25 12:51:32', '2019-02-25 12:51:32', 1, 1),
(468, 77, '', '', '', '', 3, '2019-02-25 12:51:32', '2019-02-25 12:51:32', 1, 1),
(469, 78, '', '', '', '', 3, '2019-02-25 12:51:32', '2019-02-25 12:51:32', 1, 1),
(470, 79, '', '', '', '', 3, '2019-02-25 12:51:32', '2019-02-25 12:51:32', 1, 1),
(471, 80, '', '', '', '', 3, '2019-02-25 12:51:32', '2019-02-25 12:51:32', 1, 1),
(472, 81, '', '', '', '', 3, '2019-02-25 12:51:32', '2019-02-25 12:51:32', 1, 1),
(473, 82, '', '', '', '', 3, '2019-02-25 12:51:32', '2019-02-25 12:51:32', 1, 1),
(474, 83, '', '', '', '', 3, '2019-02-25 12:51:32', '2019-02-25 12:51:32', 1, 1),
(475, 84, '', '', '', '', 3, '2019-02-25 12:51:32', '2019-02-25 12:51:32', 1, 1),
(476, 85, '', '', '', '', 3, '2019-02-25 12:51:32', '2019-02-25 12:51:32', 1, 1),
(477, 86, '', '', '', '', 3, '2019-02-25 12:51:32', '2019-02-25 12:51:32', 1, 1),
(478, 87, '', '', '', '', 3, '2019-02-25 12:51:32', '2019-02-25 12:51:32', 1, 1),
(479, 88, '', '', '', '', 3, '2019-02-25 12:51:32', '2019-02-25 12:51:32', 1, 1),
(480, 89, '', '', '', '', 3, '2019-02-25 12:51:32', '2019-02-25 12:51:32', 1, 1),
(481, 90, '', '', '', '', 3, '2019-02-25 12:51:32', '2019-02-25 12:51:32', 1, 1),
(482, 91, '', '', '', '', 3, '2019-02-25 12:51:32', '2019-02-25 12:51:32', 1, 1),
(483, 92, '', '', '', '', 3, '2019-02-25 12:51:32', '2019-02-25 12:51:32', 1, 1),
(484, 93, '', '', '', '', 3, '2019-02-25 12:51:32', '2019-02-25 12:51:32', 1, 1),
(485, 94, '', '', '', '', 3, '2019-02-25 12:51:32', '2019-02-25 12:51:32', 1, 1),
(486, 95, '', '', '', '', 3, '2019-02-25 12:51:32', '2019-02-25 12:51:32', 1, 1),
(487, 96, '', '', '', '', 3, '2019-02-25 12:51:32', '2019-02-25 12:51:32', 1, 1),
(488, 97, '', '', '', '', 3, '2019-02-25 12:51:32', '2019-02-25 12:51:32', 1, 1),
(489, 98, '', '', '', '', 3, '2019-02-25 12:51:32', '2019-02-25 12:51:32', 1, 1),
(490, 99, '', '', '', '', 3, '2019-02-25 12:51:32', '2019-02-25 12:51:32', 1, 1),
(491, 100, '', '', '', '', 3, '2019-02-25 12:51:32', '2019-02-25 12:51:32', 1, 1),
(492, 101, '', '', '', '', 3, '2019-02-25 12:51:32', '2019-02-25 12:51:32', 1, 1),
(493, 102, '', '', '', '', 3, '2019-02-25 12:51:32', '2019-02-25 12:51:32', 1, 1),
(494, 103, '', '', '', '', 3, '2019-02-25 12:51:32', '2019-02-25 12:51:32', 1, 1),
(495, 104, '', '', '', '', 3, '2019-02-25 12:51:32', '2019-02-25 12:51:32', 1, 1),
(496, 105, '', '', '', '', 3, '2019-02-25 12:51:32', '2019-02-25 12:51:32', 1, 1),
(497, 106, '', '', '', '', 3, '2019-02-25 12:51:32', '2019-02-25 12:51:32', 1, 1),
(498, 107, '', '', '', '', 3, '2019-02-25 12:51:32', '2019-02-25 12:51:32', 1, 1),
(499, 108, '', '', '', '', 3, '2019-02-25 12:51:32', '2019-02-25 12:51:32', 1, 1),
(500, 109, '', '', '', '', 3, '2019-02-25 12:51:32', '2019-02-25 12:51:32', 1, 1),
(501, 110, '', '', '', '', 3, '2019-02-25 12:51:32', '2019-02-25 12:51:32', 1, 1),
(502, 111, '', '', '', '', 3, '2019-02-25 12:51:32', '2019-02-25 12:51:32', 1, 1),
(503, 112, '', '', '', '', 3, '2019-02-25 12:51:32', '2019-02-25 12:51:32', 1, 1),
(504, 113, '', '', '', '', 3, '2019-02-25 12:51:32', '2019-02-25 12:51:32', 1, 1),
(505, 114, '', '', '', '', 3, '2019-02-25 12:51:32', '2019-02-25 12:51:32', 1, 1),
(506, 115, '', '', '', '', 3, '2019-02-25 12:51:32', '2019-02-25 12:51:32', 1, 1),
(507, 116, '', '', '', '', 3, '2019-02-25 12:51:32', '2019-02-25 12:51:32', 1, 1),
(508, 117, '', '', '', '', 3, '2019-02-25 12:51:33', '2019-02-25 12:51:33', 1, 1),
(509, 118, '', '', '', '', 3, '2019-02-25 12:51:33', '2019-02-25 12:51:33', 1, 1),
(510, 119, '', '', '', '', 3, '2019-02-25 12:51:33', '2019-02-25 12:51:33', 1, 1),
(511, 120, '', '', '', '', 3, '2019-02-25 12:51:33', '2019-02-25 12:51:33', 1, 1),
(512, 121, '', '', '', '', 3, '2019-02-25 12:51:33', '2019-02-25 12:51:33', 1, 1),
(513, 122, '', '', '', '', 3, '2019-02-25 12:51:33', '2019-02-25 12:51:33', 1, 1),
(514, 123, '', '', '', '', 3, '2019-02-25 12:51:33', '2019-02-25 12:51:33', 1, 1),
(515, 124, '', '', '', '', 3, '2019-02-25 12:51:33', '2019-02-25 12:51:33', 1, 1),
(516, 125, '', '', '', '', 3, '2019-02-25 12:51:33', '2019-02-25 12:51:33', 1, 1),
(517, 126, '', '', '', '', 3, '2019-02-25 12:51:33', '2019-02-25 12:51:33', 1, 1),
(518, 127, '', '', '', '', 3, '2019-02-25 12:51:33', '2019-02-25 12:51:33', 1, 1),
(519, 128, '', '', '', '', 3, '2019-02-25 12:51:33', '2019-02-25 12:51:33', 1, 1),
(520, 129, '', '', '', '', 3, '2019-02-25 12:51:33', '2019-02-25 12:51:33', 1, 1),
(521, 130, '', '', '', '', 3, '2019-02-25 12:51:33', '2019-02-25 12:51:33', 1, 1),
(522, 131, '', '', '', '', 3, '2019-02-25 12:51:33', '2019-02-25 12:51:33', 1, 1),
(523, 132, '', '', '', '', 3, '2019-02-25 12:51:33', '2019-02-25 12:51:33', 1, 1),
(524, 133, '', '', '', '', 3, '2019-02-25 12:51:33', '2019-02-25 12:51:33', 1, 1),
(525, 134, '', '', '', '', 3, '2019-02-25 12:51:33', '2019-02-25 12:51:33', 1, 1),
(526, 135, '', '', '', '', 3, '2019-02-25 12:51:33', '2019-02-25 12:51:33', 1, 1),
(527, 136, '', '', '', '', 3, '2019-02-25 12:51:33', '2019-02-25 12:51:33', 1, 1),
(528, 137, '', '', '', '', 3, '2019-02-25 12:51:33', '2019-02-25 12:51:33', 1, 1),
(529, 138, '', '', '', '', 3, '2019-02-25 12:51:33', '2019-02-25 12:51:33', 1, 1),
(530, 139, '', '', '', '', 3, '2019-02-25 12:51:33', '2019-02-25 12:51:33', 1, 1),
(531, 140, '', '', '', '', 3, '2019-02-25 12:51:33', '2019-02-25 12:51:33', 1, 1),
(532, 141, '', '', '', '', 3, '2019-02-25 12:51:33', '2019-02-25 12:51:33', 1, 1),
(533, 142, '', '', '', '', 3, '2019-02-25 12:51:33', '2019-02-25 12:51:33', 1, 1),
(534, 143, '', '', '', '', 3, '2019-02-25 12:51:33', '2019-02-25 12:51:33', 1, 1),
(535, 144, '', '', '', '', 3, '2019-02-25 12:51:33', '2019-02-25 12:51:33', 1, 1),
(536, 145, '', '', '', '', 3, '2019-02-25 12:51:33', '2019-02-25 12:51:33', 1, 1),
(537, 146, '', '', '', '', 3, '2019-02-25 12:51:33', '2019-02-25 12:51:33', 1, 1),
(538, 147, '', '', '', '', 3, '2019-02-25 12:51:33', '2019-02-25 12:51:33', 1, 1),
(539, 148, '', '', '', '', 3, '2019-02-25 12:51:33', '2019-02-25 12:51:33', 1, 1),
(540, 149, '', '', '', '', 3, '2019-02-25 12:51:33', '2019-02-25 12:51:33', 1, 1),
(541, 150, '', '', '', '', 3, '2019-02-25 12:51:33', '2019-02-25 12:51:33', 1, 1),
(542, 151, '', '', '', '', 3, '2019-02-25 12:51:33', '2019-02-25 12:51:33', 1, 1),
(543, 152, '', '', '', '', 3, '2019-02-25 12:51:33', '2019-02-25 12:51:33', 1, 1),
(544, 153, '', '', '', '', 3, '2019-02-25 12:51:33', '2019-02-25 12:51:33', 1, 1),
(545, 154, '', '', '', '', 3, '2019-02-25 12:51:33', '2019-02-25 12:51:33', 1, 1),
(546, 155, '', '', '', '', 3, '2019-02-25 12:51:33', '2019-02-25 12:51:33', 1, 1),
(547, 156, '', '', '', '', 3, '2019-02-25 12:51:33', '2019-02-25 12:51:33', 1, 1),
(548, 157, '', '', '', '', 3, '2019-02-25 12:51:33', '2019-02-25 12:51:33', 1, 1),
(549, 158, '', '', '', '', 3, '2019-02-25 12:51:33', '2019-02-25 12:51:33', 1, 1),
(550, 159, '', '', '', '', 3, '2019-02-25 12:51:33', '2019-02-25 12:51:33', 1, 1),
(551, 160, '', '', '', '', 3, '2019-02-25 12:51:33', '2019-02-25 12:51:33', 1, 1),
(552, 161, '', '', '', '', 3, '2019-02-25 12:51:33', '2019-02-25 12:51:33', 1, 1),
(553, 162, '', '', '', '', 3, '2019-02-25 12:51:33', '2019-02-25 12:51:33', 1, 1),
(554, 163, '', '', '', '', 3, '2019-02-25 12:51:33', '2019-02-25 12:51:33', 1, 1),
(555, 164, '', '', '', '', 3, '2019-02-25 12:51:33', '2019-02-25 12:51:33', 1, 1),
(556, 165, '', '', '', '', 3, '2019-02-25 12:51:33', '2019-02-25 12:51:33', 1, 1),
(557, 166, '', '', '', '', 3, '2019-02-25 12:51:33', '2019-02-25 12:51:33', 1, 1),
(558, 167, '', '', '', '', 3, '2019-02-25 12:51:33', '2019-02-25 12:51:33', 1, 1),
(559, 168, '', '', '', '', 3, '2019-02-25 12:51:33', '2019-02-25 12:51:33', 1, 1),
(560, 169, '', '', '', '', 3, '2019-02-25 12:51:33', '2019-02-25 12:51:33', 1, 1),
(561, 170, '', '', '', '', 3, '2019-02-25 12:51:33', '2019-02-25 12:51:33', 1, 1),
(562, 171, '', '', '', '', 3, '2019-02-25 12:51:33', '2019-02-25 12:51:33', 1, 1),
(563, 172, '', '', '', '', 3, '2019-02-25 12:51:33', '2019-02-25 12:51:33', 1, 1),
(564, 173, '', '', '', '', 3, '2019-02-25 12:51:33', '2019-02-25 12:51:33', 1, 1),
(565, 174, '', '', '', '', 3, '2019-02-25 12:51:33', '2019-02-25 12:51:33', 1, 1),
(566, 175, '', '', '', '', 3, '2019-02-25 12:51:33', '2019-02-25 12:51:33', 1, 1),
(567, 176, '', '', '', '', 3, '2019-02-25 12:51:33', '2019-02-25 12:51:33', 1, 1),
(568, 177, '', '', '', '', 3, '2019-02-25 12:51:33', '2019-02-25 12:51:33', 1, 1),
(569, 178, '', '', '', '', 3, '2019-02-25 12:51:33', '2019-02-25 12:51:33', 1, 1),
(570, 179, '', '', '', '', 3, '2019-02-25 12:51:33', '2019-02-25 12:51:33', 1, 1),
(571, 180, '', '', '', '', 3, '2019-02-25 12:51:33', '2019-02-25 12:51:33', 1, 1),
(572, 181, '', '', '', '', 3, '2019-02-25 12:51:33', '2019-02-25 12:51:33', 1, 1),
(573, 182, '', '', '', '', 3, '2019-02-25 12:51:33', '2019-02-25 12:51:33', 1, 1),
(574, 183, '', '', '', '', 3, '2019-02-25 12:51:33', '2019-02-25 12:51:33', 1, 1),
(575, 184, '', '', '', '', 3, '2019-02-25 12:51:33', '2019-02-25 12:51:33', 1, 1),
(576, 185, '', '', '', '', 3, '2019-02-25 12:51:33', '2019-02-25 12:51:33', 1, 1),
(577, 186, '', '', '', '', 3, '2019-02-25 12:51:33', '2019-02-25 12:51:33', 1, 1),
(578, 187, '', '', '', '', 3, '2019-02-25 12:51:33', '2019-02-25 12:51:33', 1, 1),
(579, 188, '', '', '', '', 3, '2019-02-25 12:51:33', '2019-02-25 12:51:33', 1, 1),
(580, 189, '', '', '', '', 3, '2019-02-25 12:51:33', '2019-02-25 12:51:33', 1, 1),
(581, 190, '', '', '', '', 3, '2019-02-25 12:51:33', '2019-02-25 12:51:33', 1, 1),
(582, 191, '', '', '', '', 3, '2019-02-25 12:51:33', '2019-02-25 12:51:33', 1, 1),
(583, 192, '', '', '', '', 3, '2019-02-25 12:51:33', '2019-02-25 12:51:33', 1, 1),
(584, 193, '', '', '', '', 3, '2019-02-25 12:51:33', '2019-02-25 12:51:33', 1, 1),
(585, 194, '', '', '', '', 3, '2019-02-25 12:51:33', '2019-02-25 12:51:33', 1, 1),
(586, 195, '', '', '', '', 3, '2019-02-25 12:51:33', '2019-02-25 12:51:33', 1, 1),
(587, 196, '', '', '', '', 3, '2019-02-25 12:51:33', '2019-02-25 12:51:33', 1, 1),
(588, 197, '', '', '', '', 3, '2019-02-25 12:51:33', '2019-02-25 12:51:33', 1, 1);

-- --------------------------------------------------------

--
-- Table structure for table `districts`
--

CREATE TABLE `districts` (
  `DistrictID` int(11) NOT NULL,
  `SortOrder` int(11) NOT NULL,
  `Hide` tinyint(4) NOT NULL,
  `IsActive` tinyint(4) NOT NULL,
  `CreatedAt` datetime NOT NULL,
  `UpdatedAt` datetime NOT NULL,
  `CreatedBy` int(11) NOT NULL,
  `UpdatedBy` int(11) NOT NULL
) ENGINE=InnoDB DEFAULT CHARSET=utf8;

--
-- Dumping data for table `districts`
--

INSERT INTO `districts` (`DistrictID`, `SortOrder`, `Hide`, `IsActive`, `CreatedAt`, `UpdatedAt`, `CreatedBy`, `UpdatedBy`) VALUES
(1, 0, 0, 1, '2018-05-03 16:53:50', '2018-05-03 16:53:50', 1, 1),
(2, 1, 0, 1, '2018-05-03 17:04:29', '2018-05-03 17:04:29', 1, 1),
(3, 2, 0, 1, '2018-05-07 11:25:21', '2018-10-26 14:00:28', 1, 1),
(4, 3, 0, 1, '2018-05-07 11:25:42', '2018-05-07 11:25:42', 1, 1),
(5, 4, 0, 1, '2018-05-07 11:26:14', '2018-05-07 11:26:14', 1, 1),
(6, 5, 0, 1, '2018-05-07 11:26:23', '2018-05-07 11:26:23', 1, 1),
(7, 6, 0, 1, '2018-05-07 11:27:04', '2018-05-07 11:27:04', 1, 1),
(8, 7, 0, 1, '2018-05-07 11:27:15', '2018-05-07 11:27:15', 1, 1),
(9, 8, 0, 1, '2018-05-07 11:28:33', '2018-05-07 11:28:33', 1, 1),
(10, 9, 0, 1, '2018-05-07 11:29:15', '2018-05-07 11:29:15', 1, 1),
(11, 10, 0, 1, '2018-05-07 11:29:26', '2018-05-07 11:29:26', 1, 1),
(12, 11, 0, 1, '2018-05-07 11:29:35', '2018-05-07 11:29:35', 1, 1),
(13, 12, 0, 1, '2018-05-07 11:29:46', '2018-05-07 11:29:46', 1, 1),
(14, 13, 0, 1, '2018-05-07 11:30:00', '2018-05-07 11:30:00', 1, 1),
(15, 14, 0, 1, '2018-05-07 11:30:10', '2018-05-07 11:30:10', 1, 1),
(16, 15, 0, 1, '2018-05-07 11:30:25', '2018-05-07 11:30:25', 1, 1),
(17, 16, 0, 1, '2018-05-07 11:30:35', '2018-05-07 11:30:35', 1, 1),
(18, 17, 0, 1, '2018-05-07 11:30:50', '2018-05-07 11:30:50', 1, 1),
(19, 18, 0, 1, '2018-05-07 11:31:03', '2018-05-07 11:31:03', 1, 1),
(20, 19, 0, 1, '2018-05-07 11:31:14', '2018-05-07 11:31:14', 1, 1),
(21, 20, 0, 1, '2018-05-07 11:31:24', '2018-05-07 11:31:24', 1, 1),
(22, 21, 0, 1, '2018-05-07 11:31:34', '2018-05-07 11:31:34', 1, 1),
(23, 22, 0, 1, '2018-05-07 11:31:43', '2018-05-07 11:31:43', 1, 1),
(24, 23, 0, 1, '2018-05-07 11:31:52', '2018-05-07 11:31:52', 1, 1),
(25, 24, 0, 1, '2018-05-07 11:32:01', '2018-05-07 11:32:01', 1, 1),
(26, 25, 0, 1, '2018-05-07 11:32:18', '2018-05-07 11:32:18', 1, 1),
(27, 26, 0, 1, '2018-05-07 11:32:28', '2018-05-07 11:32:28', 1, 1),
(28, 27, 0, 1, '2018-05-07 11:32:39', '2018-05-07 11:32:39', 1, 1),
(29, 28, 0, 1, '2018-05-07 11:32:49', '2018-05-07 11:32:49', 1, 1),
(30, 29, 0, 1, '2018-05-07 11:32:59', '2018-05-07 11:32:59', 1, 1),
(31, 30, 0, 1, '2018-05-07 11:33:10', '2018-05-07 11:33:10', 1, 1),
(32, 31, 0, 1, '2018-05-07 11:33:17', '2018-05-07 11:33:17', 1, 1),
(33, 32, 0, 1, '2018-05-07 11:33:25', '2018-05-07 11:33:25', 1, 1),
(34, 33, 0, 1, '2018-05-07 11:33:33', '2018-05-07 11:33:33', 1, 1),
(35, 34, 0, 1, '2018-05-07 11:33:42', '2018-05-07 11:33:42', 1, 1),
(36, 35, 0, 1, '2018-05-07 11:33:53', '2018-05-07 11:33:53', 1, 1),
(38, 37, 0, 1, '2019-07-23 05:25:33', '2019-07-23 05:25:33', 1, 1),
(39, 38, 0, 1, '2019-07-23 05:26:01', '2019-07-23 05:26:01', 1, 1),
(40, 39, 0, 1, '2019-07-23 05:27:06', '2019-07-23 05:27:06', 1, 1),
(41, 40, 0, 1, '2019-07-23 05:28:08', '2019-07-23 05:28:08', 1, 1),
(42, 41, 0, 1, '2019-07-23 05:28:26', '2019-07-23 05:28:26', 1, 1),
(43, 42, 0, 1, '2019-07-23 05:28:58', '2019-07-23 05:28:58', 1, 1),
(44, 43, 0, 1, '2019-07-23 05:29:15', '2019-07-23 05:29:15', 1, 1),
(45, 44, 0, 1, '2019-07-23 05:29:42', '2019-07-23 05:29:42', 1, 1),
(46, 45, 0, 1, '2019-07-23 05:30:01', '2019-07-23 05:30:01', 1, 1),
(47, 46, 0, 1, '2019-07-23 05:30:48', '2019-07-23 05:30:48', 1, 1),
(48, 47, 0, 1, '2019-07-23 05:31:26', '2019-07-23 05:31:26', 1, 1),
(49, 48, 0, 1, '2019-07-23 05:32:02', '2019-07-23 05:32:02', 1, 1),
(50, 49, 0, 1, '2019-07-23 05:37:56', '2019-07-23 05:37:56', 1, 1),
(51, 50, 0, 1, '2019-07-23 05:38:45', '2019-07-23 05:38:45', 1, 1),
(52, 51, 0, 1, '2019-07-23 05:39:20', '2019-07-23 05:39:20', 1, 1),
(53, 52, 0, 1, '2019-07-23 05:48:56', '2019-07-23 05:48:56', 1, 1);

-- --------------------------------------------------------

--
-- Table structure for table `districts_text`
--

CREATE TABLE `districts_text` (
  `DistrictTextID` int(11) NOT NULL,
  `DistrictID` int(11) NOT NULL,
  `Title` varchar(255) NOT NULL,
  `SystemLanguageID` int(11) NOT NULL,
  `CreatedAt` datetime NOT NULL,
  `UpdatedAt` datetime NOT NULL,
  `CreatedBy` int(11) NOT NULL,
  `UpdatedBy` int(11) NOT NULL
) ENGINE=InnoDB DEFAULT CHARSET=utf8;

--
-- Dumping data for table `districts_text`
--

INSERT INTO `districts_text` (`DistrictTextID`, `DistrictID`, `Title`, `SystemLanguageID`, `CreatedAt`, `UpdatedAt`, `CreatedBy`, `UpdatedBy`) VALUES
(112, 38, 'Bremen', 1, '2019-07-23 05:25:33', '2019-07-23 05:25:33', 1, 1),
(113, 38, 'Bremen', 2, '2019-07-23 05:25:33', '2019-07-23 05:25:41', 1, 1),
(114, 39, 'Baden-Württemberg', 1, '2019-07-23 05:26:01', '2019-07-23 05:26:01', 1, 1),
(115, 39, 'Baden-Württemberg', 2, '2019-07-23 05:26:01', '2019-07-23 05:26:10', 1, 1),
(116, 40, 'Bayern', 1, '2019-07-23 05:27:06', '2019-07-23 05:27:06', 1, 1),
(117, 40, 'Bavaria', 2, '2019-07-23 05:27:06', '2019-07-23 05:27:45', 1, 1),
(118, 41, 'Berlin', 1, '2019-07-23 05:28:08', '2019-07-23 05:28:08', 1, 1),
(119, 41, 'Berlin', 2, '2019-07-23 05:28:08', '2019-07-23 05:28:15', 1, 1),
(120, 42, 'Brandenburg', 1, '2019-07-23 05:28:26', '2019-07-23 05:28:26', 1, 1),
(121, 42, 'Brandenburg', 2, '2019-07-23 05:28:26', '2019-07-23 05:28:38', 1, 1),
(122, 43, 'Hamburg', 1, '2019-07-23 05:28:58', '2019-07-23 05:28:58', 1, 1),
(123, 43, 'Hamburg', 2, '2019-07-23 05:28:58', '2019-07-23 05:29:04', 1, 1),
(124, 44, 'Hessen', 1, '2019-07-23 05:29:15', '2019-07-23 05:29:15', 1, 1),
(125, 44, 'Hessen', 2, '2019-07-23 05:29:15', '2019-07-23 05:29:27', 1, 1),
(126, 45, 'Saarland', 1, '2019-07-23 05:29:42', '2019-07-23 05:29:42', 1, 1),
(127, 45, 'Saarland', 2, '2019-07-23 05:29:42', '2019-07-23 05:29:49', 1, 1),
(128, 46, 'Schleswig-Holstein', 1, '2019-07-23 05:30:01', '2019-07-23 05:30:01', 1, 1),
(129, 46, 'Schleswig-Holstein', 2, '2019-07-23 05:30:01', '2019-07-23 05:30:17', 1, 1),
(130, 47, 'Nordrhein-Westfalen', 1, '2019-07-23 05:30:48', '2019-07-23 05:30:48', 1, 1),
(131, 47, 'Nordrhein-Westfalen', 2, '2019-07-23 05:30:48', '2019-07-23 05:30:59', 1, 1),
(132, 48, 'Mecklenburg-Vorpommern', 1, '2019-07-23 05:31:26', '2019-07-23 05:31:26', 1, 1),
(133, 48, 'Mecklenburg-Vorpommern', 2, '2019-07-23 05:31:26', '2019-07-23 05:31:41', 1, 1),
(134, 49, 'Niedersachsen', 1, '2019-07-23 05:32:02', '2019-07-23 05:32:02', 1, 1),
(135, 49, 'Niedersachsen', 2, '2019-07-23 05:32:02', '2019-07-23 05:32:24', 1, 1),
(136, 50, 'Thüringen', 1, '2019-07-23 05:37:56', '2019-07-23 05:37:56', 1, 1),
(137, 50, 'Thuringia', 2, '2019-07-23 05:37:56', '2019-07-23 05:38:09', 1, 1),
(138, 51, 'Sachsen', 1, '2019-07-23 05:38:45', '2019-07-23 05:38:45', 1, 1),
(139, 51, 'Sachsen', 2, '2019-07-23 05:38:45', '2019-07-23 05:38:55', 1, 1),
(140, 52, 'Sachsen-Anhalt', 1, '2019-07-23 05:39:20', '2019-07-23 05:39:20', 1, 1),
(141, 52, 'Sachsen-Anhalt', 2, '2019-07-23 05:39:20', '2019-07-23 05:39:31', 1, 1),
(142, 53, 'Rheinland-Pfalz', 1, '2019-07-23 05:48:56', '2019-07-23 05:48:56', 1, 1),
(143, 53, 'Rheinland-Pfalz', 2, '2019-07-23 05:48:56', '2019-07-23 05:49:18', 1, 1);

-- --------------------------------------------------------

--
-- Table structure for table `email_templates`
--

CREATE TABLE `email_templates` (
  `Email_templateID` int(11) NOT NULL,
  `TplList` int(11) NOT NULL,
  `SortOrder` int(11) NOT NULL,
  `NotificationBeforeDays` int(11) NOT NULL,
  `Hide` tinyint(4) NOT NULL,
  `IsActive` tinyint(4) NOT NULL,
  `CreatedAt` datetime NOT NULL,
  `UpdatedAt` datetime NOT NULL,
  `CreatedBy` int(11) NOT NULL,
  `UpdatedBy` int(11) NOT NULL
) ENGINE=InnoDB DEFAULT CHARSET=utf8;

--
-- Dumping data for table `email_templates`
--

INSERT INTO `email_templates` (`Email_templateID`, `TplList`, `SortOrder`, `NotificationBeforeDays`, `Hide`, `IsActive`, `CreatedAt`, `UpdatedAt`, `CreatedBy`, `UpdatedBy`) VALUES
(5, 1, 0, 0, 0, 1, '2018-11-30 16:09:47', '2019-06-18 10:56:01', 1, 1),
(6, 9, 1, 0, 0, 1, '2018-12-13 10:07:57', '2019-12-16 10:58:19', 1, 1),
(7, 8, 2, 0, 0, 1, '2018-12-18 13:43:47', '2018-12-18 13:43:47', 1, 1),
(8, 10, 3, 0, 0, 1, '2018-12-19 12:37:53', '2019-07-07 10:33:13', 1, 1),
(9, 13, 4, 0, 0, 1, '2018-12-31 11:05:29', '2018-12-31 11:05:29', 1, 1),
(10, 14, 5, 0, 0, 1, '2019-02-20 11:02:39', '2019-07-07 11:23:01', 1, 1),
(11, 3, 6, 0, 0, 1, '2019-02-21 13:34:30', '2019-02-21 13:34:30', 1, 1),
(12, 1, 7, 0, 0, 1, '2019-02-21 13:35:39', '2019-03-04 14:18:04', 1, 1),
(13, 15, 8, 0, 0, 1, '2019-04-17 18:14:12', '2019-06-18 10:58:06', 1, 1),
(14, 16, 9, 7, 0, 1, '2019-04-18 14:23:10', '2019-07-07 11:16:37', 1, 1),
(15, 2, 10, 0, 0, 1, '2019-07-15 12:30:06', '2019-07-15 12:30:06', 1, 1),
(16, 17, 11, 0, 0, 1, '2019-07-18 08:45:49', '2019-07-18 08:45:49', 1, 1),
(21, 18, 12, 0, 0, 1, '2019-12-17 08:43:52', '2019-12-17 15:15:10', 1, 1);

-- --------------------------------------------------------

--
-- Table structure for table `email_templates_text`
--

CREATE TABLE `email_templates_text` (
  `Email_templateTextID` int(11) NOT NULL,
  `Email_templateID` int(11) NOT NULL,
  `Subject` varchar(255) NOT NULL,
  `Description` text NOT NULL,
  `SystemLanguageID` int(11) NOT NULL,
  `CreatedAt` datetime NOT NULL,
  `UpdatedAt` datetime NOT NULL,
  `CreatedBy` int(11) NOT NULL,
  `UpdatedBy` int(11) NOT NULL
) ENGINE=InnoDB DEFAULT CHARSET=utf8;

--
-- Dumping data for table `email_templates_text`
--

INSERT INTO `email_templates_text` (`Email_templateTextID`, `Email_templateID`, `Subject`, `Description`, `SystemLanguageID`, `CreatedAt`, `UpdatedAt`, `CreatedBy`, `UpdatedBy`) VALUES
(5, 5, 'Bitte bestätigen Sie Ihre E-Mail-Adresse', '<p>Hallo [name],</p>\r\n<p>Wir freuen uns, Sie bei MaschinenPilot begr&uuml;&szlig;en zu k&ouml;nnen. Sie haben sich soeben erfolgreich registriert.<br />Um die Anmeldung abzuschlie&szlig;en, klicken Sie bitte zur Verifizierung der E-Mail-Adresse auf den nachfolgenden Link. [verification-link], um sich nach Verifizierung im Portal anmelden zu k&ouml;nnen.</p>\r\n<p>E-Mail:&nbsp;[email]</p>\r\n<p>&nbsp;</p>\r\n<p>Vielen Dank!<br />Ihr Team von MaschinenPilot</p>\r\n<p>[site_name]</p>\r\n<p>[site_url]</p>', 1, '2018-11-30 16:09:48', '2019-06-18 10:56:01', 1, 1),
(6, 6, 'Anfrage an alle Händler', '<h3 data-pm-slice=\"1 1 []\">Hallo&nbsp;[dealer],</h3>\r\n<p data-pm-slice=\"1 1 []\"><br />Es wurde eine neue Maschinen-Anfrage an alle H&auml;ndler ver&ouml;ffentlicht.&nbsp;&nbsp;<br />*Der nachfolgende Kontakt hat weitere Angebote f&uuml;r den folgenden Maschinentyp angefragt: *</p>\r\n<p>Kategorie: [category]<br />Maschinen-Typ/Titel: [link]</p>\r\n<p><em>Wenn Sie eine &auml;hnliche Maschine anbieten m&ouml;chten, kontaktieren Sie untenstehenden Kontakt:</em></p>\r\n<p><em>[similarmachine]</em></p>\r\n<p>E-Mail: [email]<br />Tel.Nr.&nbsp;[phone]<br />Firma: [company]<br />Name: [name]<br />Adresse: [address]<br />[zip] [city]<br /><br /><br />Weitere Informationen: [registered]</p>\r\n<p>&nbsp;</p>\r\n<p>Ihr Maschinen-Pilot Team</p>', 1, '2018-12-13 10:07:57', '2019-12-16 10:58:19', 1, 1),
(7, 7, 'Report', '<p>Name:&nbsp;[name]</p>\r\n<p>Email:&nbsp;[email]</p>\r\n<p>Reason for reporting:&nbsp;[machine-report-reason]</p>', 1, '2018-12-18 13:43:47', '2018-12-18 13:43:47', 1, 1),
(8, 8, 'Bestellung Anzeigen-Paket', '<p>Hallo [name],</p>\r\n<p>Vielen Dank für Ihre Bestellung und herzlich willkommen!</p>\r\n<p>Sie haben folgendes Anzeigen-Paket bestellt:</p>\r\n<p>Paket-Name: [package-name]</p>\r\n<p>Anzeigen: [per_advertisement]</p>\r\n<p>Anzahl Monate [per_month_equal]</p>\r\n<p>Dauer: [contract_period]</p>\r\n<p>Gesamt: [total_amount]</p>\r\n<p>[site_name]</p>\r\n<p>[site_url]</p>\r\n<p> </p>\r\n<p>Wir wünschen viel Erfolg! Für Fragen steht Ihnen unser Support gerne zur Verfügung. Nehmen Sie hierzu <a href=\"mailto:info@maschinenpilot.de\">info@maschinenpilot.de</a> auf.</p>', 1, '2018-12-19 12:37:54', '2019-07-07 10:33:13', 1, 1),
(9, 9, 'Upgrade Package', '<p>Dear&nbsp;[name],</p>\r\n<p>You have upgrade package.</p>\r\n<p>Purchase Name: [package-name]</p>\r\n<p>Per Advertisement: [per_advertisement]</p>\r\n<p>Per Month Equal [per_month_equal]</p>\r\n<p>Contract Period: [contract_period]</p>\r\n<p>Total: [total_amount]</p>\r\n<p>[site_name]</p>\r\n<p>[site_url]</p>', 1, '2018-12-31 11:05:29', '2018-12-31 11:05:29', 1, 1),
(10, 5, 'Please verify your email address', '<div class=\"oSioSc\">\r\n<div id=\"tw-target\">\r\n<div id=\"tw-target-text-container\" class=\"gsrt tw-ta-container tw-nfl\">Hello [name],\r\n<p>Welcome to MaschinenPilot. You have just registered successfully. <br />To complete the registration, please click on the link below to verify your email-address: [verification-link] .</p>\r\n<p><br />Your email:&nbsp;[email]</p>\r\n<p>Thanks a lot and see you soon!<br />Your MaschinenPilot-Team</p>\r\n<p>[site_name] [site_url]</p>\r\n</div>\r\n</div>\r\n</div>', 2, '2019-01-02 13:06:32', '2019-06-18 10:56:41', 1, 1),
(11, 10, 'Profil Informationen', '<p>Hallo [name],</p>\r\n<p>nachfolgend eine &Uuml;bersicht &uuml;ber die auf der Plattform MaschinenPilot &uuml;ber Sie gespeicherten Daten:<br /><br /></p>\r\n<p>Name:&nbsp;[name]</p>\r\n<p>E-Mail :&nbsp;[email]</p>\r\n<p>Unternehmen :&nbsp;[company-name]</p>\r\n<p>Tel.:&nbsp;[phone]</p>\r\n<p>Mobil :&nbsp;[mobile]</p>\r\n<p>Fax :&nbsp;[fax]</p>\r\n<p>Land :&nbsp;[country]</p>\r\n<p>&nbsp;</p>\r\n<p>&nbsp;</p>\r\n<p>Ihr MaschinenPilot Team</p>\r\n<p>&nbsp;</p>\r\n<p>[site_name]</p>\r\n<p>[site_url]</p>', 1, '2019-02-20 11:02:39', '2019-07-07 11:23:01', 1, 1),
(12, 11, 'test mult', '<p>this is testing</p>', 1, '2019-02-21 13:34:30', '2019-02-21 13:34:30', 1, 1),
(13, 12, 'Email Template G', '<p>Email Template G</p>', 1, '2019-02-21 13:35:39', '2019-03-04 14:18:04', 1, 1),
(14, 12, 'Email Template E', '<p>Email Template E</p>', 2, '2019-02-21 13:35:39', '2019-03-04 14:18:31', 1, 1),
(15, 12, '', '', 3, '2019-02-21 13:35:39', '2019-02-21 13:35:39', 1, 1),
(16, 6, 'Inquiry all dealer', '<h3 data-pm-slice=\"1 1 []\">Hello&nbsp;[dealer],</h3>\r\n<p data-pm-slice=\"1 1 []\">A new machine request has been published.&nbsp;<br />*The following interested party has inquired further offers for this machine type: *</p>\r\n<p>Category: [category]<br />Machine Title: [link]</p>\r\n<p>*Please contact the interested party below if you would like to offer a suitable machine: *</p>\r\n<p>Email: [email]<br />Phone-No. [phone]<br />Name: [name]<br />Information about: [registered]</p>', 2, '2019-02-25 12:51:11', '2019-12-03 16:31:00', 1, 1),
(17, 7, '', '', 2, '2019-02-25 12:51:11', '2019-02-25 12:51:11', 1, 1),
(18, 8, '', '<p>Dear&nbsp;[name],</p>\r\n<p>Welcome at MaschinenPilot and thank you very much for your order!</p>\r\n<p>You have purchased the following package.</p>\r\n<p>Purchase Name: [package-name]</p>\r\n<p>Per Advertisement: [per_advertisement]</p>\r\n<p>Per Month Equal [per_month_equal]</p>\r\n<p>Contract Period: [contract_period]</p>\r\n<p>Total: [total_amount]</p>\r\n<p>[site_name]</p>\r\n<p>[site_url]</p>\r\n<p>&nbsp;</p>\r\n<p>Enjoy! You need help? Please get in touch with our supportteam at <a href=\"mailto:info@maschinenpilot.de\">info@maschinenpilot.de.</a></p>', 2, '2019-02-25 12:51:11', '2019-07-07 10:29:56', 1, 1),
(19, 9, '', '', 2, '2019-02-25 12:51:11', '2019-02-25 12:51:11', 1, 1),
(20, 10, 'Profile Information', '<p>Dear&nbsp;[name],</p>\r\n<p>&nbsp;</p>\r\n<p>Below is your profile data in detail on machinepilot.</p>\r\n<p>&nbsp;</p>\r\n<p>Name:&nbsp;[name]</p>\r\n<p>Email :&nbsp;[email]</p>\r\n<p>Company Name :&nbsp;[company-name]</p>\r\n<p>Phone :&nbsp;[phone]</p>\r\n<p>Mobile :&nbsp;[mobile]</p>\r\n<p>Fax :&nbsp;[fax]</p>\r\n<p>Country :&nbsp;[country]</p>\r\n<p>&nbsp;</p>\r\n<p>Thanks</p>\r\n<p>&nbsp;</p>\r\n<p>[site_name]</p>\r\n<p>[site_url]</p>', 2, '2019-02-25 12:51:11', '2019-07-07 11:25:30', 1, 1),
(21, 11, '', '', 2, '2019-02-25 12:51:11', '2019-02-25 12:51:11', 1, 1),
(22, 5, '', '', 3, '2019-02-25 12:51:11', '2019-02-25 12:51:11', 1, 1),
(23, 6, '', '', 3, '2019-02-25 12:51:11', '2019-02-25 12:51:11', 1, 1),
(24, 7, '', '', 3, '2019-02-25 12:51:11', '2019-02-25 12:51:11', 1, 1),
(25, 8, '', '', 3, '2019-02-25 12:51:11', '2019-02-25 12:51:11', 1, 1),
(26, 9, '', '', 3, '2019-02-25 12:51:11', '2019-02-25 12:51:11', 1, 1),
(27, 10, '', '', 3, '2019-02-25 12:51:11', '2019-02-25 12:51:11', 1, 1),
(28, 11, '', '', 3, '2019-02-25 12:51:11', '2019-02-25 12:51:11', 1, 1),
(29, 13, 'Ihre Registrierung bei MaschinenPilot', '<p>Hallo [name]!</p>\r\n<p>Herzlich willkommen bei MaschinenPilot! Wir freuen uns Sie bei uns begrüßen zu können.</p>\r\n<p><span style=\"color: #ff0000;\"><br /><strong><span style=\"color: #000000;\">Sie haben folgendes Paket gebucht:</span><br /></strong> <br /><span style=\"color: #000000;\">Paketname: [package-name]</span><br /><span style=\"color: #000000;\">Ablaufdatum: [expiry-date]</span><br /></span></p>\r\n<p>Um den Registrierungsprozess abzuschließen, sind noch folgende Schritte notwendig:</p>\r\n<p><strong>1. Rechnung und Zahlung</strong></p>\r\n<p>In der Anlage erhalten Sie Ihre Rechnung mit der Bitte um kurzfristige Begleichung.<br />Bitte überweisen Sie den Betrag auf das in der Rechnung angegebene Konto.  Der Rechnungseingang sollte innerhalb von 7 Tagen auf unserem Konto eingegangen sein. <br /><br />Sie können sich bereits früher mit Ihren Logindaten bei MaschinenPilot anmelden und Ihr Firmenprofil anpassen sowie erste Maschineneinträge erstellen. <br />Bitte beachten Sie aber, dass Maschineneinträge und Firmenprofile nicht öffentlich angezeigt werden, wenn ein Zahlungseingang nicht innerhalb von 7 Tagen auf dem angegebenen Bankkonto  erfolgt ist.</p>\r\n<p><br /><strong>2. Nachweis als Unternehmen<br /></strong><br />Um Ihren Status als Unternehmen zu verifizieren, benötigen wir eine Kopie Ihrer Gewerbeanmeldung. Bitte senden Sie uns eine Kopie Ihrer Gewerbeanmeldung per Post oder als PDF per E-Mail an: <strong>info@maschinenpilot.de</strong></p>\r\n<p>Sie können sich bereits vorab in Ihrem Account anmelden, eine vollständige Registrierung sowie die Veröffentlichung der Anzeigen erfolgt erst nach Erledigung der beiden oben genannten Punkte.</p>\r\n<p>Sie haben Fragen oder wünschen weitere Informationen? Das Support-Team steht Ihnen für Fragenunter info@maschinenpilot.de zur Verfügung.</p>\r\n<p> </p>\r\n<p>Ihr MaschinenPilot-Team</p>\r\n<p> </p>\r\n<p> </p>', 1, '2019-04-17 18:14:12', '2019-06-18 10:58:06', 1, 1),
(30, 13, 'Your registration at MaschinenPilot', '<p>Hello [name]!</p>\r\n<p>Welcome to MaschinenPilot!</p>\r\n<p>&nbsp;</p>\r\n<p>Your customer number is: [account-no].</p>\r\n<p>You have booked the following package:</p>\r\n<p><strong>Package name:</strong> [package-name]</p>\r\n<p><strong>Expiration date</strong>: [expiry-date]</p>\r\n<p>To complete the registration process, the following steps are necessary:</p>\r\n<p><strong>1. Invoice and payment</strong></p>\r\n<p>In the system you will receive your bill with the request for short-term payment. Please transfer the amount to the account indicated on the invoice. The invoice should be received within 7 days in our account.</p>\r\n<p>You can log in to MaschinenPilot with your login data earlier and adjust your company profile and create the first machine entries.<br />Please note, however, that machine entries and company profiles will not be displayed publicly if a payment has not been received within 7 days in the specified bank account.</p>\r\n<p>&nbsp;</p>\r\n<p><strong>2. Verify status as a business</strong></p>\r\n<p>In order to verify your status as a company, we need a copy of your business registration. Please send us a copy of your business registration by post or as a PDF by e-mail to: <a href=\"mailto:info@maschinenpilot.de.\">info@maschinenpilot.de. </a></p>\r\n<p>You can register in advance in your account, a complete registration and the publication of the ads takes place only after completion of the above two points.</p>\r\n<p>Do you have questions or want more information? The support team is available for questions at <a href=\"mailto:info@maschinenpilot.de.\">info@maschinenpilot.de. </a></p>\r\n<p>&nbsp;</p>\r\n<p>Your MaschinenPilot team</p>', 2, '2019-04-17 18:14:12', '2019-06-18 10:47:29', 1, 1),
(31, 14, 'Ihr Anzeigenpaket bei MaschinenPilot endet bald', '<p>&nbsp;</p>\r\n<p>Hallo[Name],</p>\r\n<p><br />Ihr Anzeigen-Paket[Paketname] endet bald und l&auml;uft am[Verfallsdatum] , d.h. nach Ablauf von 7 Tagen ab.</p>\r\n<p>Zur Verl&auml;ngerung Ihres Paketes und damit Ihre Anzeigen weiterhin ver&ouml;ffentlicht werden, wird ihr Paket verl&auml;ngert. Bitte &uuml;berweisen Sie hierzu den f&auml;lligen Betrag f&uuml;r die weitere Laufzeit.</p>\r\n<p>Ihre Rechnung liegt dieser E-Mail als bei, bitte beachten Sie die Details im Anhang und verl&auml;ngern Sie dieses Paket, damit Ihre Anzeigen weiterhin ver&ouml;ffentlicht werden. <br /><br />Vielen Dank,</p>\r\n<p>Ihr MaschinenPilot-Team</p>\r\n<p>&nbsp;</p>\r\n<p>Sie haben Fragen? Wenden Sie sich an unser Support-Team unter info@maschinenpilot.de</p>', 1, '2019-04-18 14:23:10', '2019-07-07 11:16:37', 1, 1),
(32, 14, 'Expiry Notification - Your advertising package at MaschinenPilot', '<p>Hello[Name],<br /><br /><br />Your ad package[package name] ends soon and expires on[expiration date] , i.e. after 7 days.<br /><br />To renew your package and to keep your ads published, your package will be renewed. Please transfer the amount due for the next ad package duration.<br /><br />Your invoice is enclosed with this email, please refer to the details in the attachment and extend this package so&nbsp; your advertisements continue to be published.<br /><br />Thank you very much,<br /><br />Your MaschinenPilot team<br /><br />&nbsp;<br /><br />Do you have any questions? Please contact our support team at info@maschinenpilot.de<br /><br /><br /></p>', 2, '2019-04-18 14:23:10', '2019-07-07 11:16:09', 1, 1),
(33, 15, 'Passwort zurücksetzen', '<p>Hallo&nbsp;[name] ,</p>\r\n<p>&nbsp;</p>\r\n<p>Sie haben die Passwort-Vergessen-Funktion genutzt und das Zur&uuml;cksetzen des Passworts f&uuml;r folgendes Benutzerkonto angefordert:</p>\r\n<p>Benutzername: [email]</p>\r\n<p>Falls das nicht beabsichtigt war, ignorieren Sie diese E-Mail einfach. Es wird dann nichts passieren.<br />Um Ihr Passwort neu zu vergeben, besuchen Sie folgende Adresse: [link]</p>\r\n<p>Ihr MaschinenPilot Support-Team</p>', 1, '2019-07-15 12:30:06', '2019-07-15 12:30:06', 1, 1),
(34, 15, 'Reset Password', '<p>Hello [name],</p>\r\n<p><br />You have used the Forgot Password function and requested the password reset for the following user account:</p>\r\n<p>Username: [email]</p>\r\n<p>If this was not intended, simply ignore this email. Nothing will happen.<br />To reset your password, visit the following address:&nbsp;[link]</p>\r\n<p>Your MachinePilot Support Team</p>', 2, '2019-07-15 12:30:06', '2019-07-15 12:30:28', 1, 1),
(35, 16, 'Kundenstatus', '<p>Hi [name],</p>\r\n<p>&nbsp;</p>\r\n<p>[title] (Customer No: [customer_no]) has still the following status disabled:</p>\r\n<p>[status]</p>\r\n<p>Please contact with him.</p>\r\n<p>&nbsp;</p>\r\n<p>Ihr MaschinenPilot Support-Team</p>', 1, '2019-07-18 08:45:49', '2019-07-18 08:45:49', 1, 1),
(36, 16, 'Customer Status', '<p>Hi [name],</p>\r\n<p>&nbsp;</p>\r\n<p>[title] (Customer No: [customer_no]) has still the following status&nbsp;disabled:</p>\r\n<p>[status]</p>\r\n<p>Please contact with him.</p>\r\n<p>&nbsp;</p>\r\n<p>Your MachinePilot Support Team</p>', 2, '2019-07-18 08:45:49', '2019-07-18 08:46:09', 1, 1),
(39, 21, 'Bestätigung über Eingang von Nachweisen', '<p><strong>Best&auml;tigung &uuml;ber Eingang&nbsp;von Dokumenten</strong></p>\r\n<p>Sehr geehrter Kunde,&nbsp;</p>\r\n<p>vielen Dank f&uuml;r den Upload der&nbsp;noch ausstehenden Nachweise.&nbsp;<br />Ihre Kundennummer lautet : [customer_no].</p>\r\n<p>Sie haben Fragen oder w&uuml;nschen weitere Informationen?&nbsp;</p>\r\n<p>Das Support-Team steht Ihnen f&uuml;r Fragenunter<a href=\"mailto:info@maschinenpilot.de\" target=\"_blank\"> info@maschinenpilot.de </a>zur Verf&uuml;gung.</p>\r\n<p>&nbsp;</p>\r\n<p>Ihr MaschinenPilot-Team</p>', 1, '2019-12-17 08:43:52', '2019-12-17 15:15:10', 1, 1),
(40, 21, 'Confirmation of receipt of supporting documents', '<p>Dear customer, <br />thank you for uploading the outstanding documents.&nbsp;<br />Your customer number is: [customer_no].</p>\r\n<p>Do you have any questions or would you like further information?</p>\r\n<p>The support team is available to answer your questions at <a href=\"mailto:info@maschinenpilot.de\" target=\"_blank\">info@maschinenpilot.de </a>.</p>\r\n<p>Your MaschinenPilot team</p>', 2, '2019-12-17 08:43:52', '2019-12-17 15:15:28', 1, 1);

-- --------------------------------------------------------

--
-- Table structure for table `features`
--

CREATE TABLE `features` (
  `FeatureID` int(11) NOT NULL,
  `SortOrder` int(11) NOT NULL,
  `Hide` tinyint(4) NOT NULL,
  `IsActive` tinyint(4) NOT NULL,
  `CreatedAt` datetime NOT NULL,
  `UpdatedAt` datetime NOT NULL,
  `CreatedBy` int(11) NOT NULL,
  `UpdatedBy` int(11) NOT NULL
) ENGINE=InnoDB DEFAULT CHARSET=utf8;

--
-- Dumping data for table `features`
--

INSERT INTO `features` (`FeatureID`, `SortOrder`, `Hide`, `IsActive`, `CreatedAt`, `UpdatedAt`, `CreatedBy`, `UpdatedBy`) VALUES
(1, 0, 0, 1, '2018-10-04 12:55:05', '2019-12-02 05:21:09', 1, 1),
(2, 1, 0, 1, '2018-10-04 16:53:26', '2019-06-24 12:45:31', 1, 1),
(3, 2, 0, 1, '2018-11-08 09:19:23', '2019-03-05 13:02:00', 1, 1),
(4, 3, 0, 1, '2018-11-08 09:19:34', '2019-03-05 13:08:29', 1, 1),
(5, 4, 0, 1, '2018-11-08 10:34:17', '2019-12-02 05:23:29', 1, 1),
(6, 5, 0, 1, '2019-02-21 14:10:14', '2019-06-24 12:47:19', 1, 1);

-- --------------------------------------------------------

--
-- Table structure for table `features_text`
--

CREATE TABLE `features_text` (
  `FeatureTextID` int(11) NOT NULL,
  `FeatureID` int(11) NOT NULL,
  `Title` varchar(255) NOT NULL,
  `Description` text,
  `SystemLanguageID` int(11) NOT NULL,
  `CreatedAt` datetime NOT NULL,
  `UpdatedAt` datetime NOT NULL,
  `CreatedBy` int(11) NOT NULL,
  `UpdatedBy` int(11) NOT NULL
) ENGINE=InnoDB DEFAULT CHARSET=utf8;

--
-- Dumping data for table `features_text`
--

INSERT INTO `features_text` (`FeatureTextID`, `FeatureID`, `Title`, `Description`, `SystemLanguageID`, `CreatedAt`, `UpdatedAt`, `CreatedBy`, `UpdatedBy`) VALUES
(1, 1, 'Bilder und Videos', '<p>F&uuml;gen Sie Bilder und Videos ein um Ihre Maschinen zu pr&auml;sentieren.&nbsp;</p>', 1, '2018-10-04 12:55:05', '2019-12-02 05:21:09', 1, 1),
(2, 2, 'SSL-Verschlüsselt', '<p>Sicher mit SSL-Verschl&uuml;sselung</p>', 1, '2018-10-04 16:53:26', '2019-06-24 12:45:31', 1, 1),
(3, 3, 'Keine Provision', '<p>keine Provision</p>', 1, '2018-11-08 09:19:24', '2019-03-05 13:02:00', 1, 1),
(4, 4, 'Einfache Handhabung', '<p>Einfache Eingabe von Maschinen</p>', 1, '2018-11-08 09:19:34', '2019-03-05 13:08:29', 1, 1),
(5, 5, 'Keine versteckten Kosten', '<p>Keine versteckten Kosten. Sie zahlen f&uuml;r das von Ihnen ausgew&auml;hlte Paket.&nbsp;</p>', 1, '2018-11-08 10:34:17', '2019-12-02 05:23:29', 1, 1),
(6, 6, 'Serverstandort Deutschland', '<p><strong>Serverstandort Deutschland</strong></p>', 1, '2019-02-21 14:10:14', '2019-06-24 12:47:19', 1, 1),
(7, 6, 'Hosted in Germany', '<p>Hosted in Germany</p>', 2, '2019-02-21 14:10:14', '2019-06-24 12:47:35', 1, 1),
(8, 6, '', NULL, 3, '2019-02-21 14:10:14', '2019-02-21 14:10:14', 1, 1),
(9, 1, 'XL images and video ', '<p>XL images and video</p>', 2, '2019-02-25 12:52:57', '2019-06-24 12:48:50', 1, 1),
(10, 2, 'SSL encryption', '<p>Secured with SSL encryption</p>', 2, '2019-02-25 12:52:57', '2019-06-24 12:50:24', 1, 1),
(11, 3, 'No commission English', '', 2, '2019-02-25 12:52:57', '2019-03-04 12:21:41', 1, 101),
(12, 4, 'Easy handling', '<p>Easy handling</p>', 2, '2019-02-25 12:52:57', '2019-06-24 12:51:00', 1, 1),
(13, 5, 'No hidden costs', '<p>No hidden costs. You pay for the package you choose.</p>', 2, '2019-02-25 12:52:57', '2019-12-02 05:23:05', 1, 1),
(14, 1, '', NULL, 3, '2019-02-25 12:52:57', '2019-02-25 12:52:57', 1, 1),
(15, 2, '', NULL, 3, '2019-02-25 12:52:57', '2019-02-25 12:52:57', 1, 1),
(16, 3, '', NULL, 3, '2019-02-25 12:52:57', '2019-02-25 12:52:57', 1, 1),
(17, 4, '', NULL, 3, '2019-02-25 12:52:57', '2019-02-25 12:52:57', 1, 1),
(18, 5, '', NULL, 3, '2019-02-25 12:52:57', '2019-02-25 12:52:57', 1, 1);

-- --------------------------------------------------------

--
-- Table structure for table `inquiries`
--

CREATE TABLE `inquiries` (
  `InquiryID` int(11) NOT NULL,
  `MachineID` int(11) NOT NULL,
  `InquiryDetail` text NOT NULL,
  `Status` int(11) DEFAULT '1' COMMENT '1=inquiry,2=Share-to-Friend,3=Report',
  `CreatedAt` timestamp NOT NULL DEFAULT CURRENT_TIMESTAMP ON UPDATE CURRENT_TIMESTAMP
) ENGINE=InnoDB DEFAULT CHARSET=latin1;

--
-- Dumping data for table `inquiries`
--

INSERT INTO `inquiries` (`InquiryID`, `MachineID`, `InquiryDetail`, `Status`, `CreatedAt`) VALUES
(11, 67, '{\"name\":\"Ralf Giebeler\",\"company_name\":\"RG-Tools GmbH\",\"phone\":\"027479150560\",\"street_address\":\"Tannenweg 10\",\"email\":\"post@rg-tools.de\",\"postcode\":\"51580\",\"city\":\"Reichshof\",\"message\":\"Sehr geehrte Damen und Herren, ich habe Ihre Anzeige zu folgender Maschine gelesen: EMAG VL 5, Baujahr 2004\\r\\n\\r\\nBitte teilen Sie mir H\\u00e4ndlerpreis und Verf\\u00fcgbarkeit mit.\\r\\n\\r\\nIm voraus vielen Dank\\r\\nund freundliche Gr\\u00fc\\u00dfe\\r\\n\\r\\nRalf Giebeler\\r\\nRG-Tools GmbH\\r\\nMobil: +49 176 61730183 \\r\\n\\r\\n                                  \",\"similarmahines\":\"\",\"policy_read\":\"yes\"}', 1, '2020-01-27 11:36:21'),
(16, 68, '{\"name\":\"Patrick Hodapp\",\"company_name\":\"Privat\",\"phone\":\"017696431994\",\"street_address\":\"Wolfhag\",\"email\":\"patrick.hodapp@gmx.de\",\"postcode\":\"77704\",\"city\":\"Oberkirch\",\"message\":\"Sehr geehrte Damen und Herren, \\r\\n\\r\\nBitte schicken Sie mir ein Angebot f\\u00fcr die Gildemeister CTX 500 Baujahr 1993.\\r\\n\\r\\nMit freundlichen Gr\\u00fc\\u00dfen\\r\\nPatrick Hodapp                      \",\"similarmahines\":\"\",\"policy_read\":\"yes\"}', 1, '2020-04-07 05:26:26');

-- --------------------------------------------------------

--
-- Table structure for table `machines`
--

CREATE TABLE `machines` (
  `MachineID` int(11) NOT NULL,
  `UserID` int(11) NOT NULL,
  `CategoryID` int(11) NOT NULL DEFAULT '1',
  `Manufacturer` varchar(255) DEFAULT NULL,
  `Service` varchar(255) DEFAULT NULL,
  `Condition` int(1) NOT NULL DEFAULT '0',
  `Model` varchar(255) NOT NULL,
  `ManufacturerYear` varchar(255) NOT NULL,
  `Price` varchar(255) NOT NULL,
  `Vat` varchar(255) NOT NULL,
  `Location` varchar(255) NOT NULL,
  `Lat` varchar(255) NOT NULL,
  `Lng` varchar(255) NOT NULL,
  `CountryShort` char(50) NOT NULL,
  `ReferenceNumber` varchar(255) NOT NULL,
  `SerialNumber` varchar(255) NOT NULL,
  `FeaturedImage` varchar(255) NOT NULL,
  `Video` varchar(255) DEFAULT NULL,
  `TotalPhoto` int(11) DEFAULT '0',
  `TotatSeen` int(11) NOT NULL DEFAULT '1',
  `SortOrder` int(11) NOT NULL,
  `Hide` tinyint(4) NOT NULL,
  `TermsAndCondition` tinyint(1) NOT NULL DEFAULT '0',
  `AdsVisitor` tinyint(1) NOT NULL DEFAULT '0' COMMENT '1 for ads visiter type',
  `AdsOffering` tinyint(1) NOT NULL DEFAULT '0' COMMENT '1 for ads offering',
  `MachinAdsTypes` tinyint(1) DEFAULT '0' COMMENT '0 for general machin and 1 for ads machin',
  `IsActive` tinyint(4) NOT NULL,
  `CreatedAt` datetime NOT NULL,
  `UpdatedAt` datetime NOT NULL,
  `CreatedBy` int(11) NOT NULL,
  `UpdatedBy` int(11) NOT NULL,
  `IsImport` tinyint(1) NOT NULL DEFAULT '0'
) ENGINE=InnoDB DEFAULT CHARSET=utf8;

--
-- Dumping data for table `machines`
--

INSERT INTO `machines` (`MachineID`, `UserID`, `CategoryID`, `Manufacturer`, `Service`, `Condition`, `Model`, `ManufacturerYear`, `Price`, `Vat`, `Location`, `Lat`, `Lng`, `CountryShort`, `ReferenceNumber`, `SerialNumber`, `FeaturedImage`, `Video`, `TotalPhoto`, `TotatSeen`, `SortOrder`, `Hide`, `TermsAndCondition`, `AdsVisitor`, `AdsOffering`, `MachinAdsTypes`, `IsActive`, `CreatedAt`, `UpdatedAt`, `CreatedBy`, `UpdatedBy`, `IsImport`) VALUES
(56, 3, 121, 'Stama', NULL, 6, '', '1997', '', '', 'Riederich, Deutschland', '48.5585981', '9.265808200000038', 'DE', '', '', 'uploads/posts/49952055520191106063729Stama_MC_530_S.jpg', '', 9, 176, 20, 0, 1, 0, 0, 0, 1, '2019-11-06 18:29:37', '2020-02-25 06:35:02', 3, 1, 0),
(65, 3, 4, 'Gildemeister', NULL, 5, '', '2000', '', '', '', '', '', '', '', '', 'uploads/posts/1/22736671020200220024416Gildemeister_CTX_400_Serie_2.jpg', '', 1, 142, 24, 0, 1, 0, 0, 0, 1, '2020-01-21 16:27:55', '2020-02-20 14:16:44', 3, 1, 0),
(66, 3, 4, 'EMAG', NULL, 0, '', '2004', '', '', '', '', '', '', '', '', 'uploads/posts/47635742320200121044945Emag_VL_3.jpg', '', 1, 180, 25, 0, 1, 0, 0, 0, 1, '2020-01-21 16:45:49', '2020-02-25 06:31:36', 3, 1, 0),
(67, 3, 4, 'EMAG', NULL, 5, '', '2004', '', '', '', '', '', '', '', '', 'uploads/posts/82919951720200122094829EMAG_VL_5.jpg', '', 1, 193, 26, 0, 1, 0, 0, 0, 1, '2020-01-22 09:29:48', '2020-02-25 06:30:40', 3, 1, 0),
(68, 3, 4, 'Gildemeister ', NULL, 4, '', '1993', '', '', '', '', '', '', '', '', 'uploads/posts/58139026420200122091743Gildemeister_CTX_500_(2).jpg', '', 3, 216, 27, 0, 1, 0, 0, 0, 1, '2020-01-22 09:43:17', '2020-02-25 06:29:44', 3, 1, 0),
(69, 3, 123, 'Deckel Maho ', NULL, 4, '', '1999', '', '', '', '', '', '', '', '', 'uploads/posts/45209131620200122041311DMU_80P_(12).jpg', '', 3, 176, 28, 0, 1, 0, 0, 0, 1, '2020-01-22 16:11:13', '2020-02-19 04:24:56', 3, 1, 0),
(73, 3, 129, 'Mikron ', NULL, 6, '', '1998', '', '', '', '', '', '', '', '', 'uploads/posts/57155874320200131012515Mikron_VCP_1000_(8).jpg', '', 6, 256, 30, 0, 1, 0, 0, 0, 1, '2020-01-31 13:15:26', '2020-02-04 10:31:32', 3, 3, 0),
(74, 3, 126, 'Chiron', NULL, 5, '', '1999', '', '', '', '', '', '', '', '', 'uploads/posts/10120830320200219104302Chiron_FZ_18L_2.jpg', '', 4, 231, 31, 0, 1, 0, 0, 0, 1, '2020-02-19 10:02:43', '2020-02-19 15:23:43', 3, 3, 0),
(82, 5, 138, 'SAPI VERA', NULL, 1, '', '2017', '105000 €', '', '86753 Möttingen', '', '', '', '', '', 'uploads/user/Herr-001/images/2020/38389028920200605014212IMG_2383.jpg', '', 16, 149, 24, 0, 1, 0, 0, 0, 1, '2020-05-29 12:05:13', '2020-07-03 08:22:37', 5, 1, 0),
(83, 3, 124, 'DMG Mori', NULL, 4, '', '2009', '', '', '', '', '', '', '', '', 'uploads/user/Herr-003/images/2020/11272984020200529051542DMG_DMC_125FD_duoBlock_(3).jpg', '', 2, 76, 0, 0, 1, 0, 0, 0, 1, '2020-05-29 17:42:15', '2020-05-29 17:43:00', 3, 3, 0),
(84, 6, 137, 'Epson ', NULL, 5, '', '2020', 'VB ', '', 'Baden-Württemberg', '', '', '', 'Drucker EP 1', '', 'uploads/user/Frau-006/images/2020/77724377120200603053531Epson-3270-1.jpg', '', 2, 44, 0, 0, 1, 0, 0, 0, 0, '2020-06-03 17:31:36', '2020-06-18 06:10:41', 6, 1, 0),
(88, 6, 111, NULL, 'Pioneer DDJ-RB DJ-Controller', 5, '', '1980', '100000 EUR', '', 'Tübingen', '', '', '', '', '', 'uploads/user/Frau-006/images/2020/58564551220200803123858IMG_20200803_122738.jpg', '', 2, 5, 0, 0, 1, 0, 0, 0, 0, '2020-08-03 12:58:39', '2020-08-03 14:27:04', 6, 1, 0),
(90, 3, 39, 'STUDER', NULL, 7, '', '2001', '', '', '', '', '', '', '', '', '', '', 5, 3, 0, 0, 1, 0, 0, 0, 0, '2020-08-03 14:25:32', '2020-08-03 14:27:44', 1, 1, 0);

-- --------------------------------------------------------

--
-- Table structure for table `machines_text`
--

CREATE TABLE `machines_text` (
  `MachineTextID` int(11) NOT NULL,
  `MachineID` int(11) NOT NULL,
  `Title` varchar(255) NOT NULL,
  `MachineType` varchar(255) NOT NULL,
  `Description` text NOT NULL,
  `keywords` varchar(200) DEFAULT NULL,
  `SystemLanguageID` int(11) NOT NULL,
  `CreatedAt` datetime NOT NULL,
  `UpdatedAt` datetime NOT NULL,
  `CreatedBy` int(11) NOT NULL,
  `UpdatedBy` int(11) NOT NULL,
  `autoTranslated` tinyint(3) NOT NULL DEFAULT '0'
) ENGINE=InnoDB DEFAULT CHARSET=utf8;

--
-- Dumping data for table `machines_text`
--

INSERT INTO `machines_text` (`MachineTextID`, `MachineID`, `Title`, `MachineType`, `Description`, `keywords`, `SystemLanguageID`, `CreatedAt`, `UpdatedAt`, `CreatedBy`, `UpdatedBy`, `autoTranslated`) VALUES
(111, 56, 'Stama MC530 ', 'MC 530', '<p><strong>Maschinentyp: </strong>CNC Bearbeitungszentrum</p>\r\n<p><strong>Hersteller: </strong>Stama</p>\r\n<p><strong>Modell: </strong>MC530 5-Achsen Siemens</p>\r\n<p><strong>Baujahr: </strong>1997</p>\r\n<p><strong>Zustand: </strong>gut (gebraucht) &nbsp;</p>\r\n<p>Maschine f&uuml;r Stangenbearbeitung <br /> <br /> 5-Achsige Bearbeitung von komplizierten Formen in allen Winkellagen<br /> <br /> <br /> x-Weg 800 mm<br /> y-Weg 400 mm<br /> z-Weg 350 mm<br /> <br /> Maschinengewicht ca. 8 t &nbsp;</p>\r\n<p>Zubeh&ouml;r / Sonderausstattung:</p>\r\n<p>- CNC-Bahnsteuerung Siemens 840<br /> - 5 Achsen mit Bildschirm und Direkteingabe und diversen Unterprogrammen, Werkzeugkorrekturen, Werkzeug&uuml;berwachung<br /> - CNC-Dreh-Schwenkeinrichtung mit Spannzangeneinrichtung zur Aufnahme des Stangenmaterials in Verbindung mit hydraulischen Reitstock als Gegenspitze<br /> - automatisches Werkzeugmagazin mit 72 Werkzeugstellen <br /> - mit IKZ</p>', '', 1, '2019-11-06 18:29:38', '2020-02-25 06:35:02', 3, 1, 0),
(112, 56, '', '', '', NULL, 2, '2019-11-06 18:29:38', '2019-11-06 18:29:38', 3, 3, 0),
(129, 65, 'Drehmaschinen Gildemeister CTX 400 S2', 'CTX 400 S2', '<h1>Gildemeister CTX-400 S2</h1>\r\n<p><br />Heidenhain Steuerung Turn Plus<br />C-Achse (0.001&deg;)<br />Angetriebene Werkzeuge<br />Reitstock<br />12-fach Revolver VDI-30<br />Werkzeugpaket<br />Sp&auml;nef&ouml;rderer<br />Baujahr 2001<br />Einschichtbetrieb ᐳ ca. 15.000 Spindelstunden</p>', '', 1, '2020-01-21 16:27:55', '2020-02-20 14:16:44', 3, 1, 0),
(130, 65, '', '', '', NULL, 2, '2020-01-21 16:27:55', '2020-01-21 16:27:55', 3, 3, 0),
(131, 66, 'CNC Vertikal Drehmaschine EMAG VL 3', 'VL 3', '<div class=\"merkmal\">\r\n<h3 class=\"wert\">Maschinentyp: CNC Vertikal Drehmaschine</h3>\r\n</div>\r\n<p class=\"wert\">Hersteller: EMAG</p>\r\n<p class=\"wert\">Modell: VL 3</p>\r\n<p class=\"wert\">Baujahr: 2004</p>\r\n<p class=\"wert\">Zustand: sehr gut (gebraucht)</p>\r\n<p>&nbsp;</p>\r\n<p class=\"beschreibung\">EMAG VL3 ᐳ System Pickup<br /> <br /> Automation f&uuml;r Roh- und Fertigteile<br /> <br /> Volle C-Achse<br /> <br /> Angetriebene Werkzeuge VDI-40<br /> <br /><br /> 3-Backenfutter dm 170mm<br /> <br /> Fanuc-Steuerung 18i<br /> <br /> Inbetriebnahme: 2004<br /> <br /> 1-Schichtbetrieb / Zustand gepflegt.</p>', '', 1, '2020-01-21 16:45:49', '2020-02-25 06:31:36', 3, 1, 0),
(132, 66, '', '', '', NULL, 2, '2020-01-21 16:45:49', '2020-01-21 16:45:49', 3, 3, 0),
(133, 67, 'CNC Vertikal Drehmaschine  EMAG VL 5', 'VL 5', '<div class=\"merkmal\">\r\n<p class=\"wert\"><strong>Maschinentyp: CNC Vertikal Drehmaschine</strong></p>\r\n<p class=\"wert\">&nbsp;</p>\r\n<p class=\"wert\">Hersteller: EMAG</p>\r\n<p class=\"wert\">Modell: VL 5</p>\r\n<p class=\"wert\">Baujahr: 2004</p>\r\n<p class=\"wert\">Zustand: sehr gut (gebraucht)</p>\r\n</div>\r\n<p>&nbsp;</p>\r\n<p class=\"beschreibung\">EMAG VL5 ᐳ System Pickup<br /> <br /> Automation f&uuml;r Roh- und Fertigteile<br /> <br /> Volle C-Achse<br /> <br /> Angetriebene Werkzeuge VDI-40<br /> <br /><br /> 3-Backenfutter dm 250mm<br /> <br /> Fanuc-Steuerung 18iT<br /> <br /> Inbetriebnahme: 2004<br /> <br /> 1-Schichtbetrieb / Zustand gepflegt.</p>', '', 1, '2020-01-22 09:29:48', '2020-02-25 06:30:40', 3, 1, 0),
(134, 67, '', '', '', NULL, 2, '2020-01-22 09:29:48', '2020-01-22 09:29:48', 3, 3, 0),
(135, 68, 'CNC Drehmaschine Gildemeister CTX 500', 'CTX 500', '<p>Maschinenart: &nbsp;&nbsp; CNC Dreh- und Fr&auml;szentrum<br />Hersteller : &nbsp; &nbsp; &nbsp;&nbsp; Gildemeister<br />Type: &nbsp; &nbsp; &nbsp; &nbsp; &nbsp; &nbsp; &nbsp; &nbsp; CTX 500<br />Baujahr: &nbsp;&nbsp;&nbsp;&nbsp;&nbsp;&nbsp;&nbsp;&nbsp;&nbsp;&nbsp; 1993<br />Steuerung: &nbsp;&nbsp;&nbsp; EltroPilot II&nbsp; Heidenhain<br /><br />&nbsp; &nbsp;&nbsp; &nbsp; <br />Technische Details<br />Drehdurchmesser: &nbsp;&nbsp;&nbsp; 315 mm<br />Drehl&auml;nge &nbsp;&nbsp; &nbsp;&nbsp;&nbsp;&nbsp;&nbsp;&nbsp;&nbsp;&nbsp;&nbsp;&nbsp;&nbsp;&nbsp;&nbsp; 1.000 mm<br />Umlaufdurchmesser &uuml;ber Bett &nbsp;&nbsp; &nbsp;&nbsp;&nbsp;&nbsp;&nbsp;&nbsp;&nbsp;&nbsp;&nbsp;&nbsp;&nbsp;&nbsp;&nbsp;&nbsp;&nbsp; 600 mm<br />Umlaufdurchmesser &uuml;ber Planschlitten &nbsp;&nbsp; &nbsp;420 mm</p>\r\n<p>Hauptspindel: &nbsp;&nbsp; &nbsp; <br />Drehzahlbereich - Hauptspindel &nbsp;&nbsp; &nbsp;16 - 3.200 min/-1<br />Antriebsleistung - Hauptspindel &nbsp;&nbsp; &nbsp;27 kW<br />Max. Drehmoment &nbsp;&nbsp; &nbsp;800 Nm</p>\r\n<p>Futterdurchmesser &nbsp;&nbsp; &nbsp;250 mm<br />Spindellagerdurchmesser &nbsp;&nbsp; &nbsp;120 mm<br />Spindelbohrung &nbsp;&nbsp; &nbsp;&nbsp;&nbsp;&nbsp;&nbsp;&nbsp;&nbsp;&nbsp;&nbsp;&nbsp;&nbsp;&nbsp;&nbsp;&nbsp;&nbsp;&nbsp; 85 mm<br />Max. Stangendurchmesser &nbsp;&nbsp; &nbsp;65 mm<br />C-Achse &nbsp;&nbsp; &nbsp;0,001 &deg;<br />Werkzeugrevolver: &nbsp;&nbsp; &nbsp; <br />Anzahl der Werkzeugpl&auml;tze &nbsp;&nbsp; &nbsp;12 pos.<br />Werkzeugaufnahme &nbsp;&nbsp; &nbsp;&nbsp;&nbsp;&nbsp;&nbsp;&nbsp;&nbsp;&nbsp;&nbsp;&nbsp;&nbsp;&nbsp; VDI 40</p>\r\n<p>Angetriebene Werkzeugstationen: &nbsp;&nbsp; &nbsp; <br />Anzahl der angetriebenen Werkzeugstationen &nbsp;&nbsp; &nbsp;6 pos.<br />Drehzahl angetriebene Werkzeuge &nbsp;&nbsp; &nbsp;max. 3.000 min/-1<br />Antriebsleistung angetr. WZ-Stationen &nbsp;&nbsp; &nbsp;9,2 kW<br />Max. Drehmoment &nbsp;&nbsp; &nbsp;30 Nm</p>\r\n<p>Verfahrwege: &nbsp;&nbsp; &nbsp; <br />x-Weg &nbsp;&nbsp; &nbsp;275 mm<br />z-Weg &nbsp;&nbsp; &nbsp;1.065 mm</p>\r\n<p>Reitstock: &nbsp;&nbsp; &nbsp; <br />Pinolendurchmesser &nbsp;&nbsp; &nbsp;100 mm<br />Pinolenhub &nbsp;&nbsp; &nbsp;120 mm<br />Reitstockaufnahme &nbsp;&nbsp; &nbsp;MK 5<br />Spannkraft &nbsp;&nbsp; &nbsp;950 daN</p>\r\n<p>Vorsch&uuml;be: &nbsp;&nbsp; &nbsp; <br />Eilgang &nbsp;&nbsp; &nbsp;X : 10 / Z : 15 m/min<br />Gesamtleistungsbedarf &nbsp;&nbsp; &nbsp;52 kVA<br />Maschinengewicht ca. &nbsp;&nbsp; &nbsp;7,6 t<br />Raumbedarf ca. &nbsp;&nbsp; &nbsp;6,5 x 3,0 x 2,2 m</p>', '', 1, '2020-01-22 09:43:17', '2020-02-25 06:29:44', 3, 1, 0),
(136, 68, '', '', '', NULL, 2, '2020-01-22 09:43:17', '2020-01-22 09:43:17', 3, 3, 0),
(137, 69, 'Bearbeitungszentrum universal Deckel Maho  DMU 80P', 'DMU 80P ', '<p>Maschinentyp: CNC Bearbeitungszentrum<br />Hersteller: Deckel Maho<br />Modell: DMU 80P<br />Baujahr: 1999<br />Zustand: gut<br />&nbsp;<br />Verfahrweg:<br />X-Achse 800 mm<br />Y-Achse 700 mm<br />Z-Achse 600 mm<br /><br />Steuerung: Heidenhain TNC 426 / TNC 430<br /><br />Tisch:<br />Aufspannfl&auml;che Tisch 900x630 mm<br />Werkst&uuml;ck Gewicht (max) 700 kg<br /><br />FR&Auml;SSPINDEL / KOPF<br />Drehzahlbereich bis 8000 /min<br />Werkzeugaufnahme: ISO SK 40<br /><br />WERKZEUGMAGAZIN<br />Anzahl Werkzeugpositionen 30<br /><br />- Heidenhain Messtaster<br />- Sp&auml;nef&ouml;rderer, K&uuml;hlmitteleinrichtung<br /><br />NEUE Spindel 2019<br /><br />Betriebsart 4 anw&auml;hlbar</p>', '', 1, '2020-01-22 16:11:13', '2020-02-19 04:24:56', 3, 1, 0),
(138, 69, '', '', '', NULL, 2, '2020-01-22 16:11:13', '2020-01-22 16:11:13', 3, 3, 0),
(145, 73, 'CNC Bearbeitungszentrum Mikron VCP 1000', 'VCP 1000', '<p>Mikron VCP 1000</p>\r\n<p>Bj. 1998</p>\r\n<p>Steuerung: Heidenhain</p>\r\n<p>Tisch: 1150mm x 700mm</p>\r\n<p>Verfahrwege</p>\r\n<p>X: 1000mm</p>\r\n<p>Y: 750mm</p>\r\n<p>Z: 750mm</p>\r\n<p>Spindeldrehzahl max. 12.000 U/min</p>\r\n<p>IKZ</p>\r\n<p>Sp&auml;nef&ouml;rder</p>\r\n<p>&nbsp;</p>', 'CNC Fräsmaschine Mikron, Mikron, VCP 1000, CNC Bearbeitungszentrum Mikron VCP 1000, Mikron VCP 1000', 1, '2020-01-31 13:15:28', '2020-02-04 10:31:32', 3, 3, 0),
(146, 73, '', '', '', NULL, 2, '2020-01-31 13:15:28', '2020-01-31 13:15:28', 3, 3, 0),
(147, 74, 'CNC Bearbeitungszentrum Chiron FZ 18L high speed', 'FZ 18L', '<p><strong>Maschinentyp: </strong>CNC Bearbeitungszentrum</p>\r\n<p><strong>Hersteller: </strong>Chiron</p>\r\n<p><strong>Modell: </strong>FZ18 L high speed</p>\r\n<p><strong>Baujahr: </strong>1999</p>\r\n<p><strong>Zustand: </strong>sehr gut (gebraucht)</p>\r\n<p>&nbsp;</p>\r\n<p>Steuerung: Siemens 840D<br /> <br /> Verfahrweg: <br /> X-Achse 2000mm, <br /> Y-Achse 400mm, <br /> Z-Achse 426mm<br /> <br /> Spindeldrehzahl max. 10.500U/min<br /> Werkzeugaufnahme SK40<br /> Werkzeugmagazin mit 20 Pl&auml;tzen<br /> K&uuml;hlmittelbeh&auml;lter 400L<br /> Sp&auml;nef&ouml;rderer (Kratzband) mit erh&ouml;hter Auswurfh&ouml;he 1050mm<br /> Sonderausstattung Minimalmengenschmierung<br /> <br /> Steuerung:<br /> Siemens 840D<br /> <br /> Sonderfunktion / Sonderausstattung:<br /> Minimalmengenschmierung Fa. Steidle. Rohr in Rohr System, verlegt durch Kabelschlepp bis an die Spindel.<br /> <br /> Hinweis:<br /> - F&uuml;hrungsschuhe, <br /> - F&uuml;hrungsschienen und Kugelrollspindeln in X, Y und Z im Feb. 2018 erneuert.<br /> - Riemenscheiben und Antriebsriemen aller Achsen 2018 erneuert<br /> <br /> Antriebsmotor Y-Achse im Juli 2019 erneuert<br /> Aufgrund von Gew&auml;hrleistungsanspr&uuml;chen im August 2019 F&uuml;hrungsschuhe, F&uuml;hrungsschienen und Kugelrollspindel in Y-Achse nochmals ausgetauscht.</p>\r\n<p>&nbsp;</p>', 'Chiron FZ 18L high speed, Chiron FZ18, Chiron, Fräsmaschine, Bearbeitungszentrum, CNC Bearbeitungszentrum Siemens 840D', 1, '2020-02-19 10:02:43', '2020-02-19 15:23:43', 3, 3, 0),
(148, 74, '', '', '', NULL, 2, '2020-02-19 10:02:43', '2020-02-19 10:02:43', 3, 3, 0),
(163, 82, 'Pulverbeschichtungsanlage SAPI VERA', 'Automatische Pulverbeschichtung Taktanlage', '<p>Pulverbeschichtungsanlage, die wir als Vorf&uuml;hranlage bei uns im Betrieb haben.</p>\r\n<p>Es steht zum Verkauf als Gebrachte Vorf&uuml;hranlage. ( Im Einsatz ; Betriebs Std. ca.150-200Std.)</p>\r\n<p>Demontage und wieder Aufbau bei Ihnen k&ouml;nnen wir gegen Aufpreis &uuml;bernehmen.</p>\r\n<p>Einbrennofen ist 10m lang, Heizwert max 220&deg;</p>\r\n<p>Es besteht die Mglichkeit, die H&auml;ngebahnen in die breite zu erweitern, um l&auml;ngere teile bis 6m zu bearbeiten, bzw, zu pulvern.&nbsp;</p>\r\n<p>F&uuml;r n&auml;here Information bitte Melden.</p>\r\n<p>I.A Cengiz Kevik</p>\r\n<p>Vertrieb, 0162-1913804</p>', 'Pulverbeschichtungsanlage, Vorführanlage, SAPI VERA, Einbrennofen, Gebrauchte Vorführanlage, Automatische Pulverbeschichtung, Taktanlage', 1, '2020-05-29 12:05:13', '2020-07-03 08:22:37', 5, 1, 0),
(164, 82, '', '', '<p> Powder coating system that we have in operation as a demonstration system. </p>\r\n<p> It is for sale as a brought demonstration system. (In use; operating hours approx. 150-200 hours) </p>\r\n<p> Disassembly and re-assembly at your house can be done for an extra charge. </p>\r\n<p> Baking oven is 10m long, calorific value max 220 ° </p>\r\n<p> There is the possibility of expanding the monorails to process longer parts up to 6m or to powder them. </p>\r\n<p> Please report for more information. </p>\r\n<p> I.A Cengiz Kevik </p>\r\n<p> Sales, 0162-1913804 </p>', NULL, 2, '2020-05-29 12:05:13', '2020-05-29 12:05:13', 5, 5, 1),
(165, 83, ' DMG Mori DMC 125FD duoBlock', 'DMC 125FD duoBlock', '<p><br />Maschinentyp: CNC Bearbeitungszentrum<br />Hersteller: DMG MORI<br />Modell: DMC 125FD duoBlock<br />Baujahr: 2009<br />Zustand: gut (gebraucht)<br /><br />5 Achsen CNC-Bearbeitungszentrum<br /><br />Hersteller: DMG<br />Maschinen-Modell: DMC 125 FD duoBlock<br />Steuerung: Heidenhain Mill Plus IT FD<br /><br />Technische Daten:<br />Bearbeitungsbereich: 1.250mm x 1.000mm x 1.000mm<br />Hauptantrieb: Getriebespindel Torque Master 8.000 U/min<br />Leistung (Drehmoment):: 288 kW (727Nm bei 100%); 187 kW (492Nm bei 100%)<br />Werkzeugaufnahme: HSK-A 100<br />Werkzeugwechsler: 60 Pl&auml;tze<br />Kegelreinigung f&uuml;r HSK-A 100<br />Universalfr&auml;skopf mit gesteuerter B-Achse<br />NC-Fr&auml;s-/Drehtisch mit Palettentr&auml;ger Drehpalettenwechsler - 2 Paletten &Oslash;1.100mm<br />Innere K&uuml;hlmittelzufuhr (IKZ): 80bar<br />K&uuml;hlmittelbeh&auml;lter: 980 Liter<br /><br />Weitere Ausstattung:<br />- Sp&auml;nef&ouml;rderer<br />- Rotierende Sichtscheibe<br />- Messtaster Heidenhain TS649 DMG HSK-A 100<br />- Werkzeugvermessung Blum LaserControl NT-H 3D<br />- 3D quickSet<br />- &Ouml;l und Emulsionsnebelabscheideanlage<br />- K&uuml;hleinrichtung Blasluft durch Spindelmitte<br />- Elektronisches Handrad MillPlus IT<br />- Betriebsart 4</p>', '', 1, '2020-05-29 17:42:15', '2020-05-29 17:43:00', 3, 3, 0),
(166, 83, '', '', '<p> <br /> Machine type: CNC machining center <br /> Manufacturer: DMG MORI <br /> Model: DMC 125FD duoBlock <br /> Year of construction: 2009 <br /> Condition: good (used) <br /> < 5 axes CNC machining center <br /> <br /> Manufacturer: DMG <br /> Machine model: DMC 125 FD duoBlock <br /> Control: Heidenhain Mill Plus IT FD <br /> <br /> Technical data: <br /> Machining area: 1,250mm x 1,000mm x 1,000mm <br /> Main drive: Gear spindle Torque Master 8,000 rpm <br /> Power (torque) :: 288 kW (727Nm at 100%); 187 kW (492Nm at 100%) <br /> tool holder: HSK-A 100 <br /> tool changer: 60 positions <br /> cone cleaning for HSK-A 100 <br /> universal milling head with controlled B-axis <br /> NC milling / rotary table with pallet carrier Rotary pallet changer - 2 pallets Ø1.100mm <br /> Internal coolant supply (IKZ): 80bar <br /> Coolant tank: 980 liters <br /> <br /> Additional equipment: <br /> - Chip conveyor <br /> - Rotating viewing window <br /> - Measuring probe Heidenhain TS649 DMG HSK-A 100 <br /> - Tool measurement Blum LaserControl NT-H 3D <br /> - 3D quickSet <br /> - Oil and emulsion mist separation system <br /> - Cooling device for blowing air through the center of the spindle <br /> - Electronic handwheel MillPlus IT <br /> - Operating mode 4 </p>', NULL, 2, '2020-05-29 17:42:15', '2020-05-29 17:42:15', 3, 3, 1),
(167, 84, 'Epson  Pro WF-3720 All-in-One Printer mit Original Toner Paket dazu', 'WorkForce Pro WF-3720 All-in-One Printer', '<p><strong>Neuwertiger Epson Drucker /&nbsp;WorkForce Pro WF-3720 All-in-One Printer / Scanner / Kopierer</strong><br />erst wenige Stunden in Betrieb&nbsp;<br /><br />inkl. Original Toner-Set von Epson (Wert ca. 50,- EUR)&nbsp;<br />Epson WorkForce Pro WF-3720DWF 4-in-1 Tintenstrahl-Multifunktionsger&auml;t</p>\r\n<p>Drucken, Scannen, Kopieren, Fax, ADF, WiFi, Ethernet, Duplex,</p>\r\n<p>Einzelpatronen, DIN A4 Schnelles beidseitiges Drucken<br />Kaufbeleg aus 2020 liegt vor.&nbsp;</p>\r\n<p>ISO-Druckgeschwindigkeit:</p>\r\n<p>bis zu 20 Seiten/Min. in s/w (Normalpapier)<br />10 Seiten/min Farbe (Normapapier) <br />Farb-Touchscreeen<br /><br /> Schnittstellen: WiFi und WiFi Direct /&nbsp;LAN (Ethernet - 100 Base-TX/10 Base-T) <br />Hi-Speed USB - kompatibel mit dem USB 2.0-Standard<br />Laserscharfe Ausdrucke, sofort wisch- und wasserfest Wirtschaftlich dank Einzelpatronen<br /><br />Versand oder Abholung nach Absprache&nbsp;<br /><br /></p>', 'Epson Drucker 3720, WorkForce Pro WF-3720 All-in-One Printer inkl. 1 Paket Original Toner, Multifunktionsgerät, Epson Scanner, Kopierer Drucker', 1, '2020-06-03 17:31:37', '2020-06-18 06:10:41', 6, 1, 0),
(168, 84, '', '', '<p> <strong> Mint Epson printer / WorkForce Pro WF-3720 All-in-One printer / scanner / copier </strong> <br /> only a few hours in operation <br /> <br /> incl. Original toner set from Epson (value approx. EUR 50) <br /> Epson WorkForce Pro WF-3720DWF 4-in-1 inkjet multifunction device </p>\r\n<p> Print, scan, copy, fax, ADF, WiFi, Ethernet, duplex, </p>\r\n<p> Single cartridges, A4 Fast double-sided printing </p>\r\n<p> ISO print speed: </p>\r\n<p> up to 20 pages / min. in b / w (normal paper) <br /> 10 pages / min color (normal paper) <br /> color touchscreens <br /> <br /> interfaces: WiFi and WiFi Direct / LAN (Ethernet - 100 Base-TX / 10 Base-T) <br /> Hi-Speed ​​USB - compatible with the USB 2.0 standard <br /> Laser-sharp prints, immediately smudge-proof and waterproof Economical thanks to individual cartridges <br /> <br /> Dispatch or collection after consultation < br /> <br /> </p>', NULL, 2, '2020-06-03 17:31:37', '2020-06-03 17:31:37', 6, 6, 1),
(175, 88, 'DJ-Controller', 'DDJ-RB', '<p>Der Pioneer DDJ-RB ist ein Einsteiger-Modell eines DJ-Controllers von Pioneer. Das \"RB\" steht f&uuml;r Rekordbox, der DJ-Software von Pioneer, f&uuml;r die eine Lizenz beim Kauf der Hardware enthalten ist.</p>\r\n<p><img src=\"https://www.maschinenpilot.de/uploads/pages/11801295420200803122553IMG_20200803_122738-50.jpg\" alt=\"11801295420200803122553IMG_20200803_122738-50.jpg\" width=\"2000\" height=\"1496\" />&nbsp;</p>', 'DJ-Controller, DJ-Equipment, Pioneer', 1, '2020-08-03 12:58:39', '2020-08-03 14:27:04', 6, 1, 0),
(176, 88, '', '', '<p> The Pioneer DDJ-RB is an entry-level model of a Pioneer DJ controller. The \"RB\" stands for Rekordbox, Pioneer\'s DJ software, for which a license is included when the hardware is purchased. </p>\r\n<p> <img src = \"https://www.maschinenpilot.de/uploads/pages/11801295420200803122553IMG_20200803_122738-50.jpg\" alt = \"11801295420200803122553IMG_20200803_122738-50.jpg\" width = \"2000\" height = \"1496\" /> / p>', NULL, 2, '2020-08-03 12:58:39', '2020-08-03 12:58:39', 6, 6, 1),
(179, 90, 'Metallschleifmaschine STUDER  S21 lean CNC - Rundschleifmaschine', ' S21 lean CNC ', '<p><br />Zum Verkauf steht eine Rundschleifmaschine.</p>\r\n<p><strong>STUDER S21 lean CNC</strong></p>\r\n<p>Steuerung: Fanuc 21iT</p>\r\n<p>- Spitzenweite:400 mm<br />- Spitzenh&ouml;he:125mm&nbsp;&nbsp; &nbsp;<br />- WSS mit MK4, RS mit MK3 und 35 mm Hub manuell<br />- Schleifkopf mit 1 Schleifscheibe Rechts: max. Schleifscheibendurchmesser 400 mm; max. Schnittgew. 50 m/min<br />- autom. Schwenkbereich Schleifkopf -15&deg; bis +195&deg;; Hirthverzahnung 1&deg;<br />- Verfahrwege: X-Achse 254 mm; Z-Achse 483 mm<br />- Anschlifferkennung SENSITRON<br />- Schnittstelle zur MPM Auswuchtelektronik defekt<br />- Quick Set<br />- Abrichtvorrichtung am Reitstock, MK0 f&uuml;r Fliese<br />-Touchtaster MARPOSS T25G zur L&auml;ngspositionierung</p>\r\n<p>Maschinengewicht 4000Kg</p>\r\n<p>&nbsp;</p>', 'Studer S21, Rundschleifmaschine gebraucht,  Steuerung Fanuc 21iT,', 1, '2020-08-03 14:25:32', '2020-08-03 14:27:44', 1, 1, 0),
(180, 90, '', '', '<p> <br /> A cylindrical grinding machine is for sale. </p>\r\n<p> <strong> STUDER S21 lean CNC </strong> </p>\r\n<p> Control: Fanuc 21iT </p>\r\n<p> - center distance: 400 mm <br /> - center height: 125mm <br /> - WSS with MK4, RS with MK3 and 35 mm stroke manually <br /> - grinding head with 1 grinding wheel Right: max. Grinding wheel diameter 400 mm; Max. Cutting weight 50 m / min <br /> - autom. Swivel range grinding head -15 ° to + 195 °; Serration 1 ° <br /> - travel: X-axis 254 mm; Z-axis 483 mm <br /> - SENSITRON <br /> stop detection - Defective interface to MPM balancing electronics <br /> - Quick Set <br /> - Dressing device on tailstock, MK0 for tile <br /> touch button MARPOSS T25G Longitudinal positioning </p>\r\n<p> machine weight 4000Kg </p>\r\n<p> </p>', NULL, 2, '2020-08-03 14:25:32', '2020-08-03 14:25:32', 1, 1, 1);

-- --------------------------------------------------------

--
-- Table structure for table `menus`
--

CREATE TABLE `menus` (
  `MenuID` int(11) NOT NULL,
  `MenuPosition` int(1) NOT NULL DEFAULT '1' COMMENT '1=header,2=footer,3=left,4=right',
  `Menu` text NOT NULL,
  `ShowOn` int(11) NOT NULL DEFAULT '0' COMMENT 'menu show on selected page.',
  `SortOrder` int(11) NOT NULL,
  `Hide` tinyint(4) NOT NULL,
  `IsActive` tinyint(4) NOT NULL,
  `CreatedAt` datetime NOT NULL,
  `UpdatedAt` datetime NOT NULL,
  `CreatedBy` int(11) NOT NULL,
  `UpdatedBy` int(11) NOT NULL
) ENGINE=InnoDB DEFAULT CHARSET=utf8;

--
-- Dumping data for table `menus`
--

INSERT INTO `menus` (`MenuID`, `MenuPosition`, `Menu`, `ShowOn`, `SortOrder`, `Hide`, `IsActive`, `CreatedAt`, `UpdatedAt`, `CreatedBy`, `UpdatedBy`) VALUES
(13, 1, '[{\"id\":\"1\",\"parent\":0,\"menutype\":\"2\"},{\"id\":\"116\",\"parent\":\"1\",\"menutype\":\"2\"},{\"id\":\"115\",\"parent\":\"1\",\"menutype\":\"2\"},{\"id\":\"62\",\"parent\":\"1\",\"menutype\":\"2\"},{\"id\":\"3\",\"parent\":\"1\",\"menutype\":\"2\"},{\"id\":\"4\",\"parent\":\"1\",\"menutype\":\"2\"},{\"id\":\"27\",\"parent\":\"1\",\"menutype\":\"2\"},{\"id\":\"68\",\"parent\":\"1\",\"menutype\":\"2\"},{\"id\":\"2\",\"parent\":0,\"menutype\":\"2\"},{\"id\":\"29\",\"parent\":\"2\",\"menutype\":\"2\"},{\"id\":\"5\",\"parent\":0,\"menutype\":\"2\"},{\"id\":\"6\",\"parent\":\"5\",\"menutype\":\"2\"},{\"id\":\"22\",\"parent\":\"5\",\"menutype\":\"2\"},{\"id\":\"73\",\"parent\":\"5\",\"menutype\":\"2\"},{\"id\":\"7\",\"parent\":0,\"menutype\":\"2\"},{\"id\":\"92\",\"parent\":\"7\",\"menutype\":\"2\"},{\"id\":\"8\",\"parent\":0,\"menutype\":\"2\"},{\"id\":\"20\",\"parent\":\"8\",\"menutype\":\"2\"},{\"id\":\"18\",\"parent\":\"8\",\"menutype\":\"2\"},{\"id\":\"84\",\"parent\":\"8\",\"menutype\":\"2\"},{\"id\":\"107\",\"parent\":\"8\",\"menutype\":\"2\"},{\"id\":\"49\",\"parent\":\"107\",\"menutype\":\"2\"},{\"id\":\"48\",\"parent\":\"107\",\"menutype\":\"2\"},{\"id\":\"24\",\"parent\":\"107\",\"menutype\":\"2\"},{\"id\":\"9\",\"parent\":0,\"menutype\":\"2\"},{\"id\":\"106\",\"parent\":0,\"menutype\":\"2\"},{\"id\":\"113\",\"parent\":\"106\",\"menutype\":\"2\"},{\"id\":\"112\",\"parent\":\"106\",\"menutype\":\"2\"},{\"id\":\"19\",\"parent\":\"106\",\"menutype\":\"2\"},{\"id\":\"111\",\"parent\":0,\"menutype\":\"2\"},{\"id\":\"114\",\"parent\":0,\"menutype\":\"2\"}]', 0, 0, 0, 1, '2018-11-07 10:16:53', '2019-11-10 09:21:14', 1, 1),
(14, 2, '[{\"id\":\"8\",\"parent\":0,\"menutype\":\"1\"},{\"id\":\"3\",\"parent\":0,\"menutype\":\"1\"},{\"id\":\"19\",\"parent\":0,\"menutype\":\"1\"},{\"id\":\"20\",\"parent\":0,\"menutype\":\"1\"},{\"id\":\"24\",\"parent\":0,\"menutype\":\"1\"}]', 0, 1, 0, 1, '2018-11-07 13:12:01', '2019-11-10 13:45:38', 1, 1),
(15, 3, '[{\"id\":\"12\",\"parent\":0,\"menutype\":\"2\"}]', 0, 2, 0, 1, '2018-11-14 14:53:46', '2019-06-05 18:17:06', 1, 1),
(17, 2, '[{\"id\":\"6\",\"parent\":0,\"menutype\":\"1\"},{\"id\":\"11\",\"parent\":0,\"menutype\":\"1\"},{\"id\":\"19\",\"parent\":0,\"menutype\":\"1\"},{\"id\":\"25\",\"parent\":0,\"menutype\":\"1\"}]', 0, 3, 0, 1, '2018-11-26 11:04:48', '2019-12-13 13:36:52', 1, 1),
(18, 2, '[{\"id\":\"22\",\"parent\":0,\"menutype\":\"1\"},{\"id\":\"14\",\"parent\":0,\"menutype\":\"1\"},{\"id\":\"12\",\"parent\":0,\"menutype\":\"1\"}]', 0, 4, 0, 1, '2019-02-21 14:15:20', '2019-06-07 10:22:26', 1, 1),
(19, 2, '[{\"id\":\"0\",\"parent\":0,\"menutype\":\"4\",\"link\":\"https://www.maschinenpilot.de/blog/\",\"subtitle\":\"News & Wissenwertes\"}]', 0, 5, 0, 1, '2019-12-31 15:44:12', '2019-12-31 15:48:42', 1, 1);

-- --------------------------------------------------------

--
-- Table structure for table `menus_text`
--

CREATE TABLE `menus_text` (
  `MenuTextID` int(11) NOT NULL,
  `MenuID` int(11) NOT NULL,
  `Title` varchar(255) NOT NULL,
  `SystemLanguageID` int(11) NOT NULL,
  `CreatedAt` datetime NOT NULL,
  `UpdatedAt` datetime NOT NULL,
  `CreatedBy` int(11) NOT NULL,
  `UpdatedBy` int(11) NOT NULL
) ENGINE=InnoDB DEFAULT CHARSET=utf8;

--
-- Dumping data for table `menus_text`
--

INSERT INTO `menus_text` (`MenuTextID`, `MenuID`, `Title`, `SystemLanguageID`, `CreatedAt`, `UpdatedAt`, `CreatedBy`, `UpdatedBy`) VALUES
(12, 13, 'Project-main-navi', 1, '2018-11-07 10:16:53', '2019-11-10 09:21:14', 1, 1),
(13, 14, 'Suche', 1, '2018-11-07 13:12:02', '2019-11-10 13:45:38', 1, 1),
(14, 15, 'Project Left Menu', 1, '2018-11-14 14:53:46', '2019-06-05 18:17:06', 1, 1),
(16, 17, 'Maschinen inserieren', 1, '2018-11-26 11:04:48', '2019-12-13 13:36:52', 1, 1),
(17, 18, 'Rechtliche Hinweise', 1, '2019-02-21 14:15:20', '2019-06-07 10:22:26', 1, 1),
(18, 18, 'Legal Notice', 2, '2019-02-21 14:15:20', '2019-03-06 14:52:28', 1, 1),
(19, 18, '', 3, '2019-02-21 14:15:20', '2019-02-21 14:15:20', 1, 1),
(20, 13, 'main-navigation', 2, '2019-02-25 12:53:27', '2019-07-07 09:30:41', 1, 1),
(21, 14, '', 2, '2019-02-25 12:53:27', '2019-02-25 12:53:27', 1, 1),
(22, 15, '', 2, '2019-02-25 12:53:27', '2019-02-25 12:53:27', 1, 1),
(23, 17, 'Sell machines', 2, '2019-02-25 12:53:27', '2019-03-06 14:53:36', 1, 1),
(24, 13, '', 3, '2019-02-25 12:53:27', '2019-02-25 12:53:27', 1, 1),
(25, 14, '', 3, '2019-02-25 12:53:27', '2019-02-25 12:53:27', 1, 1),
(26, 15, '', 3, '2019-02-25 12:53:27', '2019-02-25 12:53:27', 1, 1),
(27, 17, '', 3, '2019-02-25 12:53:27', '2019-02-25 12:53:27', 1, 1),
(28, 19, 'Blog', 1, '2019-12-31 15:44:12', '2019-12-31 15:48:42', 1, 1),
(29, 19, '', 2, '2019-12-31 15:44:12', '2019-12-31 15:44:12', 1, 1);

-- --------------------------------------------------------

--
-- Table structure for table `modules`
--

CREATE TABLE `modules` (
  `ModuleID` int(11) NOT NULL,
  `ParentID` int(11) NOT NULL DEFAULT '0',
  `IconClass` varchar(255) NOT NULL,
  `Slug` varchar(255) NOT NULL,
  `SortOrder` int(11) NOT NULL,
  `Hide` tinyint(4) NOT NULL,
  `IsActive` tinyint(4) NOT NULL,
  `CreatedAt` datetime NOT NULL,
  `UpdatedAt` datetime NOT NULL,
  `CreatedBy` int(11) NOT NULL,
  `UpdatedBy` int(11) NOT NULL
) ENGINE=InnoDB DEFAULT CHARSET=utf8;

--
-- Dumping data for table `modules`
--

INSERT INTO `modules` (`ModuleID`, `ParentID`, `IconClass`, `Slug`, `SortOrder`, `Hide`, `IsActive`, `CreatedAt`, `UpdatedAt`, `CreatedBy`, `UpdatedBy`) VALUES
(1, 0, 'settings', '#', 1, 0, 1, '2018-05-09 00:00:00', '2019-03-05 15:54:39', 1, 1),
(18, 1, ' mdi mdi-view-module', 'module', 0, 0, 1, '2018-04-19 15:22:06', '2018-04-19 15:22:06', 1, 1),
(22, 1, 'mdi mdi-yeast', 'role', 3, 0, 1, '2018-05-02 12:10:33', '2019-03-05 15:12:39', 1, 1),
(23, 1, 'mdi mdi-account-multiple-outline', 'user', 4, 0, 1, '2018-05-02 12:44:19', '2019-03-05 15:07:26', 1, 1),
(32, 1, 'mdi mdi-city', 'city', 7, 0, 1, '2018-05-03 14:01:59', '2019-05-28 11:17:09', 1, 1),
(35, 1, 'mdi mdi-city', 'district', 6, 0, 1, '2018-05-03 15:49:43', '2019-07-23 11:31:39', 1, 1),
(36, 1, 'settings', 'Site_setting', 8, 0, 1, '2018-06-21 20:24:33', '2019-05-28 11:21:25', 1, 1),
(39, 1, ' mdi mdi-email', 'email_template', 9, 0, 1, '2018-07-02 16:26:28', '2019-05-28 11:16:24', 1, 1),
(40, 1, 'mdi mdi-format-list-bulleted', 'language', 10, 0, 1, '2018-07-04 14:12:11', '2019-05-28 11:13:12', 1, 1),
(45, 48, 'view_module', 'feature', 13, 0, 1, '2018-10-04 12:21:13', '2018-10-04 12:21:13', 1, 1),
(48, 0, 'category', '#', 16, 0, 1, '2018-10-04 12:49:58', '2018-10-04 12:49:58', 1, 1),
(49, 48, 'gavel', 'package', 17, 0, 1, '2018-10-04 12:52:39', '2019-03-05 15:11:52', 1, 1),
(50, 0, 'memory', 'category', 18, 0, 1, '2018-10-05 16:03:42', '2019-03-05 15:32:49', 1, 1),
(51, 52, 'insert_drive_file', 'page', 20, 0, 1, '2018-10-05 17:52:44', '2019-05-28 11:20:21', 1, 1),
(52, 0, 'insert_drive_file', '#', 21, 0, 1, '2018-10-05 17:53:50', '2019-05-28 11:19:20', 1, 1),
(53, 52, 'device_hub', 'menu', 22, 0, 1, '2018-10-05 18:50:40', '2018-10-05 18:50:40', 1, 1),
(54, 1, 'flag', 'country', 23, 0, 1, '2018-10-15 11:15:31', '2019-05-28 11:13:55', 1, 1),
(55, 1, 'flag', 'state', 24, 0, 1, '2018-10-15 15:06:46', '2019-05-28 11:15:21', 1, 1),
(56, 0, 'speaker_notes', 'machine', 25, 0, 1, '2018-10-16 16:05:41', '2020-02-20 13:47:24', 1, 1),
(57, 0, 'receipt', 'Puchasehistory', 27, 0, 1, '2018-12-03 09:45:10', '2019-03-05 15:12:18', 1, 1),
(60, 1, 'notifications', 'company_advertise', 28, 0, 1, '2018-12-13 14:12:22', '2019-03-05 15:32:10', 1, 1),
(61, 1, '', 'confirmation_box', 29, 0, 1, '2019-01-25 09:13:06', '2019-03-05 15:10:39', 1, 1),
(62, 0, 'format_shapes', 'otherads', 26, 0, 1, '2020-02-20 13:41:17', '2020-02-20 13:41:17', 1, 1),
(63, 0, 'settings_applications', 'othercategory', 19, 0, 1, '2020-02-20 13:44:00', '2020-02-20 13:44:00', 1, 1);

-- --------------------------------------------------------

--
-- Table structure for table `modules_rights`
--

CREATE TABLE `modules_rights` (
  `ModuleRightID` int(11) NOT NULL,
  `ModuleID` int(11) NOT NULL,
  `RoleID` int(11) NOT NULL,
  `CanView` tinyint(4) NOT NULL,
  `CanAdd` tinyint(4) NOT NULL,
  `CanEdit` tinyint(4) NOT NULL,
  `CanDelete` tinyint(4) NOT NULL,
  `CreatedAt` datetime NOT NULL,
  `UpdatedAt` datetime NOT NULL,
  `CreatedBy` int(11) NOT NULL,
  `UpdatedBy` int(11) NOT NULL
) ENGINE=InnoDB DEFAULT CHARSET=utf8;

--
-- Dumping data for table `modules_rights`
--

INSERT INTO `modules_rights` (`ModuleRightID`, `ModuleID`, `RoleID`, `CanView`, `CanAdd`, `CanEdit`, `CanDelete`, `CreatedAt`, `UpdatedAt`, `CreatedBy`, `UpdatedBy`) VALUES
(13, 18, 0, 0, 0, 0, 0, '2018-04-19 15:22:06', '2019-11-26 09:25:59', 1, 1),
(17, 18, 2, 1, 1, 1, 1, '2018-05-02 11:37:19', '2018-05-02 11:37:19', 1, 1),
(20, 22, 1, 1, 1, 1, 1, '2018-05-02 12:10:33', '2019-11-26 09:25:59', 1, 1),
(21, 22, 2, 1, 1, 1, 1, '2018-05-02 12:10:33', '2018-05-02 12:10:33', 1, 1),
(22, 23, 1, 1, 1, 1, 1, '2018-05-02 12:44:19', '2019-11-26 09:25:59', 1, 1),
(23, 23, 2, 1, 1, 1, 1, '2018-05-02 12:44:19', '2018-05-02 12:44:19', 1, 1),
(40, 32, 1, 1, 1, 1, 1, '2018-05-03 14:01:59', '2019-11-26 09:25:59', 1, 1),
(41, 32, 2, 1, 1, 1, 1, '2018-05-03 14:01:59', '2018-05-03 14:01:59', 1, 1),
(46, 35, 1, 1, 1, 1, 1, '2018-05-03 15:49:43', '2019-11-26 09:25:59', 1, 1),
(47, 35, 2, 1, 1, 1, 1, '2018-05-03 15:49:43', '2018-05-03 15:49:43', 1, 1),
(52, 18, 3, 0, 0, 0, 0, '2018-05-04 17:33:54', '2018-06-29 17:44:36', 1, 1),
(54, 22, 3, 0, 0, 0, 0, '2018-05-04 17:33:54', '2018-06-29 17:44:36', 1, 1),
(55, 23, 3, 0, 0, 0, 0, '2018-05-04 17:33:54', '2018-06-29 17:44:36', 1, 1),
(56, 32, 3, 0, 0, 0, 0, '2018-05-04 17:33:54', '2018-06-29 17:44:36', 1, 1),
(57, 35, 3, 0, 0, 0, 0, '2018-05-04 17:33:54', '2018-06-29 17:44:36', 1, 1),
(74, 1, 3, 1, 1, 1, 1, '2018-05-09 12:20:50', '2018-06-29 17:44:36', 1, 1),
(75, 1, 2, 1, 1, 1, 1, '2018-05-09 12:20:50', '2018-05-09 12:20:50', 1, 1),
(76, 1, 1, 1, 1, 1, 1, '2018-05-09 12:20:50', '2019-11-26 09:25:59', 1, 1),
(77, 36, 1, 1, 1, 1, 1, '2018-02-12 16:32:10', '2019-11-26 09:25:59', 1, 1),
(78, 36, 2, 1, 1, 1, 1, '2018-06-29 13:51:40', '2018-06-29 13:51:40', 1, 1),
(79, 36, 3, 0, 0, 0, 0, '2018-06-29 09:34:16', '2018-06-29 17:44:36', 1, 1),
(86, 39, 1, 1, 1, 1, 1, '2018-07-02 16:26:28', '2019-11-26 09:25:59', 1, 1),
(87, 39, 2, 1, 1, 1, 1, '2018-07-02 16:26:28', '2018-07-02 16:26:28', 1, 1),
(88, 39, 3, 0, 0, 0, 0, '2018-07-02 16:26:28', '2018-07-02 16:26:28', 1, 1),
(89, 40, 1, 1, 1, 1, 1, '2018-07-04 14:12:11', '2019-11-26 09:25:59', 1, 1),
(90, 40, 2, 1, 1, 1, 1, '2018-07-04 14:12:11', '2018-07-04 14:12:11', 1, 1),
(91, 40, 3, 0, 0, 0, 0, '2018-07-04 14:12:11', '2018-07-04 14:12:11', 1, 1),
(101, 45, 1, 1, 1, 1, 1, '2018-10-04 12:21:13', '2019-11-26 09:25:59', 1, 1),
(102, 45, 2, 1, 1, 1, 1, '2018-10-04 12:21:13', '2018-10-04 12:21:13', 1, 1),
(103, 45, 3, 0, 0, 0, 0, '2018-10-04 12:21:13', '2018-10-04 12:21:13', 1, 1),
(110, 48, 1, 1, 1, 1, 1, '2018-10-04 12:49:58', '2019-11-26 09:25:59', 1, 1),
(111, 48, 2, 1, 1, 1, 1, '2018-10-04 12:49:58', '2018-10-04 12:49:58', 1, 1),
(112, 48, 3, 0, 0, 0, 0, '2018-10-04 12:49:58', '2018-10-04 12:49:58', 1, 1),
(113, 49, 1, 1, 1, 1, 1, '2018-10-04 12:52:39', '2019-11-26 09:25:59', 1, 1),
(114, 49, 2, 1, 1, 1, 1, '2018-10-04 12:52:39', '2018-10-04 12:52:39', 1, 1),
(115, 49, 3, 0, 0, 0, 0, '2018-10-04 12:52:39', '2018-10-04 12:52:39', 1, 1),
(116, 50, 1, 1, 1, 1, 1, '2018-10-05 16:03:42', '2019-11-26 09:25:59', 1, 1),
(117, 50, 2, 1, 1, 1, 1, '2018-10-05 16:03:42', '2018-10-05 16:03:42', 1, 1),
(118, 50, 3, 0, 0, 0, 0, '2018-10-05 16:03:42', '2018-10-05 16:03:42', 1, 1),
(119, 51, 1, 1, 1, 1, 1, '2018-10-05 17:52:44', '2019-11-26 09:25:59', 1, 1),
(120, 51, 2, 1, 1, 1, 1, '2018-10-05 17:52:44', '2018-10-05 17:52:44', 1, 1),
(121, 51, 3, 0, 0, 0, 0, '2018-10-05 17:52:44', '2018-10-05 17:52:44', 1, 1),
(122, 52, 1, 1, 1, 1, 1, '2018-10-05 17:53:50', '2019-11-26 09:25:59', 1, 1),
(123, 52, 2, 1, 1, 1, 1, '2018-10-05 17:53:50', '2018-10-05 17:53:50', 1, 1),
(124, 52, 3, 0, 0, 0, 0, '2018-10-05 17:53:50', '2018-10-05 17:53:50', 1, 1),
(128, 54, 1, 1, 1, 1, 1, '2018-10-15 11:15:31', '2019-11-26 09:25:59', 1, 1),
(129, 54, 2, 1, 1, 1, 1, '2018-10-15 11:15:31', '2018-10-15 11:15:31', 1, 1),
(130, 54, 3, 0, 0, 0, 0, '2018-10-15 11:15:31', '2018-10-15 11:15:31', 1, 1),
(131, 55, 1, 1, 1, 1, 1, '2018-10-15 15:06:46', '2019-11-26 09:25:59', 1, 1),
(132, 55, 2, 1, 1, 1, 1, '2018-10-15 15:06:46', '2018-10-15 15:06:46', 1, 1),
(133, 55, 3, 0, 0, 0, 0, '2018-10-15 15:06:46', '2018-10-15 15:06:46', 1, 1),
(134, 56, 1, 1, 1, 1, 1, '2018-10-16 16:05:41', '2019-11-26 09:25:59', 1, 1),
(135, 56, 2, 1, 1, 1, 1, '2018-10-16 16:05:41', '2018-10-16 16:05:41', 1, 1),
(136, 56, 3, 0, 0, 0, 0, '2018-10-16 16:05:41', '2018-10-16 16:05:41', 1, 1),
(137, 53, 1, 1, 1, 1, 1, '2018-10-16 16:05:41', '2019-11-26 09:25:59', 1, 1),
(138, 53, 2, 1, 1, 1, 1, '2018-10-16 16:05:41', '2018-10-16 16:05:41', 1, 1),
(139, 53, 3, 0, 0, 0, 0, '2018-10-16 16:05:41', '2018-10-16 16:05:41', 1, 1),
(140, 1, 4, 0, 0, 0, 0, '2018-11-08 14:14:50', '2019-08-09 08:59:12', 1, 2),
(141, 18, 4, 0, 0, 0, 0, '2018-11-08 14:14:50', '2019-08-09 08:59:12', 1, 2),
(142, 22, 4, 0, 0, 0, 0, '2018-11-08 14:14:50', '2019-08-09 08:59:12', 1, 2),
(143, 23, 4, 0, 0, 0, 0, '2018-11-08 14:14:50', '2019-08-09 08:59:12', 1, 2),
(144, 32, 4, 0, 0, 0, 0, '2018-11-08 14:14:50', '2019-08-09 08:59:12', 1, 2),
(145, 35, 4, 0, 0, 0, 0, '2018-11-08 14:14:50', '2019-08-09 08:59:12', 1, 2),
(146, 36, 4, 0, 0, 0, 0, '2018-11-08 14:14:50', '2019-08-09 08:59:12', 1, 2),
(147, 39, 4, 0, 0, 0, 0, '2018-11-08 14:14:50', '2019-08-09 08:59:12', 1, 2),
(148, 40, 4, 0, 0, 0, 0, '2018-11-08 14:14:50', '2019-08-09 08:59:12', 1, 2),
(150, 45, 4, 0, 0, 0, 0, '2018-11-08 14:14:50', '2019-08-09 08:59:12', 1, 2),
(151, 48, 4, 0, 0, 0, 0, '2018-11-08 14:14:50', '2019-08-09 08:59:12', 1, 2),
(152, 49, 4, 0, 0, 0, 0, '2018-11-08 14:14:50', '2019-08-09 08:59:12', 1, 2),
(153, 50, 4, 0, 0, 0, 0, '2018-11-08 14:14:50', '2019-08-09 08:59:12', 1, 2),
(154, 51, 4, 0, 0, 0, 0, '2018-11-08 14:14:50', '2019-08-09 08:59:12', 1, 2),
(155, 52, 4, 0, 0, 0, 0, '2018-11-08 14:14:50', '2019-08-09 08:59:12', 1, 2),
(156, 53, 4, 0, 0, 0, 0, '2018-11-08 14:14:50', '2019-08-09 08:59:12', 1, 2),
(157, 54, 4, 0, 0, 0, 0, '2018-11-08 14:14:50', '2019-08-09 08:59:12', 1, 2),
(158, 55, 4, 0, 0, 0, 0, '2018-11-08 14:14:50', '2019-08-09 08:59:12', 1, 2),
(159, 56, 4, 1, 1, 1, 1, '2018-11-08 14:14:50', '2019-08-09 08:59:12', 1, 2),
(160, 57, 1, 1, 1, 1, 1, '2018-12-03 09:45:10', '2019-11-26 09:25:59', 1, 1),
(161, 57, 2, 1, 1, 1, 1, '2018-12-03 09:45:10', '2018-12-03 09:45:10', 1, 1),
(162, 57, 3, 1, 0, 0, 1, '2018-12-03 09:45:10', '2018-12-03 09:45:10', 1, 1),
(163, 57, 4, 1, 0, 0, 1, '2018-12-03 09:45:10', '2019-08-09 08:59:12', 1, 2),
(172, 60, 1, 1, 1, 1, 1, '2018-12-13 14:12:22', '2019-11-26 09:25:59', 1, 1),
(173, 60, 2, 1, 1, 1, 1, '2018-12-13 14:12:22', '2018-12-13 14:12:22', 1, 1),
(174, 60, 3, 0, 0, 0, 0, '2018-12-13 14:12:22', '2018-12-13 14:12:22', 1, 1),
(175, 60, 4, 0, 0, 0, 0, '2018-12-13 14:12:22', '2019-08-09 08:59:12', 1, 2),
(176, 61, 1, 1, 1, 1, 1, '2019-01-25 09:13:06', '2019-11-26 09:25:59', 1, 1),
(177, 61, 2, 1, 1, 1, 1, '2019-01-25 09:13:06', '2019-01-25 09:13:06', 1, 1),
(178, 61, 3, 0, 0, 0, 0, '2019-01-25 09:13:06', '2019-01-25 09:13:06', 1, 1),
(179, 61, 4, 0, 0, 0, 0, '2019-01-25 09:13:06', '2019-08-09 08:59:12', 1, 2),
(180, 1, 5, 0, 0, 0, 0, '2019-02-21 13:29:54', '2019-12-04 14:30:56', 1, 1),
(181, 18, 5, 0, 0, 0, 0, '2019-02-21 13:29:54', '2019-12-04 14:30:56', 1, 1),
(182, 22, 5, 0, 0, 0, 0, '2019-02-21 13:29:54', '2019-12-04 14:30:56', 1, 1),
(183, 23, 5, 1, 1, 1, 0, '2019-02-21 13:29:54', '2019-12-04 14:30:56', 1, 1),
(184, 32, 5, 0, 0, 0, 0, '2019-02-21 13:29:54', '2019-12-04 14:30:56', 1, 1),
(185, 35, 5, 0, 0, 0, 0, '2019-02-21 13:29:54', '2019-12-04 14:30:56', 1, 1),
(186, 36, 5, 0, 0, 0, 0, '2019-02-21 13:29:54', '2019-12-04 14:30:56', 1, 1),
(187, 39, 5, 0, 0, 0, 0, '2019-02-21 13:29:54', '2019-12-04 14:30:56', 1, 1),
(188, 40, 5, 0, 0, 0, 0, '2019-02-21 13:29:54', '2019-12-04 14:30:56', 1, 1),
(189, 45, 5, 0, 0, 0, 0, '2019-02-21 13:29:54', '2019-12-04 14:30:56', 1, 1),
(190, 48, 5, 0, 0, 0, 0, '2019-02-21 13:29:54', '2019-12-04 14:30:56', 1, 1),
(191, 49, 5, 0, 0, 0, 0, '2019-02-21 13:29:54', '2019-12-04 14:30:56', 1, 1),
(192, 50, 5, 0, 0, 0, 0, '2019-02-21 13:29:54', '2019-12-04 14:30:56', 1, 1),
(193, 51, 5, 0, 0, 0, 0, '2019-02-21 13:29:54', '2019-12-04 14:30:56', 1, 1),
(194, 52, 5, 0, 0, 0, 0, '2019-02-21 13:29:54', '2019-12-04 14:30:56', 1, 1),
(195, 53, 5, 0, 0, 0, 0, '2019-02-21 13:29:54', '2019-12-04 14:30:56', 1, 1),
(196, 54, 5, 1, 1, 1, 0, '2019-02-21 13:29:54', '2019-12-04 14:30:56', 1, 1),
(197, 55, 5, 1, 1, 1, 0, '2019-02-21 13:29:54', '2019-12-04 14:30:56', 1, 1),
(198, 56, 5, 1, 1, 1, 1, '2019-02-21 13:29:54', '2019-12-04 14:30:56', 1, 1),
(199, 57, 5, 1, 1, 1, 0, '2019-02-21 13:29:54', '2019-12-04 14:30:56', 1, 1),
(200, 60, 5, 1, 1, 1, 0, '2019-02-21 13:29:54', '2019-12-04 14:30:56', 1, 1),
(201, 61, 5, 0, 0, 0, 0, '2019-02-21 13:29:54', '2019-12-04 14:30:56', 1, 1),
(202, 1, 5, 1, 1, 1, 1, '2019-12-04 14:28:36', '2019-12-04 14:28:36', 1, 1),
(203, 18, 5, 1, 1, 1, 1, '2019-12-04 14:28:36', '2019-12-04 14:28:36', 1, 1),
(204, 22, 5, 1, 1, 1, 1, '2019-12-04 14:28:36', '2019-12-04 14:28:36', 1, 1),
(205, 23, 5, 1, 1, 1, 1, '2019-12-04 14:28:36', '2019-12-04 14:28:36', 1, 1),
(206, 32, 5, 1, 1, 1, 1, '2019-12-04 14:28:36', '2019-12-04 14:28:36', 1, 1),
(207, 35, 5, 1, 1, 1, 1, '2019-12-04 14:28:36', '2019-12-04 14:28:36', 1, 1),
(208, 36, 5, 1, 1, 1, 1, '2019-12-04 14:28:36', '2019-12-04 14:28:36', 1, 1),
(209, 39, 5, 1, 1, 1, 1, '2019-12-04 14:28:36', '2019-12-04 14:28:36', 1, 1),
(210, 40, 5, 1, 1, 1, 1, '2019-12-04 14:28:36', '2019-12-04 14:28:36', 1, 1),
(211, 45, 5, 1, 1, 1, 1, '2019-12-04 14:28:36', '2019-12-04 14:28:36', 1, 1),
(212, 48, 5, 1, 1, 1, 1, '2019-12-04 14:28:36', '2019-12-04 14:28:36', 1, 1),
(213, 49, 5, 1, 1, 1, 1, '2019-12-04 14:28:36', '2019-12-04 14:28:36', 1, 1),
(214, 50, 5, 1, 1, 1, 1, '2019-12-04 14:28:36', '2019-12-04 14:28:36', 1, 1),
(215, 51, 5, 1, 1, 1, 1, '2019-12-04 14:28:36', '2019-12-04 14:28:36', 1, 1),
(216, 52, 5, 1, 1, 1, 1, '2019-12-04 14:28:36', '2019-12-04 14:28:36', 1, 1),
(217, 53, 5, 1, 1, 1, 1, '2019-12-04 14:28:36', '2019-12-04 14:28:36', 1, 1),
(218, 54, 5, 1, 1, 1, 1, '2019-12-04 14:28:36', '2019-12-04 14:28:36', 1, 1),
(219, 55, 5, 1, 1, 1, 1, '2019-12-04 14:28:36', '2019-12-04 14:28:36', 1, 1),
(220, 56, 5, 1, 1, 1, 1, '2019-12-04 14:28:36', '2019-12-04 14:28:36', 1, 1),
(221, 57, 5, 1, 1, 1, 1, '2019-12-04 14:28:36', '2019-12-04 14:28:36', 1, 1),
(222, 60, 5, 1, 1, 1, 1, '2019-12-04 14:28:36', '2019-12-04 14:28:36', 1, 1),
(223, 61, 5, 1, 1, 1, 1, '2019-12-04 14:28:36', '2019-12-04 14:28:36', 1, 1),
(224, 62, 1, 1, 1, 1, 1, '2020-02-20 13:41:17', '2020-02-20 13:41:17', 1, 1),
(225, 62, 2, 1, 1, 1, 1, '2020-02-20 13:41:17', '2020-02-20 13:41:17', 1, 1),
(226, 62, 3, 0, 0, 0, 0, '2020-02-20 13:41:17', '2020-02-20 13:41:17', 1, 1),
(227, 62, 4, 0, 0, 0, 0, '2020-02-20 13:41:17', '2020-02-20 13:41:17', 1, 1),
(228, 62, 5, 0, 0, 0, 0, '2020-02-20 13:41:17', '2020-02-20 13:41:17', 1, 1),
(229, 63, 1, 1, 1, 1, 1, '2020-02-20 13:44:00', '2020-02-20 13:44:00', 1, 1),
(230, 63, 2, 1, 1, 1, 1, '2020-02-20 13:44:00', '2020-02-20 13:44:00', 1, 1),
(231, 63, 3, 0, 0, 0, 0, '2020-02-20 13:44:00', '2020-02-20 13:44:00', 1, 1),
(232, 63, 4, 0, 0, 0, 0, '2020-02-20 13:44:00', '2020-02-20 13:44:00', 1, 1),
(233, 63, 5, 0, 0, 0, 0, '2020-02-20 13:44:00', '2020-02-20 13:44:00', 1, 1);

-- --------------------------------------------------------

--
-- Table structure for table `modules_text`
--

CREATE TABLE `modules_text` (
  `ModuleTextID` int(11) NOT NULL,
  `ModuleID` int(11) NOT NULL,
  `Title` varchar(255) NOT NULL,
  `SystemLanguageID` int(11) NOT NULL,
  `CreatedAt` datetime NOT NULL,
  `UpdatedAt` datetime NOT NULL,
  `CreatedBy` int(11) NOT NULL,
  `UpdatedBy` int(11) NOT NULL
) ENGINE=InnoDB DEFAULT CHARSET=utf8;

--
-- Dumping data for table `modules_text`
--

INSERT INTO `modules_text` (`ModuleTextID`, `ModuleID`, `Title`, `SystemLanguageID`, `CreatedAt`, `UpdatedAt`, `CreatedBy`, `UpdatedBy`) VALUES
(1, 18, 'Module', 1, '2018-04-19 15:22:06', '2018-04-19 15:22:06', 1, 1),
(5, 22, 'Rollen', 1, '2018-05-02 12:10:33', '2019-03-05 15:12:39', 1, 1),
(6, 23, 'Benutzer', 1, '2018-05-02 12:44:19', '2019-03-05 15:07:26', 1, 1),
(15, 32, 'Städte', 1, '2018-05-03 14:01:59', '2019-05-28 11:17:09', 1, 1),
(18, 35, 'Bundesland', 1, '2018-05-03 15:49:43', '2019-07-23 11:31:39', 1, 1),
(26, 1, 'Einstellung', 1, '2018-05-09 00:00:00', '2019-03-05 15:54:39', 1, 1),
(27, 36, 'Website-Einstellungen', 1, '2018-06-29 07:34:18', '2019-05-28 11:21:25', 1, 1),
(30, 39, 'E-Mail-Vorlagen', 1, '2018-07-02 16:26:28', '2019-05-28 11:16:25', 1, 1),
(31, 40, 'Sprachen', 1, '2018-07-04 14:12:11', '2019-05-28 11:13:12', 1, 1),
(35, 45, 'Feature', 1, '2018-10-04 12:21:13', '2018-10-04 12:21:13', 1, 1),
(38, 48, 'Plan', 1, '2018-10-04 12:49:58', '2018-10-04 12:49:58', 1, 1),
(39, 49, 'Pakete', 1, '2018-10-04 12:52:39', '2019-03-05 15:11:52', 1, 1),
(40, 50, 'Kategorien', 1, '2018-10-05 16:03:42', '2019-03-05 15:32:49', 1, 1),
(41, 51, 'Seiten', 1, '2018-10-05 17:52:44', '2019-05-28 11:20:21', 1, 1),
(42, 52, 'Seitenverwaltung', 1, '2018-10-05 17:53:50', '2019-05-28 11:19:20', 1, 1),
(43, 53, 'Menu', 1, '2018-10-05 18:50:40', '2018-10-05 18:50:40', 1, 1),
(44, 54, 'Länder', 1, '2018-10-15 11:15:31', '2019-05-28 11:13:55', 1, 1),
(45, 55, 'Bundesländer', 1, '2018-10-15 15:06:46', '2019-05-28 11:15:21', 1, 1),
(46, 56, 'Inserate', 1, '2018-10-16 16:05:41', '2020-02-20 13:47:24', 1, 1),
(47, 57, 'Bestell-Historie', 1, '2018-12-03 09:45:10', '2019-03-05 15:12:18', 1, 1),
(50, 60, 'Firmenwerbung', 1, '2018-12-13 14:12:22', '2019-03-05 15:32:10', 1, 1),
(51, 18, 'Module', 2, '2018-04-19 15:22:06', '2018-04-19 15:22:06', 1, 1),
(52, 1, 'Setting', 2, '2018-05-09 00:00:00', '2018-05-09 00:00:00', 1, 1),
(53, 22, 'Roles', 2, '2018-05-02 12:10:33', '2018-05-02 12:10:33', 1, 1),
(54, 23, 'Users', 2, '2018-05-02 12:44:19', '2019-01-22 17:08:46', 1, 1),
(55, 32, 'City', 2, '2018-05-03 14:01:59', '2018-05-03 14:01:59', 1, 1),
(56, 35, 'District', 2, '2018-05-03 15:49:43', '2019-03-05 15:11:00', 1, 1),
(57, 36, 'Site Setting', 2, '2018-06-29 07:34:18', '2018-06-29 07:34:18', 1, 1),
(58, 39, 'Email Templates', 2, '2018-07-02 16:26:28', '2018-07-02 16:26:28', 1, 1),
(59, 40, 'Languages ', 2, '2018-07-04 14:12:11', '2018-07-04 14:12:23', 1, 1),
(60, 45, 'Feature', 2, '2018-10-04 12:21:13', '2018-10-04 12:21:13', 1, 1),
(61, 48, 'Plan', 2, '2018-10-04 12:49:58', '2018-10-04 12:49:58', 1, 1),
(62, 49, 'Package', 2, '2018-10-04 12:52:39', '2018-10-04 12:52:39', 1, 1),
(63, 50, 'Category', 2, '2018-10-05 16:03:42', '2019-03-05 15:32:52', 1, 1),
(64, 51, 'Page', 2, '2018-10-05 17:52:44', '2018-10-05 17:52:44', 1, 1),
(65, 52, 'Page Management ', 2, '2018-10-05 17:53:50', '2018-10-05 17:53:50', 1, 1),
(66, 53, 'Menu', 2, '2018-10-05 18:50:40', '2018-10-05 18:50:40', 1, 1),
(67, 54, 'Country', 2, '2018-10-15 11:15:31', '2018-10-15 11:15:31', 1, 1),
(68, 55, 'State', 2, '2018-10-15 15:06:46', '2018-10-15 15:06:46', 1, 1),
(69, 56, 'Machine', 2, '2018-10-16 16:05:41', '2018-10-16 16:05:41', 1, 1),
(70, 57, 'Purchase History', 2, '2018-12-03 09:45:10', '2018-12-03 09:45:10', 1, 1),
(71, 60, 'Advertise', 2, '2018-12-13 14:12:22', '2019-03-05 15:32:15', 1, 1),
(72, 61, 'Zustimmungsbox', 1, '2019-01-25 09:13:06', '2019-03-05 15:10:39', 1, 1),
(73, 61, 'Confirmation Box ', 2, '2019-03-04 16:43:11', '2019-03-04 16:43:11', 1, 1),
(74, 62, 'Weitere Inserate', 1, '2020-02-20 13:41:17', '2020-02-20 13:41:17', 1, 1),
(75, 62, 'Other Ads', 2, '2020-02-20 13:41:28', '2020-02-20 13:42:24', 1, 1),
(76, 63, 'Services Kategorien', 1, '2020-02-20 13:44:00', '2020-02-20 13:44:00', 1, 1),
(77, 63, 'Services Categories', 2, '2020-02-20 13:44:10', '2020-02-20 13:44:10', 1, 1);

-- --------------------------------------------------------

--
-- Table structure for table `modules_users_rights`
--

CREATE TABLE `modules_users_rights` (
  `ModuleRightID` int(11) NOT NULL,
  `ModuleID` int(11) NOT NULL,
  `UserID` int(11) NOT NULL,
  `CanView` tinyint(4) NOT NULL,
  `CanAdd` tinyint(4) NOT NULL,
  `CanEdit` tinyint(4) NOT NULL,
  `CanDelete` tinyint(4) NOT NULL,
  `CreatedAt` datetime NOT NULL,
  `UpdatedAt` datetime NOT NULL,
  `CreatedBy` int(11) NOT NULL,
  `UpdatedBy` int(11) NOT NULL
) ENGINE=InnoDB DEFAULT CHARSET=utf8;

--
-- Dumping data for table `modules_users_rights`
--

INSERT INTO `modules_users_rights` (`ModuleRightID`, `ModuleID`, `UserID`, `CanView`, `CanAdd`, `CanEdit`, `CanDelete`, `CreatedAt`, `UpdatedAt`, `CreatedBy`, `UpdatedBy`) VALUES
(17, 1, 1, 1, 1, 1, 1, '2018-06-28 10:55:57', '2018-06-28 10:55:57', 1, 1),
(373, 56, 2, 1, 1, 1, 1, '2019-08-08 17:48:21', '2019-08-08 17:48:21', 2, 2),
(374, 57, 2, 1, 0, 0, 1, '2019-08-08 17:48:21', '2019-08-08 17:48:21', 2, 2),
(375, 56, 3, 1, 1, 1, 1, '2019-08-12 11:53:43', '2019-08-12 11:53:43', 3, 3),
(376, 57, 3, 1, 0, 0, 1, '2019-08-12 11:53:43', '2019-08-12 11:53:43', 3, 3),
(377, 56, 4, 1, 1, 1, 1, '2019-08-26 16:43:35', '2019-08-26 16:43:35', 4, 4),
(378, 57, 4, 1, 0, 0, 1, '2019-08-26 16:43:35', '2019-08-26 16:43:35', 4, 4),
(379, 62, 1, 1, 1, 1, 1, '2020-02-20 13:41:17', '2020-02-20 13:41:17', 1, 1),
(380, 62, 2, 0, 0, 0, 0, '2020-02-20 13:41:17', '2020-02-20 13:41:17', 1, 1),
(381, 62, 3, 0, 0, 0, 0, '2020-02-20 13:41:17', '2020-02-20 13:41:17', 1, 1),
(382, 62, 4, 0, 0, 0, 0, '2020-02-20 13:41:17', '2020-02-20 13:41:17', 1, 1),
(383, 63, 1, 1, 1, 1, 1, '2020-02-20 13:44:00', '2020-02-20 13:44:00', 1, 1),
(384, 63, 2, 0, 0, 0, 0, '2020-02-20 13:44:00', '2020-02-20 13:44:00', 1, 1),
(385, 63, 3, 0, 0, 0, 0, '2020-02-20 13:44:00', '2020-02-20 13:44:00', 1, 1),
(386, 63, 4, 0, 0, 0, 0, '2020-02-20 13:44:00', '2020-02-20 13:44:00', 1, 1),
(387, 56, 5, 1, 1, 1, 1, '2020-05-29 11:31:59', '2020-05-29 11:31:59', 5, 5),
(388, 57, 5, 1, 0, 0, 1, '2020-05-29 11:31:59', '2020-05-29 11:31:59', 5, 5),
(389, 56, 6, 1, 1, 1, 1, '2020-06-03 17:01:42', '2020-06-03 17:01:42', 6, 6),
(390, 57, 6, 1, 0, 0, 1, '2020-06-03 17:01:42', '2020-06-03 17:01:42', 6, 6),
(391, 56, 7, 1, 1, 1, 1, '2020-07-03 08:43:47', '2020-07-03 08:43:47', 7, 7),
(392, 57, 7, 1, 0, 0, 1, '2020-07-03 08:43:47', '2020-07-03 08:43:47', 7, 7);

-- --------------------------------------------------------

--
-- Table structure for table `packages`
--

CREATE TABLE `packages` (
  `PackageID` int(11) NOT NULL,
  `ExpiryDate` date NOT NULL,
  `FeatureID` varchar(255) NOT NULL,
  `MetaData` text NOT NULL,
  `SortOrder` int(11) NOT NULL,
  `Hide` tinyint(4) NOT NULL,
  `IsActive` tinyint(4) NOT NULL,
  `CreatedAt` datetime NOT NULL,
  `UpdatedAt` datetime NOT NULL,
  `CreatedBy` int(11) NOT NULL,
  `UpdatedBy` int(11) NOT NULL
) ENGINE=InnoDB DEFAULT CHARSET=utf8;

--
-- Dumping data for table `packages`
--

INSERT INTO `packages` (`PackageID`, `ExpiryDate`, `FeatureID`, `MetaData`, `SortOrder`, `Hide`, `IsActive`, `CreatedAt`, `UpdatedAt`, `CreatedBy`, `UpdatedBy`) VALUES
(27, '2019-04-30', '1,2,3,4,5,6', '[{\"QTY\":\"25\",\"Duration\":\"12\",\"RegularPrice\":\"39\",\"Discount\":\"0\"},{\"QTY\":\"50\",\"Duration\":\"12\",\"RegularPrice\":\"79\",\"Discount\":\"0\"},{\"QTY\":\"100\",\"Duration\":\"12\",\"RegularPrice\":\"149\",\"Discount\":\"0\"},{\"QTY\":\"200\",\"Duration\":\"12\",\"RegularPrice\":\"239\",\"Discount\":\"0\"}]', 0, 0, 1, '2019-03-08 15:51:39', '2019-06-24 12:54:21', 1, 1),
(28, '2019-03-31', '1,2,3,4,5', '[{\"QTY\":\"200\",\"Duration\":\"6\",\"RegularPrice\":\"199\",\"Discount\":\"0\"},{\"QTY\":\"500\",\"Duration\":\"9\",\"RegularPrice\":\"299\",\"Discount\":\"0\"},{\"QTY\":\"750\",\"Duration\":\"9\",\"RegularPrice\":\"399\",\"Discount\":\"0\"}]', 1, 0, 0, '2019-03-08 15:53:20', '2019-03-29 11:36:33', 1, 1),
(29, '2019-04-30', '1,2,3,4,5,6', '[{\"QTY\":\"5\",\"Duration\":\"3\",\"RegularPrice\":\"29\",\"Discount\":\"0\"}]', 2, 0, 1, '2019-03-12 17:09:21', '2019-06-24 12:53:45', 1, 1),
(33, '2019-03-14', '2,3,4', '[{\"QTY\":\"25\",\"Duration\":\"6\",\"RegularPrice\":\"30\",\"Discount\":\"0\"}]', 4, 0, 0, '2019-03-14 14:43:52', '2019-03-22 11:17:15', 1, 1),
(34, '2019-03-22', '1,2,3', '[{\"QTY\":\"25\",\"Duration\":\"6\",\"RegularPrice\":\"30\",\"Discount\":\"0\"},{\"QTY\":\"50\",\"Duration\":\"6\",\"RegularPrice\":\"40\",\"Discount\":\"10\"}]', 5, 0, 0, '2019-03-22 14:34:33', '2019-03-28 16:43:33', 1, 1),
(35, '2019-03-22', '2,3,4', '[{\"QTY\":\"56\",\"Duration\":\"6\",\"RegularPrice\":\"65\",\"Discount\":\"2\"},{\"QTY\":\"76\",\"Duration\":\"6\",\"RegularPrice\":\"76\",\"Discount\":\"0\"}]', 6, 0, 0, '2019-03-22 15:40:35', '2019-03-28 16:43:20', 1, 1);

-- --------------------------------------------------------

--
-- Table structure for table `packages_text`
--

CREATE TABLE `packages_text` (
  `PackageTextID` int(11) NOT NULL,
  `PackageID` int(11) NOT NULL,
  `Title` varchar(255) NOT NULL,
  `SystemLanguageID` int(11) NOT NULL,
  `CreatedAt` datetime NOT NULL,
  `UpdatedAt` datetime NOT NULL,
  `CreatedBy` int(11) NOT NULL,
  `UpdatedBy` int(11) NOT NULL
) ENGINE=InnoDB DEFAULT CHARSET=utf8;

--
-- Dumping data for table `packages_text`
--

INSERT INTO `packages_text` (`PackageTextID`, `PackageID`, `Title`, `SystemLanguageID`, `CreatedAt`, `UpdatedAt`, `CreatedBy`, `UpdatedBy`) VALUES
(107, 28, 'Händler Pro', 2, '0000-00-00 00:00:00', '2019-03-14 14:11:28', 0, 1),
(121, 33, '', 2, '2019-03-14 14:43:52', '2019-03-14 14:43:52', 1, 1),
(123, 33, 'Test 2', 1, '0000-00-00 00:00:00', '2019-03-22 11:17:15', 0, 1),
(126, 34, '', 2, '2019-03-22 14:34:33', '2019-03-22 14:34:33', 1, 1),
(128, 35, '', 2, '2019-03-22 15:40:35', '2019-03-22 15:40:35', 1, 1),
(129, 35, 'Test 5', 1, '0000-00-00 00:00:00', '2019-03-28 16:43:20', 0, 1),
(130, 34, 'Test 3', 1, '0000-00-00 00:00:00', '2019-03-28 16:43:33', 0, 1),
(133, 28, 'Händler Pro', 1, '0000-00-00 00:00:00', '2019-03-29 11:36:33', 0, 1),
(138, 29, 'Einmal-Verkäufer', 1, '0000-00-00 00:00:00', '2019-06-24 12:53:45', 0, 1),
(139, 29, 'One-Time Seller', 2, '0000-00-00 00:00:00', '2019-06-24 12:53:48', 0, 1),
(140, 27, 'Händler ', 1, '0000-00-00 00:00:00', '2019-06-24 12:54:21', 0, 1),
(141, 27, 'Dealer', 2, '0000-00-00 00:00:00', '2019-06-24 12:54:25', 0, 1);

-- --------------------------------------------------------

--
-- Table structure for table `pages`
--

CREATE TABLE `pages` (
  `PageID` int(11) NOT NULL,
  `Icon` varchar(255) NOT NULL,
  `Url` varchar(255) NOT NULL,
  `SortOrder` int(11) NOT NULL,
  `Hide` tinyint(4) NOT NULL,
  `IsActive` tinyint(4) NOT NULL,
  `CreatedAt` datetime NOT NULL,
  `UpdatedAt` datetime NOT NULL,
  `CreatedBy` int(11) NOT NULL,
  `UpdatedBy` int(11) NOT NULL
) ENGINE=InnoDB DEFAULT CHARSET=utf8;

--
-- Dumping data for table `pages`
--

INSERT INTO `pages` (`PageID`, `Icon`, `Url`, `SortOrder`, `Hide`, `IsActive`, `CreatedAt`, `UpdatedAt`, `CreatedBy`, `UpdatedBy`) VALUES
(1, 'fa-home', 'home', 0, 0, 1, '2018-10-26 11:54:59', '2019-06-28 08:58:03', 1, 1),
(3, 'fa-category', 'kategorie', 2, 0, 1, '2018-10-26 12:26:20', '2019-03-06 14:49:24', 1, 1),
(4, 'fa-watch-list', 'beobachtungsliste', 3, 0, 1, '2018-10-26 12:28:16', '2019-03-06 14:35:53', 1, 1),
(5, 'fa-login', 'login', 4, 0, 1, '2018-10-26 12:29:47', '2019-06-07 10:27:49', 1, 1),
(6, '', 'preise', 5, 0, 1, '2018-10-26 12:30:47', '2019-11-10 09:24:57', 1, 1),
(7, 'fa-listings', 'inserate', 6, 0, 1, '2018-10-26 13:01:47', '2019-03-06 14:41:27', 1, 1),
(8, '', 'erweiterte-suche', 7, 0, 1, '2018-10-26 13:02:48', '2019-03-06 14:50:31', 1, 1),
(9, 'fa-dealers', 'h-ndler', 8, 0, 1, '2018-10-26 13:03:51', '2019-03-06 14:54:07', 1, 1),
(10, 'fa-jobs', 'jobs', 9, 0, 0, '2018-10-26 13:05:08', '2019-03-06 14:39:12', 1, 1),
(11, 'contact', 'kontakt', 10, 0, 1, '2018-10-26 13:06:02', '2019-03-06 14:48:44', 1, 1),
(12, 'fa-terms-and-condition', 'allgemeine-geschaeftsbedingungen', 11, 0, 1, '2018-10-26 13:07:09', '2019-08-09 15:32:07', 1, 1),
(13, 'fa-marketplace-rules', 'marktplatzregeln', 12, 0, 1, '2018-10-26 13:08:01', '2019-06-24 12:31:22', 1, 1),
(14, 'fa-privacy-policy', 'datenschutz', 13, 0, 1, '2018-10-26 13:08:54', '2019-07-07 09:39:02', 1, 1),
(18, 'wood page', 'wood-page', 17, 0, 0, '2019-02-21 14:13:40', '2019-03-06 14:39:46', 1, 1),
(19, '', 'verkaufstipps', 18, 0, 1, '2019-03-28 13:13:44', '2019-07-17 16:57:51', 1, 1),
(20, '', 'maschinenpilot', 19, 0, 1, '2019-03-29 10:17:13', '2020-06-05 12:55:51', 1, 1),
(21, '', 'finanzierung', 20, 0, 1, '2019-04-08 10:23:52', '2019-12-22 04:01:31', 1, 1),
(22, '', 'impressum', 21, 0, 1, '2019-06-05 13:56:13', '2019-10-31 09:23:58', 1, 1),
(23, '', '', 22, 0, 1, '2019-06-11 13:24:16', '2019-06-11 13:40:13', 1, 1),
(24, '', 'cnc-maschinen', 23, 0, 1, '2019-07-06 08:17:18', '2019-07-11 09:38:02', 1, 1),
(25, '', 'wie-erstelle-ich-ein-inserat', 24, 0, 1, '2019-12-13 13:34:35', '2019-12-13 13:36:28', 1, 1);

-- --------------------------------------------------------

--
-- Table structure for table `pages_text`
--

CREATE TABLE `pages_text` (
  `PageTextID` int(11) NOT NULL,
  `PageID` int(11) NOT NULL,
  `Title` varchar(255) NOT NULL,
  `Content` text NOT NULL,
  `Seo` text NOT NULL,
  `SystemLanguageID` int(11) NOT NULL,
  `CreatedAt` datetime NOT NULL,
  `UpdatedAt` datetime NOT NULL,
  `CreatedBy` int(11) NOT NULL,
  `UpdatedBy` int(11) NOT NULL
) ENGINE=InnoDB DEFAULT CHARSET=utf8;

--
-- Dumping data for table `pages_text`
--

INSERT INTO `pages_text` (`PageTextID`, `PageID`, `Title`, `Content`, `Seo`, `SystemLanguageID`, `CreatedAt`, `UpdatedAt`, `CreatedBy`, `UpdatedBy`) VALUES
(1, 1, 'Home', '<h3>Maschinenpilot - Ihre neue Online-Handelsplattform f&uuml;r gebrauchte Maschinen!</h3>\r\n<p>Haben Sie gebrauchte Maschinen oder Nutzfahrzeuge, die Sie verkaufen m&ouml;chten? Oder sind Sie auf der Suche nach einer gebrauchten Maschine f&uuml;r Ihr Unternehmen?<br />Wir von Maschinenpilot bieten Ihnen den Marktplatz und bringen Anbieter und Abnehmer zusammen. Hier finden Sie gebrauchte Maschinen aller Branchen. Ob gebrauchte Metallbearbeitungsmaschinen, gebrauchte Maschinen f&uuml;r die Holzbearbeitung, Maschinen f&uuml;r die Nahrungsmittelproduktion oder Maschinen zur Entsorgung - unsere Plattform f&uuml;r gebrauchte Maschinen bietet einen Online-Marktplatz f&uuml;r alle Arten von gebrauchten Maschinen sowie f&uuml;r gebrauchte Nutzfahrzeuge z.B. im Bereich von Bau, Handwerk und Lagertechnik.</p>\r\n<h3>Ihr Vorteil beim Kauf gebrauchter Maschinen - Zeit und Geld!</h3>\r\n<p>Ob Grossunternehmen oder Kleinbetrieb - die Alternative zur kostenintensiven Neuanschaffung ist der Kauf gebrauchter, qualitativ hochwertiger Maschinen zur Senkung der allgemeinen Produktionskosten. <br />Die kurzfristige Ersatzbeschaffung f&uuml;r eine schadhafte Maschine ist ein weiterer wichtiger Pluspunkt, der f&uuml;r den Kauf gebrauchter Maschinen spricht. Auch wenn Ihre Auftragslage es erfordert, ist die m&ouml;glichst schnelle Verf&uuml;gbarkeit einer gebrauchten Maschine von grossem Vorteil f&uuml;r Ihr Unternehmen.</p>\r\n<p>Gleichzeitig ist der Verkauf Ihrer gebrauchten Maschinen eine sehr gute und kosteng&uuml;nstige M&ouml;glichkeit, flexibel auf Schwankungen der Auftragslage zu reagieren.</p>\r\n<h3>Bei Maschinenpilot k&ouml;nnen Sie beides: Gebrauchte Maschinen kaufen und verkaufen!</h3>\r\n<p>Dazu bieten wir Ihnen eine moderne, leicht verst&auml;ndliche Benutzeroberfl&auml;che, mit der Sie Ihre Maschinen-Inserate erstellen und verwalten k&ouml;nnen.<br />Zur gezielten Suche nach der gew&uuml;nschten Gebrauchtmaschine k&ouml;nnen Sie unsere Suchfunktion benutzen, oder &uuml;ber unsere Maschinen-Kategorien in den Angeboten st&ouml;bern.</p>\r\n<p>&nbsp;</p>', '{\"seo_title\":\"Home\",\"keywords\":\"Home\",\"meta_desc\":\"Machine home page\",\"crawl_after_day\":\"Machine home page\",\"follow\":\"follow\",\"index\":\"index\"}', 1, '2018-10-26 11:54:59', '2019-06-28 08:58:03', 1, 1),
(3, 3, 'Kategorie', '<p>Kategorie</p>', '{\"seo_title\":\"Kategorie\",\"keywords\":\"Kategorie\",\"meta_desc\":\"kategorie\",\"crawl_after_day\":\"kategorie\",\"follow\":\"follow\",\"index\":\"index\"}', 1, '2018-10-26 12:26:20', '2019-03-06 14:49:24', 1, 1),
(4, 4, 'Beobachtungsliste', '<p>Beobachtungsliste</p>', '{\"seo_title\":\"Beobachtungsliste\",\"keywords\":\"Beobachtungsliste\",\"meta_desc\":\"Beobachtungsliste\",\"crawl_after_day\":\"Beobachtungsliste\",\"follow\":\"follow\",\"index\":\"index\"}', 1, '2018-10-26 12:28:16', '2019-03-06 14:35:53', 1, 1),
(5, 5, 'Login', '<p>Login</p>', '{\"seo_title\":\"Login\",\"keywords\":\"Login\",\"meta_desc\":\"Login\",\"crawl_after_day\":\"Login\",\"follow\":\"follow\",\"index\":\"index\"}', 1, '2018-10-26 12:29:47', '2019-06-07 10:27:49', 1, 1),
(6, 6, 'Preise', '<h3 style=\"text-align: left;\"><strong>Unsere Preise</strong></h3>\r\n<p>MaschinenPilot legt gro&szlig;en Wert auf eine &uuml;bersichtliche Preisgestaltung ohne versteckte Kosten. <br />Informieren Sie sich auch &uuml;ber die M&ouml;glichkeit der Platzierung von werbewirksamen Anzeigen auf MaschinenPilot.</p>\r\n<p><span style=\"color: #ff7b00;\"><strong>Maschineneintr&auml;ge f&uuml;r H&auml;ndler und Einmalverk&auml;ufer<br /></strong></span></p>\r\n<p><span style=\"color: #ff7b00;\"><br /></span>&gt;&gt; Laufzeit: 12 Monate H&auml;ndler, 3 Monate Einmalverk&auml;ufer</p>\r\n<p>&gt;&gt; XL-Bilder und Videos</p>\r\n<p>&gt;&gt; SSL-Verschl&uuml;sselung<br /><br />&gt;&gt; Server-Standort: Deutschland</p>\r\n<p>&gt;&gt; Einfache Handhabung</p>\r\n<p>&gt;&gt; Eintrag auf deutsch und englisch m&ouml;glich</p>\r\n<p>&gt;&gt; Keine Provision f&uuml;r Maschineneintr&auml;ge</p>\r\n<p>&gt;&gt; Keine versteckten Kosten</p>\r\n<p>&nbsp;</p>\r\n<p><strong>MaschinenPilot ist ein Portal f&uuml;r Maschinenh&auml;ndler, Gewerbetreibende und Unternehmer</strong></p>\r\n<table style=\"width: 800px; height: 600px; border-color: #707070;\" border=\"1px\" cellspacing=\"10\" cellpadding=\"5\">\r\n<tbody>\r\n<tr style=\"height: 40px;\">\r\n<td style=\"border-color: #8a8a8a; background-color: #ff7b00;\" scope=\"row\">\r\n<p><span style=\"color: #ffffff;\"><strong>&nbsp;H&Auml;NDLER</strong></span></p>\r\n<p><span style=\"color: #ffffff;\"><strong>&nbsp;Anzahl an Maschinen / Preis monatlich<br /></strong></span></p>\r\n</td>\r\n<td style=\"border-color: #8a8a8a; background-color: #ff7b00;\" scope=\"row\">\r\n<p><span style=\"color: #ffffff;\"><strong>&nbsp;EINMALH&Auml;NDLER</strong></span></p>\r\n<p><span style=\"color: #ffffff;\"><strong>&nbsp;Anzahl an Maschinen / Preis monatlich<br /></strong></span></p>\r\n</td>\r\n</tr>\r\n<tr style=\"height: 20px;\">\r\n<td style=\"border-color: #8a8a8a; height: 3px; background-color: #fafafa;\" scope=\"row\">\r\n<p><span style=\"color: #000000;\">&nbsp;&nbsp; Laufzeit: 12 Monate <br /></span></p>\r\n</td>\r\n<td style=\"border-color: #8a8a8a; height: 10px; background-color: #fafafa;\" scope=\"row\"><span style=\"color: #000000;\">&nbsp;Laufzeit: 3 Monate <br /></span></td>\r\n</tr>\r\n<tr>\r\n<td style=\"height: 15px; background-color: #f4f4f4;\"><span style=\"color: #000000;\">&nbsp; 25 Maschinen: 39,00 EUR mtl. netto<br /></span></td>\r\n<td style=\"height: 15px; background-color: #f4f4f4;\"><span style=\"color: #000000;\">&nbsp;&nbsp; 5 Maschinen: 29,00 EUR mtl. netto<br /></span></td>\r\n</tr>\r\n<tr>\r\n<td style=\"height: 15px; background-color: #f4f4f4;\"><span style=\"color: #000000;\">&nbsp;&nbsp; 50 Maschinen: 79,00 EUR mtl. netto<br /></span></td>\r\n<td style=\"height: 15px; background-color: #f4f4f4;\">&nbsp;</td>\r\n</tr>\r\n<tr>\r\n<td style=\"height: 15px; background-color: #f4f4f4;\"><span style=\"color: #000000;\">&nbsp; 100 Maschinen: 149,00 EUR mtl.netto<br /></span></td>\r\n<td style=\"height: 15px; background-color: #f4f4f4;\">&nbsp;</td>\r\n</tr>\r\n<tr>\r\n<td style=\"height: 15px; background-color: #f4f4f4;\"><span style=\"color: #000000;\">&nbsp; 200 Maschinen: 239,00 EUR mtl. netto<br /></span></td>\r\n<td style=\"height: 15px; background-color: #f4f4f4;\">&nbsp;</td>\r\n</tr>\r\n</tbody>\r\n</table>\r\n<p>&nbsp;</p>\r\n<p>Alle oben genannten Preise sind Netto-Preise und gelten zzgl. 19% gesetzliche Mehrwertsteuer. <br />Die Pakete f&uuml;r H&auml;ndler beinhalten eine Laufzeit von 12 Monaten.<br />Das Paket f&uuml;r Einmalh&auml;ndler beinhaltet 5 Maschinen und eine Laufzeit von 3 Monaten.</p>\r\n<p>Bitte beachten Sie, dass bei Registrierung die Angabe Ihrer UST-ID notwendig ist und unsere <a href=\"https://maschinenpilot.de/allgemeine-geschaeftsbedingungen/\" target=\"_blank\">Allgemeinen Gesch&auml;ftsbedingungen</a>.</p>\r\n<p><strong>Angebote und Konditionen f&uuml;r H&auml;ndler mit gro&szlig;em Maschinenpool</strong></p>\r\n<p>Sie sind ein H&auml;ndler mit gr&ouml;&szlig;erem Maschinenpool und m&ouml;chten mehr als 500 Maschinen einstellen?<br />Wir stehen Ihnen hier f&uuml;r weitere Fragen gerne zur Verf&uuml;gung. Nehmen Sie Kontakt auf f&uuml;r weitere Preisinformationen.</p>\r\n<p>&nbsp;</p>\r\n<p><strong>Wir verkaufen Ihre Maschine</strong><br />Sie m&ouml;chten Ihre Maschinen verkaufen lassen? Auch hierf&uuml;r erhalten Sie weitere Informationen auf Anfrage. Mail an <a title=\"Mail an MaschinenPilot\" href=\"mailto:info@maschinenpilot.de\">info@maschinenpilot.de</a><br />Sie haben Fragen oder w&uuml;nschen weitere Informationen? Rufen Sie uns an oder schreiben Sie uns an <a href=\"mailto:info@maschinenpilot.de\">info@maschinenpilot.de.</a></p>\r\n<p>&nbsp;</p>', '{\"seo_title\":\"Preise\",\"keywords\":\"Preise\",\"meta_desc\":\"preise\",\"crawl_after_day\":\"10\",\"follow\":\"follow\",\"index\":\"index\"}', 1, '2018-10-26 12:30:47', '2019-11-10 09:24:57', 1, 1),
(7, 7, 'Inserate', '<p>Inserate Maschineneintr&auml;ge</p>', '{\"seo_title\":\"Inserate\",\"keywords\":\"Inserate\",\"meta_desc\":\"Inserate\",\"crawl_after_day\":\"15\",\"follow\":\"follow\",\"index\":\"index\"}', 1, '2018-10-26 13:01:47', '2019-03-06 14:41:27', 1, 1),
(8, 8, 'Erweiterte Suche', '<p>Erweiterte Suche</p>', '{\"seo_title\":\"Erweiterte Suche\",\"keywords\":\"Erweiterte Suche\",\"meta_desc\":\"Erweiterte Suche\",\"crawl_after_day\":\"Erweiterte Suche \",\"follow\":\"follow\",\"index\":\"index\"}', 1, '2018-10-26 13:02:48', '2019-03-06 14:50:31', 1, 1),
(9, 9, 'Händler', '<p>H&auml;ndler</p>', '{\"seo_title\":\"H\\u00e4ndler\",\"keywords\":\"H\\u00e4ndler\",\"meta_desc\":\"H\\u00e4ndler\",\"crawl_after_day\":\"20\",\"follow\":\"follow\",\"index\":\"index\"}', 1, '2018-10-26 13:03:51', '2019-03-06 14:54:07', 1, 1),
(10, 10, 'Jobs', '<p><img src=\"http://localhost/machineseeker/uploads/pages/2012114732018122112035929945626420181203100740avatar.png\" alt=\"2012114732018122112035929945626420181203100740avatar.png\" width=\"215\" height=\"215\" /><img src=\"http://localhost/machineseeker/uploads/pages/73398911820181221120128102223072920181204080952avatar2.png\" alt=\"73398911820181221120128102223072920181204080952avatar2.png\" width=\"215\" height=\"215\" />JobsJobsJobsJobsJobsJobsJobs</p>', '{\"seo_title\":\"Jobs\",\"keywords\":\"Jobs\",\"meta_desc\":\"Jobs\",\"crawl_after_day\":\"15\",\"follow\":\"nofollow\",\"index\":\"noindex\"}', 1, '2018-10-26 13:05:08', '2019-03-06 14:39:12', 1, 1),
(11, 11, 'Kontakt', '<div class=\"row\">\r\n<h2 class=\"col-md-6\">Kontakt aufnehmen</h2>\r\n<br /><br />Sie haben Fragen oder w&uuml;nschen weitere Informationen? Nutzen Sie nachfolgendes Kontaktformular und schreiben Sie uns.\r\n<div class=\"col-md-6\">&nbsp;</div>\r\n<div class=\"col-md-6\">&nbsp;</div>\r\n<div class=\"col-md-6\">[contact-form]</div>\r\n<div class=\"col-md-6\">&nbsp;</div>\r\n<div class=\"col-md-6\">&nbsp;</div>\r\n</div>\r\n<div class=\"row\">\r\n<div class=\"col-md-6\" style=\"text-align: center;\">[google-map]</div>\r\n</div>', '{\"seo_title\":\"Kontakt\",\"keywords\":\"Kontakt\",\"meta_desc\":\"Kontakt\",\"crawl_after_day\":\"20\",\"follow\":\"follow\",\"index\":\"index\"}', 1, '2018-10-26 13:06:02', '2019-03-06 14:48:44', 1, 1),
(12, 12, 'Allgemeine Geschäftsbedingungen', '<p><strong>Allgemeine Gesch&auml;ftsbedingungen </strong><br /><strong>f&uuml;r die Nutzung der Online-Plattform MaschinenPilot</strong></p>\r\n<p>&nbsp;</p>\r\n<ul>\r\n<li><strong> 1 Allgemeine Gesch&auml;ftsbedingungen </strong></li>\r\n</ul>\r\n<p>(1) Die Plattform MaschinenPilot.de wird von Maschinenpilot, Artur Gerlitz, M&ouml;rikestr. 2, 72585 Riederich betrieben (nachfolgend Betreiber oder MaschinenPilot genannt). </p>\r\n<p>(2) Die Nutzer k&ouml;nnen auf der Plattform von MaschinenPilot nach Angeboten und Gesuchen f&uuml;r Gebraucht-, Neu- und Ausstellungsmaschinen suchen und k&ouml;nnen Angebote und Gesuche f&uuml;r gebrauchte und neue Maschinen inserieren sowie Dienstleistungen einstellen.</p>\r\n<p>Unternehmen, k&ouml;nnen weiterhin Anzeigen in dem Portal ver&ouml;ffentlichen.</p>\r\n<p>Die nachfolgenden Allgemeinen Gesch&auml;ftsbedingungen (AGB) regeln das Rechtsverh&auml;ltnis zwischen dem Betreiber und den Nutzern des Online-Dienstes.</p>\r\n<p>&nbsp;</p>\r\n<ul>\r\n<li><strong>2 Nutzerkonten und Schaltung von Inseraten</strong></li>\r\n</ul>\r\n<ol>\r\n<li><strong> Umfang und Gegenstand des Dienstes </strong></li>\r\n</ol>\r\n<p>(1) Die Nutzer (Inserenten) k&ouml;nnen bei MaschinenPilot Angebote und Gesuche f&uuml;r gebrauchte Maschinen, neue Maschinen sowie Ausstellungsmaschinen inserieren. Der Betreiber stellt auf MaschinenPilot eine Adress-, und Inseratedatenbank sowie ein Verzeichnis f&uuml;r Maschinenh&auml;ndler zur Verf&uuml;gung. Die Registrierung und Schaltung von Inseraten ist nur f&uuml;r Unternehmer m&ouml;glich. Verbraucher d&uuml;rfen nicht auf MaschinenPilot inserieren.</p>\r\n<p>F&uuml;r die Ver&ouml;ffentlichung von Inseraten &uuml;ber Angebote von gebrauchten und neuen Maschinen steht eine Maske zur Eingabe bereit. Die eingestellten Inserate werden vom Nutzer ver&ouml;ffentlicht und erm&ouml;glichen die Abrufbarkeit dieser Inserate &uuml;ber das Internet. &nbsp;Die Inserenten k&ouml;nnen ihre Inserate selbst&auml;ndig eintragen, &auml;ndern, l&ouml;schen.</p>\r\n<p>(2) Die Registrierung des Inserenten und vorherige Auswahl eines passenden Tarifs bei MaschinenPilot ist ein verbindlicher Auftrag. Der Betreiber kann die Annahme des Auftrages ablehnen, wenn dieser aus technischen Gr&uuml;nden nicht durchf&uuml;hrbar ist oder ganz oder teilweise gegen geltendes Recht oder einheitliche Grunds&auml;tze verst&ouml;&szlig;t.</p>\r\n<p>(3) Der Betreiber beh&auml;lt sich vor, die von den Inserenten angegebenen Daten der Inserate aufzubereiten und im Internet zur besseren Auffindbarkeit auch auf anderen Plattformen zu ver&ouml;ffentlichen.&nbsp; Der Inserent hat die M&ouml;glichkeit seine Inserate zweisprachig, d.h. auf deutsch sowie zus&auml;tzlich auf englisch einzugeben. </p>\r\n<p>Der Inserent erkl&auml;rt sich damit einverstanden, dass f&uuml;r fremdsprachige Websites auch &Uuml;bersetzungen seiner Inserate vorgenommen werden k&ouml;nnen, es aber keinen Anspruch auf eine automatisierte &Uuml;bersetzung von Inseraten gibt. Der Inserent ist alleinig f&uuml;r seine Inhalte verantwortlich. Eine Haftung des Betreibers f&uuml;r Fehler bei der &Uuml;bersetzung ist ausgeschlossen.</p>\r\n<p>(4) Der Betreiber beh&auml;lt sich vor, Teile der Plattform-Seiten oder das gesamte Angebot ohne Ank&uuml;ndigung zu erg&auml;nzen, zu &auml;ndern und zu l&ouml;schen oder die Ver&ouml;ffentlichung zeitweise oder endg&uuml;ltig einzustellen.</p>\r\n<p>(5) Vertr&auml;ge, die infolge eines &uuml;ber MaschinenPilot geschalteten Inserats angebahnt werden, kommen ohne rechtliche Beteiligung des Betreibers zustande, es sei denn, dies ist in einem gesonderten Vertrag zus&auml;tzlich vereinbart.</p>\r\n<p>&nbsp;</p>\r\n<ol start=\"2\">\r\n<li><strong> Leistungen des Betreibers </strong></li>\r\n</ol>\r\n<p>(1) Die Leistungen des Betreibers bestehen darin, f&uuml;r die Eingabe von H&auml;ndlerprofilen und Inserate &uuml;ber Maschinen oder Leistungen eine Maske bereitzustellen. Die &uuml;ber die Eingabemaske eingegebenen Daten k&ouml;nnen freigeschaltet und die Abrufbarkeit der Anzeigen erm&ouml;glicht werden, dies f&uuml;r die Dauer des mit dem Inserenten vereinbarten Zeitraumes.</p>\r\n<p>(2) Die Freischaltung von Anzeigen und Eintr&auml;gen erfolgt in der Regel kurzfristig innerhalb von 24 Stunden, soweit nichts anderes vereinbart ist. Verschiebungen der Freischaltung aus technischen oder anderen Ursachen beh&auml;lt sich der Betreiber jederzeit vor.</p>\r\n<p>(3) Der Betreiber beh&auml;lt sich ebenfalls vor, Inserate von Inserenten zu sperren, die gegen Bestimmungen dieser AGB versto&szlig;en oder Ihren vertraglichen Verpflichtungen nicht nachkommen. </p>\r\n<p>(4) Der Inserent hat den ihm entstandenen Aufwand und insbesondere die Kosten aus und im Zusammenhang mit der Eintragung und Pflege von Inseraten allein selbst zu tragen. Dies gilt auch dann, wenn der Betreiber Inserate &auml;ndert, l&ouml;scht oder ablehnt.</p>\r\n<p>(5) Der Inserent kann jederzeit &Auml;nderungen in seinem Profil kostenfrei vornehmen.</p>\r\n<p>&nbsp;</p>\r\n<p>&nbsp;</p>\r\n<ol start=\"3\">\r\n<li><strong> Entfernen und Deaktivieren von Nutzerkonten und Inseraten </strong></li>\r\n</ol>\r\n<p>(1) Der Betreiber beh&auml;lt sich das Recht vor, Nutzerkonten und Inserate auf MaschinenPilot ohne Angaben von Gr&uuml;nden abzulehnen, zu &auml;ndern oder zu l&ouml;schen. Ebenso beh&auml;lt sich der Betreiber das Recht vor, einzelne Inserenten auf Dauer von der Nutzung des Online-Dienstes auszuschlie&szlig;en. Insbesondere wenn Inserenten in einem Wettbewerbsverh&auml;ltnis zu MaschinenPilot stehen oder dem Betreiber anderweitig schaden, k&ouml;nnen Anmeldungen abgelehnt, nicht freigeschaltet oder deaktiviert werden. Sollten bereits Zahlungen geleistet worden sein, k&ouml;nnen diese gegebenenfalls anteilig erstattet werden.</p>\r\n<p>(2) Der Inserent hat den ihm entstandenen Aufwand und insbesondere die Kosten aus und im Zusammenhang mit der Eintragung und Pflege von Inseraten allein selbst zu tragen. Dies gilt auch dann, wenn der Betreiber Inserate &auml;ndert, l&ouml;scht oder ablehnt.</p>\r\n<p>(3) Der Inserent kann jederzeit seine Inserate mit dem von ihm selbst gew&auml;hlten Passwort l&ouml;schen und &auml;ndern.</p>\r\n<p>&nbsp;</p>\r\n<ol start=\"4\">\r\n<li><strong> Pflichten der Inserenten </strong></li>\r\n</ol>\r\n<p>(1) Die Daten f&uuml;r das Nutzerkonto auf MaschinenPilot sind in dem Auftragsformular vollst&auml;ndig und korrekt anzugeben. Der Inserent tr&auml;gt f&uuml;r alle von ihm gemachten Angaben und Inhalte die alleinige Verantwortung und haftet daf&uuml;r. Der Betreiber ist nicht verpflichtet, Auftr&auml;ge und Anzeigen daraufhin zu pr&uuml;fen, ob durch sie Rechte Dritter beeintr&auml;chtigt werden.</p>\r\n<p>(2) Der Inserent verpflichtet sich zu korrekten, wahrheitsgem&auml;&szlig;en und rechtm&auml;&szlig;igen Angaben und stellt den Betreiber von Anspr&uuml;chen Dritter gleich welcher Art frei, die sich aus einer Rechtswidrigkeit oder Wahrheitswidrigkeit des Inserates oder einer sonstigen Verletzung von Rechten Dritter durch den Inserenten begr&uuml;nden. Die Freistellungsverpflichtung umfasst auch die &Uuml;bernahme von Rechtsverteidigungskosten des Betreibers wie beispielsweise Gerichts- und Rechtsanwaltskosten.</p>\r\n<p>(3) Jeder Nutzer der ein Inserat bei MaschinenPilot ver&ouml;ffentlicht, ist f&uuml;r die Inhalte seines Inserates und die Richtigkeit der in den Inseraten gemachten Angaben verantwortlich und haftet hierf&uuml;r. Der Betreiber von MaschinenPilot ist nicht verpflichtet, Auftr&auml;ge und Anzeigen daraufhin zu &uuml;berpr&uuml;fen, ob durch sie Rechte Dritter beeintr&auml;chtigt werden. Dies betrifft insbesondere auch die Beachtung von Nutzungsrechten sowie Urheberrechten und Markenrechten. </p>\r\n<p>(4) Der Inserent ist verpflichtet, in dem Eingabeformular eines Inserates ausdr&uuml;cklich kenntlich zu machen, ob es sich um eine gebrauchte Maschine, Neumaschine oder eine Ausstellungsmaschine handelt. Neumaschinen und Ausstellungsmaschinen d&uuml;rfen nicht als Gebrauchtmaschinen eingestellt werden.</p>\r\n<p>(5) Die Inhalte des Inserats sind in dem Eingabeformular vollst&auml;ndig anzugeben. Der Inserent tr&auml;gt f&uuml;r alle von ihm gemachten Angaben und Inhalte die alleinige Verantwortung und haftet daf&uuml;r.</p>\r\n<p>(6) Der Betreiber ist nicht verpflichtet, Auftr&auml;ge und Anzeigen darauf zu pr&uuml;fen, ob durch sie Rechte Dritter beeintr&auml;chtigt werden.</p>\r\n<p>(7) Der Inserent ist verpflichtet, ausschlie&szlig;lich relevante technische Daten zu den jeweiligen Maschinen anzugeben. Platzhalter im Feld technische Daten sind unzul&auml;ssig.</p>\r\n<p>(8) Der Inserent ist verpflichtet, ausschlie&szlig;lich originale Maschinenfotos zu verwenden, &uuml;ber die er gem&auml;&szlig; den gesetzlichen Bestimmungen die notwendigen Nutzungsrechte verf&uuml;gt. Ebenso ist der Inserent verpflichtet, etwaige Urheber- und Markenrechte gem&auml;&szlig; der gesetzlichen Bestimmungen zu beachten und einzuhalten. Unzul&auml;ssig ist die Verwendung von Katalogfotos der Maschine, bei denen das Urheberrecht bei einem Dritten liegt. Der Inserent stellt den Betreiber von Anspr&uuml;chen Dritter gleich welcher Art frei, die sich aus einer Rechtswidrigkeit oder Wahrheitswidrigkeit des Inserates oder einer sonstigen Verletzung von Rechten Dritter durch den Inserenten begr&uuml;nden. Die Freistellungsverpflichtung umfasst auch die &Uuml;bernahme von Rechtsverteidigungskosten des Betreibers wie beispielsweise Gerichts- und Rechtsanwaltskosten.</p>\r\n<p>(9) In einem Inserat darf nur die jeweilige Maschine beworben werden, Verweise auf weitere Maschinen sind nicht gestattet. &nbsp;F&uuml;r eingestellte oder verlinkte Videos beispielsweise auf YouTube haftet allein der Inserent.</p>\r\n<p>(10) Der Inserent ist verpflichtet, korrekte Daten wie Namen und Anschrift bei den Kontaktinformationen anzugeben, und diese auf Anfrage zu verifizieren. Der Betreiber beh&auml;lt sich vor, Anzeigen nicht zu ver&ouml;ffentlichen oder zu l&ouml;schen.</p>\r\n<p>(11) Der Inserent ist verpflichtet, eine g&uuml;ltige E-Mail-Adresse anzugeben und erkl&auml;rt sich mit der Nutzung dieser E-Mail-Adresse durch den Betreiber zur Benachrichtigung &uuml;ber Anfragen zu Inseraten einverstanden.</p>\r\n<p>(12) Bei Inserat-Erstellung ist auf eine korrekte Eintragung der Maschinendaten zu achten. Es d&uuml;rfen nur konkrete Maschinen-Angebote inklusive technischer Beschreibung und Daten einer Maschine eingetragen werden. Der Betreiber beh&auml;lt sich vor unkorrekt ausgef&uuml;llte Inserate nicht zu ver&ouml;ffentlichen.</p>\r\n<p>(13) F&uuml;r jedes Maschinenangebot kann nur ein Inserat geschaltet werden. </p>\r\n<p>(14) Die Inserate d&uuml;rfen bis auf die E-Mail-Adresse gem&auml;&szlig; vorgenannter Angaben im dem daf&uuml;r vorgesehenen Feld keine Telefon-, Faxnummer, Domainnamen und E-Mail-Adressen enthalten. Anderenfalls kann das Inserat durch den Betreiber gel&ouml;scht werden und eine weitere Ver&ouml;ffentlichung von Inseraten gesperrt werden.</p>\r\n<p>(15) Der Zugang zum Portal und die M&ouml;glichkeit zur Einpflege von Inseraten sind mit einem Passwort gesch&uuml;tzt. Dieses Passwort wird vom Inserenten frei gew&auml;hlt und kann unter Profil ge&auml;ndert werden. Der Kontoinhaber hat darauf zu achten, das Passwort gem&auml;&szlig; der Passwortkonventionen (Passwort mit mindestens 8 Zeichen, bestehend aus Buchstaben A &ndash; Z, Zahlen 1 &ndash; 10, Gro&szlig;- und Kleinschreibung sowie Verwendung von Sonderzeichen #*!%$ )&nbsp; zu erstellen und nicht an Dritte weiterzugeben. Bitte achten Sie auf Ihre Passw&ouml;rter, &auml;ndern sie diese regelm&auml;&szlig;ig und geben Sie diese nicht an Dritte weiter. Der Zugriff auf ein Konto von au&szlig;en kann seitens des Betreibers nicht ausgeschlossen werden, hierunter fallen auch eventuell m&ouml;gliche &Auml;nderung von Maschineneintr&auml;gen und weitere Daten. Eine Haftung des Betreibers ist hierf&uuml;r ausgeschlossen.</p>\r\n<p>(16) Der Inserent verpflichtet sich, sein Angebot oder Gesuch unverz&uuml;glich selbst&auml;ndig wieder aus der Datenbank zu l&ouml;schen, wenn die inserierte Maschine nicht mehr angeboten oder gesucht wird.</p>\r\n<p>&nbsp;</p>\r\n<ol start=\"5\">\r\n<li><strong> Vertragslaufzeit und K&uuml;ndigung</strong></li>\r\n</ol>\r\n<p>(1) Die Inserate haben eine vom Inserenten festgelegte Laufzeit von drei bis zu zw&ouml;lf Monaten. Die Laufzeit kann auf Betreiben des Inserenten verl&auml;ngert werden.</p>\r\n<p>(2) Nach der Laufzeit werden die Inserate automatisch aus der Datenbank des Betreibers gel&ouml;scht. Die Laufzeit des Vertrages bleibt hiervon unber&uuml;hrt.</p>\r\n<p>(3) Es gilt die vertraglich vereinbarte Mindestlaufzeit. Die Vertragslaufzeit verl&auml;ngert sich um diesen Zeitraum zu den dann zu den aktuellen Preisen gem&auml;&szlig; der Seite Preise, wenn der Vertrag nicht 7 Tage vor Ablauf der Vertragslaufzeit gegen&uuml;ber MaschinenPilot, Artur Gerlitz vom Inserenten oder Betreiber gek&uuml;ndigt wird.</p>\r\n<p>(4) Tarifanpassungen treten nur bei Vertragsverl&auml;ngerungen, nicht jedoch in laufenden Vertragszeitr&auml;umen in Kraft. Die Tarifanpassungen werden dem Nutzer rechtzeitig vor In-Kraft-Treten eines neuen Vertragszeitraumes mitgeteilt. &nbsp;</p>\r\n<p>(5) Das Recht zu einer au&szlig;erordentlichen K&uuml;ndigung aus wichtigem Grund bleibt unber&uuml;hrt.</p>\r\n<p>(6) K&uuml;ndigungserkl&auml;rungen bed&uuml;rfen der Schriftform oder sind elektronisch zu &uuml;bermitteln.</p>\r\n<p>&nbsp;</p>\r\n<ol start=\"6\">\r\n<li><strong> Zahlungsbedingungen </strong></li>\r\n</ol>\r\n<p>(1) Es gelten die jeweils aktuellen Preise, die jederzeit auf der Seite Preise einsehbar sind.</p>\r\n<p>(2) Die Zahlung des Beitrages wird f&uuml;r die vereinbarte Vertragslaufzeit im Voraus berechnet und ist nach Rechnungsstellung innerhalb von 7 Tagen (Eingang auf dem Konto) zur Zahlung f&auml;llig. Sollte der Rechnungsbetrag nicht fristgerecht, vollst&auml;ndig und vorbehaltlos bei dem Betreiber eingehen, ist der Betreiber berechtigt, die Inserate des Inserenten f&uuml;r die Dauer der ausstehenden Zahlung zu sperren. Die Geltendmachung weitergehender Schadenersatz- und sonstiger Anspr&uuml;che durch den Betreiber gegen den Inserenten bleibt hiervon unber&uuml;hrt.</p>\r\n<p>(3) S&auml;mtliche Preise verstehen sich zuz&uuml;glich der jeweils geltenden gesetzlichen Umsatzsteuer.</p>\r\n<p>&nbsp;</p>\r\n<ol start=\"7\">\r\n<li><strong> Kosten f&uuml;r die Nutzung der Datenbanksuche</strong></li>\r\n</ol>\r\n<p>(1) Die Datenbanksuche nach Angeboten und Gesuchen f&uuml;r Maschinen ist kostenlos und provisionsfrei nutzbar.</p>\r\n<p>&nbsp;</p>\r\n<ol start=\"5\">\r\n<li><strong> Einr&auml;umung von Nutzungsrechten </strong></li>\r\n</ol>\r\n<p>(1) Die Inserenten r&auml;umen dem Betreiber des Online-Dienstes MaschinenPilot, Artur Gerlitz mit dem Erstellen von Inseraten und Inhalten sowie dem Hochladen von Inhalten &uuml;ber das Eingabeformular ein nicht-ausschlie&szlig;liches, zeitlich, r&auml;umlich und inhaltlich unbeschr&auml;nktes Recht ein, die eingestellten / hochgeladenen Inhalte der Inserate (einschlie&szlig;lich der verwendeten Fotos und Texte) im Rahmen des gegenw&auml;rtigen und zuk&uuml;nftigen Angebots des Online-Dienstes umfassend, auch mit dem Ziel einer kommerziellen Vermarktung, zu nutzen und zu verwerten.</p>\r\n<p>Dieses Recht umfasst insbesondere die M&ouml;glichkeit zur Einbindung und Verwendung der Inhalte innerhalb kostenpflichtiger und kostenfreier Online-Dienste und Websites sowie innerhalb des frei zug&auml;nglichen Internets.</p>\r\n<p>Insbesondere r&auml;umt der Inserent folgende nicht-ausschlie&szlig;liche, zeitlich und territorial unbeschr&auml;nkte Nutzungsrechte ein:</p>\r\n<p>(a) Das Recht der Vervielf&auml;ltigung, &ouml;ffentlichen Zug&auml;nglichmachung und Verbreitung, d.h. das Recht, die Inhalte unter Einbezug technischer M&ouml;glichkeiten, wie beispielsweise durch die digitale Einbindung im Rahmen einer Website, zu vervielf&auml;ltigen und &ouml;ffentlich zug&auml;nglich zu machen.</p>\r\n<p>(b) das Bearbeitungsrecht, d.h. das Recht Inhalte zu bearbeiten, umzugestalten, zu &uuml;bersetzen oder die Gr&ouml;&szlig;en der Inhalte zur besseren Platzierung innerhalb der Website zu ver&auml;ndern.&nbsp; Dies unter Wahrung des Urheberpers&ouml;nlichkeitsrechts. Die Bearbeitung kann durch MaschinenPilot selbst oder durch Dritte erfolgen.</p>\r\n<p>(2) Die Inserenten r&auml;umen dem Betreiber von MaschinenPilot mit der Eingabe von Inhalten auch das Recht ein, die eingegebenen Inhalte aufzubereiten und im Internet auf anderen Websites f&uuml;r eine verbesserte Auffindbarkeit &nbsp;zu ver&ouml;ffentlichen.</p>\r\n<p>(3) Die Inserenten r&auml;umen MaschinenPilot das Recht ein, Rechtsverletzungen durch Dritte an den auf MaschinenPilot eingestellten / hochgeladenen Inseraten im eigenen Namen zu verfolgen.</p>\r\n<p>Der Inserent tritt dem Betreiber von MaschinenPilot dar&uuml;ber hinaus alle Schadenersatzanspr&uuml;che ab, die dem Inserenten gegen&uuml;ber Dritten dadurch entstehen, dass auf MaschinenPilot eingestellte / hochgeladene Inserate nachweislich direkt von MaschinenPilot &uuml;bernommen und an anderer Stelle im Internet ohne Einwilligung des Inserenten und/oder MaschinenPilot verwendet werden.</p>\r\n<p>(4) Der Inserent versichert, dass er Inhaber der &uuml;bertragenen Rechte ist und dass es ihm m&ouml;glich ist, die oben genannten Rechte wirksam einzur&auml;umen. Der Inserent versichert au&szlig;erdem, dass die von ihm hochgeladenen und genutzten Werke frei von Rechten Dritter sind, die der vertragsgegenst&auml;ndlichen Rechtseinr&auml;umung entgegenstehen k&ouml;nnten.</p>\r\n<p>&nbsp;</p>\r\n<ul>\r\n<li><strong> 3 Haftung</strong></li>\r\n</ul>\r\n<p>(1) Der Betreiber haftet unbeschr&auml;nkt, soweit die Schadensursache auf Vorsatz oder grober Fahrl&auml;ssigkeit des Betreibers beruht. F&uuml;r die leicht fahrl&auml;ssige Verletzung von wesentlichen Pflichten, deren Verletzung die Erreichung des Vertragszwecks gef&auml;hrdet, oder f&uuml;r die Verletzung von Pflichten ,deren Erf&uuml;llung die ordnungsgem&auml;&szlig;e Durchf&uuml;hrung des Vertrages erst erm&ouml;glicht und auf deren Einhaltung der Nutzer regelm&auml;&szlig;ig vertraut, haftet der Betreiber nur f&uuml;r den vorhersehbaren, vertragstypischen Schaden.</p>\r\n<p>F&uuml;r die leicht fahrl&auml;ssige Verletzung anderer als in den vorstehenden Bestimmungen genannten Pflichten haftet der Betreiber nicht. Gegen&uuml;ber Unternehmern entf&auml;llt bei leicht fahrl&auml;ssiger Verletzung unwesentlicher Vertragspflichten die Haftung des Betreibers vollst&auml;ndig. Die vorstehenden Haftungsbeschr&auml;nkungen gelten nicht bei Verletzung von Leben, K&ouml;rper und Gesundheit und bei von dem Betreiber arglistig verschwiegenen M&auml;ngeln. Eine etwa nach dem Produkthaftungsgesetz bestehende Haftung bleibt unber&uuml;hrt. Soweit die Haftung des Betreibers nach den vorstehenden Bestimmungen ausgeschlossen oder beschr&auml;nkt ist, gilt dies auch f&uuml;r die pers&ouml;nliche Haftung von Arbeitnehmern, Vertreter und Erf&uuml;llungsgehilfen des Betreibers.</p>\r\n<p>&nbsp;(2) Der Betreiber &uuml;bernimmt keine Gew&auml;hr f&uuml;r Aktualit&auml;t, Richtigkeit, Vollst&auml;ndigkeit oder Qualit&auml;t der bereitgestellten Informationen. Der Betreiber pr&uuml;ft die von Nutzern ver&ouml;ffentlichten Informationen nicht auf deren Inhalt. Eine Haftung des Betreibers f&uuml;r den Inhalt der von den Nutzern bereitgestellten Informationen ist ausgeschlossen.</p>\r\n<p>(3) Eine Haftung des Betreibers f&uuml;r Sch&auml;den, die daraus entstehen, dass Inserate nicht oder gek&uuml;rzt oder verf&auml;lscht ver&ouml;ffentlicht werden, ist ebenfalls ausgeschlossen.</p>\r\n<p>(4) Alle Informationsangebote sind freibleibend und unverbindlich. Der Betreiber haftet nicht f&uuml;r Irrt&uuml;mer oder Unterlassungen und beh&auml;lt sich das Recht auf &Auml;nderungen ohne Ank&uuml;ndigung bei den Online-Diensten vor. Der Betreiber &uuml;bernimmt keine Haftung f&uuml;r die Geeignetheit des Produktes zu Verkaufs- oder anderen Zwecken.</p>\r\n<p>(5) Der Betreiber haftet nicht f&uuml;r Fehler bei der &Uuml;bermittlung von Anfragen.</p>\r\n<p>(6) Der Betreiber haftet nicht f&uuml;r technische St&ouml;rungen bei dem Betrieb der Internetseiten von MaschinenPilot. Der Betreiber haftet insbesondere nicht daf&uuml;r, dass Informationen nicht ununterbrochen oder nicht fehlerfrei zur Verf&uuml;gung stehen.</p>\r\n<p>(7) Bei Verweiszielen (Links), deren Urheber nicht der Betreiber ist, haftet der Betreiber nicht. Der Betreiber haftet ebenso nicht f&uuml;r Inhalte der Webseiten seiner offiziellen Partner/Werbepartner. An etwaigen Rechtsverh&auml;ltnissen zwischen Nutzern und Partnern/Werbepartnern des Betreibers ist der Betreiber nicht beteiligt.</p>\r\n<p>&nbsp;</p>\r\n<ul>\r\n<li><strong> 4 Geistiges Eigentum</strong></li>\r\n</ul>\r\n<p>(1) Anspr&uuml;che von Nutzern an dem geistigen Eigentum des Betreibers sind ausgeschlossen.</p>\r\n<p>(2) Die Weiterverarbeitung und Nutzung von Inseraten auf Internetseiten der Online-Dienste des Betreibers in Medien aller Art durch Dritte bedarf der vorherigen schriftlichen Zustimmung des Betreibers.</p>\r\n<p>Der Betreiber beh&auml;lt das Urheberrecht f&uuml;r ver&ouml;ffentlichte und von dem Betreiber selbst erstellte Grafiken, Logos, Bilder, Videos, Texte und andere Objekte. Eine Vervielf&auml;ltigung in anderen elektronischen oder gedruckten Ver&ouml;ffentlichungen bedarf der vorhergehenden schriftlichen Zustimmung des Betreibers.</p>\r\n<p>(3) Alle innerhalb der Internetangebote des Betreibers genannten und gegebenenfalls durch Dritte gesch&uuml;tzten Marken- und Warenzeichen unterliegen uneingeschr&auml;nkt den Bestimmungen des jeweils g&uuml;ltigen Kennzeichenrechts und den Rechten der jeweiligen Rechteinhaber. Allein aufgrund der blo&szlig;en Nennung ist nicht der Schluss zu ziehen, dass keine Rechte Dritter ber&uuml;hrt sind.</p>\r\n<p>&nbsp;</p>\r\n<p><strong>&nbsp;</strong></p>\r\n<ul>\r\n<li><strong> 5 Leistungsort</strong></li>\r\n</ul>\r\n<p>(1) Die Leistungen des Betreibers erfolgen in technischer und rechtlicher Hinsicht in Metzingen, Baden-W&uuml;rttemberg,Bundesrepublik Deutschland. &nbsp;Jeder andere Ort, an dem die Online-Dienste des Betreibers abrufbar sind, bleibt f&uuml;r vertragliche, haftungsrechtliche und gesetzliche an den Leistungsort gebundene Anspr&uuml;che au&szlig;er Betracht.</p>\r\n<p>&nbsp;</p>\r\n<ul>\r\n<li><strong> 6 &Auml;nderung der Allgemeinen Gesch&auml;ftsbedingungen (AGB)</strong></li>\r\n</ul>\r\n<p>(1) Die AGB k&ouml;nnen ge&auml;ndert werden soweit dies durch erforderliche Anpassungen des Dienstes erforderlich ist, auch wenn diese bei Vertragsschluss nicht vorhersehbar waren.</p>\r\n<p>Ferner k&ouml;nnen die AGB angepasst werden, soweit dies zur Verbesserung des Dienstes&nbsp; bei der Durchf&uuml;hrung des Vertrages aufgrund von nach Vertragsschluss entstandenen Regelungsl&uuml;cken erforderlich ist.</p>\r\n<p>Dies kann beispielsweise der Fall sein, wenn sich die Rechtsprechung zur Wirksamkeit von Bestimmungen dieser AGB &auml;ndert oder wenn eine oder mehrere Bestimmungen dieser Allgemeinen Gesch&auml;ftsbedingungen von der Rechtsprechung f&uuml;r unwirksam erkl&auml;rt werden. &Auml;nderungen der Allgemeinen Gesch&auml;ftsbedingungen werden dem Kunden mindestens sechs Wochen vor Wirksamwerden in Textform mitgeteilt. Dem Kunden steht bei &Auml;nderungen, die nicht ausschlie&szlig;lich zu seinen Gunsten sind, das Recht zu, den Vertrag ohne Einhaltung einer K&uuml;ndigungsfrist zum Zeitpunkt des Wirksamwerdens der &Auml;nderungen in Textform zu k&uuml;ndigen&nbsp; (z. B. per Brief oder E-Mail). Hierauf wird der Kunde in der &Auml;nderungsmitteilung besonders hingewiesen.</p>\r\n<p>&nbsp;</p>\r\n<ul>\r\n<li><strong> 8 Schlussbestimmungen</strong></li>\r\n</ul>\r\n<p>(1) Auf diese AGB sowie auf die Rechtsverh&auml;ltnisse zwischen Betreiber und Nutzer insgesamt ist ausschlie&szlig;lich das Recht der Bundesrepublik Deutschland unter Ausschluss des UN-Kaufrechts anwendbar.</p>\r\n<p>(2) F&uuml;r alle Streitigkeiten die sich aus und in Zusammenhang mit Rechtsverh&auml;ltnissen zwischen Betreiber und Nutzer und deren Abwicklung sowie insbesondere aus und in Zusammenhang mit diesen AGB ergeben, ist ausschlie&szlig;licher Gerichtsstand in Reutlingen, Baden-W&uuml;rttemberg Bundesrepublik Deutschland.</p>\r\n<p>(3) M&uuml;ndliche Nebenabreden bestehen nicht. &Auml;nderungen und Erg&auml;nzungen dieser AGB sowie von Rechtsverh&auml;ltnissen zwischen Betreiber und Nutzer bed&uuml;rfen der Schriftform. Dies gilt auch f&uuml;r eine &Auml;nderung, Erg&auml;nzung oder die Aufhebung der Schriftformklausel selbst.</p>\r\n<p>(4) Sollten einzelne Bestimmungen dieser AGB unwirksam sein oder werden, so bleibt die Wirksamkeit der AGB im &Uuml;brigen unber&uuml;hrt. Anstelle der unwirksamen Bestimmung gilt eine solche wirksame Bestimmung, die dem wirtschaftlichen Sinn und Zweck der unwirksamen Bestimmung m&ouml;glichst entspricht. Entsprechendes gilt f&uuml;r L&uuml;cken dieser AGB.</p>\r\n<p>&nbsp;</p>\r\n<p>&nbsp;</p>', '{\"seo_title\":\"Allgemeine Gesch\\u00e4ftsbedingungen\",\"keywords\":\"Allgemeine Gesch\\u00e4ftsbedingungen\",\"meta_desc\":\"Allgemeine Gesch\\u00e4ftsbedingungen\",\"crawl_after_day\":\"Allgemeine Gesch\\u00e4ftsbedingungen\",\"follow\":\"nofollow\",\"index\":\"noindex\"}', 1, '2018-10-26 13:07:09', '2019-08-09 15:32:07', 1, 1),
(13, 13, 'Marktplatzregeln', '<h3><strong>Marktplatzregeln </strong></h3>\r\n<p>(1) Die Daten f&uuml;r das Nutzerkonto und die Inhalte in den Inseraten auf MaschinenPilot sind in dem Auftragsformular&nbsp; bzw. in der Eingabemaske f&uuml;r die Inserate vollst&auml;ndig und korrekt anzugeben. </p>\r\n<p>(2) Der Betreiber von MaschinenPilot ist nicht verpflichtet, Auftr&auml;ge und Anzeigen daraufhin zu &uuml;berpr&uuml;fen, ob durch sie Rechte Dritter beeintr&auml;chtigt werden.</p>\r\n<p>(3) Der Inserent ist verpflichtet, in dem Eingabeformular eines Inserates kenntlich zu machen, ob es sich um eine Neumaschine oder eine Ausstellungsmaschine handelt und muss den Zustand wahrheitsgem&auml;&szlig; angeben.</p>\r\n<p>(4) Der Inserent ist verpflichtet, ausschlie&szlig;lich relevante technische Daten zu den jeweiligen Maschinen anzugeben. </p>\r\n<p>(5) Der Inserent ist verpflichtet, ausschlie&szlig;lich selbst erstellte, originale Maschinenfotos zu verwenden. Unzul&auml;ssig ist die Verwendung von Fotos, z.B. Katalog- oder Herstellerfotos der Maschine, bei denen das Urheberrecht bei einem Dritten liegt. Der Inserent sichert zu, dass er berechtigt ist, das Bildmaterial nutzen zu d&uuml;rfen und dass er &uuml;ber die erforderlichen Rechte verf&uuml;gt.&nbsp; Die Verantwortlichkeit f&uuml;r alle Inhalte (Texte, Bilder, Videos, Grafiken und weitere Inhalte) liegt allein beim Inserenten.</p>\r\n<p>(6) In einem Inserat darf nur die jeweilige Maschine beworben werden, Verweise auf weitere Maschinen sind nicht gestattet. &nbsp;F&uuml;r eingestellte oder verlinkte Videos beispielsweise auf YouTube haftet allein der Inserent.</p>\r\n<p>(7) Der Inserent ist verpflichtet, korrekte Daten wie Namen und Anschrift bei den Kontaktinformationen anzugeben, und diese auf Anfrage zu verifizieren. Der Betreiber beh&auml;lt sich vor, Anzeigen nicht zu ver&ouml;ffentlichen oder zu l&ouml;schen.</p>\r\n<p>(8) Der Inserent ist verpflichtet, eine g&uuml;ltige E-Mail-Adresse anzugeben und erkl&auml;rt sich mit der Nutzung dieser E-Mail-Adresse durch den Betreiber zur Benachrichtigung &uuml;ber Anfragen zu Inseraten einverstanden.</p>\r\n<p>(9) Bei Inserat-Erstellung ist auf eine korrekte Eintragung der Maschinendaten zu achten. Es d&uuml;rfen nur konkrete Maschinen-Angebote inklusive technischer Beschreibung und den dazugeh&ouml;rigen technischen Daten einer Maschine eingetragen werden. Der Betreiber beh&auml;lt sich vor unkorrekt ausgef&uuml;llte Inserate nicht zu ver&ouml;ffentlichen.</p>\r\n<p>(10) Die Inserate d&uuml;rfen bis auf die E-Mail-Adresse gem&auml;&szlig; vorgenannter Angaben im dem daf&uuml;r vorgesehenen Feld keine Telefon-, Faxnummer, Domainnamen und E-Mail-Adressen enthalten. Anderenfalls kann das Inserat durch den Betreiber gel&ouml;scht werden und eine weitere Ver&ouml;ffentlichung von Inseraten gesperrt werden.</p>\r\n<p>(11) Der Zugang zum Portal und die M&ouml;glichkeit zur Einpflege von Inseraten sind mit einem Passwort gesch&uuml;tzt. Dieses Passwort wird vom Inserenten frei gew&auml;hlt und kann unter Profil ge&auml;ndert werden. Der Kontoinhaber hat darauf zu achten, das Passwort gem&auml;&szlig; der Passwortkonventionen (Passwort mit mindestens 8 Zeichen, bestehend aus Buchstaben A &ndash; Z, Zahlen 1 &ndash; 10, Gro&szlig;- und Kleinschreibung sowie Verwendung von Sonderzeichen #*!%$ )&nbsp; zu erstellen und nicht an Dritte weiterzugeben. </p>\r\n<p>(12) Der Inserent verpflichtet sich, sein Angebot oder Gesuch unverz&uuml;glich selbst&auml;ndig wieder aus der Datenbank zu l&ouml;schen, wenn die inserierte Maschine nicht mehr angeboten oder gesucht wird.</p>\r\n<p>&nbsp;</p>\r\n<p>Die oben genannten Marktplatzregeln geben Ihnen eine kurze &Uuml;bersicht &uuml;ber die f&uuml;r dieses Portal geltenden Regeln. <br />Ma&szlig;geblich und Bestandteil jeden Vertrages f&uuml;r die Nutzung des Portals sind unsere&nbsp;<strong> <a href=\"https://www.maschinenpilot.de/allgemeine-geschaeftsbedingungen/\" target=\"_blank\">Allgemeinen Gesch&auml;ftsbedingungen. </a></strong></p>\r\n<p>&nbsp;</p>', '{\"seo_title\":\"Marktplatzregeln\",\"keywords\":\"Marktplatzregeln\",\"meta_desc\":\"Marktplatzregeln\",\"crawl_after_day\":\"20\",\"follow\":\"follow\",\"index\":\"index\"}', 1, '2018-10-26 13:08:01', '2019-06-24 12:31:22', 1, 1);
INSERT INTO `pages_text` (`PageTextID`, `PageID`, `Title`, `Content`, `Seo`, `SystemLanguageID`, `CreatedAt`, `UpdatedAt`, `CreatedBy`, `UpdatedBy`) VALUES
(14, 14, 'Datenschutz', '<p><strong>Datenschutzerkl&auml;rung</strong> <br /><br /><strong>1. Datenschutz auf einen Blick</strong><br /><strong> Allgemeine Hinweise</strong></p>\r\n<p>Die folgenden Hinweise geben einen einfachen &Uuml;berblick dar&uuml;ber, was mit Ihren personenbezogenen Daten passiert, wenn Sie unsere Website besuchen. Personenbezogene Daten sind alle Daten, mit denen Sie pers&ouml;nlich identifiziert werden k&ouml;nnen. Ausf&uuml;hrliche Informationen zum Thema Datenschutz entnehmen Sie unserer unter diesem Text aufgef&uuml;hrten Datenschutzerkl&auml;rung.</p>\r\n<p><strong>Datenerfassung auf unserer Website</strong></p>\r\n<p><strong>Wer ist verantwortlich f&uuml;r die Datenerfassung auf dieser Website?</strong></p>\r\n<p>Die Datenverarbeitung auf dieser Website erfolgt durch den Websitebetreiber. Dessen Kontaktdaten k&ouml;nnen Sie dem Impressum dieser Website entnehmen.</p>\r\n<p><strong>Wie erfassen wir Ihre Daten?</strong></p>\r\n<p>Ihre Daten werden zum einen dadurch erhoben, dass Sie uns diese mitteilen. Hierbei kann es sich z. B. um Daten handeln, die Sie in ein Kontaktformular eingeben.</p>\r\n<p>Andere Daten werden automatisch beim Besuch der Website durch unsere IT-Systeme erfasst. Das sind vor allem technische Daten (z. B. Internetbrowser, Betriebssystem oder Uhrzeit des Seitenaufrufs). Die Erfassung dieser Daten erfolgt automatisch, sobald Sie unsere Website betreten.</p>\r\n<p><strong>Wof&uuml;r nutzen wir Ihre Daten?</strong></p>\r\n<p>Ein Teil der Daten wird erhoben, um eine fehlerfreie Bereitstellung der Website zu gew&auml;hrleisten. Andere Daten k&ouml;nnen zur Analyse Ihres Nutzerverhaltens verwendet werden.</p>\r\n<p><strong>Welche Rechte haben Sie bez&uuml;glich Ihrer Daten?</strong></p>\r\n<p>Sie haben jederzeit das Recht unentgeltlich Auskunft &uuml;ber Herkunft, Empf&auml;nger und Zweck Ihrer gespeicherten personenbezogenen Daten zu erhalten. Sie haben au&szlig;erdem ein Recht, die Berichtigung, Sperrung oder L&ouml;schung dieser Daten zu verlangen. Hierzu sowie zu weiteren Fragen zum Thema Datenschutz k&ouml;nnen Sie sich jederzeit unter der im Impressum angegebenen Adresse an uns wenden. Des Weiteren steht Ihnen ein Beschwerderecht bei der zust&auml;ndigen Aufsichtsbeh&ouml;rde zu.</p>\r\n<p>Au&szlig;erdem haben Sie das Recht, unter bestimmten Umst&auml;nden die Einschr&auml;nkung der Verarbeitung Ihrer personenbezogenen Daten zu verlangen. Details hierzu entnehmen Sie der Datenschutzerkl&auml;rung unter &bdquo;Recht auf Einschr&auml;nkung der Verarbeitung&ldquo;.</p>\r\n<p><strong>Analyse-Tools und Tools von Drittanbietern</strong></p>\r\n<p>Beim Besuch unserer Website kann Ihr Surf-Verhalten statistisch ausgewertet werden. Das geschieht vor allem mit Cookies und mit sogenannten Analyseprogrammen. Die Analyse Ihres Surf-Verhaltens erfolgt in der Regel anonym; das Surf-Verhalten kann nicht zu Ihnen zur&uuml;ckverfolgt werden.</p>\r\n<p>Sie k&ouml;nnen dieser Analyse widersprechen oder sie durch die Nichtbenutzung bestimmter Tools verhindern. Detaillierte Informationen zu diesen Tools und &uuml;ber Ihre Widerspruchsm&ouml;glichkeiten finden Sie in der folgenden Datenschutzerkl&auml;rung.</p>\r\n<p><strong>2. Allgemeine Hinweise und Pflichtinformationen Datenschutz</strong></p>\r\n<p>Die Betreiber dieser Seiten nehmen den Schutz Ihrer pers&ouml;nlichen Daten sehr ernst. Wir behandeln Ihre personenbezogenen Daten vertraulich und entsprechend der gesetzlichen Datenschutzvorschriften sowie dieser Datenschutzerkl&auml;rung.</p>\r\n<p>Wenn Sie diese Website benutzen, werden verschiedene personenbezogene Daten erhoben. Personenbezogene Daten sind Daten, mit denen Sie pers&ouml;nlich identifiziert werden k&ouml;nnen. Die vorliegende Datenschutzerkl&auml;rung erl&auml;utert, welche Daten wir erheben und wof&uuml;r wir sie nutzen. Sie erl&auml;utert auch, wie und zu welchem Zweck das geschieht.</p>\r\n<p>Wir weisen darauf hin, dass die Daten&uuml;bertragung im Internet (z. B. bei der Kommunikation per E-Mail) Sicherheitsl&uuml;cken aufweisen kann. Ein l&uuml;ckenloser Schutz der Daten vor dem Zugriff durch Dritte ist nicht m&ouml;glich.</p>\r\n<p><strong>Hinweis zur verantwortlichen Stelle</strong></p>\r\n<p>Die verantwortliche Stelle f&uuml;r die Datenverarbeitung auf dieser Website ist:</p>\r\n<p>Artur Gerlitz<br /> MaschinenPilot<br /> M&ouml;rikestr. 2<br /> 72585 Riederich</p>\r\n<p>Telefon: 07123 9570103<br /> E-Mail: info@maschinenpilot.de</p>\r\n<p>Verantwortliche Stelle ist die nat&uuml;rliche oder juristische Person, die allein oder gemeinsam mit anderen &uuml;ber die Zwecke und Mittel der Verarbeitung von personenbezogenen Daten (z. B. Namen, E-Mail-Adressen o. &Auml;.) entscheidet.</p>\r\n<p><strong>Widerruf Ihrer Einwilligung zur Datenverarbeitung</strong></p>\r\n<p>Viele Datenverarbeitungsvorg&auml;nge sind nur mit Ihrer ausdr&uuml;cklichen Einwilligung m&ouml;glich. Sie k&ouml;nnen eine bereits erteilte Einwilligung jederzeit widerrufen. Dazu reicht eine formlose Mitteilung per E-Mail an uns. Die Rechtm&auml;&szlig;igkeit der bis zum Widerruf erfolgten Datenverarbeitung bleibt vom Widerruf unber&uuml;hrt.</p>\r\n<p><strong>Widerspruchsrecht gegen die Datenerhebung in besonderen F&auml;llen sowie gegen Direktwerbung (Art. 21 DSGVO)</strong></p>\r\n<p><strong>Wenn die Datenverarbeitung auf Grundlage von Art. 6 Abs. 1 lit. e oder f DSGVO erfolgt, haben Sie jederzeit das Recht, aus Gr&uuml;nden, die sich aus Ihrer besonderen Situation ergeben, gegen die Verarbeitung Ihrer personenbezogenen Daten Widerspruch einzulegen; dies gilt auch f&uuml;r ein auf diese Bestimmungen gest&uuml;tztes Profiling. Die jeweilige Rechtsgrundlage, auf denen eine Verarbeitung beruht, entnehmen Sie dieser Datenschutzerkl&auml;rung. Wenn Sie Widerspruch einlegen, werden wir Ihre betroffenen personenbezogenen Daten nicht mehr verarbeiten, es sei denn, wir k&ouml;nnen zwingende schutzw&uuml;rdige Gr&uuml;nde f&uuml;r die Verarbeitung nachweisen, die Ihre Interessen, Rechte und Freiheiten &uuml;berwiegen oder die Verarbeitung dient der Geltendmachung, Aus&uuml;bung oder Verteidigung von Rechtsanspr&uuml;chen (Widerspruch nach Art. 21 Abs. 1 DSGVO).</strong></p>\r\n<p><strong>Werden Ihre personenbezogenen Daten verarbeitet, um Direktwerbung zu betreiben, so haben Sie das Recht, jederzeit Widerspruch gegen die Verarbeitung Sie betreffender personenbezogener Daten zum Zwecke derartiger Werbung einzulegen; dies gilt auch f&uuml;r das Profiling, soweit es mit solcher Direktwerbung in Verbindung steht. Wenn Sie widersprechen, werden Ihre personenbezogenen Daten anschlie&szlig;end nicht mehr zum Zwecke der Direktwerbung verwendet (Widerspruch nach Art. 21 Abs. 2 DSGVO).</strong></p>\r\n<p><strong>Beschwerderecht bei der zust&auml;ndigen Aufsichtsbeh&ouml;rde</strong></p>\r\n<p>Im Falle von Verst&ouml;&szlig;en gegen die DSGVO steht den Betroffenen ein Beschwerderecht bei einer Aufsichtsbeh&ouml;rde, insbesondere in dem Mitgliedstaat ihres gew&ouml;hnlichen Aufenthalts, ihres Arbeitsplatzes oder des Orts des mutma&szlig;lichen Versto&szlig;es zu. Das Beschwerderecht besteht unbeschadet anderweitiger verwaltungsrechtlicher oder gerichtlicher Rechtsbehelfe.</p>\r\n<p><strong>Recht auf Daten&uuml;bertragbarkeit</strong></p>\r\n<p>Sie haben das Recht, Daten, die wir auf Grundlage Ihrer Einwilligung oder in Erf&uuml;llung eines Vertrags automatisiert verarbeiten, an sich oder an einen Dritten in einem g&auml;ngigen, maschinenlesbaren Format aush&auml;ndigen zu lassen. Sofern Sie die direkte &Uuml;bertragung der Daten an einen anderen Verantwortlichen verlangen, erfolgt dies nur, soweit es technisch machbar ist.</p>\r\n<h3>SSL- bzw. TLS-Verschl&uuml;sselung</h3>\r\n<p>Diese Seite nutzt aus Sicherheitsgr&uuml;nden und zum Schutz der &Uuml;bertragung vertraulicher Inhalte, wie zum Beispiel Bestellungen oder Anfragen, die Sie an uns als Seitenbetreiber senden, eine SSL-bzw. TLS-Verschl&uuml;sselung. Eine verschl&uuml;sselte Verbindung erkennen Sie daran, dass die Adresszeile des Browsers von &bdquo;http://&ldquo; auf &bdquo;https://&ldquo; wechselt und an dem Schloss-Symbol in Ihrer Browserzeile.</p>\r\n<p>Wenn die SSL- bzw. TLS-Verschl&uuml;sselung aktiviert ist, k&ouml;nnen die Daten, die Sie an uns &uuml;bermitteln, nicht von Dritten mitgelesen werden.</p>\r\n<p><strong>Verschl&uuml;sselter Zahlungsverkehr auf dieser Website</strong></p>\r\n<p>Besteht nach dem Abschluss eines kostenpflichtigen Vertrags eine Verpflichtung, uns Ihre Zahlungsdaten (z. B. Kontonummer bei Einzugserm&auml;chtigung) zu &uuml;bermitteln, werden diese Daten zur Zahlungsabwicklung ben&ouml;tigt.</p>\r\n<p>Der Zahlungsverkehr &uuml;ber die g&auml;ngigen Zahlungsmittel (Visa/MasterCard, Lastschriftverfahren) erfolgt ausschlie&szlig;lich &uuml;ber eine verschl&uuml;sselte SSL- bzw. TLS-Verbindung. Eine verschl&uuml;sselte Verbindung erkennen Sie daran, dass die Adresszeile des Browsers von &bdquo;http://&ldquo; auf &bdquo;https://&ldquo; wechselt und an dem Schloss-Symbol in Ihrer Browserzeile.</p>\r\n<p>Bei verschl&uuml;sselter Kommunikation k&ouml;nnen Ihre Zahlungsdaten, die Sie an uns &uuml;bermitteln, nicht von Dritten mitgelesen werden.</p>\r\n<p><strong>Auskunft, Sperrung, L&ouml;schung und Berichtigung</strong></p>\r\n<p>Sie haben im Rahmen der geltenden gesetzlichen Bestimmungen jederzeit das Recht auf unentgeltliche Auskunft &uuml;ber Ihre gespeicherten personenbezogenen Daten, deren Herkunft und Empf&auml;nger und den Zweck der Datenverarbeitung und ggf. ein Recht auf Berichtigung, Sperrung oder L&ouml;schung dieser Daten. Hierzu sowie zu weiteren Fragen zum Thema personenbezogene Daten k&ouml;nnen Sie sich jederzeit unter der im Impressum angegebenen Adresse an uns wenden.</p>\r\n<p><strong>Recht auf Einschr&auml;nkung der Verarbeitung</strong></p>\r\n<p>Sie haben das Recht, die Einschr&auml;nkung der Verarbeitung Ihrer personenbezogenen Daten zu verlangen. Hierzu k&ouml;nnen Sie sich jederzeit unter der im Impressum angegebenen Adresse an uns wenden. Das Recht auf Einschr&auml;nkung der Verarbeitung besteht in folgenden F&auml;llen:</p>\r\n<ul>\r\n<li>Wenn Sie die Richtigkeit Ihrer bei uns gespeicherten personenbezogenen Daten bestreiten, ben&ouml;tigen wir in der Regel Zeit, um dies zu &uuml;berpr&uuml;fen. F&uuml;r die Dauer der Pr&uuml;fung haben Sie das Recht, die Einschr&auml;nkung der Verarbeitung Ihrer personenbezogenen Daten zu verlangen.</li>\r\n<li>Wenn die Verarbeitung Ihrer personenbezogenen Daten unrechtm&auml;&szlig;ig geschah/geschieht, k&ouml;nnen Sie statt der L&ouml;schung die Einschr&auml;nkung der Datenverarbeitung verlangen.</li>\r\n<li>Wenn wir Ihre personenbezogenen Daten nicht mehr ben&ouml;tigen, Sie sie jedoch zur Aus&uuml;bung, Verteidigung oder Geltendmachung von Rechtsanspr&uuml;chen ben&ouml;tigen, haben Sie das Recht, statt der L&ouml;schung die Einschr&auml;nkung der Verarbeitung Ihrer personenbezogenen Daten zu verlangen.</li>\r\n<li>Wenn Sie einen Widerspruch nach Art. 21 Abs. 1 DSGVO eingelegt haben, muss eine Abw&auml;gung zwischen Ihren und unseren Interessen vorgenommen werden. Solange noch nicht feststeht, wessen Interessen &uuml;berwiegen, haben Sie das Recht, die Einschr&auml;nkung der Verarbeitung Ihrer personenbezogenen Daten zu verlangen.</li>\r\n</ul>\r\n<p>Wenn Sie die Verarbeitung Ihrer personenbezogenen Daten eingeschr&auml;nkt haben, d&uuml;rfen diese Daten &ndash; von ihrer Speicherung abgesehen &ndash; nur mit Ihrer Einwilligung oder zur Geltendmachung, Aus&uuml;bung oder Verteidigung von Rechtsanspr&uuml;chen oder zum Schutz der Rechte einer anderen nat&uuml;rlichen oder juristischen Person oder aus Gr&uuml;nden eines wichtigen &ouml;ffentlichen Interesses der Europ&auml;ischen Union oder eines Mitgliedstaats verarbeitet werden.</p>\r\n<p><strong>Widerspruch gegen Werbe-E-Mails</strong></p>\r\n<p>Der Nutzung von im Rahmen der Impressumspflicht ver&ouml;ffentlichten Kontaktdaten zur &Uuml;bersendung von nicht ausdr&uuml;cklich angeforderter Werbung und Informationsmaterialien wird hiermit widersprochen. Die Betreiber der Seiten behalten sich ausdr&uuml;cklich rechtliche Schritte im Falle der unverlangten Zusendung von Werbeinformationen, etwa durch Spam-E-Mails, vor.</p>\r\n<p><strong>3. Datenerfassung auf unserer Website Cookies</strong></p>\r\n<p>Die Internetseiten verwenden teilweise so genannte Cookies. Cookies richten auf Ihrem Rechner keinen Schaden an und enthalten keine Viren. Cookies dienen dazu, unser Angebot nutzerfreundlicher, effektiver und sicherer zu machen. Cookies sind kleine Textdateien, die auf Ihrem Rechner abgelegt werden und die Ihr Browser speichert.</p>\r\n<p>Die meisten der von uns verwendeten Cookies sind so genannte &bdquo;Session-Cookies&ldquo;. Sie werden nach Ende Ihres Besuchs automatisch gel&ouml;scht. Andere Cookies bleiben auf Ihrem Endger&auml;t gespeichert bis Sie diese l&ouml;schen. Diese Cookies erm&ouml;glichen es uns, Ihren Browser beim n&auml;chsten Besuch wiederzuerkennen.</p>\r\n<p>Sie k&ouml;nnen Ihren Browser so einstellen, dass Sie &uuml;ber das Setzen von Cookies informiert werden und Cookies nur im Einzelfall erlauben, die Annahme von Cookies f&uuml;r bestimmte F&auml;lle oder generell ausschlie&szlig;en sowie das automatische L&ouml;schen der Cookies beim Schlie&szlig;en des Browser aktivieren. Bei der Deaktivierung von Cookies kann die Funktionalit&auml;t dieser Website eingeschr&auml;nkt sein.</p>\r\n<p>Cookies, die zur Durchf&uuml;hrung des elektronischen Kommunikationsvorgangs oder zur Bereitstellung bestimmter, von Ihnen erw&uuml;nschter Funktionen (z. B. Warenkorbfunktion) erforderlich sind, werden auf Grundlage von Art. 6 Abs. 1 lit. f DSGVO gespeichert. Der Websitebetreiber hat ein berechtigtes Interesse an der Speicherung von Cookies zur technisch fehlerfreien und optimierten Bereitstellung seiner Dienste. Soweit andere Cookies (z. B. Cookies zur Analyse Ihres Surfverhaltens) gespeichert werden, werden diese in dieser Datenschutzerkl&auml;rung gesondert behandelt.</p>\r\n<p><strong>Server-Log-Dateien</strong></p>\r\n<p>Der Provider der Seiten erhebt und speichert automatisch Informationen in so genannten Server-Log-Dateien, die Ihr Browser automatisch an uns &uuml;bermittelt. Dies sind:</p>\r\n<ul>\r\n<li>Browsertyp und Browserversion</li>\r\n<li>verwendetes Betriebssystem</li>\r\n<li>Referrer URL</li>\r\n<li>Hostname des zugreifenden Rechners</li>\r\n<li>Uhrzeit der Serveranfrage</li>\r\n<li>IP-Adresse</li>\r\n</ul>\r\n<p>Eine Zusammenf&uuml;hrung dieser Daten mit anderen Datenquellen wird nicht vorgenommen.</p>\r\n<p>Die Erfassung dieser Daten erfolgt auf Grundlage von Art. 6 Abs. 1 lit. f DSGVO. Der Websitebetreiber hat ein berechtigtes Interesse an der technisch fehlerfreien Darstellung und der Optimierung seiner Website &ndash; hierzu m&uuml;ssen die Server-Log-Files erfasst werden.</p>\r\n<p><strong>Kontaktformular</strong></p>\r\n<p>Wenn Sie uns per Kontaktformular Anfragen zukommen lassen, werden Ihre Angaben aus dem Anfrageformular inklusive der von Ihnen dort angegebenen Kontaktdaten zwecks Bearbeitung der Anfrage und f&uuml;r den Fall von Anschlussfragen bei uns gespeichert. Diese Daten geben wir nicht ohne Ihre Einwilligung weiter.</p>\r\n<p>Die Verarbeitung der in das Kontaktformular eingegebenen Daten erfolgt somit ausschlie&szlig;lich auf Grundlage Ihrer Einwilligung (Art. 6 Abs. 1 lit. a DSGVO). Sie k&ouml;nnen diese Einwilligung jederzeit widerrufen. Dazu reicht eine formlose Mitteilung per E-Mail an uns. Die Rechtm&auml;&szlig;igkeit der bis zum Widerruf erfolgten Datenverarbeitungsvorg&auml;nge bleibt vom Widerruf unber&uuml;hrt.</p>\r\n<p>Die von Ihnen im Kontaktformular eingegebenen Daten verbleiben bei uns, bis Sie uns zur L&ouml;schung auffordern, Ihre Einwilligung zur Speicherung widerrufen oder der Zweck f&uuml;r die Datenspeicherung entf&auml;llt (z. B. nach abgeschlossener Bearbeitung Ihrer Anfrage). Zwingende gesetzliche Bestimmungen &ndash; insbesondere Aufbewahrungsfristen &ndash; bleiben unber&uuml;hrt.</p>\r\n<p><strong>Anfrage per E-Mail, Telefon oder Telefax</strong></p>\r\n<p>Wenn Sie uns per E-Mail, Telefon oder Telefax kontaktieren, wird Ihre Anfrage inklusive aller daraus hervorgehenden personenbezogenen Daten (Name, Anfrage) zum Zwecke der Bearbeitung Ihres Anliegens bei uns gespeichert und verarbeitet. Diese Daten geben wir nicht ohne Ihre Einwilligung weiter.</p>\r\n<p>Die Verarbeitung dieser Daten erfolgt auf Grundlage von Art. 6 Abs. 1 lit. b DSGVO, sofern Ihre Anfrage mit der Erf&uuml;llung eines Vertrags zusammenh&auml;ngt oder zur Durchf&uuml;hrung vorvertraglicher Ma&szlig;nahmen erforderlich ist. In allen &uuml;brigen F&auml;llen beruht die Verarbeitung auf Ihrer Einwilligung (Art. 6 Abs. 1 lit. a DSGVO) und/oder auf unseren berechtigten Interessen (Art. 6 Abs. 1 lit. f DSGVO), da wir ein berechtigtes Interesse an der effektiven Bearbeitung der an uns gerichteten Anfragen haben.</p>\r\n<p>Die von Ihnen an uns per Kontaktanfragen &uuml;bersandten Daten verbleiben bei uns, bis Sie uns zur L&ouml;schung auffordern, Ihre Einwilligung zur Speicherung widerrufen oder der Zweck f&uuml;r die Datenspeicherung entf&auml;llt (z. B. nach abgeschlossener Bearbeitung Ihres Anliegens). Zwingende gesetzliche Bestimmungen &ndash; insbesondere gesetzliche Aufbewahrungsfristen &ndash; bleiben unber&uuml;hrt.</p>\r\n<p><strong>Registrierung auf dieser Website</strong></p>\r\n<p>Sie k&ouml;nnen sich auf unserer Website registrieren, um zus&auml;tzliche Funktionen auf der Seite zu nutzen. Die dazu eingegebenen Daten verwenden wir nur zum Zwecke der Nutzung des jeweiligen Angebotes oder Dienstes, f&uuml;r den Sie sich registriert haben. Die bei der Registrierung abgefragten Pflichtangaben m&uuml;ssen vollst&auml;ndig angegeben werden. Anderenfalls werden wir die Registrierung ablehnen.</p>\r\n<p>F&uuml;r wichtige &Auml;nderungen etwa beim Angebotsumfang oder bei technisch notwendigen &Auml;nderungen nutzen wir die bei der Registrierung angegebene E-Mail-Adresse, um Sie auf diesem Wege zu informieren.</p>\r\n<p>Die Verarbeitung der bei der Registrierung eingegebenen Daten erfolgt auf Grundlage Ihrer Einwilligung (Art. 6 Abs. 1 lit. a DSGVO). Sie k&ouml;nnen eine von Ihnen erteilte Einwilligung jederzeit widerrufen. Dazu reicht eine formlose Mitteilung per E-Mail an uns. Die Rechtm&auml;&szlig;igkeit der bereits erfolgten Datenverarbeitung bleibt vom Widerruf unber&uuml;hrt.</p>\r\n<p>Die bei der Registrierung erfassten Daten werden von uns gespeichert, solange Sie auf unserer Website registriert sind und werden anschlie&szlig;end gel&ouml;scht. Gesetzliche Aufbewahrungsfristen bleiben unber&uuml;hrt.</p>\r\n<p><strong>Kommentarfunktion auf dieser Website</strong></p>\r\n<p>F&uuml;r die Kommentarfunktion auf dieser Seite werden neben Ihrem Kommentar auch Angaben zum Zeitpunkt der Erstellung des Kommentars, Ihre E-Mail-Adresse und, wenn Sie nicht anonym posten, der von Ihnen gew&auml;hlte Nutzername gespeichert.</p>\r\n<p><strong>Speicherung der IP-Adresse</strong></p>\r\n<p>Unsere Kommentarfunktion speichert die IP-Adressen der Nutzer, die Kommentare verfassen. Da wir Kommentare auf unserer Seite nicht vor der Freischaltung pr&uuml;fen, ben&ouml;tigen wir diese Daten, um im Falle von Rechtsverletzungen wie Beleidigungen oder Propaganda gegen den Verfasser vorgehen zu k&ouml;nnen.</p>\r\n<p><strong>Abonnieren von Kommentaren</strong></p>\r\n<p>Als Nutzer der Seite k&ouml;nnen Sie nach einer Anmeldung Kommentare abonnieren. Sie erhalten eine Best&auml;tigungsemail, um zu pr&uuml;fen, ob Sie der Inhaber der angegebenen E-Mail-Adresse sind. Sie k&ouml;nnen diese Funktion jederzeit &uuml;ber einen Link in den Info-Mails abbestellen. Die im Rahmen des Abonnierens von Kommentaren eingegebenen Daten werden in diesem Fall gel&ouml;scht; wenn Sie diese Daten f&uuml;r andere Zwecke und an anderer Stelle (z. B. Newsletterbestellung) an uns &uuml;bermittelt haben, verbleiben die jedoch bei uns.</p>\r\n<p><strong>Speicherdauer der Kommentare</strong></p>\r\n<p>Die Kommentare und die damit verbundenen Daten (z. B. IP-Adresse) werden gespeichert und verbleiben auf unserer Website, bis der kommentierte Inhalt vollst&auml;ndig gel&ouml;scht wurde oder die Kommentare aus rechtlichen Gr&uuml;nden gel&ouml;scht werden m&uuml;ssen (z. B. beleidigende Kommentare).</p>\r\n<p><strong>Rechtsgrundlage</strong></p>\r\n<p>Die Speicherung der Kommentare erfolgt auf Grundlage Ihrer Einwilligung (Art. 6 Abs. 1 lit. a DSGVO). Sie k&ouml;nnen eine von Ihnen erteilte Einwilligung jederzeit widerrufen. Dazu reicht eine formlose Mitteilung per E-Mail an uns. Die Rechtm&auml;&szlig;igkeit der bereits erfolgten Datenverarbeitungsvorg&auml;nge bleibt vom Widerruf unber&uuml;hrt.</p>\r\n<p><strong>Verarbeiten von Daten (Kunden- und Vertragsdaten)</strong></p>\r\n<p>Wir erheben, verarbeiten und nutzen personenbezogene Daten nur, soweit sie f&uuml;r die Begr&uuml;ndung, inhaltliche Ausgestaltung oder &Auml;nderung des Rechtsverh&auml;ltnisses erforderlich sind (Bestandsdaten). Dies erfolgt auf Grundlage von Art. 6 Abs. 1 lit. b DSGVO, der die Verarbeitung von Daten zur Erf&uuml;llung eines Vertrags oder vorvertraglicher Ma&szlig;nahmen gestattet. Personenbezogene Daten &uuml;ber die Inanspruchnahme unserer Internetseiten (Nutzungsdaten) erheben, verarbeiten und nutzen wir nur, soweit dies erforderlich ist, um dem Nutzer die Inanspruchnahme des Dienstes zu erm&ouml;glichen oder abzurechnen.</p>\r\n<p>Die erhobenen Kundendaten werden nach Abschluss des Auftrags oder Beendigung der Gesch&auml;ftsbeziehung gel&ouml;scht. Gesetzliche Aufbewahrungsfristen bleiben unber&uuml;hrt.</p>\r\n<p><strong>Daten&uuml;bermittlung bei Vertragsschluss f&uuml;r Dienstleistungen und digitale Inhalte</strong></p>\r\n<p>Wir &uuml;bermitteln personenbezogene Daten an Dritte nur dann, wenn dies im Rahmen der Vertragsabwicklung notwendig ist, etwa an das mit der Zahlungsabwicklung beauftragte Kreditinstitut.</p>\r\n<p>Eine weitergehende &Uuml;bermittlung der Daten erfolgt nicht bzw. nur dann, wenn Sie der &Uuml;bermittlung ausdr&uuml;cklich zugestimmt haben. Eine Weitergabe Ihrer Daten an Dritte ohne ausdr&uuml;ckliche Einwilligung, etwa zu Zwecken der Werbung, erfolgt nicht.</p>\r\n<p>Grundlage f&uuml;r die Datenverarbeitung ist Art. 6 Abs. 1 lit. b DSGVO, der die Verarbeitung von Daten zur Erf&uuml;llung eines Vertrags oder vorvertraglicher Ma&szlig;nahmen gestattet.</p>\r\n<p><strong>4. Analyse-Tools und Werbung Google Analytics</strong></p>\r\n<p>Diese Website nutzt Funktionen des Webanalysedienstes Google Analytics. Anbieter ist die Google Ireland Limited (&bdquo;Google&ldquo;), Gordon House, Barrow Street, Dublin 4, Irland.</p>\r\n<p>Google Analytics verwendet so genannte &bdquo;Cookies&ldquo;. Das sind Textdateien, die auf Ihrem Computer gespeichert werden und die eine Analyse der Benutzung der Website durch Sie erm&ouml;glichen. Die durch den Cookie erzeugten Informationen &uuml;ber Ihre Benutzung dieser Website werden in der Regel an einen Server von Google in den USA &uuml;bertragen und dort gespeichert.</p>\r\n<p>Die Speicherung von Google-Analytics-Cookies und die Nutzung dieses Analyse-Tools erfolgen auf Grundlage von Art. 6 Abs. 1 lit. f DSGVO. Der Websitebetreiber hat ein berechtigtes Interesse an der Analyse des Nutzerverhaltens, um sowohl sein Webangebot als auch seine Werbung zu optimieren.</p>\r\n<p><strong>IP Anonymisierung</strong></p>\r\n<p>Wir haben auf dieser Website die Funktion IP-Anonymisierung aktiviert. Dadurch wird Ihre IP-Adresse von Google innerhalb von Mitgliedstaaten der Europ&auml;ischen Union oder in anderen Vertragsstaaten des Abkommens &uuml;ber den Europ&auml;ischen Wirtschaftsraum vor der &Uuml;bermittlung in die USA gek&uuml;rzt. Nur in Ausnahmef&auml;llen wird die volle IP-Adresse an einen Server von Google in den USA &uuml;bertragen und dort gek&uuml;rzt. Im Auftrag des Betreibers dieser Website wird Google diese Informationen benutzen, um Ihre Nutzung der Website auszuwerten, um Reports &uuml;ber die Websiteaktivit&auml;ten zusammenzustellen und um weitere mit der Websitenutzung und der Internetnutzung verbundene Dienstleistungen gegen&uuml;ber dem Websitebetreiber zu erbringen. Die im Rahmen von Google Analytics von Ihrem Browser &uuml;bermittelte IP-Adresse wird nicht mit anderen Daten von Google zusammengef&uuml;hrt.</p>\r\n<p><strong>Browser Plugin</strong></p>\r\n<p>Sie k&ouml;nnen die Speicherung der Cookies durch eine entsprechende Einstellung Ihrer Browser-Software verhindern; wir weisen Sie jedoch darauf hin, dass Sie in diesem Fall gegebenenfalls nicht s&auml;mtliche Funktionen dieser Website vollumf&auml;nglich werden nutzen k&ouml;nnen. Sie k&ouml;nnen dar&uuml;ber hinaus die Erfassung der durch den Cookie erzeugten und auf Ihre Nutzung der Website bezogenen Daten (inkl. Ihrer IP-Adresse) an Google sowie die Verarbeitung dieser Daten durch Google verhindern, indem Sie das unter dem folgenden Link verf&uuml;gbare Browser-Plugin herunterladen und installieren: <a href=\"https://tools.google.com/dlpage/gaoptout?hl=de\" target=\"_blank\" rel=\"noopener\">https://tools.google.com/dlpage/gaoptout?hl=de</a>.</p>\r\n<p><strong>Widerspruch gegen Datenerfassung</strong></p>\r\n<p>Sie k&ouml;nnen die Erfassung Ihrer Daten durch Google Analytics verhindern, indem Sie auf folgenden Link klicken. Es wird ein Opt-Out-Cookie gesetzt, der die Erfassung Ihrer Daten bei zuk&uuml;nftigen Besuchen dieser Website verhindert: <a>Google Analytics deaktivieren</a>.</p>\r\n<p>Mehr Informationen zum Umgang mit Nutzerdaten bei Google Analytics finden Sie in der Datenschutzerkl&auml;rung von Google: <a href=\"https://support.google.com/analytics/answer/6004245?hl=de\" target=\"_blank\" rel=\"noopener\">https://support.google.com/analytics/answer/6004245?hl=de</a>.</p>\r\n<p><strong>Auftragsverarbeitung</strong></p>\r\n<p>Wir haben mit Google einen Vertrag zur Auftragsverarbeitung abgeschlossen und setzen die strengen Vorgaben der deutschen Datenschutzbeh&ouml;rden bei der Nutzung von Google Analytics vollst&auml;ndig um.</p>\r\n<p><strong>Demografische Merkmale bei Google Analytics</strong></p>\r\n<p>Diese Website nutzt die Funktion &bdquo;demografische Merkmale&ldquo; von Google Analytics. Dadurch k&ouml;nnen Berichte erstellt werden, die Aussagen zu Alter, Geschlecht und Interessen der Seitenbesucher enthalten. Diese Daten stammen aus interessenbezogener Werbung von Google sowie aus Besucherdaten von Drittanbietern. Diese Daten k&ouml;nnen keiner bestimmten Person zugeordnet werden. Sie k&ouml;nnen diese Funktion jederzeit &uuml;ber die Anzeigeneinstellungen in Ihrem Google-Konto deaktivieren oder die Erfassung Ihrer Daten durch Google Analytics wie im Punkt &bdquo;Widerspruch gegen Datenerfassung&ldquo; dargestellt generell untersagen.</p>\r\n<p><strong>Speicherdauer</strong></p>\r\n<p>Bei Google gespeicherte Daten auf Nutzer- und Ereignisebene, die mit Cookies, Nutzerkennungen (z. B. User ID) oder Werbe-IDs (z. B. DoubleClick-Cookies, Android-Werbe-ID) verkn&uuml;pft sind, werden nach 14 Monaten anonymisiert bzw. gel&ouml;scht. Details hierzu ersehen Sie unter folgendem Link: <a href=\"https://support.google.com/analytics/answer/7667196?hl=de\" target=\"_blank\" rel=\"noopener\">https://support.google.com/analytics/answer/7667196?hl=de</a></p>\r\n<p><strong>5. Newsletter Newsletterdaten</strong></p>\r\n<p>Wenn Sie den auf der Website angebotenen Newsletter beziehen m&ouml;chten, ben&ouml;tigen wir von Ihnen eine E-Mail-Adresse sowie Informationen, welche uns die &Uuml;berpr&uuml;fung gestatten, dass Sie der Inhaber der angegebenen E-Mail-Adresse sind und mit dem Empfang des Newsletters einverstanden sind. Weitere Daten werden nicht bzw. nur auf freiwilliger Basis erhoben. Diese Daten verwenden wir ausschlie&szlig;lich f&uuml;r den Versand der angeforderten Informationen und geben diese nicht an Dritte weiter.</p>\r\n<p>Die Verarbeitung der in das Newsletteranmeldeformular eingegebenen Daten erfolgt ausschlie&szlig;lich auf Grundlage Ihrer Einwilligung (Art. 6 Abs. 1 lit. a DSGVO). Die erteilte Einwilligung zur Speicherung der Daten, der E-Mail-Adresse sowie deren Nutzung zum Versand des Newsletters k&ouml;nnen Sie jederzeit widerrufen, etwa &uuml;ber den &bdquo;Austragen&ldquo;-Link im Newsletter. Die Rechtm&auml;&szlig;igkeit der bereits erfolgten Datenverarbeitungsvorg&auml;nge bleibt vom Widerruf unber&uuml;hrt.</p>\r\n<p>Die von Ihnen zum Zwecke des Newsletter-Bezugs bei uns hinterlegten Daten werden von uns bis zu Ihrer Austragung aus dem Newsletter gespeichert und nach der Abbestellung des Newsletters gel&ouml;scht. Daten, die zu anderen Zwecken bei uns gespeichert wurden bleiben hiervon unber&uuml;hrt.</p>\r\n<p><strong>6. Plugins und Tools YouTube</strong></p>\r\n<p>Unsere Website nutzt Plugins der von Google betriebenen Seite YouTube. Betreiber der Seiten ist die Google Ireland Limited (&bdquo;Google&ldquo;), Gordon House, Barrow Street, Dublin 4, Irland.</p>\r\n<p>Wenn Sie eine unserer mit einem YouTube-Plugin ausgestatteten Seiten besuchen, wird eine Verbindung zu den Servern von YouTube hergestellt. Dabei wird dem YouTube-Server mitgeteilt, welche unserer Seiten Sie besucht haben.</p>\r\n<p>Des Weiteren kann Youtube verschiedene Cookies auf Ihrem Endger&auml;t speichern. Mit Hilfe dieser Cookies kann Youtube Informationen &uuml;ber Besucher unserer Website erhalten. Diese Informationen werden u. a. verwendet, um Videostatistiken zu erfassen, die Anwenderfreundlichkeit zu verbessern und Betrugsversuchen vorzubeugen. Die Cookies verbleiben auf Ihrem Endger&auml;t, bis Sie sie l&ouml;schen.</p>\r\n<p>Wenn Sie in Ihrem YouTube-Account eingeloggt sind, erm&ouml;glichen Sie YouTube, Ihr Surfverhalten direkt Ihrem pers&ouml;nlichen Profil zuzuordnen. Dies k&ouml;nnen Sie verhindern, indem Sie sich aus Ihrem YouTube-Account ausloggen.</p>\r\n<p>Die Nutzung von YouTube erfolgt im Interesse einer ansprechenden Darstellung unserer Online-Angebote. Dies stellt ein berechtigtes Interesse im Sinne von Art. 6 Abs. 1 lit. f DSGVO dar.</p>\r\n<p>Weitere Informationen zum Umgang mit Nutzerdaten finden Sie in der Datenschutzerkl&auml;rung von YouTube unter: <a href=\"https://policies.google.com/privacy?hl=de\" target=\"_blank\" rel=\"noopener\">https://policies.google.com/privacy?hl=de</a>.</p>\r\n<p><strong>Google Web Fonts</strong></p>\r\n<p>Diese Seite nutzt zur einheitlichen Darstellung von Schriftarten so genannte Web Fonts, die von Google bereitgestellt werden. Die Google Fonts sind lokal installiert. Eine Verbindung zu Servern von Google findet dabei nicht statt.</p>\r\n<p><strong>Google Maps (mit Einwilligung)</strong></p>\r\n<p>Diese Seite nutzt &uuml;ber eine API den Kartendienst Google Maps. Anbieterin ist die Google Ireland Limited (&bdquo;Google&ldquo;), Gordon House, Barrow Street, Dublin 4, Irland.</p>\r\n<p>Um den Datenschutz auf unserer Website zu gew&auml;hrleisten, ist Google Maps deaktiviert, wenn Sie unsere Website das erste Mal betreten. Eine direkte Verbindung zu den Servern von Google wird erst hergestellt, wenn Sie Google Maps selbstst&auml;ndig aktivieren (Einwilligung nach Art. 6 Abs. 1 lit. a DSGVO). Auf diese Weise wird verhindert, dass Ihre Daten schon beim ersten Betreten der Seite an Google &uuml;bertragen werden.</p>\r\n<p>Nach der Aktivierung wird Google Maps Ihre IP-Adresse speichern. Diese wird anschlie&szlig;end in der Regel an einen Server von Google in den USA &uuml;bertragen und dort gespeichert. Der Anbieter dieser Seite hat nach der Aktivierung von Google Maps keinen Einfluss auf diese Daten&uuml;bertragung.</p>\r\n<p>Mehr Informationen zum Umgang mit Nutzerdaten finden Sie in der Datenschutzerkl&auml;rung von Google: <a href=\"https://www.google.de/intl/de/policies/privacy/\" target=\"_blank\" rel=\"noopener\">https://www.google.de/intl/de/policies/privacy/</a>.</p>\r\n<p><strong>7. Zahlungsanbieter und Reseller PayPal</strong></p>\r\n<p>Auf unserer Website bieten wir u.a. die Bezahlung via PayPal an. Anbieter dieses Zahlungsdienstes ist die PayPal (Europe) S.&agrave;.r.l. et Cie, S.C.A., 22-24 Boulevard Royal, L-2449 Luxembourg (im Folgenden &bdquo;PayPal&ldquo;).</p>\r\n<p>Wenn Sie die Bezahlung via PayPal ausw&auml;hlen, werden die von Ihnen eingegebenen Zahlungsdaten an PayPal &uuml;bermittelt.</p>\r\n<p>Die &Uuml;bermittlung Ihrer Daten an PayPal erfolgt auf Grundlage von Art. 6 Abs. 1 lit. a DSGVO (Einwilligung) und Art. 6 Abs. 1 lit. b DSGVO (Verarbeitung zur Erf&uuml;llung eines Vertrags). Sie haben die M&ouml;glichkeit, Ihre Einwilligung zur Datenverarbeitung jederzeit zu widerrufen. Ein Widerruf wirkt sich auf die Wirksamkeit von in der Vergangenheit liegenden Datenverarbeitungsvorg&auml;ngen nicht aus.</p>', '{\"seo_title\":\"Datenschutz\",\"keywords\":\"Datenschutz\",\"meta_desc\":\"Datenschutz\",\"crawl_after_day\":\"20\",\"follow\":\"nofollow\",\"index\":\"noindex\"}', 1, '2018-10-26 13:08:54', '2019-07-07 09:39:02', 1, 1),
(20, 18, 'wood page', '<p>wood pagewood pagewood page</p>', '{\"seo_title\":\"wood page\",\"keywords\":\"wood page\",\"meta_desc\":\"wood page\",\"crawl_after_day\":\"42\",\"follow\":\"nofollow\",\"index\":\"noindex\"}', 1, '2019-02-21 14:13:40', '2019-03-06 14:39:46', 1, 1),
(21, 18, '', '', '', 2, '2019-02-21 14:13:40', '2019-02-21 14:13:40', 1, 1),
(22, 18, '', '', '', 3, '2019-02-21 14:13:40', '2019-02-21 14:13:40', 1, 1),
(23, 1, 'Home EN', '<p>Inhalt</p>', '{\"seo_title\":\"Inhalt\",\"keywords\":\"Inhalt\",\"meta_desc\":\"Inhalt\",\"crawl_after_day\":\"\",\"follow\":\"follow\",\"index\":\"index\"}', 2, '2019-02-25 12:53:17', '2019-03-06 14:40:10', 1, 1),
(24, 3, 'Category', '<p>Category</p>', '{\"seo_title\":\"Category\",\"keywords\":\"Category\",\"meta_desc\":\"Category\",\"crawl_after_day\":\"\",\"follow\":\"follow\",\"index\":\"index\"}', 2, '2019-02-25 12:53:17', '2019-03-06 14:49:44', 1, 1),
(25, 4, 'Watchlist', '<p>Watchlist</p>', '{\"seo_title\":\"Watchlist\",\"keywords\":\"Watchlist\",\"meta_desc\":\"Watchlist\",\"crawl_after_day\":\"\",\"follow\":\"follow\",\"index\":\"index\"}', 2, '2019-02-25 12:53:17', '2019-03-06 14:36:12', 1, 1),
(26, 5, '', '', '', 2, '2019-02-25 12:53:17', '2019-02-25 12:53:17', 1, 1),
(27, 6, 'Pricing plans', '<h2 style=\"text-align: left;\"><strong>Our prices<br /><br /></strong></h2>\r\n<p>MaschinenPilot attaches great importance to clear pricing without hidden costs.<br />Find out more about the possibility of placing effective advertisements on MaschinenPilot.<br /><br /><br /><span style=\"color: #ff7b00;\"><strong>Machine entries for dealers and one-time sellers</strong></span><br /><br /><br />&gt;&gt; Duration: 12 months dealer, 3 months one-time seller<br /><br />&gt;&gt; XL pictures and videos<br /><br />&gt;&gt; SSL encryption<br /><br />&gt;&gt; Server location: Germany<br /><br />&gt;&gt; Easy handling<br /><br />&gt;&gt; entry in german and english possible<br /><br />&gt;&gt; No commission for machine entries<br /><br />&gt;&gt; No hidden costs<br /><strong><br />&nbsp;<br /><br />MaschinenPilot is a portal for machine dealers, tradesmen and entrepreneurs.</strong></p>\r\n<p>&nbsp;</p>\r\n<table style=\"width: 800px; height: 600px; border-color: #707070;\" border=\"1px\" cellspacing=\"10\" cellpadding=\"5\">\r\n<tbody>\r\n<tr style=\"height: 40px;\">\r\n<td style=\"border-color: #8a8a8a; background-color: #ff7b00;\" scope=\"row\">\r\n<p><span style=\"color: #ffffff;\"><strong>&nbsp;Seller (Dealer)<br /></strong></span></p>\r\n<p><span style=\"color: #ffffff;\"><strong>&nbsp;Amount of machine entries / price per month<br /></strong></span></p>\r\n</td>\r\n<td style=\"border-color: #8a8a8a; background-color: #ff7b00;\" scope=\"row\">\r\n<p><span style=\"color: #ffffff;\"><strong>&nbsp;One-time seller<br /></strong></span></p>\r\n<p><span style=\"color: #ffffff;\"><strong>&nbsp;Amount of machine entries / price per month<br /></strong></span></p>\r\n</td>\r\n</tr>\r\n<tr style=\"height: 20px;\">\r\n<td style=\"border-color: #8a8a8a; height: 3px; background-color: #fafafa;\" scope=\"row\">\r\n<p><span style=\"color: #000000;\">&nbsp;&nbsp; Duration: 12 month<br /></span></p>\r\n</td>\r\n<td style=\"border-color: #8a8a8a; height: 10px; background-color: #fafafa;\" scope=\"row\"><span style=\"color: #000000;\">&nbsp;Duration: 3 month <br /></span></td>\r\n</tr>\r\n<tr>\r\n<td style=\"height: 15px; background-color: #f4f4f4;\"><span style=\"color: #000000;\">&nbsp; 25 machines: 39,00 EUR per month net<br /></span></td>\r\n<td style=\"height: 15px; background-color: #f4f4f4;\"><span style=\"color: #000000;\">&nbsp;&nbsp; 5 machines: 29,00 EUR per month net<br /></span></td>\r\n</tr>\r\n<tr>\r\n<td style=\"height: 15px; background-color: #f4f4f4;\"><span style=\"color: #000000;\">&nbsp;&nbsp; 50 machines: 79,00 EUR per month net<br /></span></td>\r\n<td style=\"height: 15px; background-color: #f4f4f4;\">&nbsp;</td>\r\n</tr>\r\n<tr>\r\n<td style=\"height: 15px; background-color: #f4f4f4;\"><span style=\"color: #000000;\">&nbsp; 100 machines: 149,00 EUR per month net<br /></span></td>\r\n<td style=\"height: 15px; background-color: #f4f4f4;\">&nbsp;</td>\r\n</tr>\r\n<tr>\r\n<td style=\"height: 15px; background-color: #f4f4f4;\"><span style=\"color: #000000;\">&nbsp; 200 machines: 239,00 EUR per month net<br /></span></td>\r\n<td style=\"height: 15px; background-color: #f4f4f4;\">&nbsp;</td>\r\n</tr>\r\n</tbody>\r\n</table>\r\n<p>&nbsp;</p>\r\n<p>All above prices are net prices and are subject to 19% VAT.<br />The packages for dealers include a duration of 12 months.<br />The package for disposable dealers includes 5 machines and a duration of 3 months.<br /><br />Please note that when registering, it is necessary to enter your VA-ID and acceppt our General Terms and Conditions.<br /><br />Offers and conditions for dealers with a large machine pool<br /><br />Are you a dealer with a large pool of machines and would like to hire more than 500 machines?<br />We are at your disposal for any further questions you may have. Please contact us for further price information.<br /><br /></p>\r\n<p><strong>We sell your machine</strong><br />You want to sell your machines? We are pleased to send you further information on request. <br />Call us or get in touch at <a href=\"mailto:info@maschinenpilot.de\">info@maschinenpilot.de.</a></p>\r\n<p>&nbsp;</p>', '{\"seo_title\":\"Pricing plans\",\"keywords\":\"Pricing plans\",\"meta_desc\":\"Pricing plans\",\"crawl_after_day\":\"\",\"follow\":\"follow\",\"index\":\"index\"}', 2, '2019-02-25 12:53:17', '2019-11-10 09:25:54', 1, 1),
(28, 7, 'Listings', '<p>Listings</p>', '{\"seo_title\":\"Listings\",\"keywords\":\"Listings\",\"meta_desc\":\"Listings\",\"crawl_after_day\":\"\",\"follow\":\"follow\",\"index\":\"index\"}', 2, '2019-02-25 12:53:17', '2019-03-06 14:38:19', 1, 1),
(29, 8, 'Advanced Search', '<p>Advanced Search</p>', '{\"seo_title\":\"Advanced Search\",\"keywords\":\"Advanced Search\",\"meta_desc\":\"Advanced Search\",\"crawl_after_day\":\"\",\"follow\":\"follow\",\"index\":\"index\"}', 2, '2019-02-25 12:53:17', '2019-03-06 14:50:46', 1, 1),
(30, 9, 'Dealers', '<p>Dealers</p>', '{\"seo_title\":\"Dealers\",\"keywords\":\"Dealers\",\"meta_desc\":\"Dealers\",\"crawl_after_day\":\"\",\"follow\":\"follow\",\"index\":\"index\"}', 2, '2019-02-25 12:53:17', '2019-03-06 14:54:14', 1, 1),
(31, 10, 'Jobs', '<p>Jobs</p>', '{\"seo_title\":\"Jobs\",\"keywords\":\"Jobs\",\"meta_desc\":\"Jobs\",\"crawl_after_day\":\"\",\"follow\":\"nofollow\",\"index\":\"noindex\"}', 2, '2019-02-25 12:53:17', '2019-03-06 14:38:58', 1, 1),
(32, 11, 'Contact', '<h3>Contact</h3>\r\n<p>Do you have any questions or require further information? Use the following contact form and write to us.</p>\r\n<div class=\"row\">\r\n<div class=\"col-md-6\">[contact-form]</div>\r\n<div class=\"col-md-6\">&nbsp;</div>\r\n</div>\r\n<div class=\"row\">\r\n<div class=\"col-md-6\" style=\"text-align: center;\">[google-map]</div>\r\n</div>', '{\"seo_title\":\"Contact\",\"keywords\":\"Contact\",\"meta_desc\":\"\",\"crawl_after_day\":\"\",\"follow\":\"follow\",\"index\":\"index\"}', 2, '2019-02-25 12:53:17', '2019-07-07 09:47:26', 1, 1);
INSERT INTO `pages_text` (`PageTextID`, `PageID`, `Title`, `Content`, `Seo`, `SystemLanguageID`, `CreatedAt`, `UpdatedAt`, `CreatedBy`, `UpdatedBy`) VALUES
(33, 12, 'Terms and Conditions', '<p>Allgemeine Gesch&auml;ftsbedingungen f&uuml;r die Nutzung der Online-Plattform MaschinenPilot</p>\r\n<ul>\r\n<li><strong> 1 Allgemeine Gesch&auml;ftsbedingungen </strong></li>\r\n</ul>\r\n<p>(1) Die Artur Gerlitz Maschinenhandel (Betreiber) betreibt den Online-Dienst MaschinenPilot.de und MaschinenPilot.com</p>\r\n<p>(2) Die Nutzer k&ouml;nnen auf der Plattform von MaschinenPilot (MaschinenPilot.de / Maschinenpilot.com) nach Angeboten und Gesuchen f&uuml;r Gebraucht-, Neu- und Ausstellungsmaschinen suchen und k&ouml;nnen Angebote und Gesuche f&uuml;r gebrauchte und neue Maschinen inserieren sowie Dienstleistungen einstellen.</p>\r\n<p>Unternehmen, k&ouml;nnen weiterhin Anzeigen in dem Portal ver&ouml;ffentlichen.</p>\r\n<p>Die nachfolgenden Allgemeinen Gesch&auml;ftsbedingungen (AGB) regeln das Rechtsverh&auml;ltnis zwischen dem Betreiber und den Nutzern des Online-Dienstes.</p>\r\n<ul>\r\n<li><strong>2 Nutzerkonten und Schaltung von Inseraten</strong></li>\r\n</ul>\r\n<ol>\r\n<li><strong> Umfang und Gegenstand des Dienstes </strong></li>\r\n</ol>\r\n<p>(1) Die Nutzer (Inserenten) k&ouml;nnen bei MaschinenPilot Angebote und Gesuche f&uuml;r gebrauchte Maschinen, neue Maschinen sowie Ausstellungsmaschinen inserieren. Der Betreiber stellt auf MaschinenPilot eine Adress-, und Inseratdatenbank mit einem Verzeichnis f&uuml;r Maschinenh&auml;ndler zur Verf&uuml;gung. Die Registrierung und Schaltung von Inseraten ist nur f&uuml;r Unternehmer m&ouml;glich. Verbraucher d&uuml;rfen nicht auf MaschinenPilot inserieren.</p>\r\n<p>F&uuml;r die Ver&ouml;ffentlichung von Inseraten &uuml;ber Angebote von gebrauchten und neuen Maschinen steht eine Maske zur Eingabe bereit. Die eingestellten Inserate werden vom Nutzer ver&ouml;ffentlicht und erm&ouml;glichen die Abrufbarkeit dieser Inserate &uuml;ber das Internet. &nbsp;Die Inserenten k&ouml;nnen ihre Inserate selbst&auml;ndig eintragen, &auml;ndern, l&ouml;schen.</p>\r\n<p>(2) Die Registrierung des Inserenten und vorherige Auswahl eines passenden Tarifs bei MaschinenPilot ist ein verbindlicher Auftrag. Der Betreiber kann die Annahme des Auftrages ablehnen, wenn dieser aus technischen Gr&uuml;nden nicht durchf&uuml;hrbar ist, ganz oder teilweise gegen geltendes Recht oder einheitliche Grunds&auml;tze verst&ouml;&szlig;t.</p>\r\n<p>(3) Der Betreiber beh&auml;lt sich vor, die von den Inserenten angegebenen Daten der Inserate aufzubereiten und im Internet zur besseren Auffindbarkeit auch auf anderen Plattformen zu ver&ouml;ffentlichen. &nbsp;Zu diesem Zweck k&ouml;nnen Teile der Inserate maschinell in die englische Sprache &uuml;bersetzt werden, sofern der Inserent bei dem Inserat keine englischsprachigen Angaben macht und die Ver&ouml;ffentlichung der Inserate in der englischen Sprache ausw&auml;hlt.</p>\r\n<p>Der Inserent erkl&auml;rt sich damit einverstanden, dass f&uuml;r fremdsprachige Websites auch &Uuml;bersetzungen seiner Inserate vorgenommen werden k&ouml;nnen, es besteht dabei aber kein Anspruch auf eine automatisierte &Uuml;bersetzung von Inseraten. Eine Haftung des Betreibers f&uuml;r Fehler bei der &Uuml;bersetzung ist ausgeschlossen.</p>\r\n<p>(4) Der Betreiber beh&auml;lt sich vor, Teile der Plattform-Seiten oder das gesamte Angebot ohne Ank&uuml;ndigung zu erg&auml;nzen, zu &auml;ndern und zu l&ouml;schen oder die Ver&ouml;ffentlichung zeitweise oder endg&uuml;ltig einzustellen.</p>\r\n<p>(5) Vertr&auml;ge, die infolge eines &uuml;ber MaschinenPilot geschalteten Inserats angebahnt werden, kommen ohne rechtliche Beteiligung des Betreibers zustande, es sei denn, dies ist in einem gesonderten Vertrag zus&auml;tzlich vereinbart.</p>\r\n<ol start=\"2\">\r\n<li><strong> Leistungen des Betreibers </strong></li>\r\n</ol>\r\n<p>(1) Die Leistungen des Betreibers bestehen darin, f&uuml;r die Eingabe von H&auml;ndlerprofilen und Inserate &uuml;ber Maschinen oder Leistungen eine Maske bereitzustellen. Die &uuml;ber die Eingabemaske eingegebenen Daten k&ouml;nnen freigeschaltet und die Abrufbarkeit der Anzeigen erm&ouml;glicht werden, dies f&uuml;r die Dauer des mit dem Inserenten vereinbarten Zeitraumes.</p>\r\n<p>(2) Die Freischaltung von Anzeigen und Eintr&auml;gen erfolgt in der Regel kurzfristig innerhalb von 24 Stunden, soweit nichts anderes vereinbart ist. Verschiebungen der Freischaltung aus technischen oder anderen Ursachen beh&auml;lt sich der Betreiber jederzeit vor.</p>\r\n<p>&nbsp;(3) Der Betreiber beh&auml;lt sich ebenfalls vor, Inserate von Inserenten zu sperren, die gegen Bestimmungen dieser AGB versto&szlig;en.</p>\r\n<p>&nbsp;(3) Der Inserent hat den ihm entstandenen Aufwand und insbesondere die Kosten aus und im Zusammenhang mit der Eintragung und Pflege von Inseraten allein selbst zu tragen. Dies gilt auch dann, wenn der Betreiber Inserate &auml;ndert, l&ouml;scht oder ablehnt.</p>\r\n<p>(4) Der Inserent kann jederzeit &Auml;nderungen im Adresseintrag kostenfrei vornehmen.</p>\r\n<p>&nbsp;</p>\r\n<ol start=\"3\">\r\n<li><strong> Entfernen und Deaktivieren von Nutzerkonten und Inseraten </strong></li>\r\n</ol>\r\n<p>(1) Der Betreiber beh&auml;lt sich das Recht vor, Nutzerkonten und Inserate auf MaschinenPilot ohne Angaben von Gr&uuml;nden abzulehnen, zu &auml;ndern oder zu l&ouml;schen. Ebenso beh&auml;lt sich der Betreiber das Recht vor, einzelne Inserenten auf Dauer von der Nutzung des Online-Dienstes auszuschlie&szlig;en, insbesondere wenn Inserenten in einem Wettbewerbsverh&auml;ltnis zu MaschinenPilot stehen oder dem Betreiber anderweitig schadet, k&ouml;nnen Anmeldungen abgelehnt, nicht freigeschaltet oder deaktiviert werden.</p>\r\n<p>Sollten bereits Zahlungen geleistet worden sein, k&ouml;nnen diese gegebenenfalls anteilig erstattet werden.</p>\r\n<p>(2) Der Inserent hat den ihm entstandenen Aufwand und insbesondere die Kosten aus und im Zusammenhang mit der Eintragung und Pflege von Inseraten allein selbst zu tragen. Dies gilt auch dann, wenn der Betreiber Inserate &auml;ndert, l&ouml;scht oder ablehnt.</p>\r\n<p>(3) Der Inserent kann jederzeit seine Inserate mit dem von ihm selbst gew&auml;hlten Passwort l&ouml;schen und &auml;ndern.</p>\r\n<ol start=\"4\">\r\n<li><strong> Pflichten der Inserenten </strong></li>\r\n</ol>\r\n<p>(1) Die Daten f&uuml;r das Nutzerkonto auf MaschinenPilot sind in dem Auftragsformular vollst&auml;ndig und korrekt anzugeben. Der Inserent tr&auml;gt f&uuml;r alle von ihm gemachten Angaben und Inhalte die alleinige Verantwortung und haftet daf&uuml;r. Der Betreiber ist nicht verpflichtet, Auftr&auml;ge und Anzeigen daraufhin zu pr&uuml;fen, ob durch sie Rechte Dritter beeintr&auml;chtigt werden.</p>\r\n<p>(2) Der Inserent verpflichtet sich zu korrekten, wahrheitsgem&auml;&szlig;en und rechtm&auml;&szlig;igen Angaben. Der Inserent stellt den Betreiber von Anspr&uuml;chen Dritter gleich welcher Art frei, die sich aus einer Rechtswidrigkeit oder Wahrheitswidrigkeit des Inserates oder einer sonstigen Verletzung von Rechten Dritter durch den Inserenten begr&uuml;nden. Die Freistellungsverpflichtung umfasst auch die &Uuml;bernahme von Rechtsverteidigungskosten des Betreibers wie beispielsweise Gerichts- und Rechtsanwaltskosten.</p>\r\n<p>(3) Jeder Nutzer der ein Inserat bei MaschinenPilot ver&ouml;ffentlicht, ist f&uuml;r die Inhalte seines Inserates und die Richtigkeit der in den Inseraten gemachten Angaben verantwortlich und haftet hierf&uuml;r. Der Betreiber von MaschinenPilot ist nicht verpflichtet, Auftr&auml;ge und Anzeigen daraufhin zu &uuml;berpr&uuml;fen, ob durch sie Rechte Dritter beeintr&auml;chtigt werden.</p>\r\n<p>(4) Der Inserent ist verpflichtet, in dem Eingabeformular eines Inserates ausdr&uuml;cklich kenntlich zu machen, ob es sich um eine Neumaschinen oder eine Ausstellungsmaschine handelt. Neumaschinen und Ausstellungsmaschinen d&uuml;rfen nicht gruppiert als Gebrauchtmaschinen eingestellt werden.</p>\r\n<p>(5) Die Inhalte des Inserats sind in dem Eingabeformular vollst&auml;ndig anzugeben. Der Inserent tr&auml;gt f&uuml;r alle von ihm gemachten Angaben und Inhalte die alleinige Verantwortung und haftet daf&uuml;r.</p>\r\n<p>(6) Der Betreiber ist nicht verpflichtet, Auftr&auml;ge und Anzeigen darauf zu pr&uuml;fen, ob durch sie Rechte Dritter beeintr&auml;chtigt werden.</p>\r\n<p>(7) Der Inserent verpflichtet sich zu wahrheitsgem&auml;&szlig;en und rechtm&auml;&szlig;igen Angaben. Der Inserent stellt den Betreiber von Anspr&uuml;chen Dritter gleich welcher Art frei, die sich aus der Rechtswidrigkeit oder Unwahrheit seines Inserates oder der sonstigen Verletzung von Rechten Dritter begr&uuml;nden. Die Freistellungsverpflichtung umfasst auch die &Uuml;bernahme von Rechtsverteidigungskosten des Betreibers z.B. Gerichts- und Rechtsanwaltskosten.</p>\r\n<p>(8) Der Inserent ist verpflichtet, ausschlie&szlig;lich relevante technische Daten zu den jeweiligen Maschinen anzugeben. Die Angabe von Stichworten oder Suchwortlisten ist untersagt. Platzhalter im Feld technische Daten sind unzul&auml;ssig.</p>\r\n<p>(9) Der Inserent ist verpflichtet, ausschlie&szlig;lich originale Maschinenfotos zu verwenden. Unzul&auml;ssig ist die Verwendung von Katalogfotos der Maschine, bei denen das Urheberrecht bei einem Dritten liegt.</p>\r\n<p>(10) In einem Inserat darf nur die jeweilige Maschine beworben werden, Verweise auf weitere Maschinen sind nicht gestattet. &nbsp;F&uuml;r eingestellte oder verlinkte Videos beispielsweise auf YouTube haftet allein der Inserent.</p>\r\n<p>(11) Der Inserent ist verpflichtet, korrekte Daten wie Namen und Anschrift bei den Kontaktinformationen anzugeben, und diese auf Anfrage zu verifizieren. Der Betreiber beh&auml;lt sich vor, Anzeigen nicht zu ver&ouml;ffentlichen oder zu l&ouml;schen.</p>\r\n<p>(12) Der Inserent ist verpflichtet, eine g&uuml;ltige E-Mail-Adresse anzugeben und erkl&auml;rt sich mit der Nutzung dieser E-Mail-Adresse durch den Betreiber zur Benachrichtigung &uuml;ber Anfragen zu Inseraten einverstanden.</p>\r\n<p>(13) Bei Inserat-Erstellung ist auf eine korrekte Eintragung der Maschinendaten zu achten. Es d&uuml;rfen nur konkrete Maschinen-Angebote inklusive technischer Beschreibung und den dazugeh&ouml;rigen technischen Daten einer Maschine eingetragen werden. Der Betreiber beh&auml;lt sich vor unkorrekt ausgef&uuml;llte Inserate nicht zu ver&ouml;ffentlichen.</p>\r\n<p>(14) F&uuml;r jedes Maschinenangebot kann nur ein Inserat geschaltet werden. Die Eintragung ein und derselben Maschine in mehreren (Unter)-Kategorien ist nicht zul&auml;ssig.</p>\r\n<p>(15) Die Inserate d&uuml;rfen bis auf die E-Mail-Adresse gem&auml;&szlig; vorgenannter Angaben im dem daf&uuml;r vorgesehenen Feld keine Telefon-, Faxnummer, Domainnamen und E-Mail-Adressen enthalten. Anderenfalls kann das Inserat durch den Betreiber gel&ouml;scht werden und eine weitere Ver&ouml;ffentlichung von Inseraten gesperrt werden.</p>\r\n<p>(16) Der Zugang zum Portal und die M&ouml;glichkeit zur Einpflege von Inseraten sind mit einem Passwort gesch&uuml;tzt. Dieses Passwort wird vom Inserenten frei gew&auml;hlt und kann unter Profil ge&auml;ndert werden. Der Kontoinhaber hat darauf zu achten, das Passwort gem&auml;&szlig; der Passwortkonventionen (Passwort mit mindestens 8 Zeichen, bestehend aus Buchstaben A &ndash; Z, Zahlen 1 &ndash; 10, Gro&szlig;- und Kleinschreibung sowie Verwendung von Sonderzeichen #*!%$ )&nbsp; zu erstellen und nicht an Dritte weiterzugeben. Bitte achten Sie auf Ihre Passw&ouml;rter, &auml;ndern diese regelm&auml;&szlig;ig und geben Sie nicht an Dritte weiter. Der Zugriff auf ein Konto von au&szlig;en kann seitens des Betreibers nicht ausgeschlossen werden, hierunter fallen auch eventuell m&ouml;gliche &Auml;nderung von Maschineneintr&auml;gen und weitere Daten. Eine Haftung des Betreibers ist hierf&uuml;r ausgeschlossen.</p>\r\n<p>(17) Der Inserent verpflichtet sich, sein Angebot oder Gesuch unverz&uuml;glich selbst&auml;ndig wieder aus der Datenbank zu l&ouml;schen, wenn die inserierte Maschine nicht mehr angeboten oder gesucht wird.</p>\r\n<ol start=\"5\">\r\n<li><strong> Vertragslaufzeit und K&uuml;ndigung</strong></li>\r\n</ol>\r\n<p>(1) Die Inserate haben eine vom Inserenten festgelegte Laufzeit von drei bis zu sechs Monaten. Die Laufzeit kann auf Betreiben des Inserenten verl&auml;ngert werden.</p>\r\n<p>(2) Nach der Laufzeit werden die Inserate automatisch aus der Datenbank des Betreibers gel&ouml;scht. Die Laufzeit des Vertrages bleibt hiervon unber&uuml;hrt.</p>\r\n<p>(1) Es gilt die vertraglich vereinbarte Mindestlaufzeit. Die Vertragslaufzeit verl&auml;ngert sich um diesen Zeitraum zu den dann zu den aktuellen Preisen gem&auml;&szlig; der Seite Preise, wenn der Vertrag nicht 7 Tage vor Ablauf der Vertragslaufzeit bei der Artur Gerlitz Maschinenhandel vom Inserenten oder Betreiber gek&uuml;ndigt wird.</p>\r\n<p>(2) Tarifanpassungen treten nur bei Vertragsverl&auml;ngerungen, nicht jedoch in laufenden Vertragszeitr&auml;umen in Kraft. Die Tarifanpassungen werden dem Nutzer rechtzeitig vor In-Kraft-Treten eines neuen Vertragszeitraumes mitgeteilt. &nbsp;</p>\r\n<p>(3) Das Recht zu einer au&szlig;erordentlichen K&uuml;ndigung aus wichtigem Grund bleibt unber&uuml;hrt. (4) K&uuml;ndigungserkl&auml;rungen bed&uuml;rfen der Schriftform oder sind elektronisch zu &uuml;bermitteln.</p>\r\n<ol start=\"6\">\r\n<li><strong> Zahlungsbedingungen </strong></li>\r\n</ol>\r\n<p>(1) Es gelten die jeweils aktuellen Preise, die jederzeit in auf der Seite Preise einsehbar sind.</p>\r\n<p>(2) Die Zahlung des Beitrages wird f&uuml;r die vereinbarte Vertragslaufzeit im Voraus berechnet und ist nach Rechnungsstellung innerhalb von 7 Tagen zur Zahlung f&auml;llig. Sollte der Rechnungsbetrag nicht fristgerecht, vollst&auml;ndig und vorbehaltlos bei dem Betreiber eingehen, ist der Betreiber berechtigt, die Inserate des Inserenten f&uuml;r die Dauer der ausstehenden Zahlung zu sperren. Die Geltendmachung weitergehender Schadenersatz- und sonstiger Anspr&uuml;che durch den Betreiber gegen den Inserenten bleibt hiervon unber&uuml;hrt.</p>\r\n<p>(2) S&auml;mtliche Preise verstehen sich zuz&uuml;glich der jeweils geltenden gesetzlichen Umsatzsteuer.</p>\r\n<ol start=\"7\">\r\n<li><strong> Kosten f&uuml;r die Nutzung der Datenbanksuche</strong></li>\r\n</ol>\r\n<p>(1) Die Datenbanksuche nach Angeboten und Gesuchen f&uuml;r Maschinen ist kostenlos und provisionsfrei nutzbar.</p>\r\n<ol start=\"5\">\r\n<li><strong> Einr&auml;umung von Nutzungsrechten </strong></li>\r\n</ol>\r\n<p>(1) Die Inserenten r&auml;umen dem Betreiber des Online-Dienstes MaschinenPilot, Artur Gerlitz Maschinenhandel mit dem Erstellen von Inseraten und Inhalten sowie dem Hochladen von Inhalten &uuml;ber das Eingabeformular ein nicht-ausschlie&szlig;liches, zeitlich, r&auml;umlich und inhaltlich unbeschr&auml;nktes Recht ein, die eingestellten / hochgeladenen Inhalte der Inserate (einschlie&szlig;lich der verwendeten Fotos und Texte) im Rahmen des gegenw&auml;rtigen und zuk&uuml;nftigen Angebots des Online-Dienstes umfassend, auch mit dem Ziel einer kommerziellen Vermarktung, zu nutzen und zu verwerten.</p>\r\n<p>Dieses Recht umfasst insbesondere die M&ouml;glichkeit zur Einbindung und Verwendung der Inhalte innerhalb kostenpflichtiger und kostenfreier Online-Dienste und Websites sowie innerhalb des frei zug&auml;nglichen Internets.</p>\r\n<p>Insbesondere r&auml;umt der Inserent folgende nicht-ausschlie&szlig;liche, zeitlich und territorial unbeschr&auml;nkte Nutzungsrechte ein:</p>\r\n<p>(a) Das Recht der Vervielf&auml;ltigung, &ouml;ffentlichen Zug&auml;nglichmachung und Verbreitung, d.h. das Recht, die Inhalte unter Einbezug technischer M&ouml;glichkeiten, wie beispielsweise durch die digitale Einbindung im Rahmen einer Website, zu vervielf&auml;ltigen und &ouml;ffentlich zug&auml;nglich zu machen.</p>\r\n<p>(b) das Bearbeitungsrecht, d.h. das Recht Inhalte zu bearbeiten, umzugestalten, zu &uuml;bersetzen oder die Gr&ouml;&szlig;en der Inhalte zur besseren Platzierung innerhalb der Website zu ver&auml;ndern.&nbsp; Dies unter Wahrung des Urheberpers&ouml;nlichkeitsrechts. Die Bearbeitung kann durch MaschinenPilot selbst oder durch Dritte erfolgen.</p>\r\n<p>(2) Die Inserenten r&auml;umen der Artur Gerlitz Maschinenhandel mit der Eingabe von Inhalten auch das Recht ein, die eingegebenen Inhalte aufzubereiten und im Internet auf anderen Websites f&uuml;r eine verbesserte Auffindbarkeit &nbsp;zu ver&ouml;ffentlichen.</p>\r\n<p>(3) Die Inserenten r&auml;umen der Artur Gerlitz Maschinenhandel das Recht ein, Rechtsverletzungen durch Dritte an den auf MaschinenPilot eingestellten / hochgeladenen Inseraten im eigenen Namen zu verfolgen.</p>\r\n<p>Der Inserent tritt der Artur Gerlitz Maschinenhandel dar&uuml;ber hinaus alle Schadenersatzanspr&uuml;che ab, die dem Inserenten gegen&uuml;ber Dritten dadurch entstehen, dass auf MaschinenPilot eingestellte / hochgeladene Inserate nachweislich direkt von MaschinenPilot &uuml;bernommen und an anderer Stelle im Internet ohne Einwilligung des Inserenten und/oder der Artur Gerlitz Maschinenhandel verwendet werden.</p>\r\n<p>(4) Der Inserent versichert, dass er Inhaber der &uuml;bertragenen Rechte ist und dass es ihm m&ouml;glich ist, die oben genannten Rechte wirksam einzur&auml;umen. Der Inserent versichert au&szlig;erdem, dass die Werke frei von Rechten Dritter sind, die der vertragsgegenst&auml;ndlichen Rechtseinr&auml;umung entgegenstehen k&ouml;nnten.</p>\r\n<ul>\r\n<li><strong> 3 Haftung</strong></li>\r\n</ul>\r\n<p>(1) Der Betreiber haftet unbeschr&auml;nkt, soweit die Schadensursache auf Vorsatz oder grober Fahrl&auml;ssigkeit des Betreibers beruht. F&uuml;r die leicht fahrl&auml;ssige Verletzung von wesentlichen Pflichten, deren Verletzung die Erreichung des Vertragszwecks gef&auml;hrdet, oder f&uuml;r die Verletzung von Pflichten ,deren Erf&uuml;llung die ordnungsgem&auml;&szlig;e Durchf&uuml;hrung des Vertrages erst erm&ouml;glicht und auf deren Einhaltung der Nutzer regelm&auml;&szlig;ig vertraut, haftet der Betreiber nur f&uuml;r den vorhersehbaren, vertragstypischen Schaden. F&uuml;r die leicht fahrl&auml;ssige Verletzung anderer als in den vorstehenden Bestimmungen genannten Pflichten haftet der Betreiber nicht. Gegen&uuml;ber Unternehmern entf&auml;llt bei leicht fahrl&auml;ssiger Verletzung unwesentlicher Vertragspflichten die Haftung des Betreibers vollst&auml;ndig. Die vorstehenden Haftungsbeschr&auml;nkungen gelten nicht bei Verletzung von Leben, K&ouml;rper und Gesundheit und bei von dem Betreiber arglistig verschwiegenen M&auml;ngeln. Eine etwa nach dem Produkthaftungsgesetz bestehende Haftung bleibt unber&uuml;hrt. Soweit die Haftung des Betreibers nach den vorstehenden Bestimmungen ausgeschlossen oder beschr&auml;nkt ist, gilt dies auch f&uuml;r die pers&ouml;nliche Haftung von Arbeitnehmern, Vertreter und Erf&uuml;llungsgehilfen des Betreibers.</p>\r\n<p>&nbsp;(3) Der Betreiber &uuml;bernimmt keine Gew&auml;hr f&uuml;r Aktualit&auml;t, Richtigkeit, Vollst&auml;ndigkeit oder Qualit&auml;t der bereitgestellten Informationen. Der Betreiberpr&uuml;ft die von Nutzern ver&ouml;ffentlichten Informationen nicht auf deren Inhalt. Eine Haftung des Betreibers f&uuml;r den Inhalt der von den Nutzern bereitgestellten Informationen ist ausgeschlossen.</p>\r\n<p>(4) Eine Haftung des Betreibers f&uuml;r Sch&auml;den, die daraus entstehen, dass Inserate nicht oder gek&uuml;rzt oder verf&auml;lscht ver&ouml;ffentlicht werden, ist ausgeschlossen.</p>\r\n<p>(5) Alle Informationsangebote sind freibleibend und unverbindlich. Der Betreiber haftet nicht f&uuml;r Irrt&uuml;mer oder Unterlassungen und beh&auml;lt sich das Recht auf &Auml;nderungen ohne Ank&uuml;ndigung bei den Online-Diensten vor. Der Betreiber &uuml;bernimmt keine Haftung f&uuml;r die Geeignetheit des Produktes zu Verkaufs- oder anderen Zwecken.</p>\r\n<p>(6) Der Betreiber haftet nicht f&uuml;r Fehler bei der &Uuml;bermittlung von Anfragen.</p>\r\n<p>(7) Der Betreiber haftet nicht f&uuml;r technische St&ouml;rungen bei dem Betrieb der Internetseiten der Online-Dienste. Der Betreiber haftet insbesondere nicht daf&uuml;r, dass Informationen nicht ununterbrochen oder nicht fehlerfrei zur Verf&uuml;gung stehen.</p>\r\n<p>(8) Bei Verweiszielen (Links), deren Urheber nicht der Betreiber ist, haftet der Betreiber nicht. Der Betreiber haftet ebenso nicht f&uuml;r Inhalte der Webseiten seiner offiziellen Partner/Werbepartner. An etwaigen Rechtsverh&auml;ltnissen zwischen Nutzern und Partnern/Werbepartnern des Betreibers ist der Betreiber nicht beteiligt.</p>\r\n<ul>\r\n<li><strong> 4 Geistiges Eigentum</strong></li>\r\n</ul>\r\n<p>(1) Anspr&uuml;che von Nutzern an dem geistigen Eigentum des Betreibers sind ausgeschlossen.</p>\r\n<p>(2) Die Weiterverarbeitung und Nutzung von Inseraten auf Internetseiten der Online-Dienste des Betreibers in Medien aller Art durch Dritte bedarf der vorherigen schriftlichen Zustimmung des Betreibers. Der Betreiber beh&auml;lt das Urheberrecht f&uuml;r ver&ouml;ffentlichte und von dem Betreiber selbst erstellte Grafiken, Logos, Bilder, Videos, Texte und andere Objekte. Eine Vervielf&auml;ltigung der vorgenannten Objekte in anderen elektronischen oder gedruckten Ver&ouml;ffentlichungen bedarf ebenfalls der vorhergehenden schriftlichen Zustimmung des Betreibers.</p>\r\n<p>(4) Alle innerhalb der Internetangebote des Betreibers genannten und gegebenenfalls durch Dritte gesch&uuml;tzten Marken- und Warenzeichen unterliegen uneingeschr&auml;nkt den Bestimmungen des jeweils g&uuml;ltigen Kennzeichenrechts und den Rechten der jeweiligen Rechteinhaber. Allein aufgrund der blo&szlig;en Nennung ist nicht der Schluss zu ziehen, dass keine Rechte Dritter ber&uuml;hrt sind.</p>\r\n<p><strong>&nbsp;</strong></p>\r\n<ul>\r\n<li><strong> 5 Leistungsort</strong></li>\r\n</ul>\r\n<p>(1) Die Leistungen des Betreibers erfolgen in technischer und rechtlicher Hinsicht in Metzingen, Baden-W&uuml;rttemberg,Bundesrepublik Deutschland. &nbsp;Jeder andere Ort, an dem die Online-Dienste des Betreibers abrufbar sind, bleibt f&uuml;r vertragliche, haftungsrechtliche und gesetzliche an den Leistungsort gebundene Anspr&uuml;che au&szlig;er Betracht.</p>\r\n<p>(2) Der Betreiber &uuml;bernimmt keine Gew&auml;hr daf&uuml;r, dass die Inhalte der Online-Dienste den gesetzlichen Vorschriften des Landes entsprechen, in dem die Daten abrufbar sind.</p>\r\n<ul>\r\n<li><strong> 6 &Auml;nderung der Allgemeinen Gesch&auml;ftsbedingungen (AGB)</strong></li>\r\n</ul>\r\n<p>(1) Die AGB k&ouml;nnen ge&auml;ndert werden soweit dies zur Anpassung an Entwicklungen erforderlich ist und welche bei Vertragsschluss nicht vorhersehbar waren und deren Nichtber&uuml;cksichtigung die Ausgewogenheit des Vertragsverh&auml;ltnisses in nicht unbedeutendem Ma&szlig;e st&ouml;ren w&uuml;rde und soweit hierdurch wesentliche Regelungen des Vertragsverh&auml;ltnisses nicht ber&uuml;hrt werden.</p>\r\n<p>Ferner k&ouml;nnen die AGB angepasst werden, soweit dies zur Beseitigung von nicht unerheblichen Schwierigkeiten bei der Durchf&uuml;hrung des Vertrages aufgrund von nach Vertragsschluss entstandenen Regelungsl&uuml;cken erforderlich ist.</p>\r\n<p>Dies kann insbesondere der Fall sein, wenn sich die Rechtsprechung zur Wirksamkeit von Bestimmungen dieser AGB &auml;ndert oder wenn eine oder mehrere Bestimmungen dieser Allgemeinen Gesch&auml;ftsbedingungen von der Rechtsprechung f&uuml;r unwirksam erkl&auml;rt werden.</p>\r\n<p>&Auml;nderungen der Allgemeinen Gesch&auml;ftsbedingungen werden dem Kunden mindestens sechs Wochen vor Wirksamwerden in Textform mitgeteilt. Dem Kunden steht bei &Auml;nderungen, die nicht ausschlie&szlig;lich zu seinen Gunsten sind, das Recht zu, den Vertrag ohne Einhaltung einer K&uuml;ndigungsfrist zum Zeitpunkt des Wirksamwerdens der &Auml;nderungen in Textform (z. B. per Brief oder E-Mail) zu k&uuml;ndigen. Hierauf wird der Kunde in der &Auml;nderungsmitteilung besonders hingewiesen.</p>\r\n<ul>\r\n<li><strong> 8 Schlussbestimmungen</strong></li>\r\n</ul>\r\n<p>(1) Auf diese AGB sowie auf die Rechtsverh&auml;ltnisse zwischen Betreiber und Nutzer insgesamt ist ausschlie&szlig;lich das Recht der Bundesrepublik Deutschland unter Ausschluss des UN-Kaufrechts anwendbar.</p>\r\n<p>(2) F&uuml;r alle Streitigkeiten die sich aus und in Zusammenhang mit Rechtsverh&auml;ltnissen zwischen Betreiber und Nutzer und deren Abwicklung sowie insbesondere aus und in Zusammenhang mit diesen AGB ergeben, ist ausschlie&szlig;licher Gerichtsstand in Reutlingen, Baden-W&uuml;rttemberg Bundesrepublik Deutschland.</p>\r\n<p>(3) M&uuml;ndliche Nebenabreden bestehen nicht. &Auml;nderungen und Erg&auml;nzungen dieser AGB sowie von Rechtsverh&auml;ltnissen zwischen Betreiber und Nutzer bed&uuml;rfen der Schriftform. Dies gilt auch f&uuml;r eine &Auml;nderung, Erg&auml;nzung oder die Aufhebung der Schriftformklausel selbst.</p>\r\n<p>(4) Sollten einzelne Bestimmungen dieser AGB unwirksam sein oder werden, so bleibt die Wirksamkeit der AGB im &Uuml;brigen unber&uuml;hrt. Anstelle der unwirksamen Bestimmung gilt eine solche wirksame Bestimmung, die dem wirtschaftlichen Sinn und Zweck der unwirksamen Bestimmung m&ouml;glichst entspricht. Entsprechendes gilt f&uuml;r L&uuml;cken dieser AGB.</p>\r\n<p>&nbsp;</p>', '{\"seo_title\":\"Terms and Conditions\",\"keywords\":\"Terms and Conditions\",\"meta_desc\":\"\",\"crawl_after_day\":\"\",\"follow\":\"nofollow\",\"index\":\"noindex\"}', 2, '2019-02-25 12:53:17', '2019-04-15 15:37:53', 1, 1),
(34, 13, 'Marketplace Rules', '<p><strong>Marketplace Rules</strong></p>\r\n<p><br />(1) The data for the user account and the contents in the advertisements on MaschinenPilot must be entered completely and correctly in the order form or in the input mask for the advertisements.<br /><br />(2) The operator of MaschinenPilot is not obliged to check orders and advertisements to see whether they affect the rights of third parties.<br /><br />(3) The advertiser is obliged to indicate in the entry form of an advertisement whether it is a new machine or an exhibition machine and must state the condition truthfully.<br /><br />(4) The advertiser is obliged to provide only relevant technical data on the respective machines.<br /><br />(5) The advertiser is obliged to use only original machine photos he has taken himself. The use of photos, e.g. catalogue or manufacturer photos of the machine, for which the copyright lies with a third party, is not permitted. The advertiser warrants that he is entitled to use the photographic material and that he has the necessary rights.&nbsp; Responsibility for all content (texts, images, videos, graphics and other content) lies solely with the advertiser.<br /><br />(6) Only the respective machine may be advertised in an advertisement; references to other machines are not permitted.&nbsp; The advertiser is solely liable for videos posted or linked on YouTube, for example.<br /><br />(7) The advertiser is obliged to provide correct data such as name and address in the contact information and to verify this on request. The operator reserves the right not to publish or delete advertisements.<br /><br />(8) The advertiser is obliged to provide a valid e-mail address and agrees to the use of this e-mail address by the operator for notification of enquiries about advertisements.<br /><br />(9) When creating advertisements, care must be taken to ensure that the machine data is entered correctly. Only concrete machine offers including a technical description and the corresponding technical data of a machine may be entered. The operator reserves the right not to publish incorrectly completed advertisements.<br /><br />(10) The advertisements may not contain any telephone or fax numbers, domain names or e-mail addresses other than the e-mail address as stated above in the field provided for this purpose. Otherwise the advertisement can be deleted by the operator and further publication of advertisements can be blocked.<br /><br />(11) Access to the portal and the possibility of entering advertisements are protected by a password. This password is freely chosen by the advertiser and can be changed under Profile. The account holder must ensure that the password is created in accordance with the password conventions (password with at least 8 characters, consisting of letters A - Z, numbers 1 - 10, upper and lower case as well as the use of special characters #*!%$ ) and is not passed on to third parties.<br /><br />(12) The advertiser undertakes to delete his offer or request from the database immediately and independently if the advertised machine is no longer offered or searched for.<br /><br /><br />The above-mentioned marketplace rules give you a brief overview of the rules applicable to this portal.<br />Our General Terms and Conditions are authoritative and an integral part of every contract for the use of the portal.</p>', '{\"seo_title\":\"Marketplace Rules\",\"keywords\":\"Marketplace Rules\",\"meta_desc\":\"Marketplace Rules\",\"crawl_after_day\":\"\",\"follow\":\"follow\",\"index\":\"index\"}', 2, '2019-02-25 12:53:17', '2019-06-24 12:38:35', 1, 1);
INSERT INTO `pages_text` (`PageTextID`, `PageID`, `Title`, `Content`, `Seo`, `SystemLanguageID`, `CreatedAt`, `UpdatedAt`, `CreatedBy`, `UpdatedBy`) VALUES
(35, 14, 'Privacy Policy', '<p style=\"font-size: 16px;\">Privacy Policy</p>\r\n<p><strong>1.An overview of data protection</strong><br /><strong> General information</strong></p>\r\n<p>The following information will provide you with an easy to navigate overview of what will happen with your personal data when you visit our website. The term „personal data“ comprises all data that can be used to personally identify you. For detailed information about the subject matter of data protection, please consult our Data Protection Declaration, which we have included beneath this copy.</p>\r\n<p>Data recording on our website</p>\r\n<p><strong>Who is the responsible party for the recording of data on this website (i.e. the „controller“)?</strong></p>\r\n<p>The data on this website is processed by the operator of the website, whose contact information is available under section „Information Required by Law“ on this website.</p>\r\n<p><strong>How do we record your data?</strong></p>\r\n<p>We collect your data as a result of your sharing of your data with us. This may, for instance be information you enter into our contact form.</p>\r\n<p>Our IT systems automatically record other data when you visit our website. This data comprises primarily technical information (e.g. web browser, operating system or time the site was accessed). This information is recorded automatically when you access our website.</p>\r\n<p><strong>What are the purposes we use your data for?</strong></p>\r\n<p>A portion of the information is generated to guarantee the error free provision of the website. Other data may be used to analyse your user patterns.</p>\r\n<p><strong>What rights do you have as far as your information is concerned?</strong></p>\r\n<p>You have the right to receive information about the source, recipients and purposes of your archived personal data at any time without having to pay a fee for such disclosures. You also have the right to demand that your data are rectified, blocked or eradicated. Please do not hesitate to contact us at any time under the address disclosed in section „Information Required by Law“ on this website if you have questions about this or any other data protection related issues. You also have the right to log a complaint with the competent supervising agency.</p>\r\n<p>Moreover, under certain circumstances, you have the right to demand the restriction of the processing of your personal data. For details, please consult the Data Protection Declaration under section „Right to Restriction of Data Processing.“</p>\r\n<p><strong>Analysis tools and tools provided by third parties</strong></p>\r\n<p>There is a possibility that your browsing patterns will be statistically analysed when your visit our website. Such analyses are performed primarily with cookies and with what we refer to as analysis programmes. As a rule, the analyses of your browsing patterns are conducted anonymously; i.e. the browsing patterns cannot be traced back to you.</p>\r\n<p>You have the option to object to such analyses or you can prevent their performance by not using certain tools. For detailed information about the tools and about your options to object, please consult our Data Protection Declaration below.</p>\r\n<p><strong>2. General information and mandatory information Data protection</strong></p>\r\n<p>The operators of this website and its pages take the protection of your personal data very seriously. Hence, we handle your personal data as confidential information and in compliance with the statutory data protection regulations and this Data Protection Declaration.</p>\r\n<p>Whenever you use this website, a variety of personal information will be collected. Personal data comprises data that can be used to personally identify you. This Data Protection Declaration explains which data we collect as well as the purposes we use this data for. It also explains how, and for which purpose the information is collected.</p>\r\n<p>We herewith advise you that the transmission of data via the Internet (i.e. through e-mail communications) may be prone to security gaps. It is not possible to completely protect data against third party access.</p>\r\n<p>Information about the responsible party (referred to as the „controller“ in the GDPR)</p>\r\n<p><strong>The data processing controller on this website is</strong>:</p>\r\n<p>Artur Gerlitz<br /> MaschinenPilot<br /> Mörikestr. 2<br /> 72585 Riederich</p>\r\n<p>Telefon: 07123 9570103<br /> E-Mail: info@maschinenpilot.de</p>\r\n<p>The controller is the natural person or legal entity that single-handedly or jointly with others makes decisions as to the purposes of and resources for the processing of personal data (e.g. names, e-mail addresses, etc.).</p>\r\n<p><strong>Revocation of your consent to the processing of data</strong></p>\r\n<p>A wide range of data processing transactions are possible only subject to your express consent. You can also revoke at any time any consent you have already given us. To do so, all you are required to do is sent us an informal notification via e-mail. This shall be without prejudice to the lawfulness of any data collection that occurred prior to your revocation.</p>\r\n<p><strong>Right to object to the collection of data in special cases; right to object to direct advertising (Art. 21 GDPR)</strong></p>\r\n<p><strong>In the event that data are processed on the basis of Art. 6 Sect. 1 lit. e or f GDPR, you have the right to at any time object to the processing of your personal data based on grounds arising from your unique situation. This also applies to any profiling based on these provisions. To determine the legal basis, on which any processing of data is based, please consult this Data Protection Declaration. If you log an objection, we will no longer process your affected personal data, unless we are in a position to present compelling protection worthy grounds for the processing of your data, that outweigh your interests, rights and freedoms or if the purpose of the processing is the claiming, exercising or defence of legal entitlements (objection pursuant to Art. 21 Sect. 1 GDPR).</strong></p>\r\n<p><strong>If your personal data is being processed in order to engage in direct advertising, you have the right to at any time object to the processing of your affected personal data for the purposes of such advertising. This also applies to profiling to the extent that it is affiliated with such direct advertising. If you object, your personal data will subsequently no longer be used for direct advertising purposes (objection pursuant to Art. 21 Sect. 2 GDPR).</strong></p>\r\n<p><strong>Right to log a complaint with the competent supervisory agency</strong></p>\r\n<p>In the event of violations of the GDPR, data subjects are entitled to log a complaint with a supervisory agency, in particular in the member state where they usually maintain their domicile, place of work or at the place where the alleged violation occurred. The right to log a complaint is in effect regardless of any other administrative or court proceedings available as legal recourses.</p>\r\n<p><strong>Right to data portability</strong></p>\r\n<p>You have the right to demand that we hand over any data we automatically process on the basis of your consent or in order to fulfil a contract be handed over to you or a third party in a commonly used, machine readable format. If you should demand the direct transfer of the data to another controller, this will be done only if it is technically feasible.</p>\r\n<p><strong>SSL and/or TLS encryption</strong></p>\r\n<p>For security reasons and to protect the transmission of confidential content, such as purchase orders or inquiries you submit to us as the website operator, this website uses either an SSL or a TLS encryption programme. You can recognise an encrypted connection by checking whether the address line of the browser switches from „http://“ to „https://“ and also by the appearance of the lock icon in the browser line.</p>\r\n<p>If the SSL or TLS encryption is activated, data you transmit to us cannot be read by third parties.</p>\r\n<p><strong>Encrypted payment transactions on this website</strong></p>\r\n<p>If you are under an obligation to share your payment information (e.g. account number if you give us the authority to debit your bank account) with us after you have entered into a fee-based contract with us, this information is required to process payments.</p>\r\n<p>Payment transactions using common modes of paying (Visa/MasterCard, debit to your bank account) are processed exclusively via encrypted SSL or TLS connections. You can recognise an encrypted connection by checking whether the address line of the browser switches from „http://“ to „https://“ and also by the appearance of the lock icon in the browser line.</p>\r\n<p>If the communication with us is encrypted, third parties will not be able to read the payment information you share with us.</p>\r\n<p><strong>Information about, blockage, rectification and eradication of data</strong></p>\r\n<p>Within the scope of the applicable statutory provisions, you have the right to at any time demand information about your archived personal data, their source and recipients as well as the purpose of the processing of your data. You may also have a right to have your data rectified, blocked or eradicated. If you have questions about this subject matter or any other questions about personal data, please do not hesitate to contact us at any time at the address provided in section „Information Required by Law.“</p>\r\n<p><strong>Right to demand processing restrictions</strong></p>\r\n<p>You have the right to demand the imposition of restrictions as far as the processing of your personal data is concerned. To do so, you may contact us at any time at the address provided in section „Information Required by Law.“ The right to demand restriction of processing applies in the following cases:</p>\r\n<ul>\r\n<li>In the event that you should dispute the correctness of your data archived by us, we will usually need some time to verify this claim. During the time that this investigation is ongoing, you have the right to demand that we restrict the processing of your personal data.</li>\r\n<li>If the processing of your personal data was/is conducted in an unlawful manner, you have the option to demand the restriction of the processing of your data in lieu of demanding the eradication of this data.</li>\r\n<li>If we do not need your personal data any longer and you need it to exercise, defend or claim legal entitlements, you have the right to demand the restriction of the processing of your personal data instead of its eradication.</li>\r\n<li>If you have raised an objection pursuant to Art. 21 Sect. 1 GDPR, your rights and our rights will have to be weighed against each other. As long as it has not been determined whose interests prevail, you have the right to demand a restriction of the processing of your personal data.</li>\r\n</ul>\r\n<p>If you have restricted the processing of your personal data, these data – with the exception of their archiving – may be processed only subject to your consent or to claim, exercise or defend legal entitlements or to protect the rights of other natural persons or legal entities or for important public interest reasons cited by the European Union or a member state of the EU.</p>\r\n<p><strong>Rejection of unsolicited e-mails</strong></p>\r\n<p>We herewith object to the use of contact information published in conjunction with the mandatory information to be provided in section „Information Required by Law“ to send us promotional and information material that we have not expressly requested. The operators of this website and its pages reserve the express right to take legal action in the event of the unsolicited sending of promotional information, for instance via SPAM messages.</p>\r\n<p><strong>3. Recording of data on our website Cookies</strong></p>\r\n<p>In some instances, our website and its pages use so-called cookies. Cookies do not cause any damage to your computer and do not contain viruses. The purpose of cookies is to make our website more user friendly, effective and more secure. Cookies are small text files that are placed on your computer and stored by your browser.</p>\r\n<p>Most of the cookies we use are so-called „session cookies.“ They are automatically deleted after your leave our site. Other cookies will remain archived on your device until you delete them. These cookies enable us to recognise your browser the next time you visit our website.</p>\r\n<p>You can adjust the settings of your browser to make sure that you are notified every time cookies are placed and to enable you to accept cookies only in specific cases or to exclude the acceptance of cookies for specific situations or in general and to activate the automatic deletion of cookies when you close your browser. If you deactivate cookies, the functions of this website may be limited.</p>\r\n<p>Cookies that are required for the performance of the electronic communications transaction or to provide certain functions you want to use (e.g. the shopping cart function), are stored on the basis of Art. 6 Sect. 1 lit. f GDPR. The website operator has a legitimate interest in storing cookies to ensure the technically error free and optimised provision of the operator’s services. If other cookies (e.g. cookies for the analysis of your browsing patterns) should be stored, they are addressed separately in this Data Protection Declaration.</p>\r\n<p><strong>Server log files</strong></p>\r\n<p>The provider of this website and its pages automatically collects and stores information in so-called server log files, which your browser communicates to us automatically. The information comprises:</p>\r\n<ul>\r\n<li>The type and version of browser used</li>\r\n<li>The used operating system</li>\r\n<li>Referrer URL</li>\r\n<li>The hostname of the accessing computer</li>\r\n<li>The time of the server inquiry</li>\r\n<li>The IP address</li>\r\n</ul>\r\n<p>This data is not merged with other data sources.</p>\r\n<p>This data is recorded on the basis of Art. 6 Sect. 1 lit. f GDPR. The operator of the website has a legitimate interest in the technically error free depiction and the optimization of the operator’s website. In order to achieve this, server log files must be recorded.</p>\r\n<p><strong>Contact form</strong></p>\r\n<p>If you submit inquiries to us via our contact form, the information provided in the contact form as well as any contact information provided therein will be stored by us in order to handle your inquiry and in the event that we have further questions. We will not share this information without your consent.</p>\r\n<p>Hence, the processing of the data entered into the contact form occurs exclusively based on your consent (Art. 6 Sect. 1 lit. a GDPR). You have the right to revoke at any time any consent you have already given us. To do so, all you are required to do is sent us an informal notification via e-mail. This shall be without prejudice to the lawfulness of any data collection that occurred prior to your revocation.</p>\r\n<p>The information you have entered into the contact form shall remain with us until you ask us to eradicate the data, revoke your consent to the archiving of data or if the purpose for which the information is being archived no longer exists (e.g. after we have concluded our response to your inquiry). This shall be without prejudice to any mandatory legal provisions – in particular retention periods.</p>\r\n<p><strong>Request by e-mail, telephone or fax</strong></p>\r\n<p>If you contact us by e-mail, telephone or fax, your request, including all resulting personal data (name, request) will be stored and processed by us for the purpose of processing your request. We do not pass these data on without your consent.</p>\r\n<p>The processing of these data is based on Art. 6 para. 1 lit. b GDPR, if your request is related to the execution of a contract or if it is necessary to carry out pre-contractual measures. In all other cases, the processing is based on your consent (Article 6 (1) a GDPR) and/or on our legitimate interests (Article 6 (1) (f) GDPR), since we have a legitimate interest in the effective processing of requests addressed to us.</p>\r\n<p>The data sent by you to us via contact requests remain with us until you request us to delete, revoke your consent to the storage or the purpose for the data storage lapses (e.g. after completion of your request). Mandatory statutory provisions - in particular statutory retention periods - remain unaffected.</p>\r\n<p><strong>Registration on this website</strong></p>\r\n<p>You have the option to register on our website to be able to use additional website functions. We shall use the data you enter only for the purpose of using the respective offer or service you have registered for. The required information we request at the time of registration must be entered in full. Otherwise we shall reject the registration.</p>\r\n<p>To notify you of any important changes to the scope of our portfolio or in the event of technical modifications, we shall use the e-mail address provided during the registration process.</p>\r\n<p>We shall process the data entered during the registration process on the basis of your consent (Art. 6 Sect. 1 lit. a GDPR). You have the right to revoke at any time any consent you have already given us. To do so, all you are required to do is sent us an informal notification via e-mail. This shall be without prejudice to the lawfulness of any data collection that occurred prior to your revocation.</p>\r\n<p>The data recorded during the registration process shall be stored by us as long as you are registered on our website. Subsequently, such data shall be deleted. This shall be without prejudice to mandatory statutory retention obligations.</p>\r\n<p><strong>The comment function on this website</strong></p>\r\n<p>When you use the comment function on this website, information on the time the comment was generated and your e-mail-address and, if you are not posting anonymously, the user name you have selected will be archived in addition to your comments.</p>\r\n<p><strong>Storage of the IP address</strong></p>\r\n<p>Our comment function stores the IP addresses of all users who enter comments. Given that we do not review the comments prior to publishing them, we need this information in order to take action against the author in the event of rights violations, such as defamation or propaganda.</p>\r\n<p><strong>Subscribing to comments</strong></p>\r\n<p>As a user of this website, you have the option to subscribe to comments after you have registered. You will receive a confirmation e-mail, the purpose of which is to verify whether you are the actual holder of the provided e-mail address. You can deactivate this function at any time by following a respective link in the information e-mails. The data entered in conjunction with subscriptions to comments will be deleted in this case. However, if you have communicated this information to us for other purposes and from a different location (e.g. when subscribing to the newsletter), the data shall remain in our possession.</p>\r\n<p><strong>Storage period for comments</strong></p>\r\n<p>Comments and any affiliated information (e.g. the IP address) shall be stored by us and remain on our website until the content the comment pertained to has been deleted in its entirety or if the comments had to be deleted for legal reasons (e.g. insulting comments).</p>\r\n<p><strong>Legal basis</strong></p>\r\n<p>Comments are stored on the basis of your consent (Art. 6 Sect. 1 lit. a GDPR). You have the right to revoke at any time any consent you have already given us. To do so, all you are required to do is sent us an informal notification via e-mail. This shall be without prejudice to the lawfulness of any data collection that occurred prior to your revocation.</p>\r\n<p><strong>Processing of data (customer and contract data)</strong></p>\r\n<p>We collect, process and use personal data only to the extent necessary for the establishment, content organization or change of the legal relationship (data inventory). These actions are taken on the basis of Art. 6 Sect. 1 lit. b GDPR, which permits the processing of data for the fulfilment of a contract or pre-contractual actions. We collect, process and use personal data concerning the use of our website (usage data) only to the extent that this is necessary to make it possible for users to utilize the services and to bill for them.</p>\r\n<p>The collected customer data shall be eradicated upon completion of the order or the termination of the business relationship. This shall be without prejudice to any statutory retention mandates.</p>\r\n<p>Data transfer upon closing of contracts for services and digital content</p>\r\n<p>We share personal data with third parties only if this is necessary in conjunction with the handling of the contract; for instance, with the financial institution tasked with the processing of payments.</p>\r\n<p>Any further transfer of data shall not occur or shall only occur if you have expressly consented to the transfer. Any sharing of your data with third parties in the absence of your express consent, for instance for advertising purposes, shall not occur.</p>\r\n<p>The basis for the processing of data is Art. 6 Sect. 1 lit. b GDPR, which permits the processing of data for the fulfilment of a contract or for pre-contractual actions.</p>\r\n<p><strong>4. Analysis tools and advertising Google Analytics</strong></p>\r\n<p>This website uses functions of the web analysis service Google Analytics. The provider of this service is Google Ireland Limited („Google“), Gordon House, Barrow Street, Dublin 4, Ireland.</p>\r\n<p>Google Analytics uses so-called cookies. Cookies are text files, which are stored on your computer and that enable an analysis of the use of the website by users. The information generated by cookies on your use of this website is usually transferred to a Google server in the United States, where it is stored.</p>\r\n<p>The storage of Google Analytics cookies and the utilization of this analysis tool are based on Art. 6 Sect. 1 lit. f GDPR. The operator of this website has a legitimate interest in the analysis of user patterns to optimize both, the services offered online and the operator’s advertising activities.</p>\r\n<p><strong>IP anonymization</strong></p>\r\n<p>On this website, we have activated the IP anonymization function. As a result, your IP address will be abbreviated by Google within the member states of the European Union or in other states that have ratified the Convention on the European Economic Area prior to its transmission to the United States. The full IP address will be transmitted to one of Google’s servers in the United States and abbreviated there only in exceptional cases. On behalf of the operator of this website, Google shall use this information to analyse your use of this website to generate reports on website activities and to render other services to the operator of this website that are related to the use of the website and the Internet. The IP address transmitted in conjunction with Google Analytics from your browser shall not be merged with other data in Google’s possession.</p>\r\n<p><strong>Browser plug-in</strong></p>\r\n<p>You do have the option to prevent the archiving of cookies by making pertinent changes to the settings of your browser software. However, we have to point out that in this case you may not be able to use all of the functions of this website to their fullest extent. Moreover, you have the option prevent the recording of the data generated by the cookie and affiliated with your use of the website (including your IP address) by Google as well as the processing of this data by Google by downloading and installing the browser plug-in available under the following link: <a href=\"https://tools.google.com/dlpage/gaoptout?hl=en\" target=\"_blank\" rel=\"noopener\">https://tools.google.com/dlpage/gaoptout?hl=en</a>.</p>\r\n<p><strong>Objection to the recording of data</strong></p>\r\n<p>You have the option to prevent the recording of your data by Google Analytics by clicking on the following link. This will result in the placement of an opt out cookie, which prevents the recording of your data during future visits to this website: <a>Google Analytics deactivation</a>.</p>\r\n<p>For more information about the handling of user data by Google Analytics, please consult Google’s Data Privacy Declaration at: <a href=\"https://support.google.com/analytics/answer/6004245?hl=de\" target=\"_blank\" rel=\"noopener\">https://support.google.com/analytics/answer/6004245?hl=en</a>.</p>\r\n<p><strong>Contract data processing</strong></p>\r\n<p>We have executed a contract data processing agreement with Google and are implementing the stringent provisions of the German data protection agencies to the fullest when using Google Analytics.</p>\r\n<p><strong>Demographic parameters provided by Google Analytics</strong></p>\r\n<p>This website uses the function „demographic parameters“ provided by Google Analytics. It makes it possible to generate reports providing information on the age, gender and interests of website visitors. The sources of this information are interest-related advertising by Google as well as visitor data obtained from third party providers. This data cannot be allocated to a specific individual. You have the option to deactivate this function at any time by making pertinent settings changes for advertising in your Google account or you can generally prohibit the recording of your data by Google Analytics as explained in section „Objection to the recording of data.“</p>\r\n<p><strong>Archiving period</strong></p>\r\n<p>Data on the user or incident level stored by Google linked to cookies, user IDs or advertising IDs (e.g. DoubleClick cookies, Android advertising ID) will be anonymized or deleted after 14 month. For details please click the following link: <a href=\"https://support.google.com/analytics/answer/7667196?hl=de\" target=\"_blank\" rel=\"noopener\">https://support.google.com/analytics/answer/7667196?hl=de</a></p>\r\n<p><strong>5. Newsletter Newsletter data</strong></p>\r\n<p>If you would like to subscribe to the newsletter offered on this website, we will need from you an e-mail address as well as information that allow us to verify that you are the owner of the e-mail address provided and consent to the receipt of the newsletter. No further data shall be collected or shall be collected only on a voluntary basis. We shall use such data only for the sending of the requested information and shall not share such data with any third parties.</p>\r\n<p>The processing of the information entered into the newsletter subscription form shall occur exclusively on the basis of your consent (Art. 6 Sect. 1 lit. a GDPR). You may revoke the consent you have given to the archiving of data, the e-mail address and the use of this information for the sending of the newsletter at any time, for instance by clicking on the „Unsubscribe“ link in the newsletter. This shall be without prejudice to the lawfulness of any data processing transactions that have taken place to date.</p>\r\n<p>The data you archive with us for the purpose of the newsletter subscription shall be archived by us until you unsubscribe from the newsletter. Once you cancel your subscription to the newsletter, the data shall be deleted. This shall not affect data we have been archiving for other purposes.</p>\r\n<p><strong>6. Plug-ins and Tools YouTube</strong></p>\r\n<p>Our website uses plug-ins of the YouTube platform, which is operated by Google. The website operator is Google Ireland Limited („Google“), Gordon House, Barrow Street, Dublin 4, Ireland.</p>\r\n<p>If you visit a page on our website into which a YouTube plug-in has been integrated, a connection with YouTube’s servers will be established. As a result, the YouTube server will be notified, which of our pages you have visited.</p>\r\n<p>Furthermore, YouTube will be able to place various cookies on your device. With the assistance of these cookies, YouTube will be able to obtain information about our website visitor. Among other things, this information will be used to generate video statistics with the aim of improving the user friendliness of the site and to prevent attempts to commit fraud. These cookies will stay on your device until you delete them.</p>\r\n<p>If you are logged into your YouTube account while you visit our site, you enable YouTube to directly allocate your browsing patterns to your personal profile. You have the option to prevent this by logging out of your YouTube account.</p>\r\n<p>The use of YouTube is based on our interest in presenting our online content in an appealing manner. Pursuant to Art. 6 Sect. 1 lit. f GDPR, this is a legitimate interest.</p>\r\n<p>For more information on how YouTube handles user data, please consult the YouTube Data Privacy Policy under: <a href=\"https://policies.google.com/privacy?hl=en\" target=\"_blank\" rel=\"noopener\">https://policies.google.com/privacy?hl=en</a>.</p>\r\n<p><strong>Google Web Fonts (local embedding)</strong></p>\r\n<p>This website uses so-called Web Fonts provided by Google to ensure the uniform use of fonts on this site. These Google fonts are locally installed so that a connection to Google’s servers will not be established in conjunction with this application.</p>\r\n<p><strong>Google Maps (with consent)</strong></p>\r\n<p>This website uses Google Maps, a mapping/location service, via an API. The provider is Google Ireland Limited („Google“), Gordon House, Barrow Street, Dublin 4, Ireland.</p>\r\n<p>To warrant data protection on our website, you will find that Google Maps has been deactivated when you visit our website for the first time. A direct connection to Google’s servers will not be established until you have activated Google Maps autonomously at your end (i.e. given your consent pursuant to Art. 6 Sect. 1 lit. a GDPR). This will prevent the transfer of your data to Google during your first visit to our website.</p>\r\n<p>Once you have activated the service, Google Maps will store your IP address. As a rule, it is subsequently transferred to a Google server in the United States, where it is stored. The provider of this website does not have any control over this data transfer once Google Maps has been activated.</p>\r\n<p>For more information about the handling of user data, please consult the Data Privacy Declaration of Google under the following link: <a href=\"https://www.google.de/intl/de/policies/privacy/.\" target=\"_blank\" rel=\"noopener\">https://www.google.de/intl/de/policies/privacy/</a>.</p>\r\n<p><strong>7. Payment service providers and resellers PayPal</strong></p>\r\n<p>Among other options, we offer payment via PayPal on our website. The provider of this payment processing service is PayPal (Europe) S.à.r.l. et Cie, S.C.A., 22-24 Boulevard Royal, L-2449 Luxembourg (hereinafter referred to as „PayPal“).</p>\r\n<p>If you choose payment via PayPal, we will share the payment information you enter with PayPal.</p>\r\n<p>The legal basis for the sharing of your data with PayPal is Art. 6 Sect. 1 lit. a GDPR (consent) as well as Art. 6 Sect. 1 lit. b GDPR (processing for the fulfilment of a contract). You have the option to at any time revoke your consent to the processing of your data. Such a revocation shall not have any impact on the effectiveness of data processing transactions that occurred in the past.</p>', '{\"seo_title\":\"Privacy Policy\",\"keywords\":\"Privacy Policy\",\"meta_desc\":\"Privacy Policy\",\"crawl_after_day\":\"\",\"follow\":\"follow\",\"index\":\"index\"}', 2, '2019-02-25 12:53:17', '2019-06-05 18:40:18', 1, 1),
(37, 1, '', '', '', 3, '2019-02-25 12:53:17', '2019-02-25 12:53:17', 1, 1),
(39, 3, '', '', '', 3, '2019-02-25 12:53:17', '2019-02-25 12:53:17', 1, 1),
(40, 4, '', '', '', 3, '2019-02-25 12:53:17', '2019-02-25 12:53:17', 1, 1),
(41, 5, '', '', '', 3, '2019-02-25 12:53:17', '2019-02-25 12:53:17', 1, 1),
(42, 6, '', '', '', 3, '2019-02-25 12:53:17', '2019-02-25 12:53:17', 1, 1),
(43, 7, '', '', '', 3, '2019-02-25 12:53:17', '2019-02-25 12:53:17', 1, 1),
(44, 8, '', '', '', 3, '2019-02-25 12:53:17', '2019-02-25 12:53:17', 1, 1),
(45, 9, '', '', '', 3, '2019-02-25 12:53:17', '2019-02-25 12:53:17', 1, 1),
(46, 10, '', '', '', 3, '2019-02-25 12:53:17', '2019-02-25 12:53:17', 1, 1),
(47, 11, '', '', '', 3, '2019-02-25 12:53:17', '2019-02-25 12:53:17', 1, 1),
(48, 12, '', '', '', 3, '2019-02-25 12:53:17', '2019-02-25 12:53:17', 1, 1),
(49, 13, '', '', '', 3, '2019-02-25 12:53:17', '2019-02-25 12:53:17', 1, 1),
(50, 14, '', '', '', 3, '2019-02-25 12:53:17', '2019-02-25 12:53:17', 1, 1),
(53, 19, 'Verkaufstipps', '<h3>Tipps f&uuml;r den Verkauf gebrauchter Maschinen &ndash; darauf sollten Sie achten</h3>\r\n<p>Beim Verkauf einer gebrauchten Maschine gibt es einige Dinge zu beachten. Hier geben wir Ihnen einen Leitfaden f&uuml;r den Verkauf Ihrer Maschinen auf Maschinenpilot.</p>\r\n<p><strong>Testen</strong><br />Testen Sie, was Sie zum Kauf anbieten &ndash; der K&auml;ufer wird es auch tun!</p>\r\n<p><strong>Zustand</strong><br />Um einen guten Preis f&uuml;r Ihre gebrauchte Maschine zu erzielen, sollten Sie sich zun&auml;chst davon &uuml;berzeugen, in welchem Zustand sich die Maschine befindet. F&uuml;hren Sie die typischen Arbeitsabl&auml;ufe durch, und achten Sie dabei auch auf Anzeichen zuk&uuml;nftiger m&ouml;glicher Fehlfunktionen. Falls n&ouml;tig, beauftragen Sie dazu einen fachkundigen Techniker.</p>\r\n<p>Um den Verkaufspreis zu erh&ouml;hen, kann es sinnvoll sein, notwendige Reparaturen vor dem Verkauf durchf&uuml;hren zu lassen. Wenn eine solche Pr&uuml;fung aus Kostengr&uuml;nden nicht rentabel erscheint, sollten Sie sich unbedingt &uuml;ber den Zustand der Maschine im Klaren sein, und diesen Zustand auf Maschinenpilot zutreffend angeben. Machen Sie in jedem Fall wahrheitsgem&auml;&szlig;e Angaben &uuml;ber den Zustand und die Ausstattung der Maschine. Generell gilt, dass eine gebrauchte Maschine mit M&auml;ngeln oder mit der Notwendigkeit einer Reparatur deutlich schwieriger zu verkaufen ist als eine gut gewartete und funktionst&uuml;chtige Maschine, und selbstverst&auml;ndlich auch wesentlich niedriger im Preis angeboten wird bzw. gehandelt wird.</p>\r\n<p><strong>Dokumente</strong><br />Zum Verkauf eines gebrauchten Maschine geh&ouml;ren Dokumente wie Bedienungsanleitungen, aber auch fr&uuml;here Kaufvertr&auml;ge, Serviceberichte, Belege von Reperaturen, Pr&uuml;fberichte technischer Untersuchungen, usw. Das Vorhandensein dieser Dokumente ist wesentlicher Bestandteil der Bewertung durch potenzielle K&auml;ufer, und kann den erzielten Verkaufspreis massgeblich beeinflussen.</p>\r\n<p><strong>Marktwert</strong><br />Um den Marktwert Ihrer gebrauchten Maschine grob bestimmen zu k&ouml;nnen, ist es wie auch bei der &Uuml;berpr&uuml;fung des Zustands ratsam, einen fachkundigen Techniker hinzuzuziehen. Wichtig ist bei der Bestimmung des Marktwerts neben dem Zustand die Anzahl der bisherigen Betriebsstunden. Benutzen Sie zur preislichen Orientierung auch die Suchfunktion von Maschinenpilot, um gleichwertige Maschinen anderer Anbieter zu finden.</p>\r\n<p><strong>Pr&auml;sentation</strong><br />Auf unserem Online-Marktplatz ist es sehr wichtig, gute, aussagekr&auml;ftige Fotos Ihrer Maschine zu zeigen, um einen guten Preis zu erzielen. Reinigen Sie Ihre Maschine, sorgen Sie f&uuml;r gute Beleuchtung, und zeigen Sie auch relevante Details, um den Zustand Ihrer Maschine klar darzustellen. Achten Sie bei der Beschreibung auf klar verst&auml;ndliche Angaben, und geben Sie alle wichtigen technischen Daten sowie Angaben zu Hersteller, Modell, usw. vollst&auml;ndig an. Stellen Sie nur Bilder und Fotos ein, die Sie selber erstellt haben und bei denen Sie sicher sind, dass die Nutzungsrechte eine Ver&ouml;ffentlichung durch Sie erlauben. </p>\r\n<p>&nbsp;</p>\r\n<hr />', '{\"seo_title\":\"Tipps f\\u00fcr den Verkauf gebrauchter Maschinen\",\"keywords\":\"Tipps f\\u00fcr den Verkauf gebrauchter Maschinen\",\"meta_desc\":\"Tipps f\\u00fcr den Verkauf gebrauchter Maschinen\",\"crawl_after_day\":\"\",\"follow\":\"follow\",\"index\":\"index\"}', 1, '2019-03-28 13:13:44', '2019-07-17 16:57:51', 1, 1),
(54, 19, '', '', '', 2, '2019-03-28 13:13:44', '2019-03-28 13:13:44', 1, 1),
(55, 20, 'MaschinenPilot', '<h2 style=\"text-align: center; font-size: 22px; line-height: 1.5em;\"><strong><span style=\"color: #ff6600;\">Maschinen</span><span style=\"color: #000000;\">Pilot </span></strong></h2>\r\n<h3 style=\"text-align: center; font-size: 16px; line-height: 1.5em;\"><span style=\"color: #000000;\">Die neue Online-Plattform f&uuml;r gebrauchte Maschinen, Zubeh&ouml;r und Themen rund um den Maschinenbau!</span></h3>\r\n<p style=\"text-align: center;\">&nbsp;Ziel von Maschinenpilot ist es, als Maschinenh&auml;ndler gebrauchte Maschinen zu g&uuml;nstigen und fairen Konditionen anbieten zu k&ouml;nnen. <br />Der Wunsch nach einem Marktplatz mit transparenten Kontaktm&ouml;glichkeiten&nbsp;und einfacher Bedienung und &uuml;berschaubaren Kosten war der Antrieb f&uuml;r die Erstellung dieser Plattform.&nbsp;</p>\r\n<p style=\"text-align: center; line-height: 1.5em;\">Wir freuen uns, dass es nun soweit ist und laden Maschinenh&auml;ndler innerhalb Deutschland und international ein, Maschinen auf MaschinenPilot zu inserieren.&nbsp;<br />Die Plattform wird kontinuierlich weiterentwickelt und ausgebaut.&nbsp;</p>\r\n<p style=\"text-align: center;\">&nbsp;<img src=\"https://www.maschinenpilot.de/uploads/pages/31743408020191202040004Maschinenpilot-Suchportal-fuer-gebrauchte-Maschinen-Einfuehrung.jpg\" alt=\"31743408020191202040004Maschinenpilot-Suchportal-fuer-gebrauchte-Maschinen-Einfuehrung.jpg\" width=\"1196\" height=\"565\" /></p>\r\n<p><img />&nbsp;</p>\r\n<p style=\"text-align: center;\">&nbsp;</p>\r\n<h3 style=\"text-align: center; line-height: 1.5em;\"><strong>Sie suchen nach einer M&ouml;glichkeit gebrauchte Maschinen zu transparenten Preisen zu verkaufen oder zu kaufen? </strong></h3>\r\n<h3 style=\"text-align: center; font-size: 22px; line-height: 1.5em;\"><span style=\"color: #ff6600;\">Registrieren Sie sich noch heute!&nbsp;</span></h3>\r\n<p style=\"text-align: center;\"><span style=\"color: #ff6600;\">&nbsp;</span><strong>Sie haben Fragen oder w&uuml;nschen weitere Informationen? Schreiben Sie uns an info@maschinenpilot.de</strong></p>\r\n<p>&nbsp;</p>\r\n<p style=\"text-align: center; line-height: 1.5em;\">Haben Sie gebrauchte Maschinen oder Nutzfahrzeuge, die Sie verkaufen m&ouml;chten? Oder sind Sie auf der Suche nach einer gebrauchten Maschine f&uuml;r Ihr Unternehmen?<br />Wir von Maschinenpilot bieten Ihnen den Marktplatz und bringen Anbieter und Abnehmer zusammen. Hier finden Sie gebrauchte Maschinen aller Branchen. Ob gebrauchte Metallbearbeitungsmaschinen, gebrauchte Maschinen f&uuml;r die Holzbearbeitung, Maschinen f&uuml;r die Nahrungsmittelproduktion oder Maschinen zur Entsorgung - unsere Plattform f&uuml;r gebrauchte Maschinen bietet einen Online-Marktplatz f&uuml;r alle Arten von gebrauchten Maschinen sowie f&uuml;r gebrauchte Nutzfahrzeuge z.B. im Bereich von Bau, Handwerk und Lagertechnik.</p>\r\n<p style=\"text-align: center; line-height: 1.5em;\"><strong>MaschinenPilot &ndash; Das Suchportal f&uuml;r gebrauchte Maschinen</strong></p>\r\n<p style=\"line-height: 1.5em; text-align: center;\">Sie nutzen gebrauchte Maschinen nicht mehr und m&ouml;chten diese gerne verkaufen? Oder Sie m&ouml;chten Maschinen erwerben, haben aber nicht das Budget f&uuml;r neue Maschinen zur Verf&uuml;gung? In beiden F&auml;llen hei&szlig;t die L&ouml;sung: MaschinenPilot, das Suchportal f&uuml;r gebrauchte Maschine auf unserer Seite Inserate f&uuml;r Maschinen zur Metallbearbeitung, Papierherstellung, F&ouml;rderung, Entsorgung und vieles mehr oder st&ouml;bern Sie in den Angeboten: Unser Portal f&uuml;r Kauf und Verkauf von gebrauchten Maschinen macht es m&ouml;glich!</p>\r\n<p style=\"text-align: center; line-height: 1.5em;\"><strong>Welche Vorteile haben Verk&auml;ufer auf MaschinenPilot &ndash; Das Suchportal f&uuml;r gebrauchte Maschinen?</strong></p>\r\n<p style=\"text-align: center; line-height: 1.5em;\">Verk&auml;ufer nutzen MaschinenPilot, das Suchportal f&uuml;r gebrauchte Maschinen, um nicht mehr ben&ouml;tigte Maschinen und Anlagen zu verkaufen. Erstellen Sie ganz einfach g&uuml;nstige und individuelle Inserate f&uuml;r Ihre Maschinen auf unserem Portal. Daf&uuml;r stehen Ihnen die Sprachen Deutsch und Englisch zur Verf&uuml;gung. Sobald Ihre Anzeige online ist, k&ouml;nnen potentielle K&auml;ufer Sie direkt &uuml;ber MaschinenPilot, das Suchportal f&uuml;r gebrauchte Maschinen, kontaktieren. Egal, ob und wie Sie sich mit einem K&auml;ufer einigen: Kosten fallen beim Verkauf einer Maschine nicht an. Sie zahlen lediglich eine einmalige Geb&uuml;hr f&uuml;r das Inserat.</p>\r\n<p>&nbsp;</p>\r\n<p style=\"text-align: center; line-height: 1.5em;\">&nbsp;<strong>Vorteile der Verk&auml;ufer im &Uuml;berblick</strong></p>\r\n<p style=\"text-align: center; line-height: 1.5em;\">&ndash; kosteng&uuml;nstige Anzeigen zum Verkauf gebrauchter Maschinen<br /> &ndash; individuelle Inserate f&uuml;r verschiedene Maschinen<br /> &ndash; unkomplizierte Plattform<br /> &ndash; direkter Kontakt mit potentiellen K&auml;ufern (Telefon, Mail)<br /> &ndash; keine Zusatzkosten beim Verkauf<br /><br /></p>\r\n<p style=\"text-align: center; line-height: 1.5em;\"><strong>Warum sollten K&auml;ufer MaschinenPilot &ndash; Das Suchportal f&uuml;r gebrauchte Maschinen nutzen?</strong></p>\r\n<p style=\"text-align: center; line-height: 1.5em;\">K&auml;ufer nutzen <strong><a href=\"https://www.maschinenpilot.de/\">MaschinenPilot</a></strong>, das Suchportal f&uuml;r gebrauchte Maschinen, um nach gebrauchten Maschinen zu suchen, wenn ihnen das Budget f&uuml;r neue Ger&auml;te fehlt. St&ouml;bern Sie mithilfe unserer einfachen Suchfunktion in den Inseraten. Bei Interesse kontaktieren Sie den Verk&auml;ufer direkt per Mail oder Telefon f&uuml;r weitere Absprachen. Das Beste bei der Nutzung von Maschinenpilot ist: F&uuml;r Sie als K&auml;ufer ist die Nutzung des Portals komplett kostenlos!</p>\r\n<p style=\"text-align: center;\">&nbsp;</p>\r\n<p style=\"text-align: center; line-height: 1.5em;\"><strong>Vorteile der K&auml;ufer im &Uuml;berblick</strong></p>\r\n<p style=\"text-align: center; line-height: 1.5em;\">&ndash; deutliche Ersparnis gegen&uuml;ber neuen Maschinen<br /> &ndash; kostenlose Suche<br /> &ndash; direkter Kontakt zum Verk&auml;ufer<br /> &ndash; einfache Suchfunktion<br /> &ndash; keine Zusatzkosten beim Kauf</p>\r\n<p style=\"text-align: center; line-height: 1.5em;\">MaschinenPilot bietet im Rahmen der Einf&uuml;hrung g&uuml;nstige Konditionen f&uuml;r die Ver&ouml;ffentlichung von Inseraten. <strong>So beispielsweise die Inserierung von bis zu 25 Maschinen f&uuml;r nur 39,- netto.</strong></p>\r\n<p>&nbsp;</p>\r\n<p>&nbsp;</p>', '{\"seo_title\":\"MaschinenPilot\",\"keywords\":\"MaschinenPilot, Verkauf Ankauf Gebrauchtmaschinen Gebrauchte Maschinen\",\"meta_desc\":\"MaschinenPilot, Verkauf Ankauf Gebrauchtmaschinen Gebrauchte Maschinen\",\"crawl_after_day\":\"\",\"follow\":\"follow\",\"index\":\"index\"}', 1, '2019-03-29 10:17:13', '2020-06-05 12:55:51', 1, 1),
(56, 20, 'Maschinenpilot - new platform for used machines', '<h3>Maschinenpilot - Your new online trading platform for used machines!</h3>\r\n<p><br /><strong>Do you have used machines or commercial vehicles that you would like to sell? Or are you looking for a used machine for your company?</strong></p>\r\n<p>We at Maschinenpilot offer you the marketplace and bring suppliers and customers together. Here you find used machines of all branches. Whether used metalworking machines, used woodworking machines, machines for food production or machines for disposal - our platform for used machines offers an online marketplace for all types of used machines as well as for used commercial vehicles, e.g. in the construction, crafts and warehouse technology sectors.</p>\r\n<p>&nbsp;</p>\r\n<p><img src=\"https://www.maschinenpilot.de/uploads/pages/88522025320191202044749Maschinenpilot-SearchPortal-for-used-Maschines-Introducing.jpg\" alt=\"88522025320191202044749Maschinenpilot-SearchPortal-for-used-Maschines-Introducing.jpg\" width=\"1200\" height=\"566\" /></p>\r\n<p><br /><strong>Your advantage when buying used machines - time and money!</strong><br /><br />Whether large enterprise or small enterprise - the alternative to the cost-intensive new acquisition is the purchase of used, qualitatively high-quality machines for the lowering of the general production costs.<br />The short-term replacement procurement for a defective machine is another important plus point, which speaks for the purchase of used machines. Even if your order situation requires it, the quickest possible availability of a used machine is a great advantage for your company.<br /><br />At the same time, the sale of your used machines is a very good and cost-effective way to react flexibly to fluctuations in the order situation.<br />With Maschinenpilot you can buy and sell both used machines!<br /><br />In addition, we offer you a modern, easy-to-understand user interface with which you can create and manage your machine advertisements.<br />You can use our search function to search for the desired used machine, or browse through our machine categories in the offers.<br /><br />These categories are subdivided and will be extended as needed. Write to us, our support team will be happy to help you.<br /><br /></p>', '{\"seo_title\":\"Maschinenpilot - Your new online trading platform for used machines!\",\"keywords\":\"MachinenPilot, platform for used machines\",\"meta_desc\":\"MachinenPilot, platform for used machines\",\"crawl_after_day\":\"\",\"follow\":\"follow\",\"index\":\"index\"}', 2, '2019-03-29 10:17:13', '2019-12-02 04:51:13', 1, 1),
(57, 21, 'Finanzierung', '<h1>Finanzierung &amp; Leasing</h1>\r\n<h2>Sie suchen nach einer Finanzierungsm&ouml;glichkeit f&uuml;r Ihre Maschinen?</h2>\r\n<h3>Einfach leasen &ndash; mit dem FinCompare Sofortvergleich</h3>\r\n<p>Es gibt in Deutschland &uuml;ber 230 Leasinganbieter. Diese jeweils untereinander zu vergleichen w&auml;re sehr teuer und zeitintensiv. FinCompare erm&ouml;glicht einen kostenlosen, &uuml;bersichtlichen und unabh&auml;ngigen Direktvergleich der f&uuml;hrenden Anbieter. Schnell, unkompliziert und transparent kann so das beste Angebot gefunden werden.</p>\r\n<p>Mit Hilfe der T&Uuml;V- zertifizierten Plattform u.a. zur Dokumenten&uuml;bertragung, k&ouml;nnen alle notwendigen Unterlagen zentral und mit wenigen Klicks beigebracht werden. Abschl&uuml;sse sind so noch taggleich m&ouml;glich.</p>\r\n<p>Nachfolgend gelangen Sie zum Angebot der FinCompare.</p>\r\n<p>Bitte beachten Sie zur Nutzung der Inhalte die <a href=\"http://demo-project.info/machinepilot/cms/datenschutz\">Datenschutzhinweise</a>. Weiterf&uuml;hrende Informationen zum Datenschutz der Firma FinCompare finden Sie unter <a href=\"https://fincompare.de/datenschutz\">https://fincompare.de/datenschutz.</a></p>\r\n<p>&nbsp;</p>\r\n<p>&nbsp;</p>', '{\"seo_title\":\"Finanzierung und Leasing\",\"keywords\":\"Finanzierung Leasing\",\"meta_desc\":\"Finanzierung Leasing\",\"crawl_after_day\":\"\",\"follow\":\"follow\",\"index\":\"index\"}', 1, '2019-04-08 10:23:53', '2019-12-22 04:01:31', 1, 1),
(58, 21, '', '', '', 2, '2019-04-08 10:23:53', '2019-04-08 10:23:53', 1, 1);
INSERT INTO `pages_text` (`PageTextID`, `PageID`, `Title`, `Content`, `Seo`, `SystemLanguageID`, `CreatedAt`, `UpdatedAt`, `CreatedBy`, `UpdatedBy`) VALUES
(59, 22, 'Impressum', '<p><strong>Impressum</strong></p>\r\n<p><strong>Angaben gem&auml;&szlig; &sect; 5 TMG</strong></p>\r\n<p>Artur Gerlitz<br /> MaschinenPilot<br /> M&ouml;rikestr. 2<br /> 72585 Riederich</p>\r\n<p><strong>Kontakt</strong></p>\r\n<p>Telefon: 07123 9570103<br /> E-Mail: info@maschinenpilot.de</p>\r\n<p><strong>Verantwortlich f&uuml;r den Inhalt nach &sect; 55 Abs. 2 RStV</strong></p>\r\n<p>MaschinenPilot<br /> Artur Gerlitz <br /> M&ouml;rikestr. 2<br /> 72585 Riederich</p>\r\n<p>Wir sind nicht bereit oder verpflichtet, an Streitbeilegungsverfahren vor einer Verbraucherschlichtungsstelle teilzunehmen.<br /><br />Umsatzsteuer-Identifikationsnummer gem&auml;&szlig; &sect;27 a Umsatzsteuergesetz: DE 815426049</p>\r\n<p><strong>Haftung f&uuml;r Inhalte</strong></p>\r\n<p>Als Diensteanbieter sind wir gem&auml;&szlig; &sect; 7 Abs.1 TMG f&uuml;r eigene Inhalte auf diesen Seiten nach den allgemeinen Gesetzen verantwortlich. Nach &sect;&sect; 8 bis 10 TMG sind wir als Diensteanbieter jedoch nicht verpflichtet, &uuml;bermittelte oder gespeicherte fremde Informationen zu &uuml;berwachen oder nach Umst&auml;nden zu forschen, die auf eine rechtswidrige T&auml;tigkeit hinweisen.</p>\r\n<p>Verpflichtungen zur Entfernung oder Sperrung der Nutzung von Informationen nach den allgemeinen Gesetzen bleiben hiervon unber&uuml;hrt. Eine diesbez&uuml;gliche Haftung ist jedoch erst ab dem Zeitpunkt der Kenntnis einer konkreten Rechtsverletzung m&ouml;glich. Bei Bekanntwerden von entsprechenden Rechtsverletzungen werden wir diese Inhalte umgehend entfernen.</p>\r\n<p><strong>Haftung f&uuml;r Links</strong></p>\r\n<p>Unser Angebot enth&auml;lt Links zu externen Websites Dritter, auf deren Inhalte wir keinen Einfluss haben. Deshalb k&ouml;nnen wir f&uuml;r diese fremden Inhalte auch keine Gew&auml;hr &uuml;bernehmen. F&uuml;r die Inhalte der verlinkten Seiten ist stets der jeweilige Anbieter oder Betreiber der Seiten verantwortlich. Die verlinkten Seiten wurden zum Zeitpunkt der Verlinkung auf m&ouml;gliche Rechtsverst&ouml;&szlig;e &uuml;berpr&uuml;ft. Rechtswidrige Inhalte waren zum Zeitpunkt der Verlinkung nicht erkennbar.</p>\r\n<p>Eine permanente inhaltliche Kontrolle der verlinkten Seiten ist jedoch ohne konkrete Anhaltspunkte einer Rechtsverletzung nicht zumutbar. Bei Bekanntwerden von Rechtsverletzungen werden wir derartige Links umgehend entfernen.</p>\r\n<p><strong>Urheberrecht</strong></p>\r\n<p>Die durch die Seitenbetreiber erstellten Inhalte und Werke auf diesen Seiten unterliegen dem deutschen Urheberrecht. Die Vervielf&auml;ltigung, Bearbeitung, Verbreitung und jede Art der Verwertung au&szlig;erhalb der Grenzen des Urheberrechtes bed&uuml;rfen der schriftlichen Zustimmung des jeweiligen Autors bzw. Erstellers. Downloads und Kopien dieser Seite sind nur f&uuml;r den privaten, nicht kommerziellen Gebrauch gestattet.</p>\r\n<p>Soweit die Inhalte auf dieser Seite nicht vom Betreiber erstellt wurden, werden die Urheberrechte Dritter beachtet. Insbesondere werden Inhalte Dritter als solche gekennzeichnet. Sollten Sie trotzdem auf eine Urheberrechtsverletzung aufmerksam werden, bitten wir um einen entsprechenden Hinweis. Bei Bekanntwerden von Rechtsverletzungen werden wir derartige Inhalte umgehend entfernen.</p>\r\n<p>&nbsp;</p>\r\n<p>&nbsp;</p>', '{\"seo_title\":\"\",\"keywords\":\"\",\"meta_desc\":\"\",\"crawl_after_day\":\"\",\"follow\":\"nofollow\",\"index\":\"noindex\"}', 1, '2019-06-05 13:56:13', '2019-10-31 09:23:58', 1, 1),
(60, 22, 'Site Notice ', '<p><strong>Site Notice Information pursuant to &sect; 5 TMG</strong></p>\r\n<p>Artur Gerlitz<br /> MaschinenPilot<br /> M&ouml;rikestr. 2<br /> 72585 Riederich</p>\r\n<p><strong>Contact</strong></p>\r\n<p>Phone: 07123 9570103<br /> <strong>E-mail: info@maschinenpilot.de</strong></p>\r\n<p>&nbsp;</p>\r\n<p><strong>Responsible for the content according to &sect; 55(2) RStV</strong></p>\r\n<p>MaschinenPilot<br /> Artur Gerlitz <br /> M&ouml;rikestr. 2<br /> 72585 Riederich</p>\r\n<p>We are not willing or obliged to participate in dispute resolution proceedings before a consumer arbitration board.</p>\r\n<p>VAT ID according to &sect;27 a sales tax law: DE 815426049</p>\r\n<p><strong>Liability for Contents</strong></p>\r\n<p>As service providers, we are liable for own contents of these websites according to Paragraph 7, Sect. 1 German Telemedia Act (TMG). However, according to Paragraphs 8 to 10 German Telemedia Act (TMG), service providers are not obligated to permanently monitor submitted or stored information or to search for evidences that indicate illegal activities.</p>\r\n<p>Legal obligations to removing information or to blocking the use of information remain unchallenged. In this case, liability is only possible at the time of knowledge about a specific violation of law. Illegal contents will be removed immediately at the time we get knowledge of them.</p>\r\n<p><strong>Liability for Links</strong></p>\r\n<p>Our offer includes links to external third party websites. We have no influence on the contents of those websites, therefore we cannot guarantee for those contents. Providers or administrators of linked websites are always responsible for their own contents.</p>\r\n<p>The linked websites had been checked for possible violations of law at the time of the establishment of the link. Illegal contents were not detected at the time of the linking. A permanent monitoring of the contents of linked websites cannot be imposed without reasonable indications that there has been a violation of law. Illegal links will be removed immediately at the time we get knowledge of them.</p>\r\n<p><strong>Copyright</strong></p>\r\n<p>Contents and compilations published on these websites by the providers are subject to German copyright laws. Reproduction, editing, distribution as well as the use of any kind outside the scope of the copyright law require a written permission of the author or originator. Downloads and copies of these websites are permitted for private use only.<br /> The commercial use of our contents without permission of the originator is prohibited.</p>\r\n<p>Copyright laws of third parties are respected as long as the contents on these websites do not originate from the provider. Contributions of third parties on this site are indicated as such. However, if you notice any violations of copyright law, please inform us. Such contents will be removed immediately.</p>', '{\"seo_title\":\"\",\"keywords\":\"\",\"meta_desc\":\"\",\"crawl_after_day\":\"\",\"follow\":\"follow\",\"index\":\"index\"}', 2, '2019-06-05 13:56:13', '2019-10-31 09:35:58', 1, 1),
(61, 23, 'Vielen Dank für Ihre Registrierung', '<h1>Vielen Dank f&uuml;r Ihre Registrierung und herzlich willkommen bei MaschinenPilot</h1>\r\n<p>Sie erhalten in K&uuml;rze einige E-Mails an die von Ihnen genannte E-Mail-Adresse mit weiteren Details:</p>\r\n<p>1. Um sich in Ihrem Konto bei MaschinenPilot anmelden zu k&ouml;nnen, muss die von Ihnen angegebene E-Mail-Adresse best&auml;tigt werden. Klicken Sie hierzu bitte den Link in der E-Mail.</p>\r\n<p>2. In einer weiteren E-Mail erhalten Sie Ihre Rechnung als PDF. Bitte achten Sie darauf, bei Zahlung Ihre Kundennummer sowie die Rechnungsnummer im Verwendungszweck anzugeben.</p>\r\n<p>&nbsp;</p>\r\n<p>Sie haben Fragen? Wenden Sie sich an den Support.</p>\r\n<p>Ihr MaschinenPilot-Team</p>\r\n<p>&nbsp;</p>', '{\"seo_title\":\"Vielen Dank f\\u00fcr Ihre Registrierung\",\"keywords\":\"Vielen Dank f\\u00fcr Ihre Registrierung\",\"meta_desc\":\"Vielen Dank f\\u00fcr Ihre Registrierung\",\"crawl_after_day\":\"\",\"follow\":\"nofollow\",\"index\":\"noindex\"}', 1, '2019-06-11 13:24:16', '2019-06-11 13:40:13', 1, 1),
(62, 23, 'Thank you for your registration', '<h1>Thank you for your registration and welcome to MaschinenPilot</h1>\r\n<p>You will receive two emails with more instructions:</p>\r\n<p>1. In order to log into your account at MaschinenPilot, your email has to be verified. Please click the link in the mail.</p>\r\n<p>2. Please find your invoice (PDF) attached to the second mail. Please make sure to&nbsp;send your customer no. as well as the invoice no. with the bank transfer.</p>\r\n<p>&nbsp;</p>\r\n<p>In case of any questions, please contact our support.</p>\r\n<p>Your MaschinenPilot-Team</p>', '{\"seo_title\":\"Thank you for your registration\",\"keywords\":\"Thank you for your registration\",\"meta_desc\":\"Thank you for your registration\",\"crawl_after_day\":\"\",\"follow\":\"nofollow\",\"index\":\"noindex\"}', 2, '2019-06-11 13:24:16', '2019-06-11 13:43:15', 1, 1),
(63, 24, 'CNC-Maschinen', '<h3>CNC-Maschinen und Ihre Bedeutung</h3>\r\n<p>Die schnell wachsende Massenproduktion unseres Industriezeitalters ist eng mit CNC Maschinen verbunden (CNC = Computerized Numerical Control). Vollst&auml;ndig computergesteuerte Werkzeugmaschinen ersetzten zunehmend die mechanischen aus fr&uuml;heren Zeiten und steigerten die Produktivit&auml;t.</p>\r\n<p>In nahezu jeder industriellen Fertigung ist es heute Standard, diese exakt auf eigene Werzeugmaschinen zugeschnittene Softwarel&ouml;sung zu verwenden, die normalerweise mit eigenem Betriebssystem arbeitet. Interessenten an CNC Maschinen finden nachfolgend viele interessante Informationen.<br /><br /></p>\r\n<p><strong>Sicherheit, hohe Produktivit&auml;t und gleichbleibende Qualit&auml;t beim Einsatz von CNC-Maschinen</strong></p>\r\n<p>Immer schnellere Taktungen der Prozessoren der CNC f&uuml;hrten zur schnelleren Signalverarbeitung und erlaubten Beschleunigungen bis an pysikalische Grenzen. Das f&uuml;hrte zu wachsenden Sicherheitserfordernissen, die heute f&uuml;r jeden Betrieb gelten. Sie sind bei allen Technologien zu beachten, die heute &uuml;ber <strong>CNC Maschinen</strong> gesteuert werden. Darunter fallen alle genannten Dreh- und Fr&auml;smaschinen oder Maschinen zum Schleifen, Lasern, Stanzen, Wasserstrahlschneiden, Gravieren, Bohren und viele mehr.</p>\r\n<p><strong>CNC Maschinen</strong> sind nicht zu verstehen als die einfache Anbindung eines Standard-Computers an eine konventionelle Werkstoffmaschine. Die passgenauen CNC Maschinen sind weit mehr: Sie sind eine exakt zugeschnittene Computerl&ouml;sung, die auf die Anwendung einer bestimmten Werkzeugmaschine abgestimmt ist und optimale Fertigungsergebnisse produziert.</p>\r\n<p>Im Zuge der digitalen Computertechnik steigerte sich die Produktivit&auml;t in hohem Ma&szlig;e, lie&szlig; ebenso die technischen Anforderungen an die Maschinenbauer wie die Anwender ansteigen. Zur Entwicklung dieser Software ist eine hohe Fachkenntnis notwendig, die idealerweise neben dem Informatikbereich auch Grundkenntnisse &uuml;ber den Ablauf der jeweiligen Industriefertigung umfasst.</p>\r\n<p>Der vollautomatisierte Ablauf mit permanenter Qualit&auml;tskontrolle produziert Gro&szlig;serienteile in konstant gleichbleibender hoher Qualit&auml;t. Hochwertige Rechnerprogramme erh&ouml;hen gleicherma&szlig;en die Bedienersicherheit, da sie zum Beispiel ein Fehlen von K&uuml;hlschmiermittel oder einen Werkzeugverschlei&szlig; sofort erkennen. Der menschliche Fehlerfaktor ist ausgeschlossen und aus diesem Grunde sind heute in der industriellen Fertigung nahezu alle fr&uuml;heren mechanisch gesteuerten Maschinen durch CNC Maschinen ersetzt.</p>\r\n<p>F&uuml;r im Grunde jede konventionelle Maschine sind entsprechende Umbaus&auml;tze erh&auml;ltlich, die eine problemlose Aufr&uuml;stung auf CNC erlauben. Ebenso bietet es sich an, durch den Kauf von gut gewarteten Gebrauchtmaschinen diese Aufr&uuml;stung kosteng&uuml;nstig zu erzielen. Diese Alternative zur teuren Neuanschaffung senkt die allgemeinen Produktionskosten deutlich.</p>\r\n<p><strong>Typische Ausf&uuml;hrungsformen von CNC-Werkzeugmaschinen</strong></p>\r\n<p><strong>Bearbeitungszentrum (BAZ):</strong> Ein solches BAZ bzw. Fertigungszentrum ist eine Werkzeugmaschine, welche sich f&uuml;r die Komplettbearbeitung eignet. Das bedeutet, dass sie die Funktionen von Fr&auml;smaschine, Drehmaschine und Bohrmaschine umfasst.</p>\r\n<p><strong>Fr&auml;sen/ Fr&auml;smaschine:</strong> Eine Fr&auml;smaschine tr&auml;gt mittels rotierender Schneidwerkzeuge das Material von einem Werkst&uuml;ck zerpanend ab, das hei&szlig;t auf mechanischem Weg in Form von Sp&auml;nen. Die fr&auml;senden CNC Maschinen sind durch drei oder mehr Bewegungsachsen gekennzeichnet, die dem Werkzeug oder dem Werkst&uuml;cktr&auml;ger zugeordnet sind.</p>\r\n<p><strong>Drehen/ Drehmaschine:</strong> Das Fertigungsverfahren Drehen dient zur Herstellung rotationssymetrischer Werkst&uuml;cke (Drehteile). Diese Rotationsk&ouml;rper sind im einfachsten Fall zylindrische Drehteile, in komplexeren Formen Kegel- oder Kugelfl&auml;chen. Falls die Mitte der Bohrung mit der Drehachse zusammenf&auml;llt, kann auf einer CNC-Maschine zum Drehen auch gebohrt werden.</p>\r\n<p><strong>Bohren/ Bohrmaschine:</strong> Bei der Bohrmaschine, dem Ger&auml;t zum Bohren, Senken oder Reiben, denken die meisten an das &uuml;bliche angetriebene Handwerkzeug. &Uuml;ber CNC Maschinen wird heute ebenfalls gebohrt, das hei&szlig;t &uuml;ber computergesteuerte Maschinen zur Fertigung von Werkst&uuml;cken, die nicht ohne weiteres mit der bekannten Bohrmaschine aus dem Handwerkskasten im Keller zu vergleichen sind.</p>\r\n<p><strong>Schleifen/ Schleifmaschine:</strong> Schleifmaschinen sind grunds&auml;tzlich Werkzeuge zum Gl&auml;tten von Oberfl&auml;chen. Fr&uuml;her betrieb man sie mit Hand und Fu&szlig;, heute normalerweise &uuml;ber elektrische Energie und h&ouml;chste Formen der Automatisierung, zum Beispiel &uuml;ber CNC Maschinen zum Schleifen.</p>\r\n<p><strong>Laserschneidanlage</strong>: Das Durchtrennen von Festk&ouml;rpern mittels kontinuierlicher oder gepulster, das hei&szlig;t zeitlich abgegrenzter Laserstrahlung, hei&szlig;t Laserschneiden. Das Verfahren dieser CNC Maschinen findet Anwendung zum Beispiel bei komplexen zwei- oder dreidimensionalen Umrissen, bei &auml;u&szlig;erst pr&auml;zisen und schnellen Verarbeitungen oder falls eine ber&uuml;hrungslose und nahezu kraftfreie Bearbeitung erforderlich ist.</p>\r\n<p><strong>Wasserstrahlschneidanlage:</strong> Hier erfolgt eine Trennung von Werkst&uuml;cken &uuml;ber das sogenannte Wasserstrahlschneiden. Dieses Fertigungsverfahren aus der Hauptgruppe des Trennens wird in CNC Maschinen zum Beispiel zum S&auml;ubern von Oberfl&auml;chen oder zum Gussputzen eingesetzt.</p>\r\n<p><strong>Gravieren/ Graviermaschine:</strong> Heute wird in der Drucktechnik eine moderne CNC Graviermaschine eingesetzt. Sie bringt Schriften oder Grafiken auf einen metallischen K&ouml;rper. Die Pr&auml;gung von Taschent&uuml;chern erfolgt mit einer Walze, deren Mantelfl&auml;che ebenfalls mittels einer solchen Graviermaschine bearbeitet wird.</p>\r\n<p><strong>Bands&auml;ge:</strong> Dahinter stecken CNC Maschinen, deren Werkzeug aus einem Bands&auml;geblatt besteht, das zu einem geschlossenen Ring verschwei&szlig;t ist. Bands&auml;gen finden Verwendung beim S&auml;gen unterschiedlicher Materialien, zum Beispiel H&ouml;lzer, Kunststoffe, Metalle oder Textilien, Leder und &auml;hnliche Stoffe.</p>\r\n<p><strong>Tafelschere:</strong> Diese motorisch oder handbetriebenen Werkzeugmaschine, ebenso als Schlagschere bekannt, schneidet zum Beispiel Blechtafeln, Kunststoffplatten oder Pappkartonagen. &Uuml;ber eine CNC Tafelschere sind lange und gerade Schnitte durchzuf&uuml;hren, deren Schnittl&auml;nge normalerweise bei 2 Metern liegt und problemlos bis zu 15 Metern erweiterbar ist.</p>\r\n<p><strong>Erodiermaschine:</strong> Die Bearbeitung von elektrisch leitenden Materialien erfolgt &uuml;ber CNC Maschinen, die ein Funkenerosionsverfahren gebrauchen. Dieses Funkenerodieren ist ein thermisches Fertigungsverfahren f&uuml;r leitf&auml;hige Materialien. Es beruht auf elektischen Entladevorg&auml;ngen (Funken), die zwischen der Elektrode als Werkzeug und dem leitenden Werkst&uuml;ck erfolgen.</p>\r\n<p><strong>Maschinen zur Blechbearbeitung: </strong>Hierunter fallen zerteilende und umformende Maschinen f&uuml;r alle Arten von Blech. Blechzuschnitte werden zum Beispiel durch Biegen, Falzen oder Richten weiterverarbeitet. Je nach gew&auml;hlter Bearbeitungsstrategie sind hier diverse CNC Maschinen zur Blechbearbeitung im Einsatz.</p>\r\n<p><strong>Drahtwickelmaschine</strong>: Diese spezielleren CNC Maschinen, zum Beispiel f&uuml;r die Draht-, Kabel- und Elektroindustrie, f&uuml;r diverse Walzapparate und Walzmaschinen oder f&uuml;r alle m&ouml;glichen angetriebenen Rollenmaschinen, eignen sich generell f&uuml;r das Formen und Schneiden von separaten Federprodukten aus der Drahtspule.</p>\r\n<p><strong>Drahtfeder:</strong> Eigene CNC Maschinen dienen zur organisierten Fertigung verschiedener Drahtfedern, die als Oberbegriff dienen f&uuml;r beispielsweise Druck-, Zug- und Schenkelfedern, Spannringe, Mikrofedern oder Kupferspulen, bis hin zu Kontakt- und Ringfedern.</p>\r\n<p>&nbsp;</p>', '{\"seo_title\":\"CNC-Maschinen\",\"keywords\":\"CNC-Maschinen, \",\"meta_desc\":\"\",\"crawl_after_day\":\"\",\"follow\":\"follow\",\"index\":\"index\"}', 1, '2019-07-06 08:17:18', '2019-07-11 09:38:02', 1, 1),
(64, 24, '', '', '', 2, '2019-07-06 08:17:18', '2019-07-06 08:17:18', 1, 1),
(65, 25, 'Wie erstelle ich ein Inserat', '<h2>Wie erstelle ich ein Inserat?</h2>\r\n<p>Die Erstellung eines Eintrags (oder Inserates) ist ganz einfach. ....</p>', '{\"seo_title\":\"Wie erstelle ich ein Inserat\",\"keywords\":\"\",\"meta_desc\":\"Wie erstelle ich ein Inserat\",\"crawl_after_day\":\"\",\"follow\":\"follow\",\"index\":\"index\"}', 1, '2019-12-13 13:34:35', '2019-12-13 13:36:28', 1, 1),
(66, 25, 'How to create an Ad', '<h2>How to create an Ad<br /><br /></h2>\r\n<p>Creating an ad is easy. Here\'s a quick guide.</p>', '{\"seo_title\":\"How to create an Ad\",\"keywords\":\"How to create an Ad\",\"meta_desc\":\"\",\"crawl_after_day\":\"\",\"follow\":\"follow\",\"index\":\"index\"}', 2, '2019-12-13 13:34:35', '2019-12-13 13:36:08', 1, 1);

-- --------------------------------------------------------

--
-- Table structure for table `roles`
--

CREATE TABLE `roles` (
  `RoleID` int(11) NOT NULL,
  `SortOrder` int(11) NOT NULL,
  `Hide` tinyint(4) NOT NULL DEFAULT '0',
  `IsActive` tinyint(4) NOT NULL,
  `CreatedBy` datetime NOT NULL,
  `UpdatedBy` datetime NOT NULL,
  `CreatedAt` datetime NOT NULL,
  `UpdatedAt` datetime NOT NULL
) ENGINE=InnoDB DEFAULT CHARSET=utf8;

--
-- Dumping data for table `roles`
--

INSERT INTO `roles` (`RoleID`, `SortOrder`, `Hide`, `IsActive`, `CreatedBy`, `UpdatedBy`, `CreatedAt`, `UpdatedAt`) VALUES
(1, 0, 0, 1, '0000-00-00 00:00:00', '0000-00-00 00:00:00', '2018-04-03 00:00:00', '2018-04-03 00:00:00'),
(2, 1, 1, 1, '0000-00-00 00:00:00', '0000-00-00 00:00:00', '2018-05-02 11:37:19', '2018-05-02 12:03:34'),
(3, 2, 0, 1, '0000-00-00 00:00:00', '0000-00-00 00:00:00', '2018-05-04 17:33:54', '2018-06-27 13:41:29'),
(4, 3, 0, 1, '0000-00-00 00:00:00', '0000-00-00 00:00:00', '2018-11-08 14:14:49', '2018-12-11 14:08:30'),
(5, 4, 0, 1, '0000-00-00 00:00:00', '0000-00-00 00:00:00', '2019-12-04 14:28:36', '2019-12-04 14:28:36');

-- --------------------------------------------------------

--
-- Table structure for table `roles_text`
--

CREATE TABLE `roles_text` (
  `RoleTextID` int(11) NOT NULL,
  `RoleID` int(11) NOT NULL,
  `Title` varchar(255) NOT NULL,
  `SystemLanguageID` int(11) NOT NULL,
  `CreatedAt` datetime NOT NULL,
  `UpdatedAt` datetime NOT NULL,
  `CreatedBy` int(11) NOT NULL,
  `UpdatedBy` int(11) NOT NULL
) ENGINE=InnoDB DEFAULT CHARSET=utf8;

--
-- Dumping data for table `roles_text`
--

INSERT INTO `roles_text` (`RoleTextID`, `RoleID`, `Title`, `SystemLanguageID`, `CreatedAt`, `UpdatedAt`, `CreatedBy`, `UpdatedBy`) VALUES
(1, 1, 'Admin', 1, '0000-00-00 00:00:00', '0000-00-00 00:00:00', 0, 0),
(2, 2, 'Super Admin', 1, '2018-05-02 11:37:19', '2018-05-02 12:03:34', 1, 1),
(3, 2, 'Super Admin', 2, '2018-05-02 11:37:28', '2018-05-02 11:37:28', 1, 1),
(4, 3, 'Front Users', 1, '2018-05-04 17:33:54', '2018-06-27 13:41:29', 1, 1),
(5, 4, 'Dealer', 1, '2018-11-08 14:14:49', '2018-12-11 14:08:30', 1, 1),
(6, 1, 'Admin', 2, '2019-07-18 08:15:03', '2019-07-18 08:15:03', 1, 1),
(7, 4, 'Dealer', 2, '2019-07-18 08:15:15', '2019-07-18 08:15:15', 1, 1),
(8, 3, 'Front Users', 2, '2019-07-18 08:15:28', '2019-07-18 08:15:28', 1, 1),
(9, 5, 'Organisation', 1, '2019-12-04 14:28:36', '2019-12-04 14:28:36', 1, 1),
(10, 5, 'Organisation', 2, '2019-12-04 14:28:36', '2019-12-04 14:28:53', 1, 1);

-- --------------------------------------------------------

--
-- Table structure for table `site_documents`
--

CREATE TABLE `site_documents` (
  `SiteDocumentID` int(11) NOT NULL,
  `DocumentType` varchar(50) NOT NULL,
  `UserID` int(11) NOT NULL,
  `path` varchar(255) NOT NULL,
  `created_at` timestamp NULL DEFAULT CURRENT_TIMESTAMP
) ENGINE=InnoDB DEFAULT CHARSET=latin1;

--
-- Dumping data for table `site_documents`
--

INSERT INTO `site_documents` (`SiteDocumentID`, `DocumentType`, `UserID`, `path`, `created_at`) VALUES
(5, 'businessRegistration', 2, 'uploads/documents/2/Muster-Gewerbeanmeldung.pdf', '2019-12-21 05:09:13'),
(6, 'taxCertificate', 2, 'uploads/documents/2/Muster-Steuerbescheinigung.pdf', '2019-12-21 05:09:13'),
(7, 'businessRegistration', 5, 'uploads/documents/5/Amtlicher_Handelsregisterauszug_vom_15.09.2014.pdf', '2020-05-29 10:17:58'),
(8, 'taxCertificate', 5, 'uploads/documents/5/Bescheinigung_über_die_Erfasung_als_Steuerpflichtiger.pdf', '2020-06-02 07:52:49'),
(9, 'businessRegistration', 6, 'uploads/documents/6/Antrag_Gewerbe-Ummeldung-blanko-180119.pdf', '2020-06-03 15:03:42');

-- --------------------------------------------------------

--
-- Table structure for table `site_images`
--

CREATE TABLE `site_images` (
  `SiteImageID` int(11) NOT NULL,
  `ImageType` varchar(50) NOT NULL,
  `FileID` int(11) NOT NULL,
  `ImageName` varchar(255) NOT NULL
) ENGINE=InnoDB DEFAULT CHARSET=utf8;

--
-- Dumping data for table `site_images`
--

INSERT INTO `site_images` (`SiteImageID`, `ImageType`, `FileID`, `ImageName`) VALUES
(5, 'EmailFile', 2, 'uploads/email_templates/477024079201807040157553.jpg'),
(6, 'EmailFile', 2, 'uploads/email_templates/1068459207201807040157554.jpg'),
(36, 'Category', 8, 'uploads/category/36534854120181114102901about-img.jpg'),
(37, 'Category', 9, 'uploads/category/120751565720181114104412bg-jobs.jpg'),
(38, 'Category', 10, 'uploads/category/2765062120181114100614product-img-5.jpg'),
(39, 'Category', 11, 'uploads/category/78463267620181114100415product-img-3.jpg'),
(40, 'Category', 12, 'uploads/category/70037515320181114101115product-img-3.jpg'),
(41, 'Category', 13, 'uploads/category/6660720420181114103815product-img-3.jpg'),
(42, 'Category', 15, 'uploads/category/107795719320181114122017product-img-3.jpg'),
(59, 'MachineFile', 6, 'uploads/posts/2074974120181203015742photo2.png'),
(60, 'MachineFile', 6, 'uploads/posts/106601050820181203015742photo4.jpg'),
(61, 'MachineFile', 7, 'uploads/posts/57222654620181203035204avatar.png'),
(62, 'MachineFile', 7, 'uploads/posts/8593709020181203035204avatar2.png'),
(73, 'MachineFile', 3, 'uploads/posts/74430333820181218101638Phase_1_Modules.docx'),
(81, 'Category', 1, 'uploads/category/81498170920181219035324about-img.jpg'),
(82, 'MachineFile', 6, 'uploads/posts/5261464742018122004590585653539720181026044205about-img.jpg'),
(83, 'PagesFiles', 1, 'uploads/pages/9797866052018122005480085653539720181026044205about-img.jpg'),
(84, 'PagesFiles', 1, 'uploads/pages/7171821362018122110280027815999920181130122729dylan.jpg'),
(85, 'PagesFiles', 1, 'uploads/pages/73398911820181221120128102223072920181204080952avatar2.png'),
(86, 'PagesFiles', 1, 'uploads/pages/370950869201812211203591188371279201812121238352401309542018111301021920170822013545umzugskarton-umzugsportal-gross.jpg'),
(87, 'PagesFiles', 1, 'uploads/pages/2012114732018122112035929945626420181203100740avatar.png'),
(88, 'Category', 2, 'uploads/category/1286742035720190304090653Alu_U-Profil.jpg'),
(89, 'MachineFile', 1, 'uploads/posts/6389684977520190305025752Deckel-Moho-DMC-60T-RS3-5.jpg'),
(90, 'MachineFile', 1, 'uploads/posts/7328896109720190305025752Deckel-Moho-DMC-60T-RS3-7.jpg'),
(91, 'MachineFile', 1, 'uploads/posts/2542328211120190305025752Deckel-Moho-DMC-60T-RS3-9.jpg'),
(92, 'MachineFile', 1, 'uploads/posts/6072287914920190305025752Deckel-Moho-DMC-60T-RS3-12.jpg'),
(93, 'MachineFile', 2, 'uploads/posts/5418820028920190305030701EiMa-Gamma-S-5.jpg'),
(94, 'MachineFile', 2, 'uploads/posts/4223936963920190305035802EiMa-Gamma-S-3.jpg'),
(95, 'MachineFile', 2, 'uploads/posts/6649354086020190305034703EiMa-Gamma-S-3.jpg'),
(103, 'MachineFile', 3, 'uploads/posts/6925752232820190313125611Deckel-Maho-DMU-125-P-hi-dyn-1.jpg'),
(104, 'MachineFile', 4, 'uploads/posts/231618935920190313125845SW-BAW-04-42-1.jpg'),
(105, 'MachineFile', 5, 'uploads/posts/516324400120190313044634Deckel-Maho-DMU-70-eVolution_1.jpg'),
(106, 'MachineFile', 5, 'uploads/posts/1961725417520190313044634Deckel-Maho-DMU-70-eVolution_2.jpg'),
(107, 'MachineFile', 6, 'uploads/posts/4867562978520190314021749Deckel-Maho-DMU-70-eVolution_2.jpg'),
(108, 'MachineFile', 7, 'uploads/posts/6521332267120190315104039Deckel-Maho-DMF-360-11.jpg'),
(109, 'MachineFile', 8, 'uploads/posts/1859784139220190315114603dummy+logo.jpg'),
(110, 'MachineFile', 9, 'uploads/posts/3232497555720190315111710dummy+logo.jpg'),
(111, 'MachineFile', 10, 'uploads/posts/8941429549520190319124926astrology-astronomy-background-image-956981.jpg'),
(112, 'MachineFile', 11, 'uploads/posts/5906076612420190320120503astrology-astronomy-background-image-956981.jpg'),
(114, 'MachineFile', 12, 'uploads/posts/6924923425620190321105541Gildemeister-CTX-400-S2-1.jpg'),
(116, 'MachineFile', 12, 'uploads/posts/235445008920190321101353EmcoMill-1200-2.jpg'),
(119, 'MachineFile', 13, 'uploads/posts/450512850920190321114734Gildemeister-CTX-500-S2-5.jpg'),
(120, 'MachineFile', 15, 'uploads/posts/4703741784720190322024559350x150.png'),
(121, 'MachineFile', 16, 'uploads/posts/74005062078201904020322506111.jpg'),
(122, 'PagesFiles', 1, 'uploads/pages/2308133240620190415032734new-banner.jpg'),
(124, 'EmailFile', 13, 'uploads/email_templates/21737164121201904190436371.png'),
(125, 'EmailFile', 13, 'uploads/email_templates/9591212327420190419043637API_Cart_Design.docx'),
(126, 'MachineFile', 17, 'uploads/posts/3376949244220190419053609new-banner.jpg'),
(127, 'MachineFile', 20, 'uploads/posts/6875460758320190506030503wardrobe-design-with-mirror.jpg'),
(128, 'MachineFile', 21, 'uploads/posts/1218380502220190506053310wardrobe-design-with-mirror.jpg'),
(129, 'MachineFile', 22, 'uploads/posts/6480022079220190520110432EiMa-Gamma-S-3.jpg'),
(130, 'MachineFile', 22, 'uploads/posts/7794704936920190520111632EiMa-Gamma-S-5.jpg'),
(131, 'MachineFile', 23, 'uploads/posts/5623805687920190520125026Deckel-Maho-DMU-125-P-hi-dyn-1.jpg'),
(132, 'MachineFile', 23, 'uploads/posts/2219439456720190520120327Deckel-Maho-DMU-125-P-hi-dyn-2.jpg'),
(134, 'MachineFile', 23, 'uploads/posts/4738728958020190520121629Deckel-Maho-DMU-125-P-hi-dyn-3.jpg'),
(135, 'MachineFile', 23, 'uploads/posts/9225942146820190520122829Deckel-Maho-DMU-125-P-hi-dyn-4.jpg'),
(136, 'MachineFile', 24, 'uploads/posts/5775448592320190520125234Deckel-Maho-DMF-360-7.jpg'),
(137, 'MachineFile', 24, 'uploads/posts/1693833928520190520120535Deckel-Maho-DMF-360-9.jpg'),
(138, 'MachineFile', 24, 'uploads/posts/4262187910720190520121535Deckel-Maho-DMF-360-11.jpg'),
(139, 'MachineFile', 24, 'uploads/posts/2146742393420190520122535Deckel-Maho-DMF-360-12.jpg'),
(140, 'MachineFile', 24, 'uploads/posts/3706208763420190520123435Deckel-Maho-DMF-360-13.jpg'),
(141, 'MachineFile', 25, 'uploads/posts/9548545108920190520122040Deckel-Maho-DMU-70-eVolution.jpg'),
(142, 'MachineFile', 25, 'uploads/posts/1001050042020190520122740Deckel-Maho-DMU-70-eVolution_1.jpg'),
(143, 'MachineFile', 25, 'uploads/posts/196343139420190520123740Deckel-Maho-DMU-70-eVolution_2.jpg'),
(144, 'MachineFile', 25, 'uploads/posts/6669703159220190520124640Deckel-Maho-DMU-70-eVolution-4.jpg'),
(145, 'MachineFile', 25, 'uploads/posts/7896541527220190520125440Deckel-Maho-DMU-70-eVolution-7.jpg'),
(146, 'MachineFile', 25, 'uploads/posts/8878928594420190520120141Deckel-Maho-DMU-70-eVolution-8.jpg'),
(147, 'MachineFile', 25, 'uploads/posts/42485122720190520125241Deckel-Maho-DMU-70-eVolution-8.jpg'),
(148, 'MachineFile', 26, 'uploads/posts/5348074712420190520122149Deckel-Maho-DMC-60T-RS3-2.jpg'),
(149, 'MachineFile', 26, 'uploads/posts/2125032582220190520122949Deckel-Maho-DMC-60T-RS3-5.jpg'),
(150, 'MachineFile', 26, 'uploads/posts/8690698350320190520123949Deckel-Maho-DMC-60T-RS3-7.jpg'),
(151, 'MachineFile', 26, 'uploads/posts/2658439758820190520124949Deckel-Maho-DMC-60T-RS3-9.jpg'),
(152, 'MachineFile', 26, 'uploads/posts/3303694170420190520125649Deckel-Maho-DMC-60T-RS3-10.jpg'),
(153, 'MachineFile', 26, 'uploads/posts/3298537874920190520120550Deckel-Maho-DMC-60T-RS3-12.jpg'),
(154, 'MachineFile', 26, 'uploads/posts/7028536052120190520121350Deckel-Maho-DMC-60T-RS3-14.jpg'),
(155, 'MachineFile', 27, 'uploads/posts/6877762715520190520122853SW-BA-400-4-1.jpg'),
(156, 'MachineFile', 27, 'uploads/posts/1262176424920190520123553SW-BA-400-4-3.jpg'),
(157, 'MachineFile', 27, 'uploads/posts/5020014903420190520124153SW-BA-400-4-8.jpg'),
(158, 'MachineFile', 27, 'uploads/posts/4172670662320190520124853SW-BA-400-4-10.jpg'),
(159, 'MachineFile', 27, 'uploads/posts/878511662320190520125653SW-BA-400-4-13.jpg'),
(162, 'MachineFile', 28, 'uploads/posts/7952689370820190520011903SW-BAW-04-42-1.jpg'),
(163, 'MachineFile', 28, 'uploads/posts/5611688610220190520012603SW-BAW-04-42-2.jpg'),
(164, 'MachineFile', 28, 'uploads/posts/3873485980420190520013303SW-BAW-04-42-4.jpg'),
(165, 'MachineFile', 28, 'uploads/posts/1070968260020190520014103SW-BAW-04-42-5.jpg'),
(166, 'MachineFile', 28, 'uploads/posts/3954718527820190520014903SW-BAW-04-42-7.jpg'),
(169, 'MachineFile', 28, 'uploads/posts/9426070657320190604013231SW-BAW-04-42-10.jpg'),
(170, 'MachineFile', 22, 'uploads/posts/8390326650120190625011049SW-BAW-04-42-1.pdf'),
(171, 'MachineFile', 28, 'uploads/posts/3436386477720190625010152SW-BAW-04-42-1.pdf'),
(172, 'PagesFiles', 1, 'uploads/pages/9594657409920190707090126druckmaschinen.jpg'),
(173, 'PagesFiles', 1, 'uploads/pages/4438119348620190707090327Lagertechnik.jpg'),
(174, 'PagesFiles', 1, 'uploads/pages/7404781665420190707095327druckmaschinen.jpg'),
(175, 'PagesFiles', 1, 'uploads/pages/5474814129020190707104302druckmaschinen.jpg'),
(176, 'MachineFile', 33, 'uploads/posts/114116683620190715080330Elektrostapler.jpg'),
(177, 'PagesFiles', 1, 'uploads/pages/8924010359220190715123818K1-Maschinenpilot.jpg'),
(178, 'PagesFiles', 1, 'uploads/pages/2776780810320190717041349Sortier-und-Lebensmittelmaschinen-gebraucht.jpg'),
(179, 'MachineFile', 34, 'uploads/posts/5300309419920190718111655DMG_Mori_DMC_85_monoblock_RS3_(1).jpg'),
(180, 'MachineFile', 34, 'uploads/posts/6497230390820190718111655DMG_Mori_DMC_85_monoblock_RS3_(2).jpg'),
(181, 'MachineFile', 34, 'uploads/posts/4727618796320190718111655DMG_Mori_DMC_85_monoblock_RS3_(3).jpg'),
(182, 'MachineFile', 34, 'uploads/posts/6828721556020190718111655DMG_Mori_DMC_85_monoblock_RS3_(4).jpg'),
(183, 'MachineFile', 34, 'uploads/posts/7547363492520190718111655DMG_Mori_DMC_85_monoblock_RS3_(7).jpg'),
(184, 'MachineFile', 35, 'uploads/posts/5052752833220190813015035Gildemeister_CTX_400_Serie_2_(1).jpg'),
(185, 'MachineFile', 35, 'uploads/posts/1731024061420190813015035Gildemeister_CTX_400_Serie_2_(2).jpg'),
(186, 'MachineFile', 35, 'uploads/posts/3029067764420190813015135Gildemeister_CTX_400_Serie_2_(3).jpg'),
(218, 'MachineFile', 44, 'uploads/posts/6741215506720190826052501WhatsApp_Image_2019-08-26_at_11.22.04(1).jpeg'),
(219, 'MachineFile', 44, 'uploads/posts/6576941131520190826052501WhatsApp_Image_2019-08-26_at_11.22.04(2).jpeg'),
(220, 'MachineFile', 44, 'uploads/posts/2622225790120190826052501WhatsApp_Image_2019-08-26_at_11.22.04(3).jpeg'),
(221, 'MachineFile', 44, 'uploads/posts/1025213345920190826052601WhatsApp_Image_2019-08-26_at_11.22.04(4).jpeg'),
(222, 'MachineFile', 44, 'uploads/posts/3694906391620190826052601WhatsApp_Image_2019-08-26_at_11.22.04(6).jpeg'),
(223, 'MachineFile', 44, 'uploads/posts/5728272629120190826052601WhatsApp_Image_2019-08-26_at_11.22.04(7).jpeg'),
(224, 'MachineFile', 44, 'uploads/posts/5682966320120190826052601WhatsApp_Image_2019-08-26_at_11.22.04(8).jpeg'),
(225, 'MachineFile', 44, 'uploads/posts/3998507169820190826052601WhatsApp_Image_2019-08-26_at_11.22.04(10).jpeg'),
(226, 'MachineFile', 45, 'uploads/posts/6411246728020190826050402WhatsApp_Image_2019-08-26_at_11.22.04(1).jpeg'),
(227, 'MachineFile', 45, 'uploads/posts/6703019945720190826050402WhatsApp_Image_2019-08-26_at_11.22.04(2).jpeg'),
(228, 'MachineFile', 45, 'uploads/posts/1098280494620190826050402WhatsApp_Image_2019-08-26_at_11.22.04(3).jpeg'),
(229, 'MachineFile', 45, 'uploads/posts/1164537002620190826050502WhatsApp_Image_2019-08-26_at_11.22.04(4).jpeg'),
(230, 'MachineFile', 45, 'uploads/posts/756133346120190826050502WhatsApp_Image_2019-08-26_at_11.22.04(6).jpeg'),
(231, 'MachineFile', 45, 'uploads/posts/1470835372020190826050502WhatsApp_Image_2019-08-26_at_11.22.04(7).jpeg'),
(232, 'MachineFile', 45, 'uploads/posts/9502462780120190826050502WhatsApp_Image_2019-08-26_at_11.22.04(8).jpeg'),
(233, 'MachineFile', 45, 'uploads/posts/884583631520190826050502WhatsApp_Image_2019-08-26_at_11.22.04(10).jpeg'),
(234, 'MachineFile', 46, 'uploads/posts/505604465442019083007525969562850_765686060554519_7974251141787549696_n.jpg'),
(235, 'MachineFile', 47, 'uploads/posts/827041331372019083008260069562850_765686060554519_7974251141787549696_n.jpg'),
(242, 'MachineFile', 36, 'uploads/posts/87510307220190926110556Gildemeister_CTX_400_Serie_2-1.jpg'),
(243, 'MachineFile', 36, 'uploads/posts/89318006120190926110556Gildemeister_CTX_400_Serie_2-2.jpg'),
(244, 'MachineFile', 36, 'uploads/posts/50522263420190926110556Gildemeister_CTX_400_Serie_2-3.jpg'),
(245, 'MachineFile', 37, 'uploads/posts/56892727520190926113457Emag_VL_3.jpg'),
(246, 'MachineFile', 38, 'uploads/posts/35647750620190926113958EMAG_VL_5.jpg'),
(247, 'MachineFile', 39, 'uploads/posts/40159671320190926120900Gildemeister_CTX_500_(2).jpg'),
(248, 'MachineFile', 39, 'uploads/posts/22225496720190926120900Gildemeister_CTX_500_(8).jpg'),
(249, 'MachineFile', 39, 'uploads/posts/90692402820190926120900Gildemeister_CTX_500_(10).jpg'),
(250, 'MachineFile', 39, 'uploads/posts/69283659220190926120900Gildemeister_CTX_500_(11).jpg'),
(251, 'MachineFile', 40, 'uploads/posts/59329305620190926124602DMG_Gildemeister_CTX_800_Beta_4A_(1).jpg'),
(252, 'MachineFile', 40, 'uploads/posts/18997491720190926124602DMG_Gildemeister_CTX_800_Beta_4A_(2).jpg'),
(253, 'MachineFile', 40, 'uploads/posts/17251041620190926124602DMG_Gildemeister_CTX_800_Beta_4A_(10).jpg'),
(254, 'MachineFile', 40, 'uploads/posts/79868615720190926124602DMG_Gildemeister_CTX_800_Beta_4A_(12).jpg'),
(255, 'MachineFile', 40, 'uploads/posts/28240102820190926124602DMG_Gildemeister_CTX_800_Beta_4A_(13).jpg'),
(256, 'MachineFile', 41, 'uploads/posts/90178076920190926123204SW_BA_04-42_(2).jpg'),
(257, 'MachineFile', 41, 'uploads/posts/10295090120190926123204SW_BA_04-42_(3).jpg'),
(258, 'MachineFile', 41, 'uploads/posts/474969720190926123204SW_BA_04-42_(8).jpg'),
(259, 'MachineFile', 42, 'uploads/posts/24696406220190926121706DMG_Mori_DMC_85_monoblock_RS3_(1).jpg'),
(260, 'MachineFile', 42, 'uploads/posts/23314836420190926121706DMG_Mori_DMC_85_monoblock_RS3_(2).jpg'),
(261, 'MachineFile', 42, 'uploads/posts/34753059120190926121706DMG_Mori_DMC_85_monoblock_RS3_(3).jpg'),
(262, 'MachineFile', 42, 'uploads/posts/12767981020190926121706DMG_Mori_DMC_85_monoblock_RS3_(4).jpg'),
(263, 'MachineFile', 42, 'uploads/posts/66448981820190926121706DMG_Mori_DMC_85_monoblock_RS3_(8).jpg'),
(264, 'MachineFile', 43, 'uploads/posts/20289839920190926121109Spinner_VC_450-2.jpg'),
(265, 'MachineFile', 43, 'uploads/posts/5292863820190926121109Spinner_VC_450-3.jpg'),
(266, 'MachineFile', 43, 'uploads/posts/88640296620190926121109Spinner_VC_450-6.jpg'),
(267, 'MachineFile', 43, 'uploads/posts/94090833920190926121109Spinner_VC_450-9.jpg'),
(268, 'MachineFile', 43, 'uploads/posts/83025249220190926121109Spinner_VC_450-10.jpg'),
(269, 'MachineFile', 49, 'uploads/posts/33603394520190926121311MaxMill_QMC_1050_(4).jpg'),
(270, 'MachineFile', 49, 'uploads/posts/17665610520190926121311MaxMill_QMC_1050_(5).jpg'),
(271, 'MachineFile', 49, 'uploads/posts/74670165620190926121311MaxMill_QMC_1050_(7).jpg'),
(272, 'MachineFile', 49, 'uploads/posts/13705439520190926121311MaxMill_QMC_1050_(8).jpg'),
(273, 'MachineFile', 49, 'uploads/posts/18550902920190926121311MaxMill_QMC_1050_(9).jpg'),
(274, 'MachineFile', 49, 'uploads/posts/50971050720190926121311MaxMill_QMC_1050_(10).jpg'),
(275, 'MachineFile', 50, 'uploads/posts/83741604920190926012734SW_BA_04-42_(8).jpg'),
(276, 'MachineFile', 51, 'uploads/posts/43531154120190928072503Hermle_C_800_U_(1).jpg'),
(277, 'MachineFile', 51, 'uploads/posts/71282366620190928072503Hermle_C_800_U_(4).jpg'),
(278, 'MachineFile', 51, 'uploads/posts/28651015720190928072503Hermle_C_800_U_(5).jpg'),
(279, 'MachineFile', 52, 'uploads/posts/99859904020191004115112WhatsApp_Image_2019-09-10_at_15.19.38(2).jpeg'),
(280, 'MachineFile', 52, 'uploads/posts/45045335520191004115112WhatsApp_Image_2019-09-10_at_15.19.38.jpeg'),
(281, 'MachineFile', 52, 'uploads/posts/56105160920191004115112WhatsApp_Image_2019-09-10_at_15.19.39(1).jpeg'),
(282, 'MachineFile', 52, 'uploads/posts/4601642920191004115112WhatsApp_Image_2019-09-10_at_15.19.39(2).jpeg'),
(283, 'MachineFile', 52, 'uploads/posts/68879283020191004115112WhatsApp_Image_2019-09-10_at_15.19.39(3).jpeg'),
(284, 'MachineFile', 52, 'uploads/posts/21672461720191004115112WhatsApp_Image_2019-09-10_at_15.19.39(4).jpeg'),
(285, 'MachineFile', 52, 'uploads/posts/39479511420191004115112WhatsApp_Image_2019-09-10_at_15.19.39(5).jpeg'),
(286, 'MachineFile', 52, 'uploads/posts/19663511620191004115112WhatsApp_Image_2019-09-10_at_15.19.39.jpeg'),
(287, 'MachineFile', 52, 'uploads/posts/20776841720191004115112WhatsApp_Image_2019-09-10_at_15.19.40(1).jpeg'),
(288, 'MachineFile', 52, 'uploads/posts/14696323020191004115112WhatsApp_Image_2019-09-10_at_15.19.40.jpeg'),
(289, 'MachineFile', 53, 'uploads/posts/55290082820191106064101SW_BA400-4_(8).jpg'),
(290, 'MachineFile', 53, 'uploads/posts/76790732920191106064101SW_BA400-4_(10).jpg'),
(291, 'MachineFile', 54, 'uploads/posts/56718204820191106062006SW_BA_400-4_(1).jpg'),
(292, 'MachineFile', 54, 'uploads/posts/89233611920191106062006SW_BA_400-4_(4).jpg'),
(293, 'MachineFile', 54, 'uploads/posts/38749005120191106062106SW_BA_400-4_(11).jpg'),
(294, 'MachineFile', 54, 'uploads/posts/40127178320191106062106SW_BA_400-4_(19).jpg'),
(295, 'MachineFile', 54, 'uploads/posts/83784910420191106062106SW_BA_400-4_(24).jpg'),
(296, 'MachineFile', 55, 'uploads/posts/31555887520191106064924Deckel_Maho_DMU_80P_(1).jpg'),
(297, 'MachineFile', 55, 'uploads/posts/26774291220191106064924Deckel_Maho_DMU_80P_(2).jpg'),
(298, 'MachineFile', 55, 'uploads/posts/39892393120191106065024Deckel_Maho_DMU_80P_(4).jpg'),
(299, 'MachineFile', 55, 'uploads/posts/56634847720191106065024Deckel_Maho_DMU_80P_(6).jpg'),
(300, 'MachineFile', 55, 'uploads/posts/15808162320191106065024Deckel_Maho_DMU_80P_(7).jpg'),
(301, 'MachineFile', 55, 'uploads/posts/22488793220191106065024Deckel_Maho_DMU_80P_(8).jpg'),
(302, 'MachineFile', 55, 'uploads/posts/37851426220191106065024Deckel_Maho_DMU_80P_(9).jpg'),
(303, 'MachineFile', 55, 'uploads/posts/90501156720191106065024Deckel_Maho_DMU_80P_(12).jpg'),
(304, 'MachineFile', 56, 'uploads/posts/157741378201911060637293D_Taster.png'),
(305, 'MachineFile', 56, 'uploads/posts/95769594220191106063829Stama_MC_530_S_(3).jpg'),
(306, 'MachineFile', 56, 'uploads/posts/32015046020191106063829Stama_MC_530_S_(5).jpg'),
(307, 'MachineFile', 56, 'uploads/posts/81370619320191106063829Stama_MC_530_S_(6).jpg'),
(308, 'MachineFile', 56, 'uploads/posts/69140151520191106063829Stama_MC_530_S_(7).jpg'),
(309, 'MachineFile', 56, 'uploads/posts/6970595520191106063829Stama_MC_530_S_(8).jpg'),
(310, 'MachineFile', 56, 'uploads/posts/7100903620191106063829Stama_MC_530_S_(13).jpg'),
(311, 'MachineFile', 56, 'uploads/posts/96870782720191106063829Stama_MC_530_S_(14).jpg'),
(312, 'MachineFile', 56, 'uploads/posts/70937566420191106063829Stama_MC_530_S.jpg'),
(313, 'MachineFile', 57, 'uploads/posts/1459939842019110606533320190619_103804.jpg'),
(314, 'MachineFile', 57, 'uploads/posts/84383723220191106065433DMG_Mori_DMC_85_monoblock_RS3_(3).jpg'),
(315, 'MachineFile', 57, 'uploads/posts/99419859620191106065433DMG_Mori_DMC_85_monoblock_RS3_(7).jpg'),
(316, 'PagesFiles', 1, 'uploads/pages/57462960420191110122256Einfuehungsangebot-bis-311219-1200x567.png'),
(317, 'MachineFile', 58, 'uploads/posts/92035527020191118112037Gildemeister_CTX_310_2.jpg'),
(318, 'PagesFiles', 1, 'uploads/pages/31743408020191202040004Maschinenpilot-Suchportal-fuer-gebrauchte-Maschinen-Einfuehrung.jpg'),
(319, 'PagesFiles', 1, 'uploads/pages/88522025320191202044749Maschinenpilot-SearchPortal-for-used-Maschines-Introducing.jpg'),
(320, 'MachineFile', 59, 'uploads/posts/40628190420191219014742Mazak_Quick_Turn_Nexus_250-II_MY_-_2.jpg'),
(322, 'MachineFile', 66, 'uploads/posts/47635742320200121044945Emag_VL_3.jpg'),
(323, 'MachineFile', 67, 'uploads/posts/82919951720200122094829EMAG_VL_5.jpg'),
(324, 'MachineFile', 68, 'uploads/posts/58139026420200122091743Gildemeister_CTX_500_(2).jpg'),
(325, 'MachineFile', 68, 'uploads/posts/75867486720200122091743Gildemeister_CTX_500_(11).jpg'),
(326, 'MachineFile', 68, 'uploads/posts/27687994920200122091743Gildemeister_CTX_500_(26).jpg'),
(327, 'MachineFile', 69, 'uploads/posts/45209131620200122041311DMU_80P_(12).jpg'),
(328, 'MachineFile', 69, 'uploads/posts/16023059820200122041311DMU_80P_(13).jpg'),
(329, 'MachineFile', 69, 'uploads/posts/89107417420200122041311DMU_80P_(17).jpg'),
(330, 'MachineFile', 70, 'uploads/posts/6175344820200123095201Deckel_Maho_DMF_360-cc.jpg'),
(331, 'MachineFile', 71, 'uploads/posts/35713265120200123103702Deckel_Maho_DMF_360_(11).jpg'),
(332, 'MachineFile', 72, 'uploads/posts/73326781320200130112934Deckel-Maho-DMU-125-P-hi-dyn-4.jpg'),
(333, 'MachineFile', 73, 'uploads/posts/46525454220200131012615Mikron_VCP_1000_(1).jpg'),
(334, 'MachineFile', 73, 'uploads/posts/49385443320200131012615Mikron_VCP_1000_(4).jpg'),
(335, 'MachineFile', 73, 'uploads/posts/26700835320200131012615Mikron_VCP_1000_(5).jpg'),
(336, 'MachineFile', 73, 'uploads/posts/20965216620200131012715Mikron_VCP_1000_(6).jpg'),
(337, 'MachineFile', 73, 'uploads/posts/7329031920200131012715Mikron_VCP_1000_(8).jpg'),
(338, 'MachineFile', 73, 'uploads/posts/58991542320200131012715Mikron_VCP_1000_(9).jpg'),
(339, 'MachineFile', 74, 'uploads/posts/69415126720200219104302Chiron_FZ_18L_2.jpg'),
(340, 'MachineFile', 74, 'uploads/posts/66578839520200219104302Chiron_FZ_18L_3.jpg'),
(341, 'MachineFile', 74, 'uploads/posts/84646125520200219104302Chiron_FZ_18L_4.jpg'),
(342, 'MachineFile', 74, 'uploads/posts/54153928920200219104302Chiron_FZ_18L_5.jpg'),
(343, 'MachineFile', 76, 'uploads/posts/85559461520200219033022Grob_BZ500_(1).jpg'),
(344, 'MachineFile', 76, 'uploads/posts/82051362020200219033022Grob_BZ500_(2).jpg'),
(345, 'MachineFile', 76, 'uploads/posts/52474384520200219033022Grob_BZ500.jpg'),
(357, 'MachineFile', 65, 'uploads/posts/1/22736671020200220024416Gildemeister_CTX_400_Serie_2.jpg'),
(358, 'MachineFile', 77, 'uploads/posts/1/24380861720200221085657Deckel-DMU-125-Maschinenpilot-gebrauchte-Maschinen-kaufen-verkaufen.jpg'),
(359, 'MachineFile', 79, 'uploads/user/Herr-001/images/2020/27534645920200518022508CNC-Bearbeitung-Service-5760.jpg'),
(378, 'MachineFile', 83, 'uploads/user/Herr-003/images/2020/24308507620200529051542DMG_DMC_125FD_duoBlock_(2).jpg'),
(379, 'MachineFile', 83, 'uploads/user/Herr-003/images/2020/8541272220200529051442DMG_DMC_125FD_duoBlock_(1).jpg'),
(381, 'MachineFile', 84, 'uploads/user/Frau-006/images/2020/19356489920200603053631Epson-3270-Papierfach.jpg'),
(382, 'MachineFile', 84, 'uploads/user/Frau-006/images/2020/86748070520200603053731Espson-3720-Toner-Original.jpg'),
(414, 'MachineFile', 82, 'uploads/user/Herr-001/images/2020/33375810020200605014112IMG_2372.jpg'),
(415, 'MachineFile', 82, 'uploads/user/Herr-001/images/2020/77309988020200605014212IMG_2382.jpg'),
(416, 'MachineFile', 82, 'uploads/user/Herr-001/images/2020/99157315620200605014212IMG_2384.jpg'),
(417, 'MachineFile', 82, 'uploads/user/Herr-001/images/2020/79988729720200605014212IMG_2385.jpg'),
(420, 'MachineFile', 82, 'uploads/user/Herr-001/images/2020/57404618820200605014216IMG_2371.jpg'),
(421, 'MachineFile', 82, 'uploads/user/Herr-001/images/2020/54407943620200605014216IMG_2372.jpg'),
(427, 'MachineFile', 82, 'uploads/user/Herr-001/images/2020/60135185520200605014216IMG_2378.jpg'),
(431, 'MachineFile', 82, 'uploads/user/Herr-001/images/2020/21930071120200605014216IMG_2382.jpg'),
(432, 'MachineFile', 82, 'uploads/user/Herr-001/images/2020/76968775120200605014216IMG_2383.jpg'),
(433, 'MachineFile', 82, 'uploads/user/Herr-001/images/2020/53222847520200605014216IMG_2384.jpg'),
(434, 'MachineFile', 82, 'uploads/user/Herr-001/images/2020/4911596320200605014316IMG_2385.jpg'),
(436, 'MachineFile', 82, 'uploads/user/Herr-001/images/2020/92244753720200605021315IMG_2370.jpg'),
(437, 'MachineFile', 82, 'uploads/user/Herr-001/images/2020/50170352320200605021315IMG_2373.jpg'),
(438, 'MachineFile', 82, 'uploads/user/Herr-001/images/2020/24725740920200605021315IMG_2374.jpg'),
(442, 'MachineFile', 82, 'uploads/user/Herr-001/images/2020/65084142120200605021315IMG_2379.jpg'),
(450, 'MachineFile', 82, 'uploads/user/Herr-001/images/2020/9340533452020062107194638389028920200605014212IMG_2383.jpg'),
(451, 'PagesFiles', 1, 'uploads/pages/11801295420200803122553IMG_20200803_122738-50.jpg'),
(452, 'MachineFile', 88, 'uploads/user/Frau-006/images/2020/12159158720200803012639Detail.jpg'),
(453, 'MachineFile', 88, 'uploads/user/Frau-006/images/2020/99100462620200803012340Detail.jpg');

-- --------------------------------------------------------

--
-- Table structure for table `site_settings`
--

CREATE TABLE `site_settings` (
  `SiteSettingID` int(11) NOT NULL,
  `BannerImage` varchar(255) NOT NULL,
  `SiteName` varchar(255) NOT NULL,
  `SiteImage` varchar(255) NOT NULL,
  `FromEmail` varchar(255) NOT NULL,
  `FromName` varchar(255) NOT NULL,
  `OnwerName` varchar(255) NOT NULL,
  `Whatsapp` varchar(255) NOT NULL,
  `Skype` varchar(255) NOT NULL,
  `PhoneNumber` varchar(255) NOT NULL,
  `Fax` varchar(255) NOT NULL,
  `Address` varchar(255) NOT NULL,
  `PostalCode` varchar(255) NOT NULL,
  `City` varchar(255) NOT NULL,
  `BankName` varchar(255) NOT NULL,
  `IBAN` varchar(255) NOT NULL,
  `BIC` varchar(255) NOT NULL,
  `USTID` varchar(255) NOT NULL,
  `GoogleMap` text,
  `FacebookUrl` varchar(255) NOT NULL,
  `GoogleUrl` varchar(255) NOT NULL,
  `LinkedInUrl` varchar(255) NOT NULL,
  `TwitterUrl` varchar(255) NOT NULL,
  `Currency` varchar(255) NOT NULL,
  `CurrencyPosition` varchar(255) NOT NULL,
  `ThousandSeparator` varchar(255) NOT NULL,
  `DecimalSeparator` varchar(255) NOT NULL,
  `NumberDecimals` varchar(255) NOT NULL,
  `PaypalUrl` varchar(255) NOT NULL,
  `PaypalEmail` varchar(255) NOT NULL,
  `PaypalFee` varchar(255) NOT NULL,
  `PaypalActive` tinyint(4) NOT NULL,
  `Advertise` int(1) NOT NULL DEFAULT '0',
  `FreePackageRelaxation` int(11) NOT NULL,
  `CategoryCount` int(1) NOT NULL DEFAULT '0',
  `CreatedAt` datetime NOT NULL,
  `UpdatedAt` datetime NOT NULL
) ENGINE=InnoDB DEFAULT CHARSET=utf8;

--
-- Dumping data for table `site_settings`
--

INSERT INTO `site_settings` (`SiteSettingID`, `BannerImage`, `SiteName`, `SiteImage`, `FromEmail`, `FromName`, `OnwerName`, `Whatsapp`, `Skype`, `PhoneNumber`, `Fax`, `Address`, `PostalCode`, `City`, `BankName`, `IBAN`, `BIC`, `USTID`, `GoogleMap`, `FacebookUrl`, `GoogleUrl`, `LinkedInUrl`, `TwitterUrl`, `Currency`, `CurrencyPosition`, `ThousandSeparator`, `DecimalSeparator`, `NumberDecimals`, `PaypalUrl`, `PaypalEmail`, `PaypalFee`, `PaypalActive`, `Advertise`, `FreePackageRelaxation`, `CategoryCount`, `CreatedAt`, `UpdatedAt`) VALUES
(1, 'uploads/99010745120191009113918header.jpg', 'MaschinenPilot ', 'uploads/85653539720181026044205about-img.jpg', 'info@maschinenpilot.de', 'MaschinenPilot', 'Artur Gerlitz', '', '', '+49 (0) 7123 9570103', '', 'Mörikestr. 2', '72585 ', 'Riederich', 'KSK Reutlingen', 'DE17 6405 0000 0100 1226 13  ', 'SOLADES1REU', 'DE 815426049', '', '', '', '', '', '€', '4', '.', ',', '2', 'https://www.sandbox.paypal.com/us/cgi-bin/webscr', 'fahad-business@walisystemsinc.com', '0', 0, 1, 7, 1, '2018-04-03 14:33:23', '2019-10-09 11:18:39');

-- --------------------------------------------------------

--
-- Table structure for table `states`
--

CREATE TABLE `states` (
  `StateID` int(11) NOT NULL,
  `SortOrder` int(11) NOT NULL,
  `Hide` tinyint(4) NOT NULL,
  `IsActive` tinyint(4) NOT NULL,
  `CreatedAt` datetime NOT NULL,
  `UpdatedAt` datetime NOT NULL,
  `CreatedBy` int(11) NOT NULL,
  `UpdatedBy` int(11) NOT NULL
) ENGINE=InnoDB DEFAULT CHARSET=utf8;

--
-- Dumping data for table `states`
--

INSERT INTO `states` (`StateID`, `SortOrder`, `Hide`, `IsActive`, `CreatedAt`, `UpdatedAt`, `CreatedBy`, `UpdatedBy`) VALUES
(1, 0, 0, 1, '2018-10-16 13:24:58', '2018-10-18 15:26:31', 1, 1),
(2, 1, 0, 1, '2018-10-16 13:24:58', '2018-10-16 13:24:58', 1, 1),
(3, 2, 0, 1, '2018-10-16 13:24:58', '2018-10-16 13:24:58', 1, 1),
(4, 3, 0, 1, '2018-10-16 13:24:58', '2018-10-16 13:24:58', 1, 1),
(5, 4, 0, 1, '2018-10-16 13:24:58', '2018-10-16 13:24:58', 1, 1),
(6, 5, 0, 1, '2018-10-16 13:24:58', '2018-10-16 13:24:58', 1, 1),
(7, 6, 0, 1, '2018-10-16 13:24:58', '2018-10-16 13:24:58', 1, 1),
(8, 7, 0, 1, '2018-10-16 13:24:58', '2018-10-16 13:24:58', 1, 1),
(9, 8, 0, 1, '2018-10-16 13:24:58', '2018-10-16 13:24:58', 1, 1),
(10, 9, 0, 1, '2018-10-16 13:24:58', '2018-10-16 13:24:58', 1, 1),
(11, 10, 0, 1, '2018-10-16 13:24:58', '2018-10-16 13:24:58', 1, 1),
(12, 11, 0, 1, '2018-10-16 13:24:58', '2018-10-16 13:24:58', 1, 1),
(13, 12, 0, 1, '2018-10-16 13:24:58', '2018-10-16 13:24:58', 1, 1),
(14, 13, 0, 1, '2018-10-16 13:24:58', '2018-10-16 13:24:58', 1, 1),
(15, 14, 0, 1, '2018-10-16 13:24:58', '2018-10-16 13:24:58', 1, 1),
(16, 15, 0, 1, '2018-10-16 13:24:58', '2018-10-16 13:24:58', 1, 1),
(17, 16, 0, 1, '2018-10-16 13:24:58', '2018-10-16 13:24:58', 1, 1),
(18, 17, 0, 1, '2018-10-16 13:24:58', '2018-10-16 13:24:58', 1, 1),
(19, 18, 0, 1, '2018-10-16 13:24:58', '2018-10-16 13:24:58', 1, 1),
(20, 19, 0, 1, '2018-10-16 13:24:59', '2018-10-16 13:24:59', 1, 1),
(21, 20, 0, 1, '2018-10-16 13:24:59', '2018-10-16 13:24:59', 1, 1),
(22, 21, 0, 1, '2018-10-16 13:24:59', '2018-10-16 13:24:59', 1, 1),
(23, 22, 0, 1, '2018-10-16 13:24:59', '2018-10-16 13:24:59', 1, 1),
(24, 23, 0, 1, '2018-10-16 13:24:59', '2018-10-16 13:24:59', 1, 1),
(25, 24, 0, 1, '2018-10-16 13:24:59', '2018-10-16 13:24:59', 1, 1),
(26, 25, 0, 1, '2018-10-16 13:24:59', '2018-10-16 13:24:59', 1, 1),
(27, 26, 0, 1, '2018-10-16 13:24:59', '2018-10-16 13:24:59', 1, 1),
(28, 27, 0, 1, '2018-10-16 13:24:59', '2018-10-16 13:24:59', 1, 1),
(29, 28, 0, 1, '2018-10-16 13:24:59', '2018-10-16 13:24:59', 1, 1),
(30, 29, 0, 1, '2018-10-16 13:24:59', '2018-10-16 13:24:59', 1, 1),
(31, 30, 0, 1, '2018-10-16 13:24:59', '2018-10-16 13:24:59', 1, 1),
(32, 31, 0, 1, '2018-10-16 13:24:59', '2018-10-16 13:24:59', 1, 1),
(33, 32, 0, 1, '2018-10-16 13:24:59', '2018-10-16 13:24:59', 1, 1),
(34, 33, 0, 1, '2018-10-16 13:24:59', '2018-10-16 13:24:59', 1, 1),
(35, 34, 0, 1, '2018-10-16 13:24:59', '2018-10-16 13:24:59', 1, 1),
(36, 35, 0, 1, '2018-10-16 13:24:59', '2018-10-16 13:24:59', 1, 1),
(37, 36, 0, 1, '2018-10-16 13:24:59', '2018-10-16 13:24:59', 1, 1),
(38, 37, 0, 1, '2018-10-16 13:24:59', '2018-10-16 13:24:59', 1, 1),
(39, 38, 0, 1, '2018-10-16 13:24:59', '2018-10-16 13:24:59', 1, 1),
(40, 39, 0, 1, '2018-10-16 13:24:59', '2018-10-16 13:24:59', 1, 1),
(41, 40, 0, 1, '2018-10-16 13:24:59', '2018-10-16 13:24:59', 1, 1),
(42, 41, 0, 1, '2018-10-16 13:24:59', '2018-10-16 13:24:59', 1, 1),
(43, 42, 0, 1, '2018-10-16 13:24:59', '2018-10-16 13:24:59', 1, 1),
(44, 43, 0, 1, '2018-10-16 13:24:59', '2018-10-16 13:24:59', 1, 1),
(45, 44, 0, 1, '2018-10-16 13:24:59', '2018-10-16 13:24:59', 1, 1),
(46, 45, 0, 1, '2018-10-16 13:24:59', '2018-10-16 13:24:59', 1, 1),
(47, 46, 0, 1, '2018-10-16 13:25:00', '2018-10-16 13:25:00', 1, 1),
(48, 47, 0, 1, '2018-10-16 13:25:00', '2018-10-16 13:25:00', 1, 1),
(49, 48, 0, 1, '2018-10-16 13:25:00', '2018-10-16 13:25:00', 1, 1),
(50, 49, 0, 1, '2018-10-16 13:25:00', '2018-10-16 13:25:00', 1, 1),
(51, 50, 0, 1, '2018-10-16 13:25:00', '2018-10-16 13:25:00', 1, 1),
(52, 51, 0, 1, '2018-10-16 13:25:00', '2018-10-16 13:25:00', 1, 1),
(53, 52, 0, 1, '2018-10-16 13:25:00', '2018-10-16 13:25:00', 1, 1),
(54, 53, 0, 1, '2018-10-16 13:25:00', '2018-10-16 13:25:00', 1, 1),
(55, 54, 0, 1, '2018-10-16 13:25:00', '2018-10-16 13:25:00', 1, 1),
(56, 55, 0, 1, '2018-10-16 13:25:00', '2018-10-16 13:25:00', 1, 1),
(57, 56, 0, 1, '2018-10-16 13:25:00', '2018-10-16 13:25:00', 1, 1),
(58, 57, 0, 1, '2018-10-16 13:25:00', '2018-10-16 13:25:00', 1, 1),
(59, 58, 0, 1, '2018-10-16 13:25:00', '2018-10-16 13:25:00', 1, 1),
(60, 59, 0, 1, '2018-10-16 13:25:00', '2018-10-16 13:25:00', 1, 1),
(61, 60, 0, 1, '2018-10-16 13:25:00', '2018-10-16 13:25:00', 1, 1),
(62, 61, 0, 1, '2018-10-16 13:25:00', '2018-10-16 13:25:00', 1, 1),
(63, 62, 0, 1, '2018-10-16 13:25:00', '2018-10-16 13:25:00', 1, 1),
(64, 63, 0, 1, '2018-10-16 13:25:00', '2018-10-16 13:25:00', 1, 1),
(65, 64, 0, 1, '2018-10-16 13:25:00', '2018-10-16 13:25:00', 1, 1),
(66, 65, 0, 1, '2018-10-16 13:25:00', '2018-10-16 13:25:00', 1, 1),
(67, 66, 0, 1, '2018-10-16 13:25:00', '2018-10-16 13:25:00', 1, 1),
(68, 67, 0, 1, '2018-10-16 13:25:00', '2018-10-16 13:25:00', 1, 1),
(69, 68, 0, 1, '2018-10-16 13:25:00', '2018-10-16 13:25:00', 1, 1),
(70, 69, 0, 1, '2018-10-16 13:25:00', '2018-10-16 13:25:00', 1, 1),
(71, 70, 0, 1, '2018-10-16 13:25:00', '2018-10-16 13:25:00', 1, 1),
(72, 71, 0, 1, '2018-10-16 13:25:00', '2018-10-16 13:25:00', 1, 1),
(73, 72, 0, 1, '2018-10-16 13:25:01', '2018-10-16 13:25:01', 1, 1),
(74, 73, 0, 1, '2018-10-16 13:25:01', '2018-10-16 13:25:01', 1, 1),
(75, 74, 0, 1, '2018-10-16 13:25:01', '2018-10-16 13:25:01', 1, 1),
(76, 75, 0, 1, '2018-10-16 13:25:01', '2018-10-16 13:25:01', 1, 1),
(77, 76, 0, 1, '2018-10-16 13:25:01', '2018-10-16 13:25:01', 1, 1),
(78, 77, 0, 1, '2018-10-16 13:25:01', '2018-10-16 13:25:01', 1, 1),
(79, 78, 0, 1, '2018-10-16 13:25:01', '2018-10-16 13:25:01', 1, 1),
(80, 79, 0, 1, '2018-10-16 13:25:01', '2018-10-16 13:25:01', 1, 1),
(81, 80, 0, 1, '2018-10-16 13:25:01', '2018-10-16 13:25:01', 1, 1),
(82, 81, 0, 1, '2018-10-16 13:25:01', '2018-10-16 13:25:01', 1, 1),
(83, 82, 0, 1, '2018-10-16 13:25:01', '2018-10-16 13:25:01', 1, 1),
(84, 83, 0, 1, '2018-10-16 13:25:01', '2018-10-16 13:25:01', 1, 1),
(85, 84, 0, 1, '2018-10-16 13:25:01', '2018-10-16 13:25:01', 1, 1),
(86, 85, 0, 1, '2018-10-16 13:25:01', '2018-10-16 13:25:01', 1, 1),
(87, 86, 0, 1, '2018-10-16 13:25:01', '2018-10-16 13:25:01', 1, 1),
(88, 87, 0, 1, '2018-10-16 13:25:01', '2018-10-16 13:25:01', 1, 1),
(89, 88, 0, 1, '2018-10-16 13:25:01', '2018-10-16 13:25:01', 1, 1),
(90, 89, 0, 1, '2018-10-16 13:25:01', '2018-10-16 13:25:01', 1, 1),
(91, 90, 0, 1, '2018-10-16 13:25:01', '2018-10-16 13:25:01', 1, 1),
(92, 91, 0, 1, '2018-10-16 13:25:01', '2018-10-16 13:25:01', 1, 1),
(93, 92, 0, 1, '2018-10-16 13:25:01', '2018-10-16 13:25:01', 1, 1),
(94, 93, 0, 1, '2018-10-16 13:25:01', '2018-10-16 13:25:01', 1, 1),
(95, 94, 0, 1, '2018-10-16 13:25:01', '2018-10-16 13:25:01', 1, 1),
(96, 95, 0, 1, '2018-10-16 13:25:01', '2018-10-16 13:25:01', 1, 1),
(97, 96, 0, 1, '2018-10-16 13:25:01', '2018-10-16 13:25:01', 1, 1),
(98, 97, 0, 1, '2018-10-16 13:25:02', '2018-10-16 13:25:02', 1, 1),
(99, 98, 0, 1, '2018-10-16 13:25:02', '2018-10-16 13:25:02', 1, 1),
(100, 99, 0, 1, '2018-10-16 13:25:02', '2018-10-16 13:25:02', 1, 1),
(101, 100, 0, 1, '2018-10-16 13:25:02', '2018-10-16 13:25:02', 1, 1),
(102, 101, 0, 1, '2018-10-16 13:25:02', '2018-10-16 13:25:02', 1, 1),
(103, 102, 0, 1, '2018-10-16 13:25:02', '2018-10-16 13:25:02', 1, 1),
(104, 103, 0, 1, '2018-10-16 13:25:02', '2018-10-16 13:25:02', 1, 1),
(105, 104, 0, 1, '2018-10-16 13:25:02', '2018-10-16 13:25:02', 1, 1),
(106, 105, 0, 1, '2018-10-16 13:25:02', '2018-10-16 13:25:02', 1, 1),
(107, 106, 0, 1, '2018-10-16 13:25:02', '2018-10-16 13:25:02', 1, 1),
(108, 107, 0, 1, '2018-10-16 13:25:02', '2018-10-16 13:25:02', 1, 1),
(109, 108, 0, 1, '2018-10-16 13:25:02', '2018-10-16 13:25:02', 1, 1),
(110, 109, 0, 1, '2018-10-16 13:25:02', '2018-10-16 13:25:02', 1, 1),
(111, 110, 0, 1, '2018-10-16 13:25:02', '2018-10-16 13:25:02', 1, 1),
(112, 111, 0, 1, '2018-10-16 13:25:02', '2018-10-16 13:25:02', 1, 1),
(113, 112, 0, 1, '2018-10-16 13:25:02', '2018-10-16 13:25:02', 1, 1),
(114, 113, 0, 1, '2018-10-16 13:25:02', '2018-10-16 13:25:02', 1, 1),
(115, 114, 0, 1, '2018-10-16 13:25:02', '2018-10-16 13:25:02', 1, 1),
(116, 115, 0, 1, '2018-10-16 13:25:02', '2018-10-16 13:25:02', 1, 1),
(117, 116, 0, 1, '2018-10-16 13:25:02', '2018-10-16 13:25:02', 1, 1),
(118, 117, 0, 1, '2018-10-16 13:25:02', '2018-10-16 13:25:02', 1, 1),
(119, 118, 0, 1, '2018-10-16 13:25:02', '2018-10-16 13:25:02', 1, 1),
(120, 119, 0, 1, '2018-10-16 13:25:02', '2018-10-16 13:25:02', 1, 1),
(121, 120, 0, 1, '2018-10-16 13:25:02', '2018-10-16 13:25:02', 1, 1),
(122, 121, 0, 1, '2018-10-16 13:25:02', '2018-10-16 13:25:02', 1, 1),
(123, 122, 0, 1, '2018-10-16 13:25:03', '2018-10-16 13:25:03', 1, 1),
(124, 123, 0, 1, '2018-10-16 13:25:03', '2018-10-16 13:25:03', 1, 1),
(125, 124, 0, 1, '2018-10-16 13:25:03', '2018-10-16 13:25:03', 1, 1),
(126, 125, 0, 1, '2018-10-16 13:25:03', '2018-10-16 13:25:03', 1, 1),
(127, 126, 0, 1, '2018-10-16 13:25:03', '2018-10-16 13:25:03', 1, 1),
(128, 127, 0, 1, '2018-10-16 13:25:03', '2018-10-16 13:25:03', 1, 1),
(129, 128, 0, 1, '2018-10-16 13:25:03', '2018-10-16 13:25:03', 1, 1),
(130, 129, 0, 1, '2018-10-16 13:25:03', '2018-10-16 13:25:03', 1, 1),
(131, 130, 0, 1, '2018-10-16 13:25:03', '2018-10-16 13:25:03', 1, 1),
(132, 131, 0, 1, '2018-10-16 13:25:03', '2018-10-16 13:25:03', 1, 1),
(133, 132, 0, 1, '2018-10-16 13:25:03', '2018-10-16 13:25:03', 1, 1),
(134, 133, 0, 1, '2018-10-16 13:25:03', '2018-10-16 13:25:03', 1, 1),
(135, 134, 0, 1, '2018-10-16 13:25:03', '2018-10-16 13:25:03', 1, 1),
(136, 135, 0, 1, '2018-10-16 13:25:03', '2018-10-16 13:25:03', 1, 1),
(137, 136, 0, 1, '2018-10-16 13:25:03', '2018-10-16 13:25:03', 1, 1),
(138, 137, 0, 1, '2018-10-16 13:25:03', '2018-10-16 13:25:03', 1, 1),
(139, 138, 0, 1, '2018-10-16 13:25:03', '2018-10-16 13:25:03', 1, 1),
(140, 139, 0, 1, '2018-10-16 13:25:03', '2018-10-16 13:25:03', 1, 1),
(141, 140, 0, 1, '2018-10-16 13:25:03', '2018-10-16 13:25:03', 1, 1),
(142, 141, 0, 1, '2018-10-16 13:25:03', '2018-10-16 13:25:03', 1, 1),
(143, 142, 0, 1, '2018-10-16 13:25:03', '2018-10-16 13:25:03', 1, 1),
(144, 143, 0, 1, '2018-10-16 13:25:03', '2018-10-16 13:25:03', 1, 1),
(145, 144, 0, 1, '2018-10-16 13:25:03', '2018-10-16 13:25:03', 1, 1),
(146, 145, 0, 1, '2018-10-16 13:25:03', '2018-10-16 13:25:03', 1, 1),
(147, 146, 0, 1, '2018-10-16 13:25:03', '2018-10-16 13:25:03', 1, 1),
(148, 147, 0, 1, '2018-10-16 13:25:03', '2018-10-16 13:25:03', 1, 1),
(149, 148, 0, 1, '2018-10-16 13:25:04', '2018-10-16 13:25:04', 1, 1),
(150, 149, 0, 1, '2018-10-16 13:25:04', '2018-10-16 13:25:04', 1, 1),
(151, 150, 0, 1, '2018-10-16 13:25:04', '2018-10-16 13:25:04', 1, 1),
(152, 151, 0, 1, '2018-10-16 13:25:04', '2018-10-16 13:25:04', 1, 1),
(153, 152, 0, 1, '2018-10-16 13:25:04', '2018-10-16 13:25:04', 1, 1),
(154, 153, 0, 1, '2018-10-16 13:25:04', '2018-10-16 13:25:04', 1, 1),
(155, 154, 0, 1, '2018-10-16 13:25:04', '2018-10-16 13:25:04', 1, 1),
(156, 155, 0, 1, '2018-10-16 13:25:04', '2018-10-16 13:25:04', 1, 1),
(157, 156, 0, 1, '2018-10-16 13:25:04', '2018-10-16 13:25:04', 1, 1),
(158, 157, 0, 1, '2018-10-16 13:25:04', '2018-10-16 13:25:04', 1, 1),
(159, 158, 0, 1, '2018-10-16 13:25:04', '2018-10-16 13:25:04', 1, 1),
(160, 159, 0, 1, '2018-10-16 13:25:04', '2018-10-16 13:25:04', 1, 1),
(161, 160, 0, 1, '2018-10-16 13:25:04', '2018-10-16 13:25:04', 1, 1),
(162, 161, 0, 1, '2018-10-16 13:25:04', '2018-10-16 13:25:04', 1, 1),
(163, 162, 0, 1, '2018-10-16 13:25:04', '2018-10-16 13:25:04', 1, 1),
(164, 163, 0, 1, '2018-10-16 13:25:04', '2018-10-16 13:25:04', 1, 1),
(165, 164, 0, 1, '2018-10-16 13:25:04', '2018-10-16 13:25:04', 1, 1),
(166, 165, 0, 1, '2018-10-16 13:25:04', '2018-10-16 13:25:04', 1, 1),
(167, 166, 0, 1, '2018-10-16 13:25:04', '2018-10-16 13:25:04', 1, 1),
(168, 167, 0, 1, '2018-10-16 13:25:04', '2018-10-16 13:25:04', 1, 1),
(169, 168, 0, 1, '2018-10-16 13:25:04', '2018-10-16 13:25:04', 1, 1),
(170, 169, 0, 1, '2018-10-16 13:25:04', '2018-10-16 13:25:04', 1, 1),
(171, 170, 0, 1, '2018-10-16 13:25:04', '2018-10-16 13:25:04', 1, 1),
(172, 171, 0, 1, '2018-10-16 13:25:04', '2018-10-16 13:25:04', 1, 1),
(173, 172, 0, 1, '2018-10-16 13:25:04', '2018-10-16 13:25:04', 1, 1),
(174, 173, 0, 1, '2018-10-16 13:25:04', '2018-10-16 13:25:04', 1, 1),
(175, 174, 0, 1, '2018-10-16 13:25:04', '2018-10-16 13:25:04', 1, 1),
(176, 175, 0, 1, '2018-10-16 13:25:04', '2018-10-16 13:25:04', 1, 1),
(177, 176, 0, 1, '2018-10-16 13:25:04', '2018-10-16 13:25:04', 1, 1),
(178, 177, 0, 1, '2018-10-16 13:25:05', '2018-10-16 13:25:05', 1, 1),
(179, 178, 0, 1, '2018-10-16 13:25:05', '2018-10-16 13:25:05', 1, 1),
(180, 179, 0, 1, '2018-10-16 13:25:05', '2018-10-16 13:25:05', 1, 1),
(181, 180, 0, 1, '2018-10-16 13:25:05', '2018-10-16 13:25:05', 1, 1),
(182, 181, 0, 1, '2018-10-16 13:25:05', '2018-10-16 13:25:05', 1, 1),
(183, 182, 0, 1, '2018-10-16 13:25:05', '2018-10-16 13:25:05', 1, 1),
(184, 183, 0, 1, '2018-10-16 13:25:05', '2018-10-16 13:25:05', 1, 1),
(185, 184, 0, 1, '2018-10-16 13:25:05', '2018-10-16 13:25:05', 1, 1),
(186, 185, 0, 1, '2018-10-16 13:25:05', '2018-10-16 13:25:05', 1, 1),
(187, 186, 0, 1, '2018-10-16 13:25:05', '2018-10-16 13:25:05', 1, 1),
(188, 187, 0, 1, '2018-10-16 13:25:05', '2018-10-16 13:25:05', 1, 1),
(189, 188, 0, 1, '2018-10-16 13:25:05', '2018-10-16 13:25:05', 1, 1),
(190, 189, 0, 1, '2018-10-16 13:25:05', '2018-10-16 13:25:05', 1, 1),
(191, 190, 0, 1, '2018-10-16 13:25:05', '2018-10-16 13:25:05', 1, 1),
(192, 191, 0, 1, '2018-10-16 13:25:05', '2018-10-16 13:25:05', 1, 1),
(193, 192, 0, 1, '2018-10-16 13:25:05', '2018-10-16 13:25:05', 1, 1),
(194, 193, 0, 1, '2018-10-16 13:25:05', '2018-10-16 13:25:05', 1, 1),
(195, 194, 0, 1, '2018-10-16 13:25:05', '2018-10-16 13:25:05', 1, 1),
(196, 195, 0, 1, '2018-10-16 13:25:05', '2018-10-16 13:25:05', 1, 1),
(197, 196, 0, 1, '2018-10-16 13:25:05', '2018-10-16 13:25:05', 1, 1),
(198, 197, 0, 1, '2018-10-16 13:25:05', '2018-10-16 13:25:05', 1, 1),
(199, 198, 0, 1, '2018-10-16 13:25:05', '2018-10-16 13:25:05', 1, 1),
(200, 199, 0, 1, '2018-10-16 13:25:06', '2018-10-16 13:25:06', 1, 1),
(201, 200, 0, 1, '2018-10-16 13:25:06', '2018-10-16 13:25:06', 1, 1),
(202, 201, 0, 1, '2018-10-16 13:25:06', '2018-10-16 13:25:06', 1, 1),
(203, 202, 0, 1, '2018-10-16 13:25:06', '2018-10-16 13:25:06', 1, 1),
(204, 203, 0, 1, '2018-10-16 13:25:06', '2018-10-16 13:25:06', 1, 1),
(205, 204, 0, 1, '2018-10-16 13:25:06', '2018-10-16 13:25:06', 1, 1),
(206, 205, 0, 1, '2018-10-16 13:25:06', '2018-10-16 13:25:06', 1, 1),
(207, 206, 0, 1, '2018-10-16 13:25:06', '2018-10-16 13:25:06', 1, 1),
(208, 207, 0, 1, '2018-10-16 13:25:06', '2018-10-16 13:25:06', 1, 1),
(209, 208, 0, 1, '2018-10-16 13:25:06', '2018-10-16 13:25:06', 1, 1),
(210, 209, 0, 1, '2018-10-16 13:25:06', '2018-10-16 13:25:06', 1, 1),
(211, 210, 0, 1, '2018-10-16 13:25:06', '2018-10-16 13:25:06', 1, 1),
(212, 211, 0, 1, '2018-10-16 13:25:06', '2018-10-16 13:25:06', 1, 1),
(213, 212, 0, 1, '2018-10-16 13:25:06', '2018-10-16 13:25:06', 1, 1),
(214, 213, 0, 1, '2018-10-16 13:25:06', '2018-10-16 13:25:06', 1, 1),
(215, 214, 0, 1, '2018-10-16 13:25:06', '2018-10-16 13:25:06', 1, 1),
(216, 215, 0, 1, '2018-10-16 13:25:06', '2018-10-16 13:25:06', 1, 1),
(217, 216, 0, 1, '2018-10-16 13:25:06', '2018-10-16 13:25:06', 1, 1),
(218, 217, 0, 1, '2018-10-16 13:25:06', '2018-10-16 13:25:06', 1, 1),
(219, 218, 0, 1, '2018-10-16 13:25:06', '2018-10-16 13:25:06', 1, 1),
(220, 219, 0, 1, '2018-10-16 13:25:06', '2018-10-16 13:25:06', 1, 1),
(221, 220, 0, 1, '2018-10-16 13:25:06', '2018-10-16 13:25:06', 1, 1),
(222, 221, 0, 1, '2018-10-16 13:25:06', '2018-10-16 13:25:06', 1, 1),
(223, 222, 0, 1, '2018-10-16 13:25:06', '2018-10-16 13:25:06', 1, 1),
(224, 223, 0, 1, '2018-10-16 13:25:06', '2018-10-16 13:25:06', 1, 1),
(225, 224, 0, 1, '2018-10-16 13:25:06', '2018-10-16 13:25:06', 1, 1),
(226, 225, 0, 1, '2018-10-16 13:25:06', '2018-10-16 13:25:06', 1, 1),
(227, 226, 0, 1, '2018-10-16 13:25:07', '2018-10-16 13:25:07', 1, 1),
(228, 227, 0, 1, '2018-10-16 13:25:07', '2018-10-16 13:25:07', 1, 1),
(229, 228, 0, 1, '2018-10-16 13:25:07', '2018-10-16 13:25:07', 1, 1),
(230, 229, 0, 1, '2018-10-16 13:25:07', '2018-10-16 13:25:07', 1, 1),
(231, 230, 0, 1, '2018-10-16 13:25:07', '2018-10-16 13:25:07', 1, 1),
(232, 231, 0, 1, '2018-10-16 13:25:07', '2018-10-16 13:25:07', 1, 1),
(233, 232, 0, 1, '2018-10-16 13:25:07', '2018-10-16 13:25:07', 1, 1),
(234, 233, 0, 1, '2018-10-16 13:25:07', '2018-10-16 13:25:07', 1, 1),
(235, 234, 0, 1, '2018-10-16 13:25:07', '2018-10-16 13:25:07', 1, 1),
(236, 235, 0, 1, '2018-10-16 13:25:07', '2018-10-16 13:25:07', 1, 1),
(237, 236, 0, 1, '2018-10-16 13:25:07', '2018-10-16 13:25:07', 1, 1),
(238, 237, 0, 1, '2018-10-16 13:25:07', '2018-10-16 13:25:07', 1, 1),
(239, 238, 0, 1, '2018-10-16 13:25:07', '2018-10-16 13:25:07', 1, 1),
(240, 239, 0, 1, '2018-10-16 13:25:07', '2018-10-16 13:25:07', 1, 1),
(241, 240, 0, 1, '2018-10-16 13:25:07', '2018-10-16 13:25:07', 1, 1),
(242, 241, 0, 1, '2018-10-16 13:25:07', '2018-10-16 13:25:07', 1, 1),
(243, 242, 0, 1, '2018-10-16 13:25:07', '2018-10-16 13:25:07', 1, 1),
(244, 243, 0, 1, '2018-10-16 13:25:07', '2018-10-16 13:25:07', 1, 1),
(245, 244, 0, 1, '2018-10-16 13:25:07', '2018-10-16 13:25:07', 1, 1),
(246, 245, 0, 1, '2018-10-16 13:25:07', '2018-10-16 13:25:07', 1, 1),
(247, 246, 0, 1, '2018-10-16 13:25:07', '2018-10-16 13:25:07', 1, 1),
(248, 247, 0, 1, '2018-10-16 13:25:07', '2018-10-16 13:25:07', 1, 1),
(249, 248, 0, 1, '2018-10-16 13:25:07', '2018-10-16 13:25:07', 1, 1),
(250, 249, 0, 1, '2018-10-16 13:25:07', '2018-10-16 13:25:07', 1, 1),
(251, 250, 0, 1, '2018-10-16 13:25:08', '2018-10-16 13:25:08', 1, 1),
(252, 251, 0, 1, '2018-10-16 13:25:08', '2018-10-16 13:25:08', 1, 1),
(253, 252, 0, 1, '2018-10-16 13:25:08', '2018-10-16 13:25:08', 1, 1),
(254, 253, 0, 1, '2018-10-16 13:25:08', '2018-10-16 13:25:08', 1, 1),
(255, 254, 0, 1, '2018-10-16 13:25:08', '2018-10-16 13:25:08', 1, 1),
(256, 255, 0, 1, '2018-10-16 13:25:08', '2018-10-16 13:25:08', 1, 1),
(257, 256, 0, 1, '2018-10-16 13:25:08', '2018-10-16 13:25:08', 1, 1),
(258, 257, 0, 1, '2018-10-16 13:25:08', '2018-10-16 13:25:08', 1, 1),
(259, 258, 0, 1, '2018-10-16 13:25:08', '2018-10-16 13:25:08', 1, 1),
(260, 259, 0, 1, '2018-10-16 13:25:08', '2018-10-16 13:25:08', 1, 1),
(261, 260, 0, 1, '2018-10-16 13:25:08', '2018-10-16 13:25:08', 1, 1),
(262, 261, 0, 1, '2018-10-16 13:25:08', '2018-10-16 13:25:08', 1, 1),
(263, 262, 0, 1, '2018-10-16 13:25:08', '2018-10-16 13:25:08', 1, 1),
(264, 263, 0, 1, '2018-10-16 13:25:08', '2018-10-16 13:25:08', 1, 1),
(265, 264, 0, 1, '2018-10-16 13:25:08', '2018-10-16 13:25:08', 1, 1),
(266, 265, 0, 1, '2018-10-16 13:25:08', '2018-10-16 13:25:08', 1, 1),
(267, 266, 0, 1, '2018-10-16 13:25:08', '2018-10-16 13:25:08', 1, 1),
(268, 267, 0, 1, '2018-10-16 13:25:09', '2018-10-16 13:25:09', 1, 1),
(269, 268, 0, 1, '2018-10-16 13:25:09', '2018-10-16 13:25:09', 1, 1),
(270, 269, 0, 1, '2018-10-16 13:25:09', '2018-10-16 13:25:09', 1, 1),
(271, 270, 0, 1, '2018-10-16 13:25:09', '2018-10-16 13:25:09', 1, 1),
(272, 271, 0, 1, '2018-10-16 13:25:09', '2018-10-16 13:25:09', 1, 1),
(273, 272, 0, 1, '2018-10-16 13:25:09', '2018-10-16 13:25:09', 1, 1),
(274, 273, 0, 1, '2018-10-16 13:25:09', '2018-10-16 13:25:09', 1, 1),
(275, 274, 0, 1, '2018-10-16 13:25:09', '2018-10-16 13:25:09', 1, 1),
(276, 275, 0, 1, '2018-10-16 13:25:09', '2018-10-16 13:25:09', 1, 1),
(277, 276, 0, 1, '2018-10-16 13:25:09', '2018-10-16 13:25:09', 1, 1),
(278, 277, 0, 1, '2018-10-16 13:25:09', '2018-10-16 13:25:09', 1, 1),
(279, 278, 0, 1, '2018-10-16 13:25:09', '2018-10-16 13:25:09', 1, 1),
(280, 279, 0, 1, '2018-10-16 13:25:09', '2018-10-16 13:25:09', 1, 1),
(281, 280, 0, 1, '2018-10-16 13:25:09', '2018-10-16 13:25:09', 1, 1),
(282, 281, 0, 1, '2018-10-16 13:25:09', '2018-10-16 13:25:09', 1, 1),
(283, 282, 0, 1, '2018-10-16 13:25:09', '2018-10-16 13:25:09', 1, 1),
(284, 283, 0, 1, '2018-10-16 13:25:10', '2018-10-16 13:25:10', 1, 1),
(285, 284, 0, 1, '2018-10-16 13:25:10', '2018-10-16 13:25:10', 1, 1),
(286, 285, 0, 1, '2018-10-16 13:25:10', '2018-10-16 13:25:10', 1, 1),
(287, 286, 0, 1, '2018-10-16 13:25:10', '2018-10-16 13:25:10', 1, 1),
(288, 287, 0, 1, '2018-10-16 13:25:10', '2018-10-16 13:25:10', 1, 1),
(289, 288, 0, 1, '2018-10-16 13:25:10', '2018-10-16 13:25:10', 1, 1),
(290, 289, 0, 1, '2018-10-16 13:25:10', '2018-10-16 13:25:10', 1, 1),
(291, 290, 0, 1, '2018-10-16 13:25:10', '2018-10-16 13:25:10', 1, 1),
(292, 291, 0, 1, '2018-10-16 13:25:10', '2018-10-16 13:25:10', 1, 1),
(293, 292, 0, 1, '2018-10-16 13:25:10', '2018-10-16 13:25:10', 1, 1),
(294, 293, 0, 1, '2018-10-16 13:25:10', '2018-10-16 13:25:10', 1, 1),
(295, 294, 0, 1, '2018-10-16 13:25:10', '2018-10-16 13:25:10', 1, 1),
(296, 295, 0, 1, '2018-10-16 13:25:10', '2018-10-16 13:25:10', 1, 1),
(297, 296, 0, 1, '2018-10-16 13:25:10', '2018-10-16 13:25:10', 1, 1),
(298, 297, 0, 1, '2018-10-16 13:25:10', '2018-10-16 13:25:10', 1, 1),
(299, 298, 0, 1, '2018-10-16 13:25:10', '2018-10-16 13:25:10', 1, 1),
(300, 299, 0, 1, '2018-10-16 13:25:11', '2018-10-16 13:25:11', 1, 1),
(301, 300, 0, 1, '2018-10-16 13:25:11', '2018-10-16 13:25:11', 1, 1),
(302, 301, 0, 1, '2018-10-16 13:25:11', '2018-10-16 13:25:11', 1, 1),
(303, 302, 0, 1, '2018-10-16 13:25:11', '2018-10-16 13:25:11', 1, 1),
(304, 303, 0, 1, '2018-10-16 13:25:11', '2018-10-16 13:25:11', 1, 1),
(305, 304, 0, 1, '2018-10-16 13:25:11', '2018-10-16 13:25:11', 1, 1),
(306, 305, 0, 1, '2018-10-16 13:25:11', '2018-10-16 13:25:11', 1, 1),
(307, 306, 0, 1, '2018-10-16 13:25:11', '2018-10-16 13:25:11', 1, 1),
(308, 307, 0, 1, '2018-10-16 13:25:11', '2018-10-16 13:25:11', 1, 1),
(309, 308, 0, 1, '2018-10-16 13:25:11', '2018-10-16 13:25:11', 1, 1),
(310, 309, 0, 1, '2018-10-16 13:25:11', '2018-10-16 13:25:11', 1, 1),
(311, 310, 0, 1, '2018-10-16 13:25:11', '2018-10-16 13:25:11', 1, 1),
(312, 311, 0, 1, '2018-10-16 13:25:11', '2018-10-16 13:25:11', 1, 1),
(313, 312, 0, 1, '2018-10-16 13:25:11', '2018-10-16 13:25:11', 1, 1),
(314, 313, 0, 1, '2018-10-16 13:25:11', '2018-10-16 13:25:11', 1, 1),
(315, 314, 0, 1, '2018-10-16 13:25:11', '2018-10-16 13:25:11', 1, 1),
(316, 315, 0, 1, '2018-10-16 13:25:12', '2018-10-16 13:25:12', 1, 1),
(317, 316, 0, 1, '2018-10-16 13:25:12', '2018-10-16 13:25:12', 1, 1),
(318, 317, 0, 1, '2018-10-16 13:25:12', '2018-10-16 13:25:12', 1, 1),
(319, 318, 0, 1, '2018-10-16 13:25:12', '2018-10-16 13:25:12', 1, 1),
(320, 319, 0, 1, '2018-10-16 13:25:12', '2018-10-16 13:25:12', 1, 1),
(321, 320, 0, 1, '2018-10-16 13:25:12', '2018-10-16 13:25:12', 1, 1),
(322, 321, 0, 1, '2018-10-16 13:25:12', '2018-10-16 13:25:12', 1, 1),
(323, 322, 0, 1, '2018-10-16 13:25:12', '2018-10-16 13:25:12', 1, 1),
(324, 323, 0, 1, '2018-10-16 13:25:12', '2018-10-16 13:25:12', 1, 1),
(325, 324, 0, 1, '2018-10-16 13:25:12', '2018-10-16 13:25:12', 1, 1),
(326, 325, 0, 1, '2018-10-16 13:25:12', '2018-10-16 13:25:12', 1, 1),
(327, 326, 0, 1, '2018-10-16 13:25:12', '2018-10-16 13:25:12', 1, 1),
(328, 327, 0, 1, '2018-10-16 13:25:12', '2018-10-16 13:25:12', 1, 1),
(329, 328, 0, 1, '2018-10-16 13:25:12', '2018-10-16 13:25:12', 1, 1),
(330, 329, 0, 1, '2018-10-16 13:25:12', '2018-10-16 13:25:12', 1, 1),
(331, 330, 0, 1, '2018-10-16 13:25:12', '2018-10-16 13:25:12', 1, 1),
(332, 331, 0, 1, '2018-10-16 13:25:12', '2018-10-16 13:25:12', 1, 1),
(333, 332, 0, 1, '2018-10-16 13:25:13', '2018-10-16 13:25:13', 1, 1),
(334, 333, 0, 1, '2018-10-16 13:25:13', '2018-10-16 13:25:13', 1, 1),
(335, 334, 0, 1, '2018-10-16 13:25:13', '2018-10-16 13:25:13', 1, 1),
(336, 335, 0, 1, '2018-10-16 13:25:13', '2018-10-16 13:25:13', 1, 1),
(337, 336, 0, 1, '2018-10-16 13:25:13', '2018-10-16 13:25:13', 1, 1),
(338, 337, 0, 1, '2018-10-16 13:25:13', '2018-10-16 13:25:13', 1, 1),
(339, 338, 0, 1, '2018-10-16 13:25:13', '2018-10-16 13:25:13', 1, 1),
(340, 339, 0, 1, '2018-10-16 13:25:13', '2018-10-16 13:25:13', 1, 1),
(341, 340, 0, 1, '2018-10-16 13:25:13', '2018-10-16 13:25:13', 1, 1),
(342, 341, 0, 1, '2018-10-16 13:25:13', '2018-10-16 13:25:13', 1, 1),
(343, 342, 0, 1, '2018-10-16 13:25:13', '2018-10-16 13:25:13', 1, 1),
(344, 343, 0, 1, '2018-10-16 13:25:13', '2018-10-16 13:25:13', 1, 1),
(345, 344, 0, 1, '2018-10-16 13:25:13', '2018-10-16 13:25:13', 1, 1),
(346, 345, 0, 1, '2018-10-16 13:25:13', '2018-10-16 13:25:13', 1, 1),
(347, 346, 0, 1, '2018-10-16 13:25:13', '2018-10-16 13:25:13', 1, 1),
(348, 347, 0, 1, '2018-10-16 13:25:13', '2018-10-16 13:25:13', 1, 1),
(349, 348, 0, 1, '2018-10-16 13:25:13', '2018-10-16 13:25:13', 1, 1),
(350, 349, 0, 1, '2018-10-16 13:25:13', '2018-10-16 13:25:13', 1, 1),
(351, 350, 0, 1, '2018-10-16 13:25:13', '2018-10-16 13:25:13', 1, 1),
(352, 351, 0, 1, '2018-10-16 13:25:13', '2018-10-16 13:25:13', 1, 1),
(353, 352, 0, 1, '2018-10-16 13:25:13', '2018-10-16 13:25:13', 1, 1),
(354, 353, 0, 1, '2018-10-16 13:25:13', '2018-10-16 13:25:13', 1, 1),
(355, 354, 0, 1, '2018-10-16 13:25:14', '2018-10-16 13:25:14', 1, 1),
(356, 355, 0, 1, '2018-10-16 13:25:14', '2018-10-16 13:25:14', 1, 1),
(357, 356, 0, 1, '2018-10-16 13:25:14', '2018-10-16 13:25:14', 1, 1),
(358, 357, 0, 1, '2018-10-16 13:25:14', '2018-10-16 13:25:14', 1, 1),
(359, 358, 0, 1, '2018-10-16 13:25:14', '2018-10-16 13:25:14', 1, 1),
(360, 359, 0, 1, '2018-10-16 13:25:14', '2018-10-16 13:25:14', 1, 1),
(361, 360, 0, 1, '2018-10-16 13:25:14', '2018-10-16 13:25:14', 1, 1),
(362, 361, 0, 1, '2018-10-16 13:25:14', '2018-10-16 13:25:14', 1, 1),
(363, 362, 0, 1, '2018-10-16 13:25:14', '2018-10-16 13:25:14', 1, 1),
(364, 363, 0, 1, '2018-10-16 13:25:14', '2018-10-16 13:25:14', 1, 1),
(365, 364, 0, 1, '2018-10-16 13:25:14', '2018-10-16 13:25:14', 1, 1),
(366, 365, 0, 1, '2018-10-16 13:25:14', '2018-10-16 13:25:14', 1, 1),
(367, 366, 0, 1, '2018-10-16 13:25:14', '2018-10-16 13:25:14', 1, 1),
(368, 367, 0, 1, '2018-10-16 13:25:14', '2018-10-16 13:25:14', 1, 1),
(369, 368, 0, 1, '2018-10-16 13:25:14', '2018-10-16 13:25:14', 1, 1),
(370, 369, 0, 1, '2018-10-16 13:25:14', '2018-10-16 13:25:14', 1, 1),
(371, 370, 0, 1, '2018-10-16 13:25:14', '2018-10-16 13:25:14', 1, 1),
(372, 371, 0, 1, '2018-10-16 13:25:14', '2018-10-16 13:25:14', 1, 1),
(373, 372, 0, 1, '2018-10-16 13:25:14', '2018-10-16 13:25:14', 1, 1),
(374, 373, 0, 1, '2018-10-16 13:25:14', '2018-10-16 13:25:14', 1, 1),
(375, 374, 0, 1, '2018-10-16 13:25:14', '2018-10-16 13:25:14', 1, 1),
(376, 375, 0, 1, '2018-10-16 13:25:14', '2018-10-16 13:25:14', 1, 1),
(377, 376, 0, 1, '2018-10-16 13:25:15', '2018-10-16 13:25:15', 1, 1),
(378, 377, 0, 1, '2018-10-16 13:25:15', '2018-10-16 13:25:15', 1, 1),
(379, 378, 0, 1, '2018-10-16 13:25:15', '2018-10-16 13:25:15', 1, 1),
(380, 379, 0, 1, '2018-10-16 13:25:15', '2018-10-16 13:25:15', 1, 1),
(381, 380, 0, 1, '2018-10-16 13:25:15', '2018-10-16 13:25:15', 1, 1),
(382, 381, 0, 1, '2018-10-16 13:25:15', '2018-10-16 13:25:15', 1, 1),
(383, 382, 0, 1, '2018-10-16 13:25:15', '2018-10-16 13:25:15', 1, 1),
(384, 383, 0, 1, '2018-10-16 13:25:15', '2018-10-16 13:25:15', 1, 1),
(385, 384, 0, 1, '2018-10-16 13:25:15', '2018-10-16 13:25:15', 1, 1),
(386, 385, 0, 1, '2018-10-16 13:25:15', '2018-10-16 13:25:15', 1, 1),
(387, 386, 0, 1, '2018-10-16 13:25:15', '2018-10-16 13:25:15', 1, 1),
(388, 387, 0, 1, '2018-10-16 13:25:15', '2018-10-16 13:25:15', 1, 1),
(389, 388, 0, 1, '2018-10-16 13:25:15', '2018-10-16 13:25:15', 1, 1),
(390, 389, 0, 1, '2018-10-16 13:25:16', '2018-10-16 13:25:16', 1, 1),
(391, 390, 0, 1, '2018-10-16 13:25:16', '2018-10-16 13:25:16', 1, 1),
(392, 391, 0, 1, '2018-10-16 13:25:16', '2018-10-16 13:25:16', 1, 1),
(393, 392, 0, 1, '2018-10-16 13:25:16', '2018-10-16 13:25:16', 1, 1),
(394, 393, 0, 1, '2018-10-16 13:25:16', '2018-10-16 13:25:16', 1, 1),
(395, 394, 0, 1, '2018-10-16 13:25:16', '2018-10-16 13:25:16', 1, 1),
(396, 395, 0, 1, '2018-10-16 13:25:16', '2018-10-16 13:25:16', 1, 1),
(397, 396, 0, 1, '2018-10-16 13:25:16', '2018-10-16 13:25:16', 1, 1),
(398, 397, 0, 1, '2018-10-16 13:25:16', '2018-10-16 13:25:16', 1, 1),
(399, 398, 0, 1, '2018-10-16 13:25:16', '2018-10-16 13:25:16', 1, 1),
(400, 399, 0, 1, '2018-10-16 13:25:16', '2018-10-16 13:25:16', 1, 1),
(401, 400, 0, 1, '2018-10-16 13:25:16', '2018-10-16 13:25:16', 1, 1),
(402, 401, 0, 1, '2018-10-16 13:25:16', '2018-10-16 13:25:16', 1, 1),
(403, 402, 0, 1, '2018-10-16 13:25:16', '2018-10-16 13:25:16', 1, 1),
(404, 403, 0, 1, '2018-10-16 13:25:16', '2018-10-16 13:25:16', 1, 1),
(405, 404, 0, 1, '2018-10-16 13:25:16', '2018-10-16 13:25:16', 1, 1),
(406, 405, 0, 1, '2018-10-16 13:25:16', '2018-10-16 13:25:16', 1, 1),
(407, 406, 0, 1, '2018-10-16 13:25:16', '2018-10-16 13:25:16', 1, 1),
(408, 407, 0, 1, '2018-10-16 13:25:16', '2018-10-16 13:25:16', 1, 1),
(409, 408, 0, 1, '2018-10-16 13:25:16', '2018-10-16 13:25:16', 1, 1),
(410, 409, 0, 1, '2018-10-16 13:25:17', '2018-10-16 13:25:17', 1, 1),
(411, 410, 0, 1, '2018-10-16 13:25:17', '2018-10-16 13:25:17', 1, 1),
(412, 411, 0, 1, '2018-10-16 13:25:17', '2018-10-16 13:25:17', 1, 1),
(413, 412, 0, 1, '2018-10-16 13:25:17', '2018-10-16 13:25:17', 1, 1),
(414, 413, 0, 1, '2018-10-16 13:25:17', '2018-10-16 13:25:17', 1, 1),
(415, 414, 0, 1, '2018-10-16 13:25:17', '2018-10-16 13:25:17', 1, 1),
(416, 415, 0, 1, '2018-10-16 13:25:17', '2018-10-16 13:25:17', 1, 1),
(417, 416, 0, 1, '2018-10-16 13:25:17', '2018-10-16 13:25:17', 1, 1),
(418, 417, 0, 1, '2018-10-16 13:25:17', '2018-10-16 13:25:17', 1, 1),
(419, 418, 0, 1, '2018-10-16 13:25:17', '2018-10-16 13:25:17', 1, 1),
(420, 419, 0, 1, '2018-10-16 13:25:17', '2018-10-16 13:25:17', 1, 1),
(421, 420, 0, 1, '2018-10-16 13:25:17', '2018-10-16 13:25:17', 1, 1),
(422, 421, 0, 1, '2018-10-16 13:25:17', '2018-10-16 13:25:17', 1, 1),
(423, 422, 0, 1, '2018-10-16 13:25:18', '2018-10-16 13:25:18', 1, 1),
(424, 423, 0, 1, '2018-10-16 13:25:18', '2018-10-16 13:25:18', 1, 1),
(425, 424, 0, 1, '2018-10-16 13:25:18', '2018-10-16 13:25:18', 1, 1),
(426, 425, 0, 1, '2018-10-16 13:25:18', '2018-10-16 13:25:18', 1, 1),
(427, 426, 0, 1, '2018-10-16 13:25:18', '2018-10-16 13:25:18', 1, 1),
(428, 427, 0, 1, '2018-10-16 13:25:18', '2018-10-16 13:25:18', 1, 1),
(429, 428, 0, 1, '2018-10-16 13:25:18', '2018-10-16 13:25:18', 1, 1),
(430, 429, 0, 1, '2018-10-16 13:25:18', '2018-10-16 13:25:18', 1, 1),
(431, 430, 0, 1, '2018-10-16 13:25:19', '2018-10-16 13:25:19', 1, 1),
(432, 431, 0, 1, '2018-10-16 13:25:19', '2018-10-16 13:25:19', 1, 1),
(433, 432, 0, 1, '2018-10-16 13:25:19', '2018-10-16 13:25:19', 1, 1),
(434, 433, 0, 1, '2018-10-16 13:25:19', '2018-10-16 13:25:19', 1, 1),
(435, 434, 0, 1, '2018-10-16 13:25:19', '2018-10-16 13:25:19', 1, 1),
(436, 435, 0, 1, '2018-10-16 13:25:19', '2018-10-16 13:25:19', 1, 1),
(437, 436, 0, 1, '2018-10-16 13:25:19', '2018-10-16 13:25:19', 1, 1),
(438, 437, 0, 1, '2018-10-16 13:25:19', '2018-10-16 13:25:19', 1, 1),
(439, 438, 0, 1, '2018-10-16 13:25:19', '2018-10-16 13:25:19', 1, 1),
(440, 439, 0, 1, '2018-10-16 13:25:19', '2018-10-16 13:25:19', 1, 1),
(441, 440, 0, 1, '2018-10-16 13:25:19', '2018-10-16 13:25:19', 1, 1),
(442, 441, 0, 1, '2018-10-16 13:25:19', '2018-10-16 13:25:19', 1, 1),
(443, 442, 0, 1, '2018-10-16 13:25:19', '2018-10-16 13:25:19', 1, 1),
(444, 443, 0, 1, '2018-10-16 13:25:19', '2018-10-16 13:25:19', 1, 1),
(445, 444, 0, 1, '2018-10-16 13:25:19', '2018-10-16 13:25:19', 1, 1),
(446, 445, 0, 1, '2018-10-16 13:25:19', '2018-10-16 13:25:19', 1, 1),
(447, 446, 0, 1, '2018-10-16 13:25:19', '2018-10-16 13:25:19', 1, 1),
(448, 447, 0, 1, '2018-10-16 13:25:20', '2018-10-16 13:25:20', 1, 1),
(449, 448, 0, 1, '2018-10-16 13:25:20', '2018-10-16 13:25:20', 1, 1),
(450, 449, 0, 1, '2018-10-16 13:25:20', '2018-10-16 13:25:20', 1, 1),
(451, 450, 0, 1, '2018-10-16 13:25:20', '2018-10-16 13:25:20', 1, 1),
(452, 451, 0, 1, '2018-10-16 13:25:20', '2018-10-16 13:25:20', 1, 1),
(453, 452, 0, 1, '2018-10-16 13:25:20', '2018-10-16 13:25:20', 1, 1),
(454, 453, 0, 1, '2018-10-16 13:25:20', '2018-10-16 13:25:20', 1, 1),
(455, 454, 0, 1, '2018-10-16 13:25:20', '2018-10-16 13:25:20', 1, 1),
(456, 455, 0, 1, '2018-10-16 13:25:20', '2018-10-16 13:25:20', 1, 1),
(457, 456, 0, 1, '2018-10-16 13:25:20', '2018-10-16 13:25:20', 1, 1),
(458, 457, 0, 1, '2018-10-16 13:25:20', '2018-10-16 13:25:20', 1, 1),
(459, 458, 0, 1, '2018-10-16 13:25:20', '2018-10-16 13:25:20', 1, 1),
(460, 459, 0, 1, '2018-10-16 13:25:20', '2018-10-16 13:25:20', 1, 1),
(461, 460, 0, 1, '2018-10-16 13:25:20', '2018-10-16 13:25:20', 1, 1),
(462, 461, 0, 1, '2018-10-16 13:25:20', '2018-10-16 13:25:20', 1, 1),
(463, 462, 0, 1, '2018-10-16 13:25:20', '2018-10-16 13:25:20', 1, 1),
(464, 463, 0, 1, '2018-10-16 13:25:20', '2018-10-16 13:25:20', 1, 1),
(465, 464, 0, 1, '2018-10-16 13:25:20', '2018-10-16 13:25:20', 1, 1),
(466, 465, 0, 1, '2018-10-16 13:25:20', '2018-10-16 13:25:20', 1, 1),
(467, 466, 0, 1, '2018-10-16 13:25:20', '2018-10-16 13:25:20', 1, 1),
(468, 467, 0, 1, '2018-10-16 13:25:20', '2018-10-16 13:25:20', 1, 1),
(469, 468, 0, 1, '2018-10-16 13:25:20', '2018-10-16 13:25:20', 1, 1),
(470, 469, 0, 1, '2018-10-16 13:25:21', '2018-10-16 13:25:21', 1, 1),
(471, 470, 0, 1, '2018-10-16 13:25:21', '2018-10-16 13:25:21', 1, 1),
(472, 471, 0, 1, '2018-10-16 13:25:21', '2018-10-16 13:25:21', 1, 1),
(473, 472, 0, 1, '2018-10-16 13:25:21', '2018-10-16 13:25:21', 1, 1),
(474, 473, 0, 1, '2018-10-16 13:25:21', '2018-10-16 13:25:21', 1, 1),
(475, 474, 0, 1, '2018-10-16 13:25:21', '2018-10-16 13:25:21', 1, 1),
(476, 475, 0, 1, '2018-10-16 13:25:21', '2018-10-16 13:25:21', 1, 1),
(477, 476, 0, 1, '2018-10-16 13:25:21', '2018-10-16 13:25:21', 1, 1),
(478, 477, 0, 1, '2018-10-16 13:25:21', '2018-10-16 13:25:21', 1, 1),
(479, 478, 0, 1, '2018-10-16 13:25:21', '2018-10-16 13:25:21', 1, 1),
(480, 479, 0, 1, '2018-10-16 13:25:21', '2018-10-16 13:25:21', 1, 1),
(481, 480, 0, 1, '2018-10-16 13:25:21', '2018-10-16 13:25:21', 1, 1),
(482, 481, 0, 1, '2018-10-16 13:25:21', '2018-10-16 13:25:21', 1, 1),
(483, 482, 0, 1, '2018-10-16 13:25:21', '2018-10-16 13:25:21', 1, 1),
(484, 483, 0, 1, '2018-10-16 13:25:21', '2018-10-16 13:25:21', 1, 1),
(485, 484, 0, 1, '2018-10-16 13:25:21', '2018-10-16 13:25:21', 1, 1),
(486, 485, 0, 1, '2018-10-16 13:25:21', '2018-10-16 13:25:21', 1, 1),
(487, 486, 0, 1, '2018-10-16 13:25:21', '2018-10-16 13:25:21', 1, 1),
(488, 487, 0, 1, '2018-10-16 13:25:21', '2018-10-16 13:25:21', 1, 1),
(489, 488, 0, 1, '2018-10-16 13:25:21', '2018-10-16 13:25:21', 1, 1),
(490, 489, 0, 1, '2018-10-16 13:25:21', '2018-10-16 13:25:21', 1, 1),
(491, 490, 0, 1, '2018-10-16 13:25:22', '2018-10-16 13:25:22', 1, 1),
(492, 491, 0, 1, '2018-10-16 13:25:22', '2018-10-16 13:25:22', 1, 1),
(493, 492, 0, 1, '2018-10-16 13:25:22', '2018-10-16 13:25:22', 1, 1),
(494, 493, 0, 1, '2018-10-16 13:25:22', '2018-10-16 13:25:22', 1, 1),
(495, 494, 0, 1, '2018-10-16 13:25:22', '2018-10-16 13:25:22', 1, 1),
(496, 495, 0, 1, '2018-10-16 13:25:22', '2018-10-16 13:25:22', 1, 1),
(497, 496, 0, 1, '2018-10-16 13:25:22', '2018-10-16 13:25:22', 1, 1),
(498, 497, 0, 1, '2018-10-16 13:25:22', '2018-10-16 13:25:22', 1, 1),
(499, 498, 0, 1, '2018-10-16 13:25:22', '2018-10-16 13:25:22', 1, 1),
(500, 499, 0, 1, '2018-10-16 13:25:22', '2018-10-16 13:25:22', 1, 1),
(501, 500, 0, 1, '2018-10-16 13:25:22', '2018-10-16 13:25:22', 1, 1),
(502, 501, 0, 1, '2018-10-16 13:25:22', '2018-10-16 13:25:22', 1, 1),
(503, 502, 0, 1, '2018-10-16 13:25:22', '2018-10-16 13:25:22', 1, 1),
(504, 503, 0, 1, '2018-10-16 13:25:22', '2018-10-16 13:25:22', 1, 1),
(505, 504, 0, 1, '2018-10-16 13:25:22', '2018-10-16 13:25:22', 1, 1),
(506, 505, 0, 1, '2018-10-16 13:25:22', '2018-10-16 13:25:22', 1, 1),
(507, 506, 0, 1, '2018-10-16 13:25:23', '2018-10-16 13:25:23', 1, 1),
(508, 507, 0, 1, '2018-10-16 13:25:23', '2018-10-16 13:25:23', 1, 1),
(509, 508, 0, 1, '2018-10-16 13:25:23', '2018-10-16 13:25:23', 1, 1),
(510, 509, 0, 1, '2018-10-16 13:25:23', '2018-10-16 13:25:23', 1, 1),
(511, 510, 0, 1, '2018-10-16 13:25:23', '2018-10-16 13:25:23', 1, 1),
(512, 511, 0, 1, '2018-10-16 13:25:23', '2018-10-16 13:25:23', 1, 1),
(513, 512, 0, 1, '2018-10-16 13:25:23', '2018-10-16 13:25:23', 1, 1),
(514, 513, 0, 1, '2018-10-16 13:25:23', '2018-10-16 13:25:23', 1, 1),
(515, 514, 0, 1, '2018-10-16 13:25:23', '2018-10-16 13:25:23', 1, 1),
(516, 515, 0, 1, '2018-10-16 13:25:23', '2018-10-16 13:25:23', 1, 1),
(517, 516, 0, 1, '2018-10-16 13:25:23', '2018-10-16 13:25:23', 1, 1),
(518, 517, 0, 1, '2018-10-16 13:25:23', '2018-10-16 13:25:23', 1, 1),
(519, 518, 0, 1, '2018-10-16 13:25:23', '2018-10-16 13:25:23', 1, 1),
(520, 519, 0, 1, '2018-10-16 13:25:23', '2018-10-16 13:25:23', 1, 1),
(521, 520, 0, 1, '2018-10-16 13:25:23', '2018-10-16 13:25:23', 1, 1),
(522, 521, 0, 1, '2018-10-16 13:25:23', '2018-10-16 13:25:23', 1, 1),
(523, 522, 0, 1, '2018-10-16 13:25:23', '2018-10-16 13:25:23', 1, 1),
(524, 523, 0, 1, '2018-10-16 13:25:24', '2018-10-16 13:25:24', 1, 1),
(525, 524, 0, 1, '2018-10-16 13:25:24', '2018-10-16 13:25:24', 1, 1),
(526, 525, 0, 1, '2018-10-16 13:25:24', '2018-10-16 13:25:24', 1, 1),
(527, 526, 0, 1, '2018-10-16 13:25:24', '2018-10-16 13:25:24', 1, 1),
(528, 527, 0, 1, '2018-10-16 13:25:24', '2018-10-16 13:25:24', 1, 1),
(529, 528, 0, 1, '2018-10-16 13:25:24', '2018-10-16 13:25:24', 1, 1),
(530, 529, 0, 1, '2018-10-16 13:25:24', '2018-10-16 13:25:24', 1, 1),
(531, 530, 0, 1, '2018-10-16 13:25:24', '2018-10-16 13:25:24', 1, 1),
(532, 531, 0, 1, '2018-10-16 13:25:24', '2018-10-16 13:25:24', 1, 1),
(533, 532, 0, 1, '2018-10-16 13:25:24', '2018-10-16 13:25:24', 1, 1),
(534, 533, 0, 1, '2018-10-16 13:25:24', '2018-10-16 13:25:24', 1, 1),
(535, 534, 0, 1, '2018-10-16 13:25:24', '2018-10-16 13:25:24', 1, 1),
(536, 535, 0, 1, '2018-10-16 13:25:24', '2018-10-16 13:25:24', 1, 1),
(537, 536, 0, 1, '2018-10-16 13:25:24', '2018-10-16 13:25:24', 1, 1),
(538, 537, 0, 1, '2018-10-16 13:25:24', '2018-10-16 13:25:24', 1, 1),
(539, 538, 0, 1, '2018-10-16 13:25:24', '2018-10-16 13:25:24', 1, 1),
(540, 539, 0, 1, '2018-10-16 13:25:24', '2018-10-16 13:25:24', 1, 1),
(541, 540, 0, 1, '2018-10-16 13:25:24', '2018-10-16 13:25:24', 1, 1),
(542, 541, 0, 1, '2018-10-16 13:25:24', '2018-10-16 13:25:24', 1, 1),
(543, 542, 0, 1, '2018-10-16 13:25:24', '2018-10-16 13:25:24', 1, 1),
(544, 543, 0, 1, '2018-10-16 13:25:24', '2018-10-16 13:25:24', 1, 1),
(545, 544, 0, 1, '2018-10-16 13:25:24', '2018-10-16 13:25:24', 1, 1),
(546, 545, 0, 1, '2018-10-16 13:25:25', '2018-10-16 13:25:25', 1, 1),
(547, 546, 0, 1, '2018-10-16 13:25:25', '2018-10-16 13:25:25', 1, 1),
(548, 547, 0, 1, '2018-10-16 13:25:25', '2018-10-16 13:25:25', 1, 1),
(549, 548, 0, 1, '2018-10-16 13:25:25', '2018-10-16 13:25:25', 1, 1),
(550, 549, 0, 1, '2018-10-16 13:25:25', '2018-10-16 13:25:25', 1, 1),
(551, 550, 0, 1, '2018-10-16 13:25:25', '2018-10-16 13:25:25', 1, 1),
(552, 551, 0, 1, '2018-10-16 13:25:25', '2018-10-16 13:25:25', 1, 1),
(553, 552, 0, 1, '2018-10-16 13:25:25', '2018-10-16 13:25:25', 1, 1),
(554, 553, 0, 1, '2018-10-16 13:25:25', '2018-10-16 13:25:25', 1, 1),
(555, 554, 0, 1, '2018-10-16 13:25:25', '2018-10-16 13:25:25', 1, 1),
(556, 555, 0, 1, '2018-10-16 13:25:25', '2018-10-16 13:25:25', 1, 1),
(557, 556, 0, 1, '2018-10-16 13:25:25', '2018-10-16 13:25:25', 1, 1),
(558, 557, 0, 1, '2018-10-16 13:25:25', '2018-10-16 13:25:25', 1, 1),
(559, 558, 0, 1, '2018-10-16 13:25:25', '2018-10-16 13:25:25', 1, 1),
(560, 559, 0, 1, '2018-10-16 13:25:25', '2018-10-16 13:25:25', 1, 1),
(561, 560, 0, 1, '2018-10-16 13:25:25', '2018-10-16 13:25:25', 1, 1),
(562, 561, 0, 1, '2018-10-16 13:25:25', '2018-10-16 13:25:25', 1, 1),
(563, 562, 0, 1, '2018-10-16 13:25:25', '2018-10-16 13:25:25', 1, 1),
(564, 563, 0, 1, '2018-10-16 13:25:26', '2018-10-16 13:25:26', 1, 1),
(565, 564, 0, 1, '2018-10-16 13:25:26', '2018-10-16 13:25:26', 1, 1),
(566, 565, 0, 1, '2018-10-16 13:25:26', '2018-10-16 13:25:26', 1, 1),
(567, 566, 0, 1, '2018-10-16 13:25:26', '2018-10-16 13:25:26', 1, 1),
(568, 567, 0, 1, '2018-10-16 13:25:26', '2018-10-16 13:25:26', 1, 1),
(569, 568, 0, 1, '2018-10-16 13:25:26', '2018-10-16 13:25:26', 1, 1),
(570, 569, 0, 1, '2018-10-16 13:25:26', '2018-10-16 13:25:26', 1, 1),
(571, 570, 0, 1, '2018-10-16 13:25:26', '2018-10-16 13:25:26', 1, 1),
(572, 571, 0, 1, '2018-10-16 13:25:26', '2018-10-16 13:25:26', 1, 1),
(573, 572, 0, 1, '2018-10-16 13:25:26', '2018-10-16 13:25:26', 1, 1),
(574, 573, 0, 1, '2018-10-16 13:25:26', '2018-10-16 13:25:26', 1, 1),
(575, 574, 0, 1, '2018-10-16 13:25:26', '2018-10-16 13:25:26', 1, 1),
(576, 575, 0, 1, '2018-10-16 13:25:26', '2018-10-16 13:25:26', 1, 1),
(577, 576, 0, 1, '2018-10-16 13:25:26', '2018-10-16 13:25:26', 1, 1),
(578, 577, 0, 1, '2018-10-16 13:25:26', '2018-10-16 13:25:26', 1, 1),
(579, 578, 0, 1, '2018-10-16 13:25:26', '2018-10-16 13:25:26', 1, 1),
(580, 579, 0, 1, '2018-10-16 13:25:26', '2018-10-16 13:25:26', 1, 1),
(581, 580, 0, 1, '2018-10-16 13:25:27', '2018-10-16 13:25:27', 1, 1),
(582, 581, 0, 1, '2018-10-16 13:25:27', '2018-10-16 13:25:27', 1, 1),
(583, 582, 0, 1, '2018-10-16 13:25:27', '2018-10-16 13:25:27', 1, 1),
(584, 583, 0, 1, '2018-10-16 13:25:27', '2018-10-16 13:25:27', 1, 1),
(585, 584, 0, 1, '2018-10-16 13:25:27', '2018-10-16 13:25:27', 1, 1),
(586, 585, 0, 1, '2018-10-16 13:25:27', '2018-10-16 13:25:27', 1, 1),
(587, 586, 0, 1, '2018-10-16 13:25:27', '2018-10-16 13:25:27', 1, 1),
(588, 587, 0, 1, '2018-10-16 13:25:27', '2018-10-16 13:25:27', 1, 1),
(589, 588, 0, 1, '2018-10-16 13:25:27', '2018-10-16 13:25:27', 1, 1),
(590, 589, 0, 1, '2018-10-16 13:25:27', '2018-10-16 13:25:27', 1, 1),
(591, 590, 0, 1, '2018-10-16 13:25:27', '2018-10-16 13:25:27', 1, 1),
(592, 591, 0, 1, '2018-10-16 13:25:27', '2018-10-16 13:25:27', 1, 1),
(593, 592, 0, 1, '2018-10-16 13:25:27', '2018-10-16 13:25:27', 1, 1),
(594, 593, 0, 1, '2018-10-16 13:25:27', '2018-10-16 13:25:27', 1, 1),
(595, 594, 0, 1, '2018-10-16 13:25:27', '2018-10-16 13:25:27', 1, 1),
(596, 595, 0, 1, '2018-10-16 13:25:27', '2018-10-16 13:25:27', 1, 1),
(597, 596, 0, 1, '2018-10-16 13:25:27', '2018-10-16 13:25:27', 1, 1),
(598, 597, 0, 1, '2018-10-16 13:25:27', '2018-10-16 13:25:27', 1, 1),
(599, 598, 0, 1, '2018-10-16 13:25:28', '2018-10-16 13:25:28', 1, 1),
(600, 599, 0, 1, '2018-10-16 13:25:28', '2018-10-16 13:25:28', 1, 1),
(601, 600, 0, 1, '2018-10-16 13:25:28', '2018-10-16 13:25:28', 1, 1),
(602, 601, 0, 1, '2018-10-16 13:25:28', '2018-10-16 13:25:28', 1, 1),
(603, 602, 0, 1, '2018-10-16 13:25:28', '2018-10-16 13:25:28', 1, 1),
(604, 603, 0, 1, '2018-10-16 13:25:28', '2018-10-16 13:25:28', 1, 1),
(605, 604, 0, 1, '2018-10-16 13:25:28', '2018-10-16 13:25:28', 1, 1),
(606, 605, 0, 1, '2018-10-16 13:25:28', '2018-10-16 13:25:28', 1, 1),
(607, 606, 0, 1, '2018-10-16 13:25:28', '2018-10-16 13:25:28', 1, 1),
(608, 607, 0, 1, '2018-10-16 13:25:28', '2018-10-16 13:25:28', 1, 1),
(609, 608, 0, 1, '2018-10-16 13:25:28', '2018-10-16 13:25:28', 1, 1),
(610, 609, 0, 1, '2018-10-16 13:25:28', '2018-10-16 13:25:28', 1, 1),
(611, 610, 0, 1, '2018-10-16 13:25:28', '2018-10-16 13:25:28', 1, 1),
(612, 611, 0, 1, '2018-10-16 13:25:28', '2018-10-16 13:25:28', 1, 1),
(613, 612, 0, 1, '2018-10-16 13:25:28', '2018-10-16 13:25:28', 1, 1),
(614, 613, 0, 1, '2018-10-16 13:25:28', '2018-10-16 13:25:28', 1, 1),
(615, 614, 0, 1, '2018-10-16 13:25:29', '2018-10-16 13:25:29', 1, 1),
(616, 615, 0, 1, '2018-10-16 13:25:29', '2018-10-16 13:25:29', 1, 1),
(617, 616, 0, 1, '2018-10-16 13:25:29', '2018-10-16 13:25:29', 1, 1),
(618, 617, 0, 1, '2018-10-16 13:25:29', '2018-10-16 13:25:29', 1, 1),
(619, 618, 0, 1, '2018-10-16 13:25:29', '2018-10-16 13:25:29', 1, 1),
(620, 619, 0, 1, '2018-10-16 13:25:29', '2018-10-16 13:25:29', 1, 1),
(621, 620, 0, 1, '2018-10-16 13:25:29', '2018-10-16 13:25:29', 1, 1),
(622, 621, 0, 1, '2018-10-16 13:25:29', '2018-10-16 13:25:29', 1, 1),
(623, 622, 0, 1, '2018-10-16 13:25:29', '2018-10-16 13:25:29', 1, 1),
(624, 623, 0, 1, '2018-10-16 13:25:29', '2018-10-16 13:25:29', 1, 1),
(625, 624, 0, 1, '2018-10-16 13:25:29', '2018-10-16 13:25:29', 1, 1),
(626, 625, 0, 1, '2018-10-16 13:25:29', '2018-10-16 13:25:29', 1, 1),
(627, 626, 0, 1, '2018-10-16 13:25:29', '2018-10-16 13:25:29', 1, 1),
(628, 627, 0, 1, '2018-10-16 13:25:29', '2018-10-16 13:25:29', 1, 1),
(629, 628, 0, 1, '2018-10-16 13:25:29', '2018-10-16 13:25:29', 1, 1),
(630, 629, 0, 1, '2018-10-16 13:25:29', '2018-10-16 13:25:29', 1, 1),
(631, 630, 0, 1, '2018-10-16 13:25:29', '2018-10-16 13:25:29', 1, 1),
(632, 631, 0, 1, '2018-10-16 13:25:29', '2018-10-16 13:25:29', 1, 1),
(633, 632, 0, 1, '2018-10-16 13:25:29', '2018-10-16 13:25:29', 1, 1),
(634, 633, 0, 1, '2018-10-16 13:25:29', '2018-10-16 13:25:29', 1, 1),
(635, 634, 0, 1, '2018-10-16 13:25:30', '2018-10-16 13:25:30', 1, 1),
(636, 635, 0, 1, '2018-10-16 13:25:30', '2018-10-16 13:25:30', 1, 1),
(637, 636, 0, 1, '2018-10-16 13:25:30', '2018-10-16 13:25:30', 1, 1),
(638, 637, 0, 1, '2018-10-16 13:25:30', '2018-10-16 13:25:30', 1, 1),
(639, 638, 0, 1, '2018-10-16 13:25:30', '2018-10-16 13:25:30', 1, 1),
(640, 639, 0, 1, '2018-10-16 13:25:30', '2018-10-16 13:25:30', 1, 1),
(641, 640, 0, 1, '2018-10-16 13:25:30', '2018-10-16 13:25:30', 1, 1),
(642, 641, 0, 1, '2018-10-16 13:25:30', '2018-10-16 13:25:30', 1, 1),
(643, 642, 0, 1, '2018-10-16 13:25:30', '2018-10-16 13:25:30', 1, 1),
(644, 643, 0, 1, '2018-10-16 13:25:30', '2018-10-16 13:25:30', 1, 1),
(645, 644, 0, 1, '2018-10-16 13:25:30', '2018-10-16 13:25:30', 1, 1),
(646, 645, 0, 1, '2018-10-16 13:25:30', '2018-10-16 13:25:30', 1, 1),
(647, 646, 0, 1, '2018-10-16 13:25:30', '2018-10-16 13:25:30', 1, 1),
(648, 647, 0, 1, '2018-10-16 13:25:30', '2018-10-16 13:25:30', 1, 1),
(649, 648, 0, 1, '2018-10-16 13:25:30', '2018-10-16 13:25:30', 1, 1),
(650, 649, 0, 1, '2018-10-16 13:25:30', '2018-10-16 13:25:30', 1, 1),
(651, 650, 0, 1, '2018-10-16 13:25:30', '2018-10-16 13:25:30', 1, 1),
(652, 651, 0, 1, '2018-10-16 13:25:30', '2018-10-16 13:25:30', 1, 1),
(653, 652, 0, 1, '2018-10-16 13:25:30', '2018-10-16 13:25:30', 1, 1),
(654, 653, 0, 1, '2018-10-16 13:25:30', '2018-10-16 13:25:30', 1, 1),
(655, 654, 0, 1, '2018-10-16 13:25:31', '2018-10-16 13:25:31', 1, 1),
(656, 655, 0, 1, '2018-10-16 13:25:31', '2018-10-16 13:25:31', 1, 1),
(657, 656, 0, 1, '2018-10-16 13:25:31', '2018-10-16 13:25:31', 1, 1),
(658, 657, 0, 1, '2018-10-16 13:25:31', '2018-10-16 13:25:31', 1, 1),
(659, 658, 0, 1, '2018-10-16 13:25:31', '2018-10-16 13:25:31', 1, 1),
(660, 659, 0, 1, '2018-10-16 13:25:31', '2018-10-16 13:25:31', 1, 1),
(661, 660, 0, 1, '2018-10-16 13:25:31', '2018-10-16 13:25:31', 1, 1),
(662, 661, 0, 1, '2018-10-16 13:25:31', '2018-10-16 13:25:31', 1, 1),
(663, 662, 0, 1, '2018-10-16 13:25:31', '2018-10-16 13:25:31', 1, 1),
(664, 663, 0, 1, '2018-10-16 13:25:31', '2018-10-16 13:25:31', 1, 1),
(665, 664, 0, 1, '2018-10-16 13:25:31', '2018-10-16 13:25:31', 1, 1),
(666, 665, 0, 1, '2018-10-16 13:25:31', '2018-10-16 13:25:31', 1, 1),
(667, 666, 0, 1, '2018-10-16 13:25:31', '2018-10-16 13:25:31', 1, 1),
(668, 667, 0, 1, '2018-10-16 13:25:31', '2018-10-16 13:25:31', 1, 1),
(669, 668, 0, 1, '2018-10-16 13:25:31', '2018-10-16 13:25:31', 1, 1),
(670, 669, 0, 1, '2018-10-16 13:25:31', '2018-10-16 13:25:31', 1, 1),
(671, 670, 0, 1, '2018-10-16 13:25:32', '2018-10-16 13:25:32', 1, 1),
(672, 671, 0, 1, '2018-10-16 13:25:32', '2018-10-16 13:25:32', 1, 1),
(673, 672, 0, 1, '2018-10-16 13:25:32', '2018-10-16 13:25:32', 1, 1),
(674, 673, 0, 1, '2018-10-16 13:25:32', '2018-10-16 13:25:32', 1, 1),
(675, 674, 0, 1, '2018-10-16 13:25:32', '2018-10-16 13:25:32', 1, 1),
(676, 675, 0, 1, '2018-10-16 13:25:32', '2018-10-16 13:25:32', 1, 1),
(677, 676, 0, 1, '2018-10-16 13:25:32', '2018-10-16 13:25:32', 1, 1),
(678, 677, 0, 1, '2018-10-16 13:25:32', '2018-10-16 13:25:32', 1, 1),
(679, 678, 0, 1, '2018-10-16 13:25:32', '2018-10-16 13:25:32', 1, 1),
(680, 679, 0, 1, '2018-10-16 13:25:32', '2018-10-16 13:25:32', 1, 1),
(681, 680, 0, 1, '2018-10-16 13:25:32', '2018-10-16 13:25:32', 1, 1),
(682, 681, 0, 1, '2018-10-16 13:25:32', '2018-10-16 13:25:32', 1, 1),
(683, 682, 0, 1, '2018-10-16 13:25:32', '2018-10-16 13:25:32', 1, 1),
(684, 683, 0, 1, '2018-10-16 13:25:32', '2018-10-16 13:25:32', 1, 1),
(685, 684, 0, 1, '2018-10-16 13:25:32', '2018-10-16 13:25:32', 1, 1),
(686, 685, 0, 1, '2018-10-16 13:25:32', '2018-10-16 13:25:32', 1, 1),
(687, 686, 0, 1, '2018-10-16 13:25:32', '2018-10-16 13:25:32', 1, 1),
(688, 687, 0, 1, '2018-10-16 13:25:32', '2018-10-16 13:25:32', 1, 1),
(689, 688, 0, 1, '2018-10-16 13:25:33', '2018-10-16 13:25:33', 1, 1),
(690, 689, 0, 1, '2018-10-16 13:25:33', '2018-10-16 13:25:33', 1, 1),
(691, 690, 0, 1, '2018-10-16 13:25:33', '2018-10-16 13:25:33', 1, 1),
(692, 691, 0, 1, '2018-10-16 13:25:33', '2018-10-16 13:25:33', 1, 1),
(693, 692, 0, 1, '2018-10-16 13:25:33', '2018-10-16 13:25:33', 1, 1),
(694, 693, 0, 1, '2018-10-16 13:25:33', '2018-10-16 13:25:33', 1, 1),
(695, 694, 0, 1, '2018-10-16 13:25:33', '2018-10-16 13:25:33', 1, 1),
(696, 695, 0, 1, '2018-10-16 13:25:33', '2018-10-16 13:25:33', 1, 1),
(697, 696, 0, 1, '2018-10-16 13:25:33', '2018-10-16 13:25:33', 1, 1),
(698, 697, 0, 1, '2018-10-16 13:25:33', '2018-10-16 13:25:33', 1, 1),
(699, 698, 0, 1, '2018-10-16 13:25:33', '2018-10-16 13:25:33', 1, 1),
(700, 699, 0, 1, '2018-10-16 13:25:33', '2018-10-16 13:25:33', 1, 1),
(701, 700, 0, 1, '2018-10-16 13:25:33', '2018-10-16 13:25:33', 1, 1),
(702, 701, 0, 1, '2018-10-16 13:25:33', '2018-10-16 13:25:33', 1, 1),
(703, 702, 0, 1, '2018-10-16 13:25:33', '2018-10-16 13:25:33', 1, 1),
(704, 703, 0, 1, '2018-10-16 13:25:33', '2018-10-16 13:25:33', 1, 1),
(705, 704, 0, 1, '2018-10-16 13:25:33', '2018-10-16 13:25:33', 1, 1),
(706, 705, 0, 1, '2018-10-16 13:25:33', '2018-10-16 13:25:33', 1, 1),
(707, 706, 0, 1, '2018-10-16 13:25:34', '2018-10-16 13:25:34', 1, 1),
(708, 707, 0, 1, '2018-10-16 13:25:34', '2018-10-16 13:25:34', 1, 1),
(709, 708, 0, 1, '2018-10-16 13:25:34', '2018-10-16 13:25:34', 1, 1),
(710, 709, 0, 1, '2018-10-16 13:25:34', '2018-10-16 13:25:34', 1, 1),
(711, 710, 0, 1, '2018-10-16 13:25:34', '2018-10-16 13:25:34', 1, 1),
(712, 711, 0, 1, '2018-10-16 13:25:34', '2018-10-16 13:25:34', 1, 1),
(713, 712, 0, 1, '2018-10-16 13:25:34', '2018-10-16 13:25:34', 1, 1),
(714, 713, 0, 1, '2018-10-16 13:25:34', '2018-10-16 13:25:34', 1, 1),
(715, 714, 0, 1, '2018-10-16 13:25:34', '2018-10-16 13:25:34', 1, 1),
(716, 715, 0, 1, '2018-10-16 13:25:34', '2018-10-16 13:25:34', 1, 1),
(717, 716, 0, 1, '2018-10-16 13:25:34', '2018-10-16 13:25:34', 1, 1),
(718, 717, 0, 1, '2018-10-16 13:25:34', '2018-10-16 13:25:34', 1, 1),
(719, 718, 0, 1, '2018-10-16 13:25:34', '2018-10-16 13:25:34', 1, 1),
(720, 719, 0, 1, '2018-10-16 13:25:34', '2018-10-16 13:25:34', 1, 1),
(721, 720, 0, 1, '2018-10-16 13:25:34', '2018-10-16 13:25:34', 1, 1),
(722, 721, 0, 1, '2018-10-16 13:25:34', '2018-10-16 13:25:34', 1, 1),
(723, 722, 0, 1, '2018-10-16 13:25:34', '2018-10-16 13:25:34', 1, 1),
(724, 723, 0, 1, '2018-10-16 13:25:34', '2018-10-16 13:25:34', 1, 1),
(725, 724, 0, 1, '2018-10-16 13:25:34', '2018-10-16 13:25:34', 1, 1),
(726, 725, 0, 1, '2018-10-16 13:25:34', '2018-10-16 13:25:34', 1, 1),
(727, 726, 0, 1, '2018-10-16 13:25:34', '2018-10-16 13:25:34', 1, 1),
(728, 727, 0, 1, '2018-10-16 13:25:34', '2018-10-16 13:25:34', 1, 1),
(729, 728, 0, 1, '2018-10-16 13:25:35', '2018-10-16 13:25:35', 1, 1),
(730, 729, 0, 1, '2018-10-16 13:25:35', '2018-10-16 13:25:35', 1, 1),
(731, 730, 0, 1, '2018-10-16 13:25:35', '2018-10-16 13:25:35', 1, 1),
(732, 731, 0, 1, '2018-10-16 13:25:35', '2018-10-16 13:25:35', 1, 1),
(733, 732, 0, 1, '2018-10-16 13:25:35', '2018-10-16 13:25:35', 1, 1),
(734, 733, 0, 1, '2018-10-16 13:25:35', '2018-10-16 13:25:35', 1, 1),
(735, 734, 0, 1, '2018-10-16 13:25:35', '2018-10-16 13:25:35', 1, 1),
(736, 735, 0, 1, '2018-10-16 13:25:35', '2018-10-16 13:25:35', 1, 1);
INSERT INTO `states` (`StateID`, `SortOrder`, `Hide`, `IsActive`, `CreatedAt`, `UpdatedAt`, `CreatedBy`, `UpdatedBy`) VALUES
(737, 736, 0, 1, '2018-10-16 13:25:35', '2018-10-16 13:25:35', 1, 1),
(738, 737, 0, 1, '2018-10-16 13:25:35', '2018-10-16 13:25:35', 1, 1),
(739, 738, 0, 1, '2018-10-16 13:25:35', '2018-10-16 13:25:35', 1, 1),
(740, 739, 0, 1, '2018-10-16 13:25:35', '2018-10-16 13:25:35', 1, 1),
(741, 740, 0, 1, '2018-10-16 13:25:35', '2018-10-16 13:25:35', 1, 1),
(742, 741, 0, 1, '2018-10-16 13:25:35', '2018-10-16 13:25:35', 1, 1),
(743, 742, 0, 1, '2018-10-16 13:25:35', '2018-10-16 13:25:35', 1, 1),
(744, 743, 0, 1, '2018-10-16 13:25:35', '2018-10-16 13:25:35', 1, 1),
(745, 744, 0, 1, '2018-10-16 13:25:35', '2018-10-16 13:25:35', 1, 1),
(746, 745, 0, 1, '2018-10-16 13:25:35', '2018-10-16 13:25:35', 1, 1),
(747, 746, 0, 1, '2018-10-16 13:25:36', '2018-10-16 13:25:36', 1, 1),
(748, 747, 0, 1, '2018-10-16 13:25:36', '2018-10-16 13:25:36', 1, 1),
(749, 748, 0, 1, '2018-10-16 13:25:36', '2018-10-16 13:25:36', 1, 1),
(750, 749, 0, 1, '2018-10-16 13:25:36', '2018-10-16 13:25:36', 1, 1),
(751, 750, 0, 1, '2018-10-16 13:25:36', '2018-10-16 13:25:36', 1, 1),
(752, 751, 0, 1, '2018-10-16 13:25:36', '2018-10-16 13:25:36', 1, 1),
(753, 752, 0, 1, '2018-10-16 13:25:36', '2018-10-16 13:25:36', 1, 1),
(754, 753, 0, 1, '2018-10-16 13:25:36', '2018-10-16 13:25:36', 1, 1),
(755, 754, 0, 1, '2018-10-16 13:25:36', '2018-10-16 13:25:36', 1, 1),
(756, 755, 0, 1, '2018-10-16 13:25:36', '2018-10-16 13:25:36', 1, 1),
(757, 756, 0, 1, '2018-10-16 13:25:36', '2018-10-16 13:25:36', 1, 1),
(758, 757, 0, 1, '2018-10-16 13:25:36', '2018-10-16 13:25:36', 1, 1),
(759, 758, 0, 1, '2018-10-16 13:25:36', '2018-10-16 13:25:36', 1, 1),
(760, 759, 0, 1, '2018-10-16 13:25:36', '2018-10-16 13:25:36', 1, 1),
(761, 760, 0, 1, '2018-10-16 13:25:36', '2018-10-16 13:25:36', 1, 1),
(762, 761, 0, 1, '2018-10-16 13:25:36', '2018-10-16 13:25:36', 1, 1),
(763, 762, 0, 1, '2018-10-16 13:25:36', '2018-10-16 13:25:36', 1, 1),
(764, 763, 0, 1, '2018-10-16 13:25:36', '2018-10-16 13:25:36', 1, 1),
(765, 764, 0, 1, '2018-10-16 13:25:36', '2018-10-16 13:25:36', 1, 1),
(766, 765, 0, 1, '2018-10-16 13:25:36', '2018-10-16 13:25:36', 1, 1),
(767, 766, 0, 1, '2018-10-16 13:25:36', '2018-10-16 13:25:36', 1, 1),
(768, 767, 0, 1, '2018-10-16 13:25:37', '2018-10-16 13:25:37', 1, 1),
(769, 768, 0, 1, '2018-10-16 13:25:37', '2018-10-16 13:25:37', 1, 1),
(770, 769, 0, 1, '2018-10-16 13:25:37', '2018-10-16 13:25:37', 1, 1),
(771, 770, 0, 1, '2018-10-16 13:25:37', '2018-10-16 13:25:37', 1, 1),
(772, 771, 0, 1, '2018-10-16 13:25:37', '2018-10-16 13:25:37', 1, 1),
(773, 772, 0, 1, '2018-10-16 13:25:37', '2018-10-16 13:25:37', 1, 1),
(774, 773, 0, 1, '2018-10-16 13:25:37', '2018-10-16 13:25:37', 1, 1),
(775, 774, 0, 1, '2018-10-16 13:25:37', '2018-10-16 13:25:37', 1, 1),
(776, 775, 0, 1, '2018-10-16 13:25:37', '2018-10-16 13:25:37', 1, 1),
(777, 776, 0, 1, '2018-10-16 13:25:37', '2018-10-16 13:25:37', 1, 1),
(778, 777, 0, 1, '2018-10-16 13:25:37', '2018-10-16 13:25:37', 1, 1),
(779, 778, 0, 1, '2018-10-16 13:25:37', '2018-10-16 13:25:37', 1, 1),
(780, 779, 0, 1, '2018-10-16 13:25:37', '2018-10-16 13:25:37', 1, 1),
(781, 780, 0, 1, '2018-10-16 13:25:37', '2018-10-16 13:25:37', 1, 1),
(782, 781, 0, 1, '2018-10-16 13:25:37', '2018-10-16 13:25:37', 1, 1),
(783, 782, 0, 1, '2018-10-16 13:25:37', '2018-10-16 13:25:37', 1, 1),
(784, 783, 0, 1, '2018-10-16 13:25:37', '2018-10-16 13:25:37', 1, 1),
(785, 784, 0, 1, '2018-10-16 13:25:37', '2018-10-16 13:25:37', 1, 1),
(786, 785, 0, 1, '2018-10-16 13:25:37', '2018-10-16 13:25:37', 1, 1),
(787, 786, 0, 1, '2018-10-16 13:25:38', '2018-10-16 13:25:38', 1, 1),
(788, 787, 0, 1, '2018-10-16 13:25:38', '2018-10-16 13:25:38', 1, 1),
(789, 788, 0, 1, '2018-10-16 13:25:38', '2018-10-16 13:25:38', 1, 1),
(790, 789, 0, 1, '2018-10-16 13:25:38', '2018-10-16 13:25:38', 1, 1),
(791, 790, 0, 1, '2018-10-16 13:25:38', '2018-10-16 13:25:38', 1, 1),
(792, 791, 0, 1, '2018-10-16 13:25:38', '2018-10-16 13:25:38', 1, 1),
(793, 792, 0, 1, '2018-10-16 13:25:38', '2018-10-16 13:25:38', 1, 1),
(794, 793, 0, 1, '2018-10-16 13:25:38', '2018-10-16 13:25:38', 1, 1),
(795, 794, 0, 1, '2018-10-16 13:25:38', '2018-10-16 13:25:38', 1, 1),
(796, 795, 0, 1, '2018-10-16 13:25:38', '2018-10-16 13:25:38', 1, 1),
(797, 796, 0, 1, '2018-10-16 13:25:38', '2018-10-16 13:25:38', 1, 1),
(798, 797, 0, 1, '2018-10-16 13:25:38', '2018-10-16 13:25:38', 1, 1),
(799, 798, 0, 1, '2018-10-16 13:25:38', '2018-10-16 13:25:38', 1, 1),
(800, 799, 0, 1, '2018-10-16 13:25:38', '2018-10-16 13:25:38', 1, 1),
(801, 800, 0, 1, '2018-10-16 13:25:38', '2018-10-16 13:25:38', 1, 1),
(802, 801, 0, 1, '2018-10-16 13:25:38', '2018-10-16 13:25:38', 1, 1),
(803, 802, 0, 1, '2018-10-16 13:25:38', '2018-10-16 13:25:38', 1, 1),
(804, 803, 0, 1, '2018-10-16 13:25:38', '2018-10-16 13:25:38', 1, 1),
(805, 804, 0, 1, '2018-10-16 13:25:39', '2018-10-16 13:25:39', 1, 1),
(806, 805, 0, 1, '2018-10-16 13:25:39', '2018-10-16 13:25:39', 1, 1),
(807, 806, 0, 1, '2018-10-16 13:25:39', '2018-10-16 13:25:39', 1, 1),
(808, 807, 0, 1, '2018-10-16 13:25:39', '2018-10-16 13:25:39', 1, 1),
(809, 808, 0, 1, '2018-10-16 13:25:39', '2018-10-16 13:25:39', 1, 1),
(810, 809, 0, 1, '2018-10-16 13:25:39', '2018-10-16 13:25:39', 1, 1),
(811, 810, 0, 1, '2018-10-16 13:25:39', '2018-10-16 13:25:39', 1, 1),
(812, 811, 0, 1, '2018-10-16 13:25:39', '2018-10-16 13:25:39', 1, 1),
(813, 812, 0, 1, '2018-10-16 13:25:39', '2018-10-16 13:25:39', 1, 1),
(814, 813, 0, 1, '2018-10-16 13:25:39', '2018-10-16 13:25:39', 1, 1),
(815, 814, 0, 1, '2018-10-16 13:25:39', '2018-10-16 13:25:39', 1, 1),
(816, 815, 0, 1, '2018-10-16 13:25:39', '2018-10-16 13:25:39', 1, 1),
(817, 816, 0, 1, '2018-10-16 13:25:39', '2018-10-16 13:25:39', 1, 1),
(818, 817, 0, 1, '2018-10-16 13:25:39', '2018-10-16 13:25:39', 1, 1),
(819, 818, 0, 1, '2018-10-16 13:25:39', '2018-10-16 13:25:39', 1, 1),
(820, 819, 0, 1, '2018-10-16 13:25:39', '2018-10-16 13:25:39', 1, 1),
(821, 820, 0, 1, '2018-10-16 13:25:39', '2018-10-16 13:25:39', 1, 1),
(822, 821, 0, 1, '2018-10-16 13:25:39', '2018-10-16 13:25:39', 1, 1),
(823, 822, 0, 1, '2018-10-16 13:25:39', '2018-10-16 13:25:39', 1, 1),
(824, 823, 0, 1, '2018-10-16 13:25:40', '2018-10-16 13:25:40', 1, 1),
(825, 824, 0, 1, '2018-10-16 13:25:40', '2018-10-16 13:25:40', 1, 1),
(826, 825, 0, 1, '2018-10-16 13:25:40', '2018-10-16 13:25:40', 1, 1),
(827, 826, 0, 1, '2018-10-16 13:25:40', '2018-10-16 13:25:40', 1, 1),
(828, 827, 0, 1, '2018-10-16 13:25:40', '2018-10-16 13:25:40', 1, 1),
(829, 828, 0, 1, '2018-10-16 13:25:40', '2018-10-16 13:25:40', 1, 1),
(830, 829, 0, 1, '2018-10-16 13:25:40', '2018-10-16 13:25:40', 1, 1),
(831, 830, 0, 1, '2018-10-16 13:25:40', '2018-10-16 13:25:40', 1, 1),
(832, 831, 0, 1, '2018-10-16 13:25:40', '2018-10-16 13:25:40', 1, 1),
(833, 832, 0, 1, '2018-10-16 13:25:40', '2018-10-16 13:25:40', 1, 1),
(834, 833, 0, 1, '2018-10-16 13:25:40', '2018-10-16 13:25:40', 1, 1),
(835, 834, 0, 1, '2018-10-16 13:25:40', '2018-10-16 13:25:40', 1, 1),
(836, 835, 0, 1, '2018-10-16 13:25:40', '2018-10-16 13:25:40', 1, 1),
(837, 836, 0, 1, '2018-10-16 13:25:40', '2018-10-16 13:25:40', 1, 1),
(838, 837, 0, 1, '2018-10-16 13:25:40', '2018-10-16 13:25:40', 1, 1),
(839, 838, 0, 1, '2018-10-16 13:25:40', '2018-10-16 13:25:40', 1, 1),
(840, 839, 0, 1, '2018-10-16 13:25:40', '2018-10-16 13:25:40', 1, 1),
(841, 840, 0, 1, '2018-10-16 13:25:40', '2018-10-16 13:25:40', 1, 1),
(842, 841, 0, 1, '2018-10-16 13:25:40', '2018-10-16 13:25:40', 1, 1),
(843, 842, 0, 1, '2018-10-16 13:25:40', '2018-10-16 13:25:40', 1, 1),
(844, 843, 0, 1, '2018-10-16 13:25:41', '2018-10-16 13:25:41', 1, 1),
(845, 844, 0, 1, '2018-10-16 13:25:41', '2018-10-16 13:25:41', 1, 1),
(846, 845, 0, 1, '2018-10-16 13:25:41', '2018-10-16 13:25:41', 1, 1),
(847, 846, 0, 1, '2018-10-16 13:25:41', '2018-10-16 13:25:41', 1, 1),
(848, 847, 0, 1, '2018-10-16 13:25:41', '2018-10-16 13:25:41', 1, 1),
(849, 848, 0, 1, '2018-10-16 13:25:41', '2018-10-16 13:25:41', 1, 1),
(850, 849, 0, 1, '2018-10-16 13:25:41', '2018-10-16 13:25:41', 1, 1),
(851, 850, 0, 1, '2018-10-16 13:25:41', '2018-10-16 13:25:41', 1, 1),
(852, 851, 0, 1, '2018-10-16 13:25:41', '2018-10-16 13:25:41', 1, 1),
(853, 852, 0, 1, '2018-10-16 13:25:41', '2018-10-16 13:25:41', 1, 1),
(854, 853, 0, 1, '2018-10-16 13:25:41', '2018-10-16 13:25:41', 1, 1),
(855, 854, 0, 1, '2018-10-16 13:25:41', '2018-10-16 13:25:41', 1, 1),
(856, 855, 0, 1, '2018-10-16 13:25:41', '2018-10-16 13:25:41', 1, 1),
(857, 856, 0, 1, '2018-10-16 13:25:41', '2018-10-16 13:25:41', 1, 1),
(858, 857, 0, 1, '2018-10-16 13:25:41', '2018-10-16 13:25:41', 1, 1),
(859, 858, 0, 1, '2018-10-16 13:25:41', '2018-10-16 13:25:41', 1, 1),
(860, 859, 0, 1, '2018-10-16 13:25:41', '2018-10-16 13:25:41', 1, 1),
(861, 860, 0, 1, '2018-10-16 13:25:41', '2018-10-16 13:25:41', 1, 1),
(862, 861, 0, 1, '2018-10-16 13:25:41', '2018-10-16 13:25:41', 1, 1),
(863, 862, 0, 1, '2018-10-16 13:25:41', '2018-10-16 13:25:41', 1, 1),
(864, 863, 0, 1, '2018-10-16 13:25:41', '2018-10-16 13:25:41', 1, 1),
(865, 864, 0, 1, '2018-10-16 13:25:42', '2018-10-16 13:25:42', 1, 1),
(866, 865, 0, 1, '2018-10-16 13:25:42', '2018-10-16 13:25:42', 1, 1),
(867, 866, 0, 1, '2018-10-16 13:25:42', '2018-10-16 13:25:42', 1, 1),
(868, 867, 0, 1, '2018-10-16 13:25:42', '2018-10-16 13:25:42', 1, 1),
(869, 868, 0, 1, '2018-10-16 13:25:42', '2018-10-16 13:25:42', 1, 1),
(870, 869, 0, 1, '2018-10-16 13:25:42', '2018-10-16 13:25:42', 1, 1),
(871, 870, 0, 1, '2018-10-16 13:25:42', '2018-10-16 13:25:42', 1, 1),
(872, 871, 0, 1, '2018-10-16 13:25:42', '2018-10-16 13:25:42', 1, 1),
(873, 872, 0, 1, '2018-10-16 13:25:42', '2018-10-16 13:25:42', 1, 1),
(874, 873, 0, 1, '2018-10-16 13:25:42', '2018-10-16 13:25:42', 1, 1),
(875, 874, 0, 1, '2018-10-16 13:25:42', '2018-10-16 13:25:42', 1, 1),
(876, 875, 0, 1, '2018-10-16 13:25:42', '2018-10-16 13:25:42', 1, 1),
(877, 876, 0, 1, '2018-10-16 13:25:42', '2018-10-16 13:25:42', 1, 1),
(878, 877, 0, 1, '2018-10-16 13:25:42', '2018-10-16 13:25:42', 1, 1),
(879, 878, 0, 1, '2018-10-16 13:25:42', '2018-10-16 13:25:42', 1, 1),
(880, 879, 0, 1, '2018-10-16 13:25:42', '2018-10-16 13:25:42', 1, 1),
(881, 880, 0, 1, '2018-10-16 13:25:42', '2018-10-16 13:25:42', 1, 1),
(882, 881, 0, 1, '2018-10-16 13:25:42', '2018-10-16 13:25:42', 1, 1),
(883, 882, 0, 1, '2018-10-16 13:25:42', '2018-10-16 13:25:42', 1, 1),
(884, 883, 0, 1, '2018-10-16 13:25:42', '2018-10-16 13:25:42', 1, 1),
(885, 884, 0, 1, '2018-10-16 13:25:42', '2018-10-16 13:25:42', 1, 1),
(886, 885, 0, 1, '2018-10-16 13:25:43', '2018-10-16 13:25:43', 1, 1),
(887, 886, 0, 1, '2018-10-16 13:25:43', '2018-10-16 13:25:43', 1, 1),
(888, 887, 0, 1, '2018-10-16 13:25:43', '2018-10-16 13:25:43', 1, 1),
(889, 888, 0, 1, '2018-10-16 13:25:43', '2018-10-16 13:25:43', 1, 1),
(890, 889, 0, 1, '2018-10-16 13:25:43', '2018-10-16 13:25:43', 1, 1),
(891, 890, 0, 1, '2018-10-16 13:25:43', '2018-10-16 13:25:43', 1, 1),
(892, 891, 0, 1, '2018-10-16 13:25:43', '2018-10-16 13:25:43', 1, 1),
(893, 892, 0, 1, '2018-10-16 13:25:43', '2018-10-16 13:25:43', 1, 1),
(894, 893, 0, 1, '2018-10-16 13:25:43', '2018-10-16 13:25:43', 1, 1),
(895, 894, 0, 1, '2018-10-16 13:25:43', '2018-10-16 13:25:43', 1, 1),
(896, 895, 0, 1, '2018-10-16 13:25:43', '2018-10-16 13:25:43', 1, 1),
(897, 896, 0, 1, '2018-10-16 13:25:43', '2018-10-16 13:25:43', 1, 1),
(898, 897, 0, 1, '2018-10-16 13:25:43', '2018-10-16 13:25:43', 1, 1),
(899, 898, 0, 1, '2018-10-16 13:25:43', '2018-10-16 13:25:43', 1, 1),
(900, 899, 0, 1, '2018-10-16 13:25:43', '2018-10-16 13:25:43', 1, 1),
(901, 900, 0, 1, '2018-10-16 13:25:43', '2018-10-16 13:25:43', 1, 1),
(902, 901, 0, 1, '2018-10-16 13:25:43', '2018-10-16 13:25:43', 1, 1),
(903, 902, 0, 1, '2018-10-16 13:25:43', '2018-10-16 13:25:43', 1, 1),
(904, 903, 0, 1, '2018-10-16 13:25:43', '2018-10-16 13:25:43', 1, 1),
(905, 904, 0, 1, '2018-10-16 13:25:43', '2018-10-16 13:25:43', 1, 1),
(906, 905, 0, 1, '2018-10-16 13:25:43', '2018-10-16 13:25:43', 1, 1),
(907, 906, 0, 1, '2018-10-16 13:25:43', '2018-10-16 13:25:43', 1, 1),
(908, 907, 0, 1, '2018-10-16 13:25:44', '2018-10-16 13:25:44', 1, 1),
(909, 908, 0, 1, '2018-10-16 13:25:44', '2018-10-16 13:25:44', 1, 1),
(910, 909, 0, 1, '2018-10-16 13:25:44', '2018-10-16 13:25:44', 1, 1),
(911, 910, 0, 1, '2018-10-16 13:25:44', '2018-10-16 13:25:44', 1, 1),
(912, 911, 0, 1, '2018-10-16 13:25:44', '2018-10-16 13:25:44', 1, 1),
(913, 912, 0, 1, '2018-10-16 13:25:44', '2018-10-16 13:25:44', 1, 1),
(914, 913, 0, 1, '2018-10-16 13:25:44', '2018-10-16 13:25:44', 1, 1),
(915, 914, 0, 1, '2018-10-16 13:25:44', '2018-10-16 13:25:44', 1, 1),
(916, 915, 0, 1, '2018-10-16 13:25:44', '2018-10-16 13:25:44', 1, 1),
(917, 916, 0, 1, '2018-10-16 13:25:44', '2018-10-16 13:25:44', 1, 1),
(918, 917, 0, 1, '2018-10-16 13:25:44', '2018-10-16 13:25:44', 1, 1),
(919, 918, 0, 1, '2018-10-16 13:25:44', '2018-10-16 13:25:44', 1, 1),
(920, 919, 0, 1, '2018-10-16 13:25:44', '2018-10-16 13:25:44', 1, 1),
(921, 920, 0, 1, '2018-10-16 13:25:44', '2018-10-16 13:25:44', 1, 1),
(922, 921, 0, 1, '2018-10-16 13:25:44', '2018-10-16 13:25:44', 1, 1),
(923, 922, 0, 1, '2018-10-16 13:25:44', '2018-10-16 13:25:44', 1, 1),
(924, 923, 0, 1, '2018-10-16 13:25:44', '2018-10-16 13:25:44', 1, 1),
(925, 924, 0, 1, '2018-10-16 13:25:44', '2018-10-16 13:25:44', 1, 1),
(926, 925, 0, 1, '2018-10-16 13:25:45', '2018-10-16 13:25:45', 1, 1),
(927, 926, 0, 1, '2018-10-16 13:25:45', '2018-10-16 13:25:45', 1, 1),
(928, 927, 0, 1, '2018-10-16 13:25:45', '2018-10-16 13:25:45', 1, 1),
(929, 928, 0, 1, '2018-10-16 13:25:45', '2018-10-16 13:25:45', 1, 1),
(930, 929, 0, 1, '2018-10-16 13:25:45', '2018-10-16 13:25:45', 1, 1),
(931, 930, 0, 1, '2018-10-16 13:25:45', '2018-10-16 13:25:45', 1, 1),
(932, 931, 0, 1, '2018-10-16 13:25:45', '2018-10-16 13:25:45', 1, 1),
(933, 932, 0, 1, '2018-10-16 13:25:45', '2018-10-16 13:25:45', 1, 1),
(934, 933, 0, 1, '2018-10-16 13:25:45', '2018-10-16 13:25:45', 1, 1),
(935, 934, 0, 1, '2018-10-16 13:25:45', '2018-10-16 13:25:45', 1, 1),
(936, 935, 0, 1, '2018-10-16 13:25:46', '2018-10-16 13:25:46', 1, 1),
(937, 936, 0, 1, '2018-10-16 13:25:46', '2018-10-16 13:25:46', 1, 1),
(938, 937, 0, 1, '2018-10-16 13:25:46', '2018-10-16 13:25:46', 1, 1),
(939, 938, 0, 1, '2018-10-16 13:25:46', '2018-10-16 13:25:46', 1, 1),
(940, 939, 0, 1, '2018-10-16 13:25:46', '2018-10-16 13:25:46', 1, 1),
(941, 940, 0, 1, '2018-10-16 13:25:46', '2018-10-16 13:25:46', 1, 1),
(942, 941, 0, 1, '2018-10-16 13:25:46', '2018-10-16 13:25:46', 1, 1),
(943, 942, 0, 1, '2018-10-16 13:25:46', '2018-10-16 13:25:46', 1, 1),
(944, 943, 0, 1, '2018-10-16 13:25:46', '2018-10-16 13:25:46', 1, 1),
(945, 944, 0, 1, '2018-10-16 13:25:46', '2018-10-16 13:25:46', 1, 1),
(946, 945, 0, 1, '2018-10-16 13:25:46', '2018-10-16 13:25:46', 1, 1),
(947, 946, 0, 1, '2018-10-16 13:25:46', '2018-10-16 13:25:46', 1, 1),
(948, 947, 0, 1, '2018-10-16 13:25:47', '2018-10-16 13:25:47', 1, 1),
(949, 948, 0, 1, '2018-10-16 13:25:47', '2018-10-16 13:25:47', 1, 1),
(950, 949, 0, 1, '2018-10-16 13:25:47', '2018-10-16 13:25:47', 1, 1),
(951, 950, 0, 1, '2018-10-16 13:25:47', '2018-10-16 13:25:47', 1, 1),
(952, 951, 0, 1, '2018-10-16 13:25:47', '2018-10-16 13:25:47', 1, 1),
(953, 952, 0, 1, '2018-10-16 13:25:47', '2018-10-16 13:25:47', 1, 1),
(954, 953, 0, 1, '2018-10-16 13:25:47', '2018-10-16 13:25:47', 1, 1),
(955, 954, 0, 1, '2018-10-16 13:25:47', '2018-10-16 13:25:47', 1, 1),
(956, 955, 0, 1, '2018-10-16 13:25:47', '2018-10-16 13:25:47', 1, 1),
(957, 956, 0, 1, '2018-10-16 13:25:47', '2018-10-16 13:25:47', 1, 1),
(958, 957, 0, 1, '2018-10-16 13:25:47', '2018-10-16 13:25:47', 1, 1),
(959, 958, 0, 1, '2018-10-16 13:25:47', '2018-10-16 13:25:47', 1, 1),
(960, 959, 0, 1, '2018-10-16 13:25:47', '2018-10-16 13:25:47', 1, 1),
(961, 960, 0, 1, '2018-10-16 13:25:47', '2018-10-16 13:25:47', 1, 1),
(962, 961, 0, 1, '2018-10-16 13:25:47', '2018-10-16 13:25:47', 1, 1),
(963, 962, 0, 1, '2018-10-16 13:25:47', '2018-10-16 13:25:47', 1, 1),
(964, 963, 0, 1, '2018-10-16 13:25:48', '2018-10-16 13:25:48', 1, 1),
(965, 964, 0, 1, '2018-10-16 13:25:48', '2018-10-16 13:25:48', 1, 1),
(966, 965, 0, 1, '2018-10-16 13:25:48', '2018-10-16 13:25:48', 1, 1),
(967, 966, 0, 1, '2018-10-16 13:25:48', '2018-10-16 13:25:48', 1, 1),
(968, 967, 0, 1, '2018-10-16 13:25:48', '2018-10-16 13:25:48', 1, 1),
(969, 968, 0, 1, '2018-10-16 13:25:48', '2018-10-16 13:25:48', 1, 1),
(970, 969, 0, 1, '2018-10-16 13:25:48', '2018-10-16 13:25:48', 1, 1),
(971, 970, 0, 1, '2018-10-16 13:25:48', '2018-10-16 13:25:48', 1, 1),
(972, 971, 0, 1, '2018-10-16 13:25:48', '2018-10-16 13:25:48', 1, 1),
(973, 972, 0, 1, '2018-10-16 13:25:48', '2018-10-16 13:25:48', 1, 1),
(974, 973, 0, 1, '2018-10-16 13:25:48', '2018-10-16 13:25:48', 1, 1),
(975, 974, 0, 1, '2018-10-16 13:25:48', '2018-10-16 13:25:48', 1, 1),
(976, 975, 0, 1, '2018-10-16 13:25:48', '2018-10-16 13:25:48', 1, 1),
(977, 976, 0, 1, '2018-10-16 13:25:48', '2018-10-16 13:25:48', 1, 1),
(978, 977, 0, 1, '2018-10-16 13:25:49', '2018-10-16 13:25:49', 1, 1),
(979, 978, 0, 1, '2018-10-16 13:25:49', '2018-10-16 13:25:49', 1, 1),
(980, 979, 0, 1, '2018-10-16 13:25:49', '2018-10-16 13:25:49', 1, 1),
(981, 980, 0, 1, '2018-10-16 13:25:49', '2018-10-16 13:25:49', 1, 1),
(982, 981, 0, 1, '2018-10-16 13:25:49', '2018-10-16 13:25:49', 1, 1),
(983, 982, 0, 1, '2018-10-16 13:25:49', '2018-10-16 13:25:49', 1, 1),
(984, 983, 0, 1, '2018-10-16 13:25:49', '2018-10-16 13:25:49', 1, 1),
(985, 984, 0, 1, '2018-10-16 13:25:49', '2018-10-16 13:25:49', 1, 1),
(986, 985, 0, 1, '2018-10-16 13:25:49', '2018-10-16 13:25:49', 1, 1),
(987, 986, 0, 1, '2018-10-16 13:25:49', '2018-10-16 13:25:49', 1, 1),
(988, 987, 0, 1, '2018-10-16 13:25:49', '2018-10-16 13:25:49', 1, 1),
(989, 988, 0, 1, '2018-10-16 13:25:49', '2018-10-16 13:25:49', 1, 1),
(990, 989, 0, 1, '2018-10-16 13:25:49', '2018-10-16 13:25:49', 1, 1),
(991, 990, 0, 1, '2018-10-16 13:25:49', '2018-10-16 13:25:49', 1, 1),
(992, 991, 0, 1, '2018-10-16 13:25:49', '2018-10-16 13:25:49', 1, 1),
(993, 992, 0, 1, '2018-10-16 13:25:50', '2018-10-16 13:25:50', 1, 1),
(994, 993, 0, 1, '2018-10-16 13:25:50', '2018-10-16 13:25:50', 1, 1),
(995, 994, 0, 1, '2018-10-16 13:25:50', '2018-10-16 13:25:50', 1, 1),
(996, 995, 0, 1, '2018-10-16 13:25:50', '2018-10-16 13:25:50', 1, 1),
(997, 996, 0, 1, '2018-10-16 13:25:50', '2018-10-16 13:25:50', 1, 1),
(998, 997, 0, 1, '2018-10-16 13:25:50', '2018-10-16 13:25:50', 1, 1),
(999, 998, 0, 1, '2018-10-16 13:25:50', '2018-10-16 13:25:50', 1, 1),
(1000, 999, 0, 1, '2018-10-16 13:25:50', '2018-10-16 13:25:50', 1, 1),
(1001, 1000, 0, 1, '2018-10-16 13:25:50', '2018-10-16 13:25:50', 1, 1),
(1002, 1001, 0, 1, '2018-10-16 13:25:50', '2018-10-16 13:25:50', 1, 1),
(1003, 1002, 0, 1, '2018-10-16 13:25:50', '2018-10-16 13:25:50', 1, 1),
(1004, 1003, 0, 1, '2018-10-16 13:25:50', '2018-10-16 13:25:50', 1, 1),
(1005, 1004, 0, 1, '2018-10-16 13:25:50', '2018-10-16 13:25:50', 1, 1),
(1006, 1005, 0, 1, '2018-10-16 13:25:50', '2018-10-16 13:25:50', 1, 1),
(1007, 1006, 0, 1, '2018-10-16 13:25:50', '2018-10-16 13:25:50', 1, 1),
(1008, 1007, 0, 1, '2018-10-16 13:25:50', '2018-10-16 13:25:50', 1, 1),
(1009, 1008, 0, 1, '2018-10-16 13:25:50', '2018-10-16 13:25:50', 1, 1),
(1010, 1009, 0, 1, '2018-10-16 13:25:50', '2018-10-16 13:25:50', 1, 1),
(1011, 1010, 0, 1, '2018-10-16 13:25:50', '2018-10-16 13:25:50', 1, 1),
(1012, 1011, 0, 1, '2018-10-16 13:25:50', '2018-10-16 13:25:50', 1, 1),
(1013, 1012, 0, 1, '2018-10-16 13:25:51', '2018-10-16 13:25:51', 1, 1),
(1014, 1013, 0, 1, '2018-10-16 13:25:51', '2018-10-16 13:25:51', 1, 1),
(1015, 1014, 0, 1, '2018-10-16 13:25:51', '2018-10-16 13:25:51', 1, 1),
(1016, 1015, 0, 1, '2018-10-16 13:25:51', '2018-10-16 13:25:51', 1, 1),
(1017, 1016, 0, 1, '2018-10-16 13:25:51', '2018-10-16 13:25:51', 1, 1),
(1018, 1017, 0, 1, '2018-10-16 13:25:51', '2018-10-16 13:25:51', 1, 1),
(1019, 1018, 0, 1, '2018-10-16 13:25:51', '2018-10-16 13:25:51', 1, 1),
(1020, 1019, 0, 1, '2018-10-16 13:25:51', '2018-10-16 13:25:51', 1, 1),
(1021, 1020, 0, 1, '2018-10-16 13:25:51', '2018-10-16 13:25:51', 1, 1),
(1022, 1021, 0, 1, '2018-10-16 13:25:51', '2018-10-16 13:25:51', 1, 1),
(1023, 1022, 0, 1, '2018-10-16 13:25:51', '2018-10-16 13:25:51', 1, 1),
(1024, 1023, 0, 1, '2018-10-16 13:25:51', '2018-10-16 13:25:51', 1, 1),
(1025, 1024, 0, 1, '2018-10-16 13:25:51', '2018-10-16 13:25:51', 1, 1),
(1026, 1025, 0, 1, '2018-10-16 13:25:51', '2018-10-16 13:25:51', 1, 1),
(1027, 1026, 0, 1, '2018-10-16 13:25:51', '2018-10-16 13:25:51', 1, 1),
(1028, 1027, 0, 1, '2018-10-16 13:25:51', '2018-10-16 13:25:51', 1, 1),
(1029, 1028, 0, 1, '2018-10-16 13:25:51', '2018-10-16 13:25:51', 1, 1),
(1030, 1029, 0, 1, '2018-10-16 13:25:51', '2018-10-16 13:25:51', 1, 1),
(1031, 1030, 0, 1, '2018-10-16 13:25:51', '2018-10-16 13:25:51', 1, 1),
(1032, 1031, 0, 1, '2018-10-16 13:25:52', '2018-10-16 13:25:52', 1, 1),
(1033, 1032, 0, 1, '2018-10-16 13:25:52', '2018-10-16 13:25:52', 1, 1),
(1034, 1033, 0, 1, '2018-10-16 13:25:52', '2018-10-16 13:25:52', 1, 1),
(1035, 1034, 0, 1, '2018-10-16 13:25:52', '2018-10-16 13:25:52', 1, 1),
(1036, 1035, 0, 1, '2018-10-16 13:25:52', '2018-10-16 13:25:52', 1, 1),
(1037, 1036, 0, 1, '2018-10-16 13:25:52', '2018-10-16 13:25:52', 1, 1),
(1038, 1037, 0, 1, '2018-10-16 13:25:52', '2018-10-16 13:25:52', 1, 1),
(1039, 1038, 0, 1, '2018-10-16 13:25:52', '2018-10-16 13:25:52', 1, 1),
(1040, 1039, 0, 1, '2018-10-16 13:25:52', '2018-10-16 13:25:52', 1, 1),
(1041, 1040, 0, 1, '2018-10-16 13:25:52', '2018-10-16 13:25:52', 1, 1),
(1042, 1041, 0, 1, '2018-10-16 13:25:52', '2018-10-16 13:25:52', 1, 1),
(1043, 1042, 0, 1, '2018-10-16 13:25:52', '2018-10-16 13:25:52', 1, 1),
(1044, 1043, 0, 1, '2018-10-16 13:25:52', '2018-10-16 13:25:52', 1, 1),
(1045, 1044, 0, 1, '2018-10-16 13:25:52', '2018-10-16 13:25:52', 1, 1),
(1046, 1045, 0, 1, '2018-10-16 13:25:52', '2018-10-16 13:25:52', 1, 1),
(1047, 1046, 0, 1, '2018-10-16 13:25:52', '2018-10-16 13:25:52', 1, 1),
(1048, 1047, 0, 1, '2018-10-16 13:25:52', '2018-10-16 13:25:52', 1, 1),
(1049, 1048, 0, 1, '2018-10-16 13:25:52', '2018-10-16 13:25:52', 1, 1),
(1050, 1049, 0, 1, '2018-10-16 13:25:52', '2018-10-16 13:25:52', 1, 1),
(1051, 1050, 0, 1, '2018-10-16 13:25:52', '2018-10-16 13:25:52', 1, 1),
(1052, 1051, 0, 1, '2018-10-16 13:25:52', '2018-10-16 13:25:52', 1, 1),
(1053, 1052, 0, 1, '2018-10-16 13:25:53', '2018-10-16 13:25:53', 1, 1),
(1054, 1053, 0, 1, '2018-10-16 13:25:53', '2018-10-16 13:25:53', 1, 1),
(1055, 1054, 0, 1, '2018-10-16 13:25:53', '2018-10-16 13:25:53', 1, 1),
(1056, 1055, 0, 1, '2018-10-16 13:25:53', '2018-10-16 13:25:53', 1, 1),
(1057, 1056, 0, 1, '2018-10-16 13:25:53', '2018-10-16 13:25:53', 1, 1),
(1058, 1057, 0, 1, '2018-10-16 13:25:53', '2018-10-16 13:25:53', 1, 1),
(1059, 1058, 0, 1, '2018-10-16 13:25:53', '2018-10-16 13:25:53', 1, 1),
(1060, 1059, 0, 1, '2018-10-16 13:25:53', '2018-10-16 13:25:53', 1, 1),
(1061, 1060, 0, 1, '2018-10-16 13:25:53', '2018-10-16 13:25:53', 1, 1),
(1062, 1061, 0, 1, '2018-10-16 13:25:53', '2018-10-16 13:25:53', 1, 1),
(1063, 1062, 0, 1, '2018-10-16 13:25:53', '2018-10-16 13:25:53', 1, 1),
(1064, 1063, 0, 1, '2018-10-16 13:25:53', '2018-10-16 13:25:53', 1, 1),
(1065, 1064, 0, 1, '2018-10-16 13:25:53', '2018-10-16 13:25:53', 1, 1),
(1066, 1065, 0, 1, '2018-10-16 13:25:53', '2018-10-16 13:25:53', 1, 1),
(1067, 1066, 0, 1, '2018-10-16 13:25:53', '2018-10-16 13:25:53', 1, 1),
(1068, 1067, 0, 1, '2018-10-16 13:25:53', '2018-10-16 13:25:53', 1, 1),
(1069, 1068, 0, 1, '2018-10-16 13:25:53', '2018-10-16 13:25:53', 1, 1),
(1070, 1069, 0, 1, '2018-10-16 13:25:54', '2018-10-16 13:25:54', 1, 1),
(1071, 1070, 0, 1, '2018-10-16 13:25:54', '2018-10-16 13:25:54', 1, 1),
(1072, 1071, 0, 1, '2018-10-16 13:25:54', '2018-10-16 13:25:54', 1, 1),
(1073, 1072, 0, 1, '2018-10-16 13:25:54', '2018-10-16 13:25:54', 1, 1),
(1074, 1073, 0, 1, '2018-10-16 13:25:54', '2018-10-16 13:25:54', 1, 1),
(1075, 1074, 0, 1, '2018-10-16 13:25:54', '2018-10-16 13:25:54', 1, 1),
(1076, 1075, 0, 1, '2018-10-16 13:25:54', '2018-10-16 13:25:54', 1, 1),
(1077, 1076, 0, 1, '2018-10-16 13:25:54', '2018-10-16 13:25:54', 1, 1),
(1078, 1077, 0, 1, '2018-10-16 13:25:54', '2018-10-16 13:25:54', 1, 1),
(1079, 1078, 0, 1, '2018-10-16 13:25:54', '2018-10-16 13:25:54', 1, 1),
(1080, 1079, 0, 1, '2018-10-16 13:25:54', '2018-10-16 13:25:54', 1, 1),
(1081, 1080, 0, 1, '2018-10-16 13:25:54', '2018-10-16 13:25:54', 1, 1),
(1082, 1081, 0, 1, '2018-10-16 13:25:54', '2018-10-16 13:25:54', 1, 1),
(1083, 1082, 0, 1, '2018-10-16 13:25:54', '2018-10-16 13:25:54', 1, 1),
(1084, 1083, 0, 1, '2018-10-16 13:25:54', '2018-10-16 13:25:54', 1, 1),
(1085, 1084, 0, 1, '2018-10-16 13:25:54', '2018-10-16 13:25:54', 1, 1),
(1086, 1085, 0, 1, '2018-10-16 13:25:54', '2018-10-16 13:25:54', 1, 1),
(1087, 1086, 0, 1, '2018-10-16 13:25:54', '2018-10-16 13:25:54', 1, 1),
(1088, 1087, 0, 1, '2018-10-16 13:25:54', '2018-10-16 13:25:54', 1, 1),
(1089, 1088, 0, 1, '2018-10-16 13:25:55', '2018-10-16 13:25:55', 1, 1),
(1090, 1089, 0, 1, '2018-10-16 13:25:55', '2018-10-16 13:25:55', 1, 1),
(1091, 1090, 0, 1, '2018-10-16 13:25:55', '2018-10-16 13:25:55', 1, 1),
(1092, 1091, 0, 1, '2018-10-16 13:25:55', '2018-10-16 13:25:55', 1, 1),
(1093, 1092, 0, 1, '2018-10-16 13:25:55', '2018-10-16 13:25:55', 1, 1),
(1094, 1093, 0, 1, '2018-10-16 13:25:55', '2018-10-16 13:25:55', 1, 1),
(1095, 1094, 0, 1, '2018-10-16 13:25:55', '2018-10-16 13:25:55', 1, 1),
(1096, 1095, 0, 1, '2018-10-16 13:25:55', '2018-10-16 13:25:55', 1, 1),
(1097, 1096, 0, 1, '2018-10-16 13:25:55', '2018-10-16 13:25:55', 1, 1),
(1098, 1097, 0, 1, '2018-10-16 13:25:55', '2018-10-16 13:25:55', 1, 1),
(1099, 1098, 0, 1, '2018-10-16 13:25:55', '2018-10-16 13:25:55', 1, 1),
(1100, 1099, 0, 1, '2018-10-16 13:25:55', '2018-10-16 13:25:55', 1, 1),
(1101, 1100, 0, 1, '2018-10-16 13:25:55', '2018-10-16 13:25:55', 1, 1),
(1102, 1101, 0, 1, '2018-10-16 13:25:55', '2018-10-16 13:25:55', 1, 1),
(1103, 1102, 0, 1, '2018-10-16 13:25:55', '2018-10-16 13:25:55', 1, 1),
(1104, 1103, 0, 1, '2018-10-16 13:25:55', '2018-10-16 13:25:55', 1, 1),
(1105, 1104, 0, 1, '2018-10-16 13:25:55', '2018-10-16 13:25:55', 1, 1),
(1106, 1105, 0, 1, '2018-10-16 13:25:56', '2018-10-16 13:25:56', 1, 1),
(1107, 1106, 0, 1, '2018-10-16 13:25:56', '2018-10-16 13:25:56', 1, 1),
(1108, 1107, 0, 1, '2018-10-16 13:25:56', '2018-10-16 13:25:56', 1, 1),
(1109, 1108, 0, 1, '2018-10-16 13:25:56', '2018-10-16 13:25:56', 1, 1),
(1110, 1109, 0, 1, '2018-10-16 13:25:56', '2018-10-16 13:25:56', 1, 1),
(1111, 1110, 0, 1, '2018-10-16 13:25:56', '2018-10-16 13:25:56', 1, 1),
(1112, 1111, 0, 1, '2018-10-16 13:25:56', '2018-10-16 13:25:56', 1, 1),
(1113, 1112, 0, 1, '2018-10-16 13:25:56', '2018-10-16 13:25:56', 1, 1),
(1114, 1113, 0, 1, '2018-10-16 13:25:56', '2018-10-16 13:25:56', 1, 1),
(1115, 1114, 0, 1, '2018-10-16 13:25:56', '2018-10-16 13:25:56', 1, 1),
(1116, 1115, 0, 1, '2018-10-16 13:25:56', '2018-10-16 13:25:56', 1, 1),
(1117, 1116, 0, 1, '2018-10-16 13:25:56', '2018-10-16 13:25:56', 1, 1),
(1118, 1117, 0, 1, '2018-10-16 13:25:56', '2018-10-16 13:25:56', 1, 1),
(1119, 1118, 0, 1, '2018-10-16 13:25:56', '2018-10-16 13:25:56', 1, 1),
(1120, 1119, 0, 1, '2018-10-16 13:25:56', '2018-10-16 13:25:56', 1, 1),
(1121, 1120, 0, 1, '2018-10-16 13:25:56', '2018-10-16 13:25:56', 1, 1),
(1122, 1121, 0, 1, '2018-10-16 13:25:56', '2018-10-16 13:25:56', 1, 1),
(1123, 1122, 0, 1, '2018-10-16 13:25:56', '2018-10-16 13:25:56', 1, 1),
(1124, 1123, 0, 1, '2018-10-16 13:25:56', '2018-10-16 13:25:56', 1, 1),
(1125, 1124, 0, 1, '2018-10-16 13:25:56', '2018-10-16 13:25:56', 1, 1),
(1126, 1125, 0, 1, '2018-10-16 13:25:56', '2018-10-16 13:25:56', 1, 1),
(1127, 1126, 0, 1, '2018-10-16 13:25:57', '2018-10-16 13:25:57', 1, 1),
(1128, 1127, 0, 1, '2018-10-16 13:25:57', '2018-10-16 13:25:57', 1, 1),
(1129, 1128, 0, 1, '2018-10-16 13:25:57', '2018-10-16 13:25:57', 1, 1),
(1130, 1129, 0, 1, '2018-10-16 13:25:57', '2018-10-16 13:25:57', 1, 1),
(1131, 1130, 0, 1, '2018-10-16 13:25:57', '2018-10-16 13:25:57', 1, 1),
(1132, 1131, 0, 1, '2018-10-16 13:25:57', '2018-10-16 13:25:57', 1, 1),
(1133, 1132, 0, 1, '2018-10-16 13:25:57', '2018-10-16 13:25:57', 1, 1),
(1134, 1133, 0, 1, '2018-10-16 13:25:57', '2018-10-16 13:25:57', 1, 1),
(1135, 1134, 0, 1, '2018-10-16 13:25:57', '2018-10-16 13:25:57', 1, 1),
(1136, 1135, 0, 1, '2018-10-16 13:25:57', '2018-10-16 13:25:57', 1, 1),
(1137, 1136, 0, 1, '2018-10-16 13:25:57', '2018-10-16 13:25:57', 1, 1),
(1138, 1137, 0, 1, '2018-10-16 13:25:57', '2018-10-16 13:25:57', 1, 1),
(1139, 1138, 0, 1, '2018-10-16 13:25:57', '2018-10-16 13:25:57', 1, 1),
(1140, 1139, 0, 1, '2018-10-16 13:25:57', '2018-10-16 13:25:57', 1, 1),
(1141, 1140, 0, 1, '2018-10-16 13:25:57', '2018-10-16 13:25:57', 1, 1),
(1142, 1141, 0, 1, '2018-10-16 13:25:57', '2018-10-16 13:25:57', 1, 1),
(1143, 1142, 0, 1, '2018-10-16 13:25:57', '2018-10-16 13:25:57', 1, 1),
(1144, 1143, 0, 1, '2018-10-16 13:25:57', '2018-10-16 13:25:57', 1, 1),
(1145, 1144, 0, 1, '2018-10-16 13:25:57', '2018-10-16 13:25:57', 1, 1),
(1146, 1145, 0, 1, '2018-10-16 13:25:57', '2018-10-16 13:25:57', 1, 1),
(1147, 1146, 0, 1, '2018-10-16 13:25:58', '2018-10-16 13:25:58', 1, 1),
(1148, 1147, 0, 1, '2018-10-16 13:25:58', '2018-10-16 13:25:58', 1, 1),
(1149, 1148, 0, 1, '2018-10-16 13:25:58', '2018-10-16 13:25:58', 1, 1),
(1150, 1149, 0, 1, '2018-10-16 13:25:58', '2018-10-16 13:25:58', 1, 1),
(1151, 1150, 0, 1, '2018-10-16 13:25:58', '2018-10-16 13:25:58', 1, 1),
(1152, 1151, 0, 1, '2018-10-16 13:25:58', '2018-10-16 13:25:58', 1, 1),
(1153, 1152, 0, 1, '2018-10-16 13:25:58', '2018-10-16 13:25:58', 1, 1),
(1154, 1153, 0, 1, '2018-10-16 13:25:58', '2018-10-16 13:25:58', 1, 1),
(1155, 1154, 0, 1, '2018-10-16 13:25:58', '2018-10-16 13:25:58', 1, 1),
(1156, 1155, 0, 1, '2018-10-16 13:25:58', '2018-10-16 13:25:58', 1, 1),
(1157, 1156, 0, 1, '2018-10-16 13:25:58', '2018-10-16 13:25:58', 1, 1),
(1158, 1157, 0, 1, '2018-10-16 13:25:58', '2018-10-16 13:25:58', 1, 1),
(1159, 1158, 0, 1, '2018-10-16 13:25:58', '2018-10-16 13:25:58', 1, 1),
(1160, 1159, 0, 1, '2018-10-16 13:25:58', '2018-10-16 13:25:58', 1, 1),
(1161, 1160, 0, 1, '2018-10-16 13:25:58', '2018-10-16 13:25:58', 1, 1),
(1162, 1161, 0, 1, '2018-10-16 13:25:58', '2018-10-16 13:25:58', 1, 1),
(1163, 1162, 0, 1, '2018-10-16 13:25:58', '2018-10-16 13:25:58', 1, 1),
(1164, 1163, 0, 1, '2018-10-16 13:25:58', '2018-10-16 13:25:58', 1, 1),
(1165, 1164, 0, 1, '2018-10-16 13:25:58', '2018-10-16 13:25:58', 1, 1),
(1166, 1165, 0, 1, '2018-10-16 13:25:59', '2018-10-16 13:25:59', 1, 1),
(1167, 1166, 0, 1, '2018-10-16 13:25:59', '2018-10-16 13:25:59', 1, 1),
(1168, 1167, 0, 1, '2018-10-16 13:25:59', '2018-10-16 13:25:59', 1, 1),
(1169, 1168, 0, 1, '2018-10-16 13:25:59', '2018-10-16 13:25:59', 1, 1),
(1170, 1169, 0, 1, '2018-10-16 13:25:59', '2018-10-16 13:25:59', 1, 1),
(1171, 1170, 0, 1, '2018-10-16 13:25:59', '2018-10-16 13:25:59', 1, 1),
(1172, 1171, 0, 1, '2018-10-16 13:25:59', '2018-10-16 13:25:59', 1, 1),
(1173, 1172, 0, 1, '2018-10-16 13:25:59', '2018-10-16 13:25:59', 1, 1),
(1174, 1173, 0, 1, '2018-10-16 13:25:59', '2018-10-16 13:25:59', 1, 1),
(1175, 1174, 0, 1, '2018-10-16 13:25:59', '2018-10-16 13:25:59', 1, 1),
(1176, 1175, 0, 1, '2018-10-16 13:25:59', '2018-10-16 13:25:59', 1, 1),
(1177, 1176, 0, 1, '2018-10-16 13:25:59', '2018-10-16 13:25:59', 1, 1),
(1178, 1177, 0, 1, '2018-10-16 13:25:59', '2018-10-16 13:25:59', 1, 1),
(1179, 1178, 0, 1, '2018-10-16 13:25:59', '2018-10-16 13:25:59', 1, 1),
(1180, 1179, 0, 1, '2018-10-16 13:26:00', '2018-10-16 13:26:00', 1, 1),
(1181, 1180, 0, 1, '2018-10-16 13:26:00', '2018-10-16 13:26:00', 1, 1),
(1182, 1181, 0, 1, '2018-10-16 13:26:00', '2018-10-16 13:26:00', 1, 1),
(1183, 1182, 0, 1, '2018-10-16 13:26:00', '2018-10-16 13:26:00', 1, 1),
(1184, 1183, 0, 1, '2018-10-16 13:26:00', '2018-10-16 13:26:00', 1, 1),
(1185, 1184, 0, 1, '2018-10-16 13:26:00', '2018-10-16 13:26:00', 1, 1),
(1186, 1185, 0, 1, '2018-10-16 13:26:00', '2018-10-16 13:26:00', 1, 1),
(1187, 1186, 0, 1, '2018-10-16 13:26:00', '2018-10-16 13:26:00', 1, 1),
(1188, 1187, 0, 1, '2018-10-16 13:26:00', '2018-10-16 13:26:00', 1, 1),
(1189, 1188, 0, 1, '2018-10-16 13:26:00', '2018-10-16 13:26:00', 1, 1),
(1190, 1189, 0, 1, '2018-10-16 13:26:00', '2018-10-16 13:26:00', 1, 1),
(1191, 1190, 0, 1, '2018-10-16 13:26:00', '2018-10-16 13:26:00', 1, 1),
(1192, 1191, 0, 1, '2018-10-16 13:26:00', '2018-10-16 13:26:00', 1, 1),
(1193, 1192, 0, 1, '2018-10-16 13:26:01', '2018-10-16 13:26:01', 1, 1),
(1194, 1193, 0, 1, '2018-10-16 13:26:01', '2018-10-16 13:26:01', 1, 1),
(1195, 1194, 0, 1, '2018-10-16 13:26:01', '2018-10-16 13:26:01', 1, 1),
(1196, 1195, 0, 1, '2018-10-16 13:26:01', '2018-10-16 13:26:01', 1, 1),
(1197, 1196, 0, 1, '2018-10-16 13:26:01', '2018-10-16 13:26:01', 1, 1),
(1198, 1197, 0, 1, '2018-10-16 13:26:01', '2018-10-16 13:26:01', 1, 1),
(1199, 1198, 0, 1, '2018-10-16 13:26:01', '2018-10-16 13:26:01', 1, 1),
(1200, 1199, 0, 1, '2018-10-16 13:26:01', '2018-10-16 13:26:01', 1, 1),
(1201, 1200, 0, 1, '2018-10-16 13:26:01', '2018-10-16 13:26:01', 1, 1),
(1202, 1201, 0, 1, '2018-10-16 13:26:01', '2018-10-16 13:26:01', 1, 1),
(1203, 1202, 0, 1, '2018-10-16 13:26:01', '2018-10-16 13:26:01', 1, 1),
(1204, 1203, 0, 1, '2018-10-16 13:26:01', '2018-10-16 13:26:01', 1, 1),
(1205, 1204, 0, 1, '2018-10-16 13:26:01', '2018-10-16 13:26:01', 1, 1),
(1206, 1205, 0, 1, '2018-10-16 13:26:01', '2018-10-16 13:26:01', 1, 1),
(1207, 1206, 0, 1, '2018-10-16 13:26:01', '2018-10-16 13:26:01', 1, 1),
(1208, 1207, 0, 1, '2018-10-16 13:26:01', '2018-10-16 13:26:01', 1, 1),
(1209, 1208, 0, 1, '2018-10-16 13:26:01', '2018-10-16 13:26:01', 1, 1),
(1210, 1209, 0, 1, '2018-10-16 13:26:01', '2018-10-16 13:26:01', 1, 1),
(1211, 1210, 0, 1, '2018-10-16 13:26:01', '2018-10-16 13:26:01', 1, 1),
(1212, 1211, 0, 1, '2018-10-16 13:26:01', '2018-10-16 13:26:01', 1, 1),
(1213, 1212, 0, 1, '2018-10-16 13:26:02', '2018-10-16 13:26:02', 1, 1),
(1214, 1213, 0, 1, '2018-10-16 13:26:02', '2018-10-16 13:26:02', 1, 1),
(1215, 1214, 0, 1, '2018-10-16 13:26:02', '2018-10-16 13:26:02', 1, 1),
(1216, 1215, 0, 1, '2018-10-16 13:26:02', '2018-10-16 13:26:02', 1, 1),
(1217, 1216, 0, 1, '2018-10-16 13:26:02', '2018-10-16 13:26:02', 1, 1),
(1218, 1217, 0, 1, '2018-10-16 13:26:02', '2018-10-16 13:26:02', 1, 1),
(1219, 1218, 0, 1, '2018-10-16 13:26:02', '2018-10-16 13:26:02', 1, 1),
(1220, 1219, 0, 1, '2018-10-16 13:26:02', '2018-10-16 13:26:02', 1, 1),
(1221, 1220, 0, 1, '2018-10-16 13:26:02', '2018-10-16 13:26:02', 1, 1),
(1222, 1221, 0, 1, '2018-10-16 13:26:02', '2018-10-16 13:26:02', 1, 1),
(1223, 1222, 0, 1, '2018-10-16 13:26:03', '2018-10-16 13:26:03', 1, 1),
(1224, 1223, 0, 1, '2018-10-16 13:26:03', '2018-10-16 13:26:03', 1, 1),
(1225, 1224, 0, 1, '2018-10-16 13:26:03', '2018-10-16 13:26:03', 1, 1),
(1226, 1225, 0, 1, '2018-10-16 13:26:03', '2018-10-16 13:26:03', 1, 1),
(1227, 1226, 0, 1, '2018-10-16 13:26:03', '2018-10-16 13:26:03', 1, 1),
(1228, 1227, 0, 1, '2018-10-16 13:26:03', '2018-10-16 13:26:03', 1, 1),
(1229, 1228, 0, 1, '2018-10-16 13:26:03', '2018-10-16 13:26:03', 1, 1),
(1230, 1229, 0, 1, '2018-10-16 13:26:03', '2018-10-16 13:26:03', 1, 1),
(1231, 1230, 0, 1, '2018-10-16 13:26:03', '2018-10-16 13:26:03', 1, 1),
(1232, 1231, 0, 1, '2018-10-16 13:26:03', '2018-10-16 13:26:03', 1, 1),
(1233, 1232, 0, 1, '2018-10-16 13:26:03', '2018-10-16 13:26:03', 1, 1),
(1234, 1233, 0, 1, '2018-10-16 13:26:03', '2018-10-16 13:26:03', 1, 1),
(1235, 1234, 0, 1, '2018-10-16 13:26:03', '2018-10-16 13:26:03', 1, 1),
(1236, 1235, 0, 1, '2018-10-16 13:26:04', '2018-10-16 13:26:04', 1, 1),
(1237, 1236, 0, 1, '2018-10-16 13:26:04', '2018-10-16 13:26:04', 1, 1),
(1238, 1237, 0, 1, '2018-10-16 13:26:04', '2018-10-16 13:26:04', 1, 1),
(1240, 1239, 0, 1, '2018-10-16 13:26:04', '2019-05-29 11:24:35', 1, 1),
(1242, 1241, 0, 1, '2018-10-16 13:26:04', '2018-10-16 13:26:04', 1, 1),
(1244, 1243, 0, 1, '2018-10-16 13:26:04', '2018-10-16 13:26:04', 1, 1),
(1245, 1244, 0, 1, '2018-10-16 13:26:04', '2018-10-16 13:26:04', 1, 1),
(1246, 1245, 0, 1, '2018-10-16 13:26:04', '2018-10-16 13:26:04', 1, 1),
(1249, 1248, 0, 1, '2018-10-16 13:26:04', '2018-10-16 13:26:04', 1, 1),
(1252, 1251, 0, 1, '2018-10-16 13:26:05', '2018-10-16 13:26:05', 1, 1),
(1256, 1255, 0, 1, '2018-10-16 13:26:05', '2018-10-16 13:26:05', 1, 1),
(1257, 1256, 0, 1, '2018-10-16 13:26:05', '2018-10-16 13:26:05', 1, 1),
(1258, 1257, 0, 1, '2018-10-16 13:26:05', '2018-10-16 13:26:05', 1, 1),
(1259, 1258, 0, 1, '2018-10-16 13:26:05', '2018-10-16 13:26:05', 1, 1),
(1260, 1259, 0, 1, '2018-10-16 13:26:05', '2018-10-16 13:26:05', 1, 1),
(1261, 1260, 0, 1, '2018-10-16 13:26:05', '2018-10-16 13:26:05', 1, 1),
(1262, 1261, 0, 1, '2018-10-16 13:26:05', '2018-10-16 13:26:05', 1, 1),
(1263, 1262, 0, 1, '2018-10-16 13:26:05', '2018-10-16 13:26:05', 1, 1),
(1264, 1263, 0, 1, '2018-10-16 13:26:05', '2018-10-16 13:26:05', 1, 1),
(1266, 1265, 0, 1, '2018-10-16 13:26:05', '2018-10-16 13:26:05', 1, 1),
(1270, 1269, 0, 1, '2018-10-16 13:26:05', '2018-10-16 13:26:05', 1, 1),
(1272, 1271, 0, 1, '2018-10-16 13:26:06', '2018-10-16 13:26:06', 1, 1),
(1275, 1274, 0, 1, '2018-10-16 13:26:06', '2018-10-16 13:26:06', 1, 1),
(1277, 1276, 0, 1, '2018-10-16 13:26:06', '2018-10-16 13:26:06', 1, 1),
(1278, 1277, 0, 1, '2018-10-16 13:26:06', '2018-10-16 13:26:06', 1, 1),
(1279, 1278, 0, 1, '2018-10-16 13:26:06', '2018-10-16 13:26:06', 1, 1),
(1281, 1280, 0, 1, '2018-10-16 13:26:06', '2018-10-16 13:26:06', 1, 1),
(1286, 1285, 0, 1, '2018-10-16 13:26:07', '2018-10-16 13:26:07', 1, 1),
(1287, 1286, 0, 1, '2018-10-16 13:26:07', '2018-10-16 13:26:07', 1, 1),
(1288, 1287, 0, 1, '2018-10-16 13:26:07', '2018-10-16 13:26:07', 1, 1),
(1289, 1288, 0, 1, '2018-10-16 13:26:07', '2018-10-16 13:26:07', 1, 1),
(1290, 1289, 0, 1, '2018-10-16 13:26:07', '2018-10-16 13:26:07', 1, 1),
(1291, 1290, 0, 1, '2018-10-16 13:26:07', '2018-10-16 13:26:07', 1, 1),
(1292, 1291, 0, 1, '2018-10-16 13:26:07', '2018-10-16 13:26:07', 1, 1),
(1293, 1292, 0, 1, '2018-10-16 13:26:07', '2018-10-16 13:26:07', 1, 1),
(1294, 1293, 0, 1, '2018-10-16 13:26:07', '2018-10-16 13:26:07', 1, 1),
(1295, 1294, 0, 1, '2018-10-16 13:26:07', '2018-10-16 13:26:07', 1, 1),
(1296, 1295, 0, 1, '2018-10-16 13:26:07', '2018-10-16 13:26:07', 1, 1),
(1297, 1296, 0, 1, '2018-10-16 13:26:07', '2018-10-16 13:26:07', 1, 1),
(1298, 1297, 0, 1, '2018-10-16 13:26:07', '2018-10-16 13:26:07', 1, 1),
(1299, 1298, 0, 1, '2018-10-16 13:26:07', '2018-10-16 13:26:07', 1, 1),
(1300, 1299, 0, 1, '2018-10-16 13:26:07', '2018-10-16 13:26:07', 1, 1),
(1301, 1300, 0, 1, '2018-10-16 13:26:07', '2018-10-16 13:26:07', 1, 1),
(1302, 1301, 0, 1, '2018-10-16 13:26:08', '2018-10-16 13:26:08', 1, 1),
(1303, 1302, 0, 1, '2018-10-16 13:26:08', '2018-10-16 13:26:08', 1, 1),
(1304, 1303, 0, 1, '2018-10-16 13:26:08', '2018-10-16 13:26:08', 1, 1),
(1305, 1304, 0, 1, '2018-10-16 13:26:08', '2018-10-16 13:26:08', 1, 1),
(1306, 1305, 0, 1, '2018-10-16 13:26:08', '2018-10-16 13:26:08', 1, 1),
(1307, 1306, 0, 1, '2018-10-16 13:26:08', '2018-10-16 13:26:08', 1, 1),
(1308, 1307, 0, 1, '2018-10-16 13:26:08', '2018-10-16 13:26:08', 1, 1),
(1309, 1308, 0, 1, '2018-10-16 13:26:08', '2018-10-16 13:26:08', 1, 1),
(1310, 1309, 0, 1, '2018-10-16 13:26:08', '2018-10-16 13:26:08', 1, 1),
(1311, 1310, 0, 1, '2018-10-16 13:26:08', '2018-10-16 13:26:08', 1, 1),
(1312, 1311, 0, 1, '2018-10-16 13:26:08', '2018-10-16 13:26:08', 1, 1),
(1313, 1312, 0, 1, '2018-10-16 13:26:08', '2018-10-16 13:26:08', 1, 1),
(1314, 1313, 0, 1, '2018-10-16 13:26:09', '2018-10-16 13:26:09', 1, 1),
(1315, 1314, 0, 1, '2018-10-16 13:26:09', '2018-10-16 13:26:09', 1, 1),
(1316, 1315, 0, 1, '2018-10-16 13:26:09', '2018-10-16 13:26:09', 1, 1),
(1317, 1316, 0, 1, '2018-10-16 13:26:09', '2018-10-16 13:26:09', 1, 1),
(1318, 1317, 0, 1, '2018-10-16 13:26:09', '2018-10-16 13:26:09', 1, 1),
(1319, 1318, 0, 1, '2018-10-16 13:26:09', '2018-10-16 13:26:09', 1, 1),
(1320, 1319, 0, 1, '2018-10-16 13:26:09', '2018-10-16 13:26:09', 1, 1),
(1321, 1320, 0, 1, '2018-10-16 13:26:09', '2018-10-16 13:26:09', 1, 1),
(1322, 1321, 0, 1, '2018-10-16 13:26:09', '2018-10-16 13:26:09', 1, 1),
(1323, 1322, 0, 1, '2018-10-16 13:26:09', '2018-10-16 13:26:09', 1, 1),
(1324, 1323, 0, 1, '2018-10-16 13:26:09', '2018-10-16 13:26:09', 1, 1),
(1325, 1324, 0, 1, '2018-10-16 13:26:09', '2018-10-16 13:26:09', 1, 1),
(1326, 1325, 0, 1, '2018-10-16 13:26:09', '2018-10-16 13:26:09', 1, 1),
(1327, 1326, 0, 1, '2018-10-16 13:26:09', '2018-10-16 13:26:09', 1, 1),
(1328, 1327, 0, 1, '2018-10-16 13:26:09', '2018-10-16 13:26:09', 1, 1),
(1329, 1328, 0, 1, '2018-10-16 13:26:09', '2018-10-16 13:26:09', 1, 1),
(1330, 1329, 0, 1, '2018-10-16 13:26:09', '2018-10-16 13:26:09', 1, 1),
(1331, 1330, 0, 1, '2018-10-16 13:26:09', '2018-10-16 13:26:09', 1, 1),
(1332, 1331, 0, 1, '2018-10-16 13:26:10', '2018-10-16 13:26:10', 1, 1),
(1333, 1332, 0, 1, '2018-10-16 13:26:10', '2018-10-16 13:26:10', 1, 1),
(1334, 1333, 0, 1, '2018-10-16 13:26:10', '2018-10-16 13:26:10', 1, 1),
(1335, 1334, 0, 1, '2018-10-16 13:26:10', '2018-10-16 13:26:10', 1, 1),
(1336, 1335, 0, 1, '2018-10-16 13:26:10', '2018-10-16 13:26:10', 1, 1),
(1337, 1336, 0, 1, '2018-10-16 13:26:10', '2018-10-16 13:26:10', 1, 1),
(1338, 1337, 0, 1, '2018-10-16 13:26:10', '2018-10-16 13:26:10', 1, 1),
(1339, 1338, 0, 1, '2018-10-16 13:26:10', '2018-10-16 13:26:10', 1, 1),
(1340, 1339, 0, 1, '2018-10-16 13:26:10', '2018-10-16 13:26:10', 1, 1),
(1341, 1340, 0, 1, '2018-10-16 13:26:10', '2018-10-16 13:26:10', 1, 1),
(1342, 1341, 0, 1, '2018-10-16 13:26:10', '2018-10-16 13:26:10', 1, 1),
(1343, 1342, 0, 1, '2018-10-16 13:26:10', '2018-10-16 13:26:10', 1, 1),
(1344, 1343, 0, 1, '2018-10-16 13:26:10', '2018-10-16 13:26:10', 1, 1),
(1345, 1344, 0, 1, '2018-10-16 13:26:10', '2018-10-16 13:26:10', 1, 1),
(1346, 1345, 0, 1, '2018-10-16 13:26:10', '2018-10-16 13:26:10', 1, 1),
(1347, 1346, 0, 1, '2018-10-16 13:26:10', '2018-10-16 13:26:10', 1, 1),
(1348, 1347, 0, 1, '2018-10-16 13:26:10', '2018-10-16 13:26:10', 1, 1),
(1349, 1348, 0, 1, '2018-10-16 13:26:10', '2018-10-16 13:26:10', 1, 1),
(1350, 1349, 0, 1, '2018-10-16 13:26:10', '2018-10-16 13:26:10', 1, 1),
(1351, 1350, 0, 1, '2018-10-16 13:26:10', '2018-10-16 13:26:10', 1, 1),
(1352, 1351, 0, 1, '2018-10-16 13:26:10', '2018-10-16 13:26:10', 1, 1),
(1353, 1352, 0, 1, '2018-10-16 13:26:11', '2018-10-16 13:26:11', 1, 1),
(1354, 1353, 0, 1, '2018-10-16 13:26:11', '2018-10-16 13:26:11', 1, 1),
(1355, 1354, 0, 1, '2018-10-16 13:26:11', '2018-10-16 13:26:11', 1, 1),
(1356, 1355, 0, 1, '2018-10-16 13:26:11', '2018-10-16 13:26:11', 1, 1),
(1357, 1356, 0, 1, '2018-10-16 13:26:11', '2018-10-16 13:26:11', 1, 1),
(1358, 1357, 0, 1, '2018-10-16 13:26:11', '2018-10-16 13:26:11', 1, 1),
(1359, 1358, 0, 1, '2018-10-16 13:26:11', '2018-10-16 13:26:11', 1, 1),
(1360, 1359, 0, 1, '2018-10-16 13:26:11', '2018-10-16 13:26:11', 1, 1),
(1361, 1360, 0, 1, '2018-10-16 13:26:11', '2018-10-16 13:26:11', 1, 1),
(1362, 1361, 0, 1, '2018-10-16 13:26:11', '2018-10-16 13:26:11', 1, 1),
(1363, 1362, 0, 1, '2018-10-16 13:26:11', '2018-10-16 13:26:11', 1, 1),
(1364, 1363, 0, 1, '2018-10-16 13:26:12', '2018-10-16 13:26:12', 1, 1),
(1365, 1364, 0, 1, '2018-10-16 13:26:12', '2018-10-16 13:26:12', 1, 1),
(1366, 1365, 0, 1, '2018-10-16 13:26:12', '2018-10-16 13:26:12', 1, 1),
(1367, 1366, 0, 1, '2018-10-16 13:26:12', '2018-10-16 13:26:12', 1, 1),
(1368, 1367, 0, 1, '2018-10-16 13:26:12', '2018-10-16 13:26:12', 1, 1),
(1369, 1368, 0, 1, '2018-10-16 13:26:12', '2018-10-16 13:26:12', 1, 1),
(1370, 1369, 0, 1, '2018-10-16 13:26:12', '2018-10-16 13:26:12', 1, 1),
(1371, 1370, 0, 1, '2018-10-16 13:26:12', '2018-10-16 13:26:12', 1, 1),
(1372, 1371, 0, 1, '2018-10-16 13:26:12', '2018-10-16 13:26:12', 1, 1),
(1373, 1372, 0, 1, '2018-10-16 13:26:12', '2018-10-16 13:26:12', 1, 1),
(1374, 1373, 0, 1, '2018-10-16 13:26:12', '2018-10-16 13:26:12', 1, 1),
(1375, 1374, 0, 1, '2018-10-16 13:26:12', '2018-10-16 13:26:12', 1, 1),
(1376, 1375, 0, 1, '2018-10-16 13:26:12', '2018-10-16 13:26:12', 1, 1),
(1377, 1376, 0, 1, '2018-10-16 13:26:12', '2018-10-16 13:26:12', 1, 1),
(1378, 1377, 0, 1, '2018-10-16 13:26:12', '2018-10-16 13:26:12', 1, 1),
(1379, 1378, 0, 1, '2018-10-16 13:26:12', '2018-10-16 13:26:12', 1, 1),
(1380, 1379, 0, 1, '2018-10-16 13:26:12', '2018-10-16 13:26:12', 1, 1),
(1381, 1380, 0, 1, '2018-10-16 13:26:13', '2018-10-16 13:26:13', 1, 1),
(1382, 1381, 0, 1, '2018-10-16 13:26:13', '2018-10-16 13:26:13', 1, 1),
(1383, 1382, 0, 1, '2018-10-16 13:26:13', '2018-10-16 13:26:13', 1, 1),
(1384, 1383, 0, 1, '2018-10-16 13:26:13', '2018-10-16 13:26:13', 1, 1),
(1385, 1384, 0, 1, '2018-10-16 13:26:13', '2018-10-16 13:26:13', 1, 1),
(1386, 1385, 0, 1, '2018-10-16 13:26:13', '2018-10-16 13:26:13', 1, 1),
(1387, 1386, 0, 1, '2018-10-16 13:26:13', '2018-10-16 13:26:13', 1, 1),
(1388, 1387, 0, 1, '2018-10-16 13:26:13', '2018-10-16 13:26:13', 1, 1),
(1389, 1388, 0, 1, '2018-10-16 13:26:13', '2018-10-16 13:26:13', 1, 1),
(1390, 1389, 0, 1, '2018-10-16 13:26:13', '2018-10-16 13:26:13', 1, 1),
(1391, 1390, 0, 1, '2018-10-16 13:26:13', '2018-10-16 13:26:13', 1, 1),
(1392, 1391, 0, 1, '2018-10-16 13:26:13', '2018-10-16 13:26:13', 1, 1),
(1393, 1392, 0, 1, '2018-10-16 13:26:13', '2018-10-16 13:26:13', 1, 1),
(1394, 1393, 0, 1, '2018-10-16 13:26:13', '2018-10-16 13:26:13', 1, 1),
(1395, 1394, 0, 1, '2018-10-16 13:26:13', '2018-10-16 13:26:13', 1, 1),
(1396, 1395, 0, 1, '2018-10-16 13:26:13', '2018-10-16 13:26:13', 1, 1),
(1397, 1396, 0, 1, '2018-10-16 13:26:13', '2018-10-16 13:26:13', 1, 1),
(1398, 1397, 0, 1, '2018-10-16 13:26:13', '2018-10-16 13:26:13', 1, 1),
(1399, 1398, 0, 1, '2018-10-16 13:26:13', '2018-10-16 13:26:13', 1, 1),
(1400, 1399, 0, 1, '2018-10-16 13:26:14', '2018-10-16 13:26:14', 1, 1),
(1401, 1400, 0, 1, '2018-10-16 13:26:14', '2018-10-16 13:26:14', 1, 1),
(1402, 1401, 0, 1, '2018-10-16 13:26:14', '2018-10-16 13:26:14', 1, 1),
(1403, 1402, 0, 1, '2018-10-16 13:26:14', '2018-10-16 13:26:14', 1, 1),
(1404, 1403, 0, 1, '2018-10-16 13:26:14', '2018-10-16 13:26:14', 1, 1),
(1405, 1404, 0, 1, '2018-10-16 13:26:14', '2018-10-16 13:26:14', 1, 1),
(1406, 1405, 0, 1, '2018-10-16 13:26:14', '2018-10-16 13:26:14', 1, 1),
(1407, 1406, 0, 1, '2018-10-16 13:26:14', '2018-10-16 13:26:14', 1, 1),
(1408, 1407, 0, 1, '2018-10-16 13:26:14', '2018-10-16 13:26:14', 1, 1),
(1409, 1408, 0, 1, '2018-10-16 13:26:14', '2018-10-16 13:26:14', 1, 1),
(1410, 1409, 0, 1, '2018-10-16 13:26:14', '2018-10-16 13:26:14', 1, 1),
(1411, 1410, 0, 1, '2018-10-16 13:26:14', '2018-10-16 13:26:14', 1, 1),
(1412, 1411, 0, 1, '2018-10-16 13:26:14', '2018-10-16 13:26:14', 1, 1),
(1413, 1412, 0, 1, '2018-10-16 13:26:14', '2018-10-16 13:26:14', 1, 1),
(1414, 1413, 0, 1, '2018-10-16 13:26:14', '2018-10-16 13:26:14', 1, 1),
(1415, 1414, 0, 1, '2018-10-16 13:26:14', '2018-10-16 13:26:14', 1, 1),
(1416, 1415, 0, 1, '2018-10-16 13:26:15', '2018-10-16 13:26:15', 1, 1),
(1417, 1416, 0, 1, '2018-10-16 13:26:15', '2018-10-16 13:26:15', 1, 1),
(1418, 1417, 0, 1, '2018-10-16 13:26:15', '2018-10-16 13:26:15', 1, 1),
(1419, 1418, 0, 1, '2018-10-16 13:26:15', '2018-10-16 13:26:15', 1, 1),
(1420, 1419, 0, 1, '2018-10-16 13:26:15', '2018-10-16 13:26:15', 1, 1),
(1421, 1420, 0, 1, '2018-10-16 13:26:15', '2018-10-16 13:26:15', 1, 1),
(1422, 1421, 0, 1, '2018-10-16 13:26:15', '2018-10-16 13:26:15', 1, 1),
(1423, 1422, 0, 1, '2018-10-16 13:26:15', '2018-10-16 13:26:15', 1, 1),
(1424, 1423, 0, 1, '2018-10-16 13:26:15', '2018-10-16 13:26:15', 1, 1),
(1425, 1424, 0, 1, '2018-10-16 13:26:15', '2018-10-16 13:26:15', 1, 1),
(1426, 1425, 0, 1, '2018-10-16 13:26:15', '2018-10-16 13:26:15', 1, 1),
(1427, 1426, 0, 1, '2018-10-16 13:26:15', '2018-10-16 13:26:15', 1, 1),
(1428, 1427, 0, 1, '2018-10-16 13:26:15', '2018-10-16 13:26:15', 1, 1),
(1429, 1428, 0, 1, '2018-10-16 13:26:15', '2018-10-16 13:26:15', 1, 1),
(1430, 1429, 0, 1, '2018-10-16 13:26:15', '2018-10-16 13:26:15', 1, 1),
(1431, 1430, 0, 1, '2018-10-16 13:26:16', '2018-10-16 13:26:16', 1, 1),
(1432, 1431, 0, 1, '2018-10-16 13:26:16', '2018-10-16 13:26:16', 1, 1),
(1433, 1432, 0, 1, '2018-10-16 13:26:16', '2018-10-16 13:26:16', 1, 1),
(1434, 1433, 0, 1, '2018-10-16 13:26:16', '2018-10-16 13:26:16', 1, 1),
(1435, 1434, 0, 1, '2018-10-16 13:26:16', '2018-10-16 13:26:16', 1, 1),
(1436, 1435, 0, 1, '2018-10-16 13:26:16', '2018-10-16 13:26:16', 1, 1),
(1437, 1436, 0, 1, '2018-10-16 13:26:16', '2018-10-16 13:26:16', 1, 1),
(1438, 1437, 0, 1, '2018-10-16 13:26:16', '2018-10-16 13:26:16', 1, 1),
(1439, 1438, 0, 1, '2018-10-16 13:26:17', '2018-10-16 13:26:17', 1, 1),
(1440, 1439, 0, 1, '2018-10-16 13:26:17', '2018-10-16 13:26:17', 1, 1),
(1441, 1440, 0, 1, '2018-10-16 13:26:17', '2018-10-16 13:26:17', 1, 1),
(1442, 1441, 0, 1, '2018-10-16 13:26:17', '2018-10-16 13:26:17', 1, 1),
(1443, 1442, 0, 1, '2018-10-16 13:26:17', '2018-10-16 13:26:17', 1, 1),
(1444, 1443, 0, 1, '2018-10-16 13:26:17', '2018-10-16 13:26:17', 1, 1),
(1445, 1444, 0, 1, '2018-10-16 13:26:17', '2018-10-16 13:26:17', 1, 1),
(1446, 1445, 0, 1, '2018-10-16 13:26:17', '2018-10-16 13:26:17', 1, 1),
(1447, 1446, 0, 1, '2018-10-16 13:26:17', '2018-10-16 13:26:17', 1, 1),
(1448, 1447, 0, 1, '2018-10-16 13:26:18', '2018-10-16 13:26:18', 1, 1),
(1449, 1448, 0, 1, '2018-10-16 13:26:18', '2018-10-16 13:26:18', 1, 1),
(1450, 1449, 0, 1, '2018-10-16 13:26:18', '2018-10-16 13:26:18', 1, 1),
(1451, 1450, 0, 1, '2018-10-16 13:26:18', '2018-10-16 13:26:18', 1, 1),
(1452, 1451, 0, 1, '2018-10-16 13:26:18', '2018-10-16 13:26:18', 1, 1),
(1453, 1452, 0, 1, '2018-10-16 13:26:18', '2018-10-16 13:26:18', 1, 1),
(1454, 1453, 0, 1, '2018-10-16 13:26:18', '2018-10-16 13:26:18', 1, 1),
(1455, 1454, 0, 1, '2018-10-16 13:26:18', '2018-10-16 13:26:18', 1, 1),
(1456, 1455, 0, 1, '2018-10-16 13:26:18', '2018-10-16 13:26:18', 1, 1),
(1457, 1456, 0, 1, '2018-10-16 13:26:18', '2018-10-16 13:26:18', 1, 1),
(1458, 1457, 0, 1, '2018-10-16 13:26:18', '2018-10-16 13:26:18', 1, 1),
(1459, 1458, 0, 1, '2018-10-16 13:26:19', '2018-10-16 13:26:19', 1, 1),
(1460, 1459, 0, 1, '2018-10-16 13:26:19', '2018-10-16 13:26:19', 1, 1),
(1461, 1460, 0, 1, '2018-10-16 13:26:19', '2018-10-16 13:26:19', 1, 1),
(1462, 1461, 0, 1, '2018-10-16 13:26:19', '2018-10-16 13:26:19', 1, 1),
(1463, 1462, 0, 1, '2018-10-16 13:26:19', '2018-10-16 13:26:19', 1, 1),
(1464, 1463, 0, 1, '2018-10-16 13:26:19', '2018-10-16 13:26:19', 1, 1),
(1465, 1464, 0, 1, '2018-10-16 13:26:19', '2018-10-16 13:26:19', 1, 1),
(1466, 1465, 0, 1, '2018-10-16 13:26:19', '2018-10-16 13:26:19', 1, 1),
(1467, 1466, 0, 1, '2018-10-16 13:26:19', '2018-10-16 13:26:19', 1, 1),
(1468, 1467, 0, 1, '2018-10-16 13:26:19', '2018-10-16 13:26:19', 1, 1),
(1469, 1468, 0, 1, '2018-10-16 13:26:20', '2018-10-16 13:26:20', 1, 1),
(1470, 1469, 0, 1, '2018-10-16 13:26:20', '2018-10-16 13:26:20', 1, 1),
(1471, 1470, 0, 1, '2018-10-16 13:26:20', '2018-10-16 13:26:20', 1, 1),
(1472, 1471, 0, 1, '2018-10-16 13:26:20', '2018-10-16 13:26:20', 1, 1),
(1473, 1472, 0, 1, '2018-10-16 13:26:20', '2018-10-16 13:26:20', 1, 1),
(1474, 1473, 0, 1, '2018-10-16 13:26:20', '2018-10-16 13:26:20', 1, 1),
(1475, 1474, 0, 1, '2018-10-16 13:26:20', '2018-10-16 13:26:20', 1, 1),
(1476, 1475, 0, 1, '2018-10-16 13:26:20', '2018-10-16 13:26:20', 1, 1),
(1477, 1476, 0, 1, '2018-10-16 13:26:20', '2018-10-16 13:26:20', 1, 1),
(1478, 1477, 0, 1, '2018-10-16 13:26:20', '2018-10-16 13:26:20', 1, 1),
(1479, 1478, 0, 1, '2018-10-16 13:26:20', '2018-10-16 13:26:20', 1, 1);
INSERT INTO `states` (`StateID`, `SortOrder`, `Hide`, `IsActive`, `CreatedAt`, `UpdatedAt`, `CreatedBy`, `UpdatedBy`) VALUES
(1480, 1479, 0, 1, '2018-10-16 13:26:20', '2018-10-16 13:26:20', 1, 1),
(1481, 1480, 0, 1, '2018-10-16 13:26:20', '2018-10-16 13:26:20', 1, 1),
(1482, 1481, 0, 1, '2018-10-16 13:26:20', '2018-10-16 13:26:20', 1, 1),
(1483, 1482, 0, 1, '2018-10-16 13:26:21', '2018-10-16 13:26:21', 1, 1),
(1484, 1483, 0, 1, '2018-10-16 13:26:21', '2018-10-16 13:26:21', 1, 1),
(1485, 1484, 0, 1, '2018-10-16 13:26:21', '2018-10-16 13:26:21', 1, 1),
(1486, 1485, 0, 1, '2018-10-16 13:26:21', '2018-10-16 13:26:21', 1, 1),
(1487, 1486, 0, 1, '2018-10-16 13:26:21', '2018-10-16 13:26:21', 1, 1),
(1488, 1487, 0, 1, '2018-10-16 13:26:21', '2018-10-16 13:26:21', 1, 1),
(1489, 1488, 0, 1, '2018-10-16 13:26:21', '2018-10-16 13:26:21', 1, 1),
(1490, 1489, 0, 1, '2018-10-16 13:26:21', '2018-10-16 13:26:21', 1, 1),
(1491, 1490, 0, 1, '2018-10-16 13:26:21', '2018-10-16 13:26:21', 1, 1),
(1492, 1491, 0, 1, '2018-10-16 13:26:21', '2018-10-16 13:26:21', 1, 1),
(1493, 1492, 0, 1, '2018-10-16 13:26:21', '2018-10-16 13:26:21', 1, 1),
(1494, 1493, 0, 1, '2018-10-16 13:26:21', '2018-10-16 13:26:21', 1, 1),
(1495, 1494, 0, 1, '2018-10-16 13:26:21', '2018-10-16 13:26:21', 1, 1),
(1496, 1495, 0, 1, '2018-10-16 13:26:21', '2018-10-16 13:26:21', 1, 1),
(1497, 1496, 0, 1, '2018-10-16 13:26:22', '2018-10-16 13:26:22', 1, 1),
(1498, 1497, 0, 1, '2018-10-16 13:26:22', '2018-10-16 13:26:22', 1, 1),
(1499, 1498, 0, 1, '2018-10-16 13:26:22', '2018-10-16 13:26:22', 1, 1),
(1500, 1499, 0, 1, '2018-10-16 13:26:22', '2018-10-16 13:26:22', 1, 1),
(1501, 1500, 0, 1, '2018-10-16 13:26:22', '2018-10-16 13:26:22', 1, 1),
(1502, 1501, 0, 1, '2018-10-16 13:26:22', '2018-10-16 13:26:22', 1, 1),
(1503, 1502, 0, 1, '2018-10-16 13:26:22', '2018-10-16 13:26:22', 1, 1),
(1504, 1503, 0, 1, '2018-10-16 13:26:22', '2018-10-16 13:26:22', 1, 1),
(1505, 1504, 0, 1, '2018-10-16 13:26:22', '2018-10-16 13:26:22', 1, 1),
(1506, 1505, 0, 1, '2018-10-16 13:26:22', '2018-10-16 13:26:22', 1, 1),
(1507, 1506, 0, 1, '2018-10-16 13:26:22', '2018-10-16 13:26:22', 1, 1),
(1508, 1507, 0, 1, '2018-10-16 13:26:22', '2018-10-16 13:26:22', 1, 1),
(1509, 1508, 0, 1, '2018-10-16 13:26:22', '2018-10-16 13:26:22', 1, 1),
(1510, 1509, 0, 1, '2018-10-16 13:26:22', '2018-10-16 13:26:22', 1, 1),
(1511, 1510, 0, 1, '2018-10-16 13:26:22', '2018-10-16 13:26:22', 1, 1),
(1512, 1511, 0, 1, '2018-10-16 13:26:23', '2018-10-16 13:26:23', 1, 1),
(1513, 1512, 0, 1, '2018-10-16 13:26:23', '2018-10-16 13:26:23', 1, 1),
(1514, 1513, 0, 1, '2018-10-16 13:26:23', '2018-10-16 13:26:23', 1, 1),
(1515, 1514, 0, 1, '2018-10-16 13:26:23', '2018-10-16 13:26:23', 1, 1),
(1516, 1515, 0, 1, '2018-10-16 13:26:23', '2018-10-16 13:26:23', 1, 1),
(1517, 1516, 0, 1, '2018-10-16 13:26:23', '2018-10-16 13:26:23', 1, 1),
(1518, 1517, 0, 1, '2018-10-16 13:26:23', '2018-10-16 13:26:23', 1, 1),
(1519, 1518, 0, 1, '2018-10-16 13:26:24', '2018-10-16 13:26:24', 1, 1),
(1520, 1519, 0, 1, '2018-10-16 13:26:24', '2018-10-16 13:26:24', 1, 1),
(1521, 1520, 0, 1, '2018-10-16 13:26:24', '2018-10-16 13:26:24', 1, 1),
(1522, 1521, 0, 1, '2018-10-16 13:26:24', '2018-10-16 13:26:24', 1, 1),
(1523, 1522, 0, 1, '2018-10-16 13:26:24', '2018-10-16 13:26:24', 1, 1),
(1524, 1523, 0, 1, '2018-10-16 13:26:24', '2018-10-16 13:26:24', 1, 1),
(1525, 1524, 0, 1, '2018-10-16 13:26:24', '2018-10-16 13:26:24', 1, 1),
(1526, 1525, 0, 1, '2018-10-16 13:26:24', '2018-10-16 13:26:24', 1, 1),
(1527, 1526, 0, 1, '2018-10-16 13:26:25', '2018-10-16 13:26:25', 1, 1),
(1528, 1527, 0, 1, '2018-10-16 13:26:25', '2018-10-16 13:26:25', 1, 1),
(1529, 1528, 0, 1, '2018-10-16 13:26:25', '2018-10-16 13:26:25', 1, 1),
(1530, 1529, 0, 1, '2018-10-16 13:26:25', '2018-10-16 13:26:25', 1, 1),
(1531, 1530, 0, 1, '2018-10-16 13:26:25', '2018-10-16 13:26:25', 1, 1),
(1532, 1531, 0, 1, '2018-10-16 13:26:25', '2018-10-16 13:26:25', 1, 1),
(1533, 1532, 0, 1, '2018-10-16 13:26:25', '2018-10-16 13:26:25', 1, 1),
(1534, 1533, 0, 1, '2018-10-16 13:26:25', '2018-10-16 13:26:25', 1, 1),
(1535, 1534, 0, 1, '2018-10-16 13:26:26', '2018-10-16 13:26:26', 1, 1),
(1536, 1535, 0, 1, '2018-10-16 13:26:26', '2018-10-16 13:26:26', 1, 1),
(1537, 1536, 0, 1, '2018-10-16 13:26:26', '2018-10-16 13:26:26', 1, 1),
(1538, 1537, 0, 1, '2018-10-16 13:26:26', '2018-10-16 13:26:26', 1, 1),
(1539, 1538, 0, 1, '2018-10-16 13:26:26', '2018-10-16 13:26:26', 1, 1),
(1540, 1539, 0, 1, '2018-10-16 13:26:26', '2018-10-16 13:26:26', 1, 1),
(1541, 1540, 0, 1, '2018-10-16 13:26:27', '2018-10-16 13:26:27', 1, 1),
(1542, 1541, 0, 1, '2018-10-16 13:26:27', '2018-10-16 13:26:27', 1, 1),
(1543, 1542, 0, 1, '2018-10-16 13:26:27', '2018-10-16 13:26:27', 1, 1),
(1544, 1543, 0, 1, '2018-10-16 13:26:27', '2018-10-16 13:26:27', 1, 1),
(1545, 1544, 0, 1, '2018-10-16 13:26:28', '2018-10-16 13:26:28', 1, 1),
(1546, 1545, 0, 1, '2018-10-16 13:26:28', '2018-10-16 13:26:28', 1, 1),
(1547, 1546, 0, 1, '2018-10-16 13:26:28', '2018-10-16 13:26:28', 1, 1),
(1548, 1547, 0, 1, '2018-10-16 13:26:28', '2018-10-16 13:26:28', 1, 1),
(1549, 1548, 0, 1, '2018-10-16 13:26:28', '2018-10-16 13:26:28', 1, 1),
(1550, 1549, 0, 1, '2018-10-16 13:26:28', '2018-10-16 13:26:28', 1, 1),
(1551, 1550, 0, 1, '2018-10-16 13:26:28', '2018-10-16 13:26:28', 1, 1),
(1552, 1551, 0, 1, '2018-10-16 13:26:28', '2018-10-16 13:26:28', 1, 1),
(1553, 1552, 0, 1, '2018-10-16 13:26:28', '2018-10-16 13:26:28', 1, 1),
(1554, 1553, 0, 1, '2018-10-16 13:26:28', '2018-10-16 13:26:28', 1, 1),
(1555, 1554, 0, 1, '2018-10-16 13:26:28', '2018-10-16 13:26:28', 1, 1),
(1556, 1555, 0, 1, '2018-10-16 13:26:29', '2018-10-16 13:26:29', 1, 1),
(1557, 1556, 0, 1, '2018-10-16 13:26:29', '2018-10-16 13:26:29', 1, 1),
(1558, 1557, 0, 1, '2018-10-16 13:26:29', '2018-10-16 13:26:29', 1, 1),
(1559, 1558, 0, 1, '2018-10-16 13:26:29', '2018-10-16 13:26:29', 1, 1),
(1560, 1559, 0, 1, '2018-10-16 13:26:29', '2018-10-16 13:26:29', 1, 1),
(1561, 1560, 0, 1, '2018-10-16 13:26:29', '2018-10-16 13:26:29', 1, 1),
(1562, 1561, 0, 1, '2018-10-16 13:26:29', '2018-10-16 13:26:29', 1, 1),
(1563, 1562, 0, 1, '2018-10-16 13:26:29', '2018-10-16 13:26:29', 1, 1),
(1564, 1563, 0, 1, '2018-10-16 13:26:29', '2018-10-16 13:26:29', 1, 1),
(1565, 1564, 0, 1, '2018-10-16 13:26:30', '2018-10-16 13:26:30', 1, 1),
(1566, 1565, 0, 1, '2018-10-16 13:26:30', '2018-10-16 13:26:30', 1, 1),
(1567, 1566, 0, 1, '2018-10-16 13:26:30', '2018-10-16 13:26:30', 1, 1),
(1568, 1567, 0, 1, '2018-10-16 13:26:30', '2018-10-16 13:26:30', 1, 1),
(1569, 1568, 0, 1, '2018-10-16 13:26:30', '2018-10-16 13:26:30', 1, 1),
(1570, 1569, 0, 1, '2018-10-16 13:26:30', '2018-10-16 13:26:30', 1, 1),
(1571, 1570, 0, 1, '2018-10-16 13:26:30', '2018-10-16 13:26:30', 1, 1),
(1572, 1571, 0, 1, '2018-10-16 13:26:30', '2018-10-16 13:26:30', 1, 1),
(1573, 1572, 0, 1, '2018-10-16 13:26:30', '2018-10-16 13:26:30', 1, 1),
(1574, 1573, 0, 1, '2018-10-16 13:26:30', '2018-10-16 13:26:30', 1, 1),
(1575, 1574, 0, 1, '2018-10-16 13:26:31', '2018-10-16 13:26:31', 1, 1),
(1576, 1575, 0, 1, '2018-10-16 13:26:31', '2018-10-16 13:26:31', 1, 1),
(1577, 1576, 0, 1, '2018-10-16 13:26:31', '2018-10-16 13:26:31', 1, 1),
(1578, 1577, 0, 1, '2018-10-16 13:26:31', '2018-10-16 13:26:31', 1, 1),
(1579, 1578, 0, 1, '2018-10-16 13:26:31', '2018-10-16 13:26:31', 1, 1),
(1580, 1579, 0, 1, '2018-10-16 13:26:31', '2018-10-16 13:26:31', 1, 1),
(1581, 1580, 0, 1, '2018-10-16 13:26:31', '2018-10-16 13:26:31', 1, 1),
(1582, 1581, 0, 1, '2018-10-16 13:26:31', '2018-10-16 13:26:31', 1, 1),
(1583, 1582, 0, 1, '2018-10-16 13:26:31', '2018-10-16 13:26:31', 1, 1),
(1584, 1583, 0, 1, '2018-10-16 13:26:32', '2018-10-16 13:26:32', 1, 1),
(1585, 1584, 0, 1, '2018-10-16 13:26:32', '2018-10-16 13:26:32', 1, 1),
(1586, 1585, 0, 1, '2018-10-16 13:26:32', '2018-10-16 13:26:32', 1, 1),
(1587, 1586, 0, 1, '2018-10-16 13:26:32', '2018-10-16 13:26:32', 1, 1),
(1588, 1587, 0, 1, '2018-10-16 13:26:32', '2018-10-16 13:26:32', 1, 1),
(1589, 1588, 0, 1, '2018-10-16 13:26:32', '2018-10-16 13:26:32', 1, 1),
(1590, 1589, 0, 1, '2018-10-16 13:26:32', '2018-10-16 13:26:32', 1, 1),
(1591, 1590, 0, 1, '2018-10-16 13:26:32', '2018-10-16 13:26:32', 1, 1),
(1592, 1591, 0, 1, '2018-10-16 13:26:32', '2018-10-16 13:26:32', 1, 1),
(1593, 1592, 0, 1, '2018-10-16 13:26:32', '2018-10-16 13:26:32', 1, 1),
(1594, 1593, 0, 1, '2018-10-16 13:26:32', '2018-10-16 13:26:32', 1, 1),
(1595, 1594, 0, 1, '2018-10-16 13:26:32', '2018-10-16 13:26:32', 1, 1),
(1596, 1595, 0, 1, '2018-10-16 13:26:33', '2018-10-16 13:26:33', 1, 1),
(1597, 1596, 0, 1, '2018-10-16 13:26:33', '2018-10-16 13:26:33', 1, 1),
(1598, 1597, 0, 1, '2018-10-16 13:26:33', '2018-10-16 13:26:33', 1, 1),
(1599, 1598, 0, 1, '2018-10-16 13:26:33', '2018-10-16 13:26:33', 1, 1),
(1600, 1599, 0, 1, '2018-10-16 13:26:33', '2018-10-16 13:26:33', 1, 1),
(1601, 1600, 0, 1, '2018-10-16 13:26:33', '2018-10-16 13:26:33', 1, 1),
(1602, 1601, 0, 1, '2018-10-16 13:26:33', '2018-10-16 13:26:33', 1, 1),
(1603, 1602, 0, 1, '2018-10-16 13:26:33', '2018-10-16 13:26:33', 1, 1),
(1604, 1603, 0, 1, '2018-10-16 13:26:33', '2018-10-16 13:26:33', 1, 1),
(1605, 1604, 0, 1, '2018-10-16 13:26:33', '2018-10-16 13:26:33', 1, 1),
(1606, 1605, 0, 1, '2018-10-16 13:26:34', '2018-10-16 13:26:34', 1, 1),
(1607, 1606, 0, 1, '2018-10-16 13:26:34', '2018-10-16 13:26:34', 1, 1),
(1608, 1607, 0, 1, '2018-10-16 13:26:34', '2018-10-16 13:26:34', 1, 1),
(1609, 1608, 0, 1, '2018-10-16 13:26:34', '2018-10-16 13:26:34', 1, 1),
(1610, 1609, 0, 1, '2018-10-16 13:26:34', '2018-10-16 13:26:34', 1, 1),
(1611, 1610, 0, 1, '2018-10-16 13:26:34', '2018-10-16 13:26:34', 1, 1),
(1612, 1611, 0, 1, '2018-10-16 13:26:34', '2018-10-16 13:26:34', 1, 1),
(1613, 1612, 0, 1, '2018-10-16 13:26:34', '2018-10-16 13:26:34', 1, 1),
(1614, 1613, 0, 1, '2018-10-16 13:26:34', '2018-10-16 13:26:34', 1, 1),
(1615, 1614, 0, 1, '2018-10-16 13:26:34', '2018-10-16 13:26:34', 1, 1),
(1616, 1615, 0, 1, '2018-10-16 13:26:34', '2018-10-16 13:26:34', 1, 1),
(1617, 1616, 0, 1, '2018-10-16 13:26:34', '2018-10-16 13:26:34', 1, 1),
(1618, 1617, 0, 1, '2018-10-16 13:26:34', '2018-10-16 13:26:34', 1, 1),
(1619, 1618, 0, 1, '2018-10-16 13:26:34', '2018-10-16 13:26:34', 1, 1),
(1620, 1619, 0, 1, '2018-10-16 13:26:34', '2018-10-16 13:26:34', 1, 1),
(1621, 1620, 0, 1, '2018-10-16 13:26:35', '2018-10-16 13:26:35', 1, 1),
(1622, 1621, 0, 1, '2018-10-16 13:26:35', '2018-10-16 13:26:35', 1, 1),
(1623, 1622, 0, 1, '2018-10-16 13:26:35', '2018-10-16 13:26:35', 1, 1),
(1624, 1623, 0, 1, '2018-10-16 13:26:35', '2018-10-16 13:26:35', 1, 1),
(1625, 1624, 0, 1, '2018-10-16 13:26:35', '2018-10-16 13:26:35', 1, 1),
(1626, 1625, 0, 1, '2018-10-16 13:26:35', '2018-10-16 13:26:35', 1, 1),
(1627, 1626, 0, 1, '2018-10-16 13:26:35', '2018-10-16 13:26:35', 1, 1),
(1628, 1627, 0, 1, '2018-10-16 13:26:35', '2018-10-16 13:26:35', 1, 1),
(1629, 1628, 0, 1, '2018-10-16 13:26:35', '2018-10-16 13:26:35', 1, 1),
(1630, 1629, 0, 1, '2018-10-16 13:26:36', '2018-10-16 13:26:36', 1, 1),
(1631, 1630, 0, 1, '2018-10-16 13:26:36', '2018-10-16 13:26:36', 1, 1),
(1632, 1631, 0, 1, '2018-10-16 13:26:36', '2018-10-16 13:26:36', 1, 1),
(1633, 1632, 0, 1, '2018-10-16 13:26:36', '2018-10-16 13:26:36', 1, 1),
(1634, 1633, 0, 1, '2018-10-16 13:26:36', '2018-10-16 13:26:36', 1, 1),
(1635, 1634, 0, 1, '2018-10-16 13:26:36', '2018-10-16 13:26:36', 1, 1),
(1636, 1635, 0, 1, '2018-10-16 13:26:36', '2018-10-16 13:26:36', 1, 1),
(1637, 1636, 0, 1, '2018-10-16 13:26:36', '2018-10-16 13:26:36', 1, 1),
(1638, 1637, 0, 1, '2018-10-16 13:26:36', '2018-10-16 13:26:36', 1, 1),
(1639, 1638, 0, 1, '2018-10-16 13:26:36', '2018-10-16 13:26:36', 1, 1),
(1640, 1639, 0, 1, '2018-10-16 13:26:36', '2018-10-16 13:26:36', 1, 1),
(1641, 1640, 0, 1, '2018-10-16 13:26:36', '2018-10-16 13:26:36', 1, 1),
(1642, 1641, 0, 1, '2018-10-16 13:26:37', '2018-10-16 13:26:37', 1, 1),
(1643, 1642, 0, 1, '2018-10-16 13:26:37', '2018-10-16 13:26:37', 1, 1),
(1644, 1643, 0, 1, '2018-10-16 13:26:37', '2018-10-16 13:26:37', 1, 1),
(1645, 1644, 0, 1, '2018-10-16 13:26:37', '2018-10-16 13:26:37', 1, 1),
(1646, 1645, 0, 1, '2018-10-16 13:26:37', '2018-10-16 13:26:37', 1, 1),
(1647, 1646, 0, 1, '2018-10-16 13:26:37', '2018-10-16 13:26:37', 1, 1),
(1648, 1647, 0, 1, '2018-10-16 13:26:37', '2018-10-16 13:26:37', 1, 1),
(1649, 1648, 0, 1, '2018-10-16 13:26:37', '2018-10-16 13:26:37', 1, 1),
(1650, 1649, 0, 1, '2018-10-16 13:26:37', '2018-10-16 13:26:37', 1, 1),
(1651, 1650, 0, 1, '2018-10-16 13:26:38', '2018-10-16 13:26:38', 1, 1),
(1652, 1651, 0, 1, '2018-10-16 13:26:38', '2018-10-16 13:26:38', 1, 1),
(1653, 1652, 0, 1, '2018-10-16 13:26:38', '2018-10-16 13:26:38', 1, 1),
(1654, 1653, 0, 1, '2018-10-16 13:26:38', '2018-10-16 13:26:38', 1, 1),
(1655, 1654, 0, 1, '2018-10-16 13:26:38', '2018-10-16 13:26:38', 1, 1),
(1656, 1655, 0, 1, '2018-10-16 13:26:38', '2018-10-16 13:26:38', 1, 1),
(1657, 1656, 0, 1, '2018-10-16 13:26:38', '2018-10-16 13:26:38', 1, 1),
(1658, 1657, 0, 1, '2018-10-16 13:26:38', '2018-10-16 13:26:38', 1, 1),
(1659, 1658, 0, 1, '2018-10-16 13:26:38', '2018-10-16 13:26:38', 1, 1),
(1660, 1659, 0, 1, '2018-10-16 13:26:38', '2018-10-16 13:26:38', 1, 1),
(1661, 1660, 0, 1, '2018-10-16 13:26:38', '2018-10-16 13:26:38', 1, 1),
(1662, 1661, 0, 1, '2018-10-16 13:26:38', '2018-10-16 13:26:38', 1, 1),
(1663, 1662, 0, 1, '2018-10-16 13:26:39', '2018-10-16 13:26:39', 1, 1),
(1664, 1663, 0, 1, '2018-10-16 13:26:39', '2018-10-16 13:26:39', 1, 1),
(1665, 1664, 0, 1, '2018-10-16 13:26:39', '2018-10-16 13:26:39', 1, 1),
(1666, 1665, 0, 1, '2018-10-16 13:26:39', '2018-10-16 13:26:39', 1, 1),
(1667, 1666, 0, 1, '2018-10-16 13:26:39', '2018-10-16 13:26:39', 1, 1),
(1668, 1667, 0, 1, '2018-10-16 13:26:39', '2018-10-16 13:26:39', 1, 1),
(1669, 1668, 0, 1, '2018-10-16 13:26:39', '2018-10-16 13:26:39', 1, 1),
(1670, 1669, 0, 1, '2018-10-16 13:26:39', '2018-10-16 13:26:39', 1, 1),
(1671, 1670, 0, 1, '2018-10-16 13:26:40', '2018-10-16 13:26:40', 1, 1),
(1672, 1671, 0, 1, '2018-10-16 13:26:40', '2018-10-16 13:26:40', 1, 1),
(1673, 1672, 0, 1, '2018-10-16 13:26:40', '2018-10-16 13:26:40', 1, 1),
(1674, 1673, 0, 1, '2018-10-16 13:26:40', '2018-10-16 13:26:40', 1, 1),
(1675, 1674, 0, 1, '2018-10-16 13:26:40', '2018-10-16 13:26:40', 1, 1),
(1676, 1675, 0, 1, '2018-10-16 13:26:40', '2018-10-16 13:26:40', 1, 1),
(1677, 1676, 0, 1, '2018-10-16 13:26:40', '2018-10-16 13:26:40', 1, 1),
(1678, 1677, 0, 1, '2018-10-16 13:26:40', '2018-10-16 13:26:40', 1, 1),
(1679, 1678, 0, 1, '2018-10-16 13:26:40', '2018-10-16 13:26:40', 1, 1),
(1680, 1679, 0, 1, '2018-10-16 13:26:40', '2018-10-16 13:26:40', 1, 1),
(1681, 1680, 0, 1, '2018-10-16 13:26:40', '2018-10-16 13:26:40', 1, 1),
(1682, 1681, 0, 1, '2018-10-16 13:26:40', '2018-10-16 13:26:40', 1, 1),
(1683, 1682, 0, 1, '2018-10-16 13:26:40', '2018-10-16 13:26:40', 1, 1),
(1684, 1683, 0, 1, '2018-10-16 13:26:40', '2018-10-16 13:26:40', 1, 1),
(1685, 1684, 0, 1, '2018-10-16 13:26:40', '2018-10-16 13:26:40', 1, 1),
(1686, 1685, 0, 1, '2018-10-16 13:26:40', '2018-10-16 13:26:40', 1, 1),
(1687, 1686, 0, 1, '2018-10-16 13:26:41', '2018-10-16 13:26:41', 1, 1),
(1688, 1687, 0, 1, '2018-10-16 13:26:41', '2018-10-16 13:26:41', 1, 1),
(1689, 1688, 0, 1, '2018-10-16 13:26:41', '2018-10-16 13:26:41', 1, 1),
(1690, 1689, 0, 1, '2018-10-16 13:26:41', '2018-10-16 13:26:41', 1, 1),
(1691, 1690, 0, 1, '2018-10-16 13:26:41', '2018-10-16 13:26:41', 1, 1),
(1692, 1691, 0, 1, '2018-10-16 13:26:41', '2018-10-16 13:26:41', 1, 1),
(1693, 1692, 0, 1, '2018-10-16 13:26:41', '2018-10-16 13:26:41', 1, 1),
(1694, 1693, 0, 1, '2018-10-16 13:26:41', '2018-10-16 13:26:41', 1, 1),
(1695, 1694, 0, 1, '2018-10-16 13:26:41', '2018-10-16 13:26:41', 1, 1),
(1696, 1695, 0, 1, '2018-10-16 13:26:41', '2018-10-16 13:26:41', 1, 1),
(1697, 1696, 0, 1, '2018-10-16 13:26:41', '2018-10-16 13:26:41', 1, 1),
(1698, 1697, 0, 1, '2018-10-16 13:26:41', '2018-10-16 13:26:41', 1, 1),
(1699, 1698, 0, 1, '2018-10-16 13:26:41', '2018-10-16 13:26:41', 1, 1),
(1700, 1699, 0, 1, '2018-10-16 13:26:41', '2018-10-16 13:26:41', 1, 1),
(1701, 1700, 0, 1, '2018-10-16 13:26:41', '2018-10-16 13:26:41', 1, 1),
(1702, 1701, 0, 1, '2018-10-16 13:26:41', '2018-10-16 13:26:41', 1, 1),
(1703, 1702, 0, 1, '2018-10-16 13:26:41', '2018-10-16 13:26:41', 1, 1),
(1704, 1703, 0, 1, '2018-10-16 13:26:41', '2018-10-16 13:26:41', 1, 1),
(1705, 1704, 0, 1, '2018-10-16 13:26:41', '2018-10-16 13:26:41', 1, 1),
(1706, 1705, 0, 1, '2018-10-16 13:26:42', '2018-10-16 13:26:42', 1, 1),
(1707, 1706, 0, 1, '2018-10-16 13:26:42', '2018-10-16 13:26:42', 1, 1),
(1708, 1707, 0, 1, '2018-10-16 13:26:42', '2018-10-16 13:26:42', 1, 1),
(1709, 1708, 0, 1, '2018-10-16 13:26:42', '2018-10-16 13:26:42', 1, 1),
(1710, 1709, 0, 1, '2018-10-16 13:26:42', '2018-10-16 13:26:42', 1, 1),
(1711, 1710, 0, 1, '2018-10-16 13:26:42', '2018-10-16 13:26:42', 1, 1),
(1712, 1711, 0, 1, '2018-10-16 13:26:42', '2018-10-16 13:26:42', 1, 1),
(1713, 1712, 0, 1, '2018-10-16 13:26:42', '2018-10-16 13:26:42', 1, 1),
(1714, 1713, 0, 1, '2018-10-16 13:26:42', '2018-10-16 13:26:42', 1, 1),
(1715, 1714, 0, 1, '2018-10-16 13:26:42', '2018-10-16 13:26:42', 1, 1),
(1716, 1715, 0, 1, '2018-10-16 13:26:42', '2018-10-16 13:26:42', 1, 1),
(1717, 1716, 0, 1, '2018-10-16 13:26:42', '2018-10-16 13:26:42', 1, 1),
(1718, 1717, 0, 1, '2018-10-16 13:26:42', '2018-10-16 13:26:42', 1, 1),
(1719, 1718, 0, 1, '2018-10-16 13:26:42', '2018-10-16 13:26:42', 1, 1),
(1720, 1719, 0, 1, '2018-10-16 13:26:42', '2018-10-16 13:26:42', 1, 1),
(1721, 1720, 0, 1, '2018-10-16 13:26:42', '2018-10-16 13:26:42', 1, 1),
(1722, 1721, 0, 1, '2018-10-16 13:26:42', '2018-10-16 13:26:42', 1, 1),
(1723, 1722, 0, 1, '2018-10-16 13:26:42', '2018-10-16 13:26:42', 1, 1),
(1724, 1723, 0, 1, '2018-10-16 13:26:42', '2018-10-16 13:26:42', 1, 1),
(1725, 1724, 0, 1, '2018-10-16 13:26:42', '2018-10-16 13:26:42', 1, 1),
(1726, 1725, 0, 1, '2018-10-16 13:26:42', '2018-10-16 13:26:42', 1, 1),
(1727, 1726, 0, 1, '2018-10-16 13:26:42', '2018-10-16 13:26:42', 1, 1),
(1728, 1727, 0, 1, '2018-10-16 13:26:42', '2018-10-16 13:26:42', 1, 1),
(1729, 1728, 0, 1, '2018-10-16 13:26:42', '2018-10-16 13:26:42', 1, 1),
(1730, 1729, 0, 1, '2018-10-16 13:26:43', '2018-10-16 13:26:43', 1, 1),
(1731, 1730, 0, 1, '2018-10-16 13:26:43', '2018-10-16 13:26:43', 1, 1),
(1732, 1731, 0, 1, '2018-10-16 13:26:43', '2018-10-16 13:26:43', 1, 1),
(1733, 1732, 0, 1, '2018-10-16 13:26:43', '2018-10-16 13:26:43', 1, 1),
(1734, 1733, 0, 1, '2018-10-16 13:26:43', '2018-10-16 13:26:43', 1, 1),
(1735, 1734, 0, 1, '2018-10-16 13:26:43', '2018-10-16 13:26:43', 1, 1),
(1736, 1735, 0, 1, '2018-10-16 13:26:43', '2018-10-16 13:26:43', 1, 1),
(1737, 1736, 0, 1, '2018-10-16 13:26:43', '2018-10-16 13:26:43', 1, 1),
(1738, 1737, 0, 1, '2018-10-16 13:26:43', '2018-10-16 13:26:43', 1, 1),
(1739, 1738, 0, 1, '2018-10-16 13:26:43', '2018-10-16 13:26:43', 1, 1),
(1740, 1739, 0, 1, '2018-10-16 13:26:43', '2018-10-16 13:26:43', 1, 1),
(1741, 1740, 0, 1, '2018-10-16 13:26:43', '2018-10-16 13:26:43', 1, 1),
(1742, 1741, 0, 1, '2018-10-16 13:26:43', '2018-10-16 13:26:43', 1, 1),
(1743, 1742, 0, 1, '2018-10-16 13:26:43', '2018-10-16 13:26:43', 1, 1),
(1744, 1743, 0, 1, '2018-10-16 13:26:43', '2018-10-16 13:26:43', 1, 1),
(1745, 1744, 0, 1, '2018-10-16 13:26:43', '2018-10-16 13:26:43', 1, 1),
(1746, 1745, 0, 1, '2018-10-16 13:26:43', '2018-10-16 13:26:43', 1, 1),
(1747, 1746, 0, 1, '2018-10-16 13:26:44', '2018-10-16 13:26:44', 1, 1),
(1748, 1747, 0, 1, '2018-10-16 13:26:44', '2018-10-16 13:26:44', 1, 1),
(1749, 1748, 0, 1, '2018-10-16 13:26:44', '2018-10-16 13:26:44', 1, 1),
(1750, 1749, 0, 1, '2018-10-16 13:26:44', '2018-10-16 13:26:44', 1, 1),
(1751, 1750, 0, 1, '2018-10-16 13:26:44', '2018-10-16 13:26:44', 1, 1),
(1752, 1751, 0, 1, '2018-10-16 13:26:44', '2018-10-16 13:26:44', 1, 1),
(1753, 1752, 0, 1, '2018-10-16 13:26:44', '2018-10-16 13:26:44', 1, 1),
(1754, 1753, 0, 1, '2018-10-16 13:26:44', '2018-10-16 13:26:44', 1, 1),
(1755, 1754, 0, 1, '2018-10-16 13:26:44', '2018-10-16 13:26:44', 1, 1),
(1756, 1755, 0, 1, '2018-10-16 13:26:44', '2018-10-16 13:26:44', 1, 1),
(1757, 1756, 0, 1, '2018-10-16 13:26:44', '2018-10-16 13:26:44', 1, 1),
(1758, 1757, 0, 1, '2018-10-16 13:26:44', '2018-10-16 13:26:44', 1, 1),
(1759, 1758, 0, 1, '2018-10-16 13:26:44', '2018-10-16 13:26:44', 1, 1),
(1760, 1759, 0, 1, '2018-10-16 13:26:45', '2018-10-16 13:26:45', 1, 1),
(1761, 1760, 0, 1, '2018-10-16 13:26:45', '2018-10-16 13:26:45', 1, 1),
(1762, 1761, 0, 1, '2018-10-16 13:26:45', '2018-10-16 13:26:45', 1, 1),
(1763, 1762, 0, 1, '2018-10-16 13:26:45', '2018-10-16 13:26:45', 1, 1),
(1764, 1763, 0, 1, '2018-10-16 13:26:45', '2018-10-16 13:26:45', 1, 1),
(1765, 1764, 0, 1, '2018-10-16 13:26:45', '2018-10-16 13:26:45', 1, 1),
(1766, 1765, 0, 1, '2018-10-16 13:26:45', '2018-10-16 13:26:45', 1, 1),
(1767, 1766, 0, 1, '2018-10-16 13:26:45', '2018-10-16 13:26:45', 1, 1),
(1768, 1767, 0, 1, '2018-10-16 13:26:45', '2018-10-16 13:26:45', 1, 1),
(1769, 1768, 0, 1, '2018-10-16 13:26:45', '2018-10-16 13:26:45', 1, 1),
(1770, 1769, 0, 1, '2018-10-16 13:26:45', '2018-10-16 13:26:45', 1, 1),
(1771, 1770, 0, 1, '2018-10-16 13:26:45', '2018-10-16 13:26:45', 1, 1),
(1772, 1771, 0, 1, '2018-10-16 13:26:45', '2018-10-16 13:26:45', 1, 1),
(1773, 1772, 0, 1, '2018-10-16 13:26:45', '2018-10-16 13:26:45', 1, 1),
(1774, 1773, 0, 1, '2018-10-16 13:26:45', '2018-10-16 13:26:45', 1, 1),
(1775, 1774, 0, 1, '2018-10-16 13:26:45', '2018-10-16 13:26:45', 1, 1),
(1776, 1775, 0, 1, '2018-10-16 13:26:45', '2018-10-16 13:26:45', 1, 1),
(1777, 1776, 0, 1, '2018-10-16 13:26:45', '2018-10-16 13:26:45', 1, 1),
(1778, 1777, 0, 1, '2018-10-16 13:26:46', '2018-10-16 13:26:46', 1, 1),
(1779, 1778, 0, 1, '2018-10-16 13:26:46', '2018-10-16 13:26:46', 1, 1),
(1780, 1779, 0, 1, '2018-10-16 13:26:46', '2018-10-16 13:26:46', 1, 1),
(1781, 1780, 0, 1, '2018-10-16 13:26:46', '2018-10-16 13:26:46', 1, 1),
(1782, 1781, 0, 1, '2018-10-16 13:26:46', '2018-10-16 13:26:46', 1, 1),
(1783, 1782, 0, 1, '2018-10-16 13:26:46', '2018-10-16 13:26:46', 1, 1),
(1784, 1783, 0, 1, '2018-10-16 13:26:46', '2018-10-16 13:26:46', 1, 1),
(1785, 1784, 0, 1, '2018-10-16 13:26:46', '2018-10-16 13:26:46', 1, 1),
(1786, 1785, 0, 1, '2018-10-16 13:26:46', '2018-10-16 13:26:46', 1, 1),
(1787, 1786, 0, 1, '2018-10-16 13:26:46', '2018-10-16 13:26:46', 1, 1),
(1788, 1787, 0, 1, '2018-10-16 13:26:46', '2018-10-16 13:26:46', 1, 1),
(1789, 1788, 0, 1, '2018-10-16 13:26:46', '2018-10-16 13:26:46', 1, 1),
(1790, 1789, 0, 1, '2018-10-16 13:26:46', '2018-10-16 13:26:46', 1, 1),
(1791, 1790, 0, 1, '2018-10-16 13:26:46', '2018-10-16 13:26:46', 1, 1),
(1792, 1791, 0, 1, '2018-10-16 13:26:46', '2018-10-16 13:26:46', 1, 1),
(1793, 1792, 0, 1, '2018-10-16 13:26:46', '2018-10-16 13:26:46', 1, 1),
(1794, 1793, 0, 1, '2018-10-16 13:26:46', '2018-10-16 13:26:46', 1, 1),
(1795, 1794, 0, 1, '2018-10-16 13:26:46', '2018-10-16 13:26:46', 1, 1),
(1796, 1795, 0, 1, '2018-10-16 13:26:46', '2018-10-16 13:26:46', 1, 1),
(1797, 1796, 0, 1, '2018-10-16 13:26:46', '2018-10-16 13:26:46', 1, 1),
(1798, 1797, 0, 1, '2018-10-16 13:26:46', '2018-10-16 13:26:46', 1, 1),
(1799, 1798, 0, 1, '2018-10-16 13:26:46', '2018-10-16 13:26:46', 1, 1),
(1800, 1799, 0, 1, '2018-10-16 13:26:46', '2018-10-16 13:26:46', 1, 1),
(1801, 1800, 0, 1, '2018-10-16 13:26:46', '2018-10-16 13:26:46', 1, 1),
(1802, 1801, 0, 1, '2018-10-16 13:26:46', '2018-10-16 13:26:46', 1, 1),
(1803, 1802, 0, 1, '2018-10-16 13:26:47', '2018-10-16 13:26:47', 1, 1),
(1804, 1803, 0, 1, '2018-10-16 13:26:47', '2018-10-16 13:26:47', 1, 1),
(1805, 1804, 0, 1, '2018-10-16 13:26:47', '2018-10-16 13:26:47', 1, 1),
(1806, 1805, 0, 1, '2018-10-16 13:26:47', '2018-10-16 13:26:47', 1, 1),
(1807, 1806, 0, 1, '2018-10-16 13:26:47', '2018-10-16 13:26:47', 1, 1),
(1808, 1807, 0, 1, '2018-10-16 13:26:47', '2018-10-16 13:26:47', 1, 1),
(1809, 1808, 0, 1, '2018-10-16 13:26:47', '2018-10-16 13:26:47', 1, 1),
(1810, 1809, 0, 1, '2018-10-16 13:26:47', '2018-10-16 13:26:47', 1, 1),
(1811, 1810, 0, 1, '2018-10-16 13:26:47', '2018-10-16 13:26:47', 1, 1),
(1812, 1811, 0, 1, '2018-10-16 13:26:47', '2018-10-16 13:26:47', 1, 1),
(1813, 1812, 0, 1, '2018-10-16 13:26:47', '2018-10-16 13:26:47', 1, 1),
(1814, 1813, 0, 1, '2018-10-16 13:26:47', '2018-10-16 13:26:47', 1, 1),
(1815, 1814, 0, 1, '2018-10-16 13:26:47', '2018-10-16 13:26:47', 1, 1),
(1816, 1815, 0, 1, '2018-10-16 13:26:47', '2018-10-16 13:26:47', 1, 1),
(1817, 1816, 0, 1, '2018-10-16 13:26:47', '2018-10-16 13:26:47', 1, 1),
(1818, 1817, 0, 1, '2018-10-16 13:26:47', '2018-10-16 13:26:47', 1, 1),
(1819, 1818, 0, 1, '2018-10-16 13:26:47', '2018-10-16 13:26:47', 1, 1),
(1820, 1819, 0, 1, '2018-10-16 13:26:48', '2018-10-16 13:26:48', 1, 1),
(1821, 1820, 0, 1, '2018-10-16 13:26:48', '2018-10-16 13:26:48', 1, 1),
(1822, 1821, 0, 1, '2018-10-16 13:26:48', '2018-10-16 13:26:48', 1, 1),
(1823, 1822, 0, 1, '2018-10-16 13:26:48', '2018-10-16 13:26:48', 1, 1),
(1824, 1823, 0, 1, '2018-10-16 13:26:48', '2018-10-16 13:26:48', 1, 1),
(1825, 1824, 0, 1, '2018-10-16 13:26:48', '2018-10-16 13:26:48', 1, 1),
(1826, 1825, 0, 1, '2018-10-16 13:26:48', '2018-10-16 13:26:48', 1, 1),
(1827, 1826, 0, 1, '2018-10-16 13:26:48', '2018-10-16 13:26:48', 1, 1),
(1828, 1827, 0, 1, '2018-10-16 13:26:48', '2018-10-16 13:26:48', 1, 1),
(1829, 1828, 0, 1, '2018-10-16 13:26:48', '2018-10-16 13:26:48', 1, 1),
(1830, 1829, 0, 1, '2018-10-16 13:26:48', '2018-10-16 13:26:48', 1, 1),
(1831, 1830, 0, 1, '2018-10-16 13:26:48', '2018-10-16 13:26:48', 1, 1),
(1832, 1831, 0, 1, '2018-10-16 13:26:48', '2018-10-16 13:26:48', 1, 1),
(1833, 1832, 0, 1, '2018-10-16 13:26:48', '2018-10-16 13:26:48', 1, 1),
(1834, 1833, 0, 1, '2018-10-16 13:26:48', '2018-10-16 13:26:48', 1, 1),
(1835, 1834, 0, 1, '2018-10-16 13:26:48', '2018-10-16 13:26:48', 1, 1),
(1836, 1835, 0, 1, '2018-10-16 13:26:48', '2018-10-16 13:26:48', 1, 1),
(1837, 1836, 0, 1, '2018-10-16 13:26:48', '2018-10-16 13:26:48', 1, 1),
(1838, 1837, 0, 1, '2018-10-16 13:26:48', '2018-10-16 13:26:48', 1, 1),
(1839, 1838, 0, 1, '2018-10-16 13:26:48', '2018-10-16 13:26:48', 1, 1),
(1840, 1839, 0, 1, '2018-10-16 13:26:48', '2018-10-16 13:26:48', 1, 1),
(1841, 1840, 0, 1, '2018-10-16 13:26:48', '2018-10-16 13:26:48', 1, 1),
(1842, 1841, 0, 1, '2018-10-16 13:26:48', '2018-10-16 13:26:48', 1, 1),
(1843, 1842, 0, 1, '2018-10-16 13:26:48', '2018-10-16 13:26:48', 1, 1),
(1844, 1843, 0, 1, '2018-10-16 13:26:48', '2018-10-16 13:26:48', 1, 1),
(1845, 1844, 0, 1, '2018-10-16 13:26:48', '2018-10-16 13:26:48', 1, 1),
(1846, 1845, 0, 1, '2018-10-16 13:26:49', '2018-10-16 13:26:49', 1, 1),
(1847, 1846, 0, 1, '2018-10-16 13:26:49', '2018-10-16 13:26:49', 1, 1),
(1848, 1847, 0, 1, '2018-10-16 13:26:49', '2018-10-16 13:26:49', 1, 1),
(1849, 1848, 0, 1, '2018-10-16 13:26:49', '2018-10-16 13:26:49', 1, 1),
(1850, 1849, 0, 1, '2018-10-16 13:26:49', '2018-10-16 13:26:49', 1, 1),
(1851, 1850, 0, 1, '2018-10-16 13:26:49', '2018-10-16 13:26:49', 1, 1),
(1852, 1851, 0, 1, '2018-10-16 13:26:49', '2018-10-16 13:26:49', 1, 1),
(1853, 1852, 0, 1, '2018-10-16 13:26:49', '2018-10-16 13:26:49', 1, 1),
(1854, 1853, 0, 1, '2018-10-16 13:26:49', '2018-10-16 13:26:49', 1, 1),
(1855, 1854, 0, 1, '2018-10-16 13:26:49', '2018-10-16 13:26:49', 1, 1),
(1856, 1855, 0, 1, '2018-10-16 13:26:49', '2018-10-16 13:26:49', 1, 1),
(1857, 1856, 0, 1, '2018-10-16 13:26:49', '2018-10-16 13:26:49', 1, 1),
(1858, 1857, 0, 1, '2018-10-16 13:26:49', '2018-10-16 13:26:49', 1, 1),
(1859, 1858, 0, 1, '2018-10-16 13:26:49', '2018-10-16 13:26:49', 1, 1),
(1860, 1859, 0, 1, '2018-10-16 13:26:49', '2018-10-16 13:26:49', 1, 1),
(1861, 1860, 0, 1, '2018-10-16 13:26:49', '2018-10-16 13:26:49', 1, 1),
(1862, 1861, 0, 1, '2018-10-16 13:26:49', '2018-10-16 13:26:49', 1, 1),
(1863, 1862, 0, 1, '2018-10-16 13:26:49', '2018-10-16 13:26:49', 1, 1),
(1864, 1863, 0, 1, '2018-10-16 13:26:49', '2018-10-16 13:26:49', 1, 1),
(1865, 1864, 0, 1, '2018-10-16 13:26:49', '2018-10-16 13:26:49', 1, 1),
(1866, 1865, 0, 1, '2018-10-16 13:26:49', '2018-10-16 13:26:49', 1, 1),
(1867, 1866, 0, 1, '2018-10-16 13:26:49', '2018-10-16 13:26:49', 1, 1),
(1868, 1867, 0, 1, '2018-10-16 13:26:50', '2018-10-16 13:26:50', 1, 1),
(1869, 1868, 0, 1, '2018-10-16 13:26:50', '2018-10-16 13:26:50', 1, 1),
(1870, 1869, 0, 1, '2018-10-16 13:26:50', '2018-10-16 13:26:50', 1, 1),
(1871, 1870, 0, 1, '2018-10-16 13:26:50', '2018-10-16 13:26:50', 1, 1),
(1872, 1871, 0, 1, '2018-10-16 13:26:50', '2018-10-16 13:26:50', 1, 1),
(1873, 1872, 0, 1, '2018-10-16 13:26:50', '2018-10-16 13:26:50', 1, 1),
(1874, 1873, 0, 1, '2018-10-16 13:26:50', '2018-10-16 13:26:50', 1, 1),
(1875, 1874, 0, 1, '2018-10-16 13:26:50', '2018-10-16 13:26:50', 1, 1),
(1876, 1875, 0, 1, '2018-10-16 13:26:50', '2018-10-16 13:26:50', 1, 1),
(1877, 1876, 0, 1, '2018-10-16 13:26:50', '2018-10-16 13:26:50', 1, 1),
(1878, 1877, 0, 1, '2018-10-16 13:26:50', '2018-10-16 13:26:50', 1, 1),
(1879, 1878, 0, 1, '2018-10-16 13:26:50', '2018-10-16 13:26:50', 1, 1),
(1880, 1879, 0, 1, '2018-10-16 13:26:50', '2018-10-16 13:26:50', 1, 1),
(1881, 1880, 0, 1, '2018-10-16 13:26:50', '2018-10-16 13:26:50', 1, 1),
(1882, 1881, 0, 1, '2018-10-16 13:26:50', '2018-10-16 13:26:50', 1, 1),
(1883, 1882, 0, 1, '2018-10-16 13:26:50', '2018-10-16 13:26:50', 1, 1),
(1884, 1883, 0, 1, '2018-10-16 13:26:50', '2018-10-16 13:26:50', 1, 1),
(1885, 1884, 0, 1, '2018-10-16 13:26:51', '2018-10-16 13:26:51', 1, 1),
(1886, 1885, 0, 1, '2018-10-16 13:26:51', '2018-10-16 13:26:51', 1, 1),
(1887, 1886, 0, 1, '2018-10-16 13:26:51', '2018-10-16 13:26:51', 1, 1),
(1888, 1887, 0, 1, '2018-10-16 13:26:51', '2018-10-16 13:26:51', 1, 1),
(1889, 1888, 0, 1, '2018-10-16 13:26:51', '2018-10-16 13:26:51', 1, 1),
(1890, 1889, 0, 1, '2018-10-16 13:26:51', '2018-10-16 13:26:51', 1, 1),
(1891, 1890, 0, 1, '2018-10-16 13:26:51', '2018-10-16 13:26:51', 1, 1),
(1892, 1891, 0, 1, '2018-10-16 13:26:51', '2018-10-16 13:26:51', 1, 1),
(1893, 1892, 0, 1, '2018-10-16 13:26:51', '2018-10-16 13:26:51', 1, 1),
(1894, 1893, 0, 1, '2018-10-16 13:26:51', '2018-10-16 13:26:51', 1, 1),
(1895, 1894, 0, 1, '2018-10-16 13:26:51', '2018-10-16 13:26:51', 1, 1),
(1896, 1895, 0, 1, '2018-10-16 13:26:51', '2018-10-16 13:26:51', 1, 1),
(1897, 1896, 0, 1, '2018-10-16 13:26:51', '2018-10-16 13:26:51', 1, 1),
(1898, 1897, 0, 1, '2018-10-16 13:26:51', '2018-10-16 13:26:51', 1, 1),
(1899, 1898, 0, 1, '2018-10-16 13:26:51', '2018-10-16 13:26:51', 1, 1),
(1900, 1899, 0, 1, '2018-10-16 13:26:51', '2018-10-16 13:26:51', 1, 1),
(1901, 1900, 0, 1, '2018-10-16 13:26:51', '2018-10-16 13:26:51', 1, 1),
(1902, 1901, 0, 1, '2018-10-16 13:26:51', '2018-10-16 13:26:51', 1, 1),
(1903, 1902, 0, 1, '2018-10-16 13:26:51', '2018-10-16 13:26:51', 1, 1),
(1904, 1903, 0, 1, '2018-10-16 13:26:51', '2018-10-16 13:26:51', 1, 1),
(1905, 1904, 0, 1, '2018-10-16 13:26:51', '2018-10-16 13:26:51', 1, 1),
(1906, 1905, 0, 1, '2018-10-16 13:26:51', '2018-10-16 13:26:51', 1, 1),
(1907, 1906, 0, 1, '2018-10-16 13:26:51', '2018-10-16 13:26:51', 1, 1),
(1908, 1907, 0, 1, '2018-10-16 13:26:51', '2018-10-16 13:26:51', 1, 1),
(1909, 1908, 0, 1, '2018-10-16 13:26:51', '2018-10-16 13:26:51', 1, 1),
(1910, 1909, 0, 1, '2018-10-16 13:26:51', '2018-10-16 13:26:51', 1, 1),
(1911, 1910, 0, 1, '2018-10-16 13:26:52', '2018-10-16 13:26:52', 1, 1),
(1912, 1911, 0, 1, '2018-10-16 13:26:52', '2018-10-16 13:26:52', 1, 1),
(1913, 1912, 0, 1, '2018-10-16 13:26:52', '2018-10-16 13:26:52', 1, 1),
(1914, 1913, 0, 1, '2018-10-16 13:26:52', '2018-10-16 13:26:52', 1, 1),
(1915, 1914, 0, 1, '2018-10-16 13:26:52', '2018-10-16 13:26:52', 1, 1),
(1916, 1915, 0, 1, '2018-10-16 13:26:52', '2018-10-16 13:26:52', 1, 1),
(1917, 1916, 0, 1, '2018-10-16 13:26:52', '2018-10-16 13:26:52', 1, 1),
(1918, 1917, 0, 1, '2018-10-16 13:26:52', '2018-10-16 13:26:52', 1, 1),
(1919, 1918, 0, 1, '2018-10-16 13:26:52', '2018-10-16 13:26:52', 1, 1),
(1920, 1919, 0, 1, '2018-10-16 13:26:52', '2018-10-16 13:26:52', 1, 1),
(1921, 1920, 0, 1, '2018-10-16 13:26:52', '2018-10-16 13:26:52', 1, 1),
(1922, 1921, 0, 1, '2018-10-16 13:26:52', '2018-10-16 13:26:52', 1, 1),
(1923, 1922, 0, 1, '2018-10-16 13:26:52', '2018-10-16 13:26:52', 1, 1),
(1924, 1923, 0, 1, '2018-10-16 13:26:52', '2018-10-16 13:26:52', 1, 1),
(1925, 1924, 0, 1, '2018-10-16 13:26:52', '2018-10-16 13:26:52', 1, 1),
(1926, 1925, 0, 1, '2018-10-16 13:26:52', '2018-10-16 13:26:52', 1, 1),
(1927, 1926, 0, 1, '2018-10-16 13:26:52', '2018-10-16 13:26:52', 1, 1),
(1928, 1927, 0, 1, '2018-10-16 13:26:52', '2018-10-16 13:26:52', 1, 1),
(1929, 1928, 0, 1, '2018-10-16 13:26:52', '2018-10-16 13:26:52', 1, 1),
(1930, 1929, 0, 1, '2018-10-16 13:26:52', '2018-10-16 13:26:52', 1, 1),
(1931, 1930, 0, 1, '2018-10-16 13:26:52', '2018-10-16 13:26:52', 1, 1),
(1932, 1931, 0, 1, '2018-10-16 13:26:52', '2018-10-16 13:26:52', 1, 1),
(1933, 1932, 0, 1, '2018-10-16 13:26:52', '2018-10-16 13:26:52', 1, 1),
(1934, 1933, 0, 1, '2018-10-16 13:26:52', '2018-10-16 13:26:52', 1, 1),
(1935, 1934, 0, 1, '2018-10-16 13:26:52', '2018-10-16 13:26:52', 1, 1),
(1936, 1935, 0, 1, '2018-10-16 13:26:52', '2018-10-16 13:26:52', 1, 1),
(1937, 1936, 0, 1, '2018-10-16 13:26:52', '2018-10-16 13:26:52', 1, 1),
(1938, 1937, 0, 1, '2018-10-16 13:26:53', '2018-10-16 13:26:53', 1, 1),
(1939, 1938, 0, 1, '2018-10-16 13:26:53', '2018-10-16 13:26:53', 1, 1),
(1940, 1939, 0, 1, '2018-10-16 13:26:53', '2018-10-16 13:26:53', 1, 1),
(1941, 1940, 0, 1, '2018-10-16 13:26:53', '2018-10-16 13:26:53', 1, 1),
(1942, 1941, 0, 1, '2018-10-16 13:26:53', '2018-10-16 13:26:53', 1, 1),
(1943, 1942, 0, 1, '2018-10-16 13:26:53', '2018-10-16 13:26:53', 1, 1),
(1944, 1943, 0, 1, '2018-10-16 13:26:53', '2018-10-16 13:26:53', 1, 1),
(1945, 1944, 0, 1, '2018-10-16 13:26:53', '2018-10-16 13:26:53', 1, 1),
(1946, 1945, 0, 1, '2018-10-16 13:26:53', '2018-10-16 13:26:53', 1, 1),
(1947, 1946, 0, 1, '2018-10-16 13:26:53', '2018-10-16 13:26:53', 1, 1),
(1948, 1947, 0, 1, '2018-10-16 13:26:53', '2018-10-16 13:26:53', 1, 1),
(1949, 1948, 0, 1, '2018-10-16 13:26:53', '2018-10-16 13:26:53', 1, 1),
(1950, 1949, 0, 1, '2018-10-16 13:26:53', '2018-10-16 13:26:53', 1, 1),
(1951, 1950, 0, 1, '2018-10-16 13:26:53', '2018-10-16 13:26:53', 1, 1),
(1952, 1951, 0, 1, '2018-10-16 13:26:53', '2018-10-16 13:26:53', 1, 1),
(1953, 1952, 0, 1, '2018-10-16 13:26:53', '2018-10-16 13:26:53', 1, 1),
(1954, 1953, 0, 1, '2018-10-16 13:26:53', '2018-10-16 13:26:53', 1, 1),
(1955, 1954, 0, 1, '2018-10-16 13:26:53', '2018-10-16 13:26:53', 1, 1),
(1956, 1955, 0, 1, '2018-10-16 13:26:54', '2018-10-16 13:26:54', 1, 1),
(1957, 1956, 0, 1, '2018-10-16 13:26:54', '2018-10-16 13:26:54', 1, 1),
(1958, 1957, 0, 1, '2018-10-16 13:26:54', '2018-10-16 13:26:54', 1, 1),
(1959, 1958, 0, 1, '2018-10-16 13:26:54', '2018-10-16 13:26:54', 1, 1),
(1960, 1959, 0, 1, '2018-10-16 13:26:54', '2018-10-16 13:26:54', 1, 1),
(1961, 1960, 0, 1, '2018-10-16 13:26:54', '2018-10-16 13:26:54', 1, 1),
(1962, 1961, 0, 1, '2018-10-16 13:26:54', '2018-10-16 13:26:54', 1, 1),
(1963, 1962, 0, 1, '2018-10-16 13:26:54', '2018-10-16 13:26:54', 1, 1),
(1964, 1963, 0, 1, '2018-10-16 13:26:54', '2018-10-16 13:26:54', 1, 1),
(1965, 1964, 0, 1, '2018-10-16 13:26:54', '2018-10-16 13:26:54', 1, 1),
(1966, 1965, 0, 1, '2018-10-16 13:26:54', '2018-10-16 13:26:54', 1, 1),
(1967, 1966, 0, 1, '2018-10-16 13:26:54', '2018-10-16 13:26:54', 1, 1),
(1968, 1967, 0, 1, '2018-10-16 13:26:54', '2018-10-16 13:26:54', 1, 1),
(1969, 1968, 0, 1, '2018-10-16 13:26:54', '2018-10-16 13:26:54', 1, 1),
(1970, 1969, 0, 1, '2018-10-16 13:26:54', '2018-10-16 13:26:54', 1, 1),
(1971, 1970, 0, 1, '2018-10-16 13:26:54', '2018-10-16 13:26:54', 1, 1),
(1972, 1971, 0, 1, '2018-10-16 13:26:54', '2018-10-16 13:26:54', 1, 1),
(1973, 1972, 0, 1, '2018-10-16 13:26:54', '2018-10-16 13:26:54', 1, 1),
(1974, 1973, 0, 1, '2018-10-16 13:26:54', '2018-10-16 13:26:54', 1, 1),
(1975, 1974, 0, 1, '2018-10-16 13:26:54', '2018-10-16 13:26:54', 1, 1),
(1976, 1975, 0, 1, '2018-10-16 13:26:54', '2018-10-16 13:26:54', 1, 1),
(1977, 1976, 0, 1, '2018-10-16 13:26:55', '2018-10-16 13:26:55', 1, 1),
(1978, 1977, 0, 1, '2018-10-16 13:26:55', '2018-10-16 13:26:55', 1, 1),
(1979, 1978, 0, 1, '2018-10-16 13:26:55', '2018-10-16 13:26:55', 1, 1),
(1980, 1979, 0, 1, '2018-10-16 13:26:55', '2018-10-16 13:26:55', 1, 1),
(1981, 1980, 0, 1, '2018-10-16 13:26:55', '2018-10-16 13:26:55', 1, 1),
(1982, 1981, 0, 1, '2018-10-16 13:26:55', '2018-10-16 13:26:55', 1, 1),
(1983, 1982, 0, 1, '2018-10-16 13:26:55', '2018-10-16 13:26:55', 1, 1),
(1984, 1983, 0, 1, '2018-10-16 13:26:55', '2018-10-16 13:26:55', 1, 1),
(1985, 1984, 0, 1, '2018-10-16 13:26:55', '2018-10-16 13:26:55', 1, 1),
(1986, 1985, 0, 1, '2018-10-16 13:26:55', '2018-10-16 13:26:55', 1, 1),
(1987, 1986, 0, 1, '2018-10-16 13:26:55', '2018-10-16 13:26:55', 1, 1),
(1988, 1987, 0, 1, '2018-10-16 13:26:55', '2018-10-16 13:26:55', 1, 1),
(1989, 1988, 0, 1, '2018-10-16 13:26:55', '2018-10-16 13:26:55', 1, 1),
(1990, 1989, 0, 1, '2018-10-16 13:26:55', '2018-10-16 13:26:55', 1, 1),
(1991, 1990, 0, 1, '2018-10-16 13:26:55', '2018-10-16 13:26:55', 1, 1),
(1992, 1991, 0, 1, '2018-10-16 13:26:55', '2018-10-16 13:26:55', 1, 1),
(1993, 1992, 0, 1, '2018-10-16 13:26:55', '2018-10-16 13:26:55', 1, 1),
(1994, 1993, 0, 1, '2018-10-16 13:26:55', '2018-10-16 13:26:55', 1, 1),
(1995, 1994, 0, 1, '2018-10-16 13:26:55', '2018-10-16 13:26:55', 1, 1),
(1996, 1995, 0, 1, '2018-10-16 13:26:55', '2018-10-16 13:26:55', 1, 1),
(1997, 1996, 0, 1, '2018-10-16 13:26:55', '2018-10-16 13:26:55', 1, 1),
(1998, 1997, 0, 1, '2018-10-16 13:26:55', '2018-10-16 13:26:55', 1, 1),
(1999, 1998, 0, 1, '2018-10-16 13:26:55', '2018-10-16 13:26:55', 1, 1),
(2000, 1999, 0, 1, '2018-10-16 13:26:55', '2018-10-16 13:26:55', 1, 1),
(2001, 2000, 0, 1, '2018-10-16 13:26:55', '2018-10-16 13:26:55', 1, 1),
(2002, 2001, 0, 1, '2018-10-16 13:26:56', '2018-10-16 13:26:56', 1, 1),
(2003, 2002, 0, 1, '2018-10-16 13:26:56', '2018-10-16 13:26:56', 1, 1),
(2004, 2003, 0, 1, '2018-10-16 13:26:56', '2018-10-16 13:26:56', 1, 1),
(2005, 2004, 0, 1, '2018-10-16 13:26:56', '2018-10-16 13:26:56', 1, 1),
(2006, 2005, 0, 1, '2018-10-16 13:26:56', '2018-10-16 13:26:56', 1, 1),
(2007, 2006, 0, 1, '2018-10-16 13:26:56', '2018-10-16 13:26:56', 1, 1),
(2008, 2007, 0, 1, '2018-10-16 13:26:56', '2018-10-16 13:26:56', 1, 1),
(2009, 2008, 0, 1, '2018-10-16 13:26:56', '2018-10-16 13:26:56', 1, 1),
(2010, 2009, 0, 1, '2018-10-16 13:26:56', '2018-10-16 13:26:56', 1, 1),
(2011, 2010, 0, 1, '2018-10-16 13:26:56', '2018-10-16 13:26:56', 1, 1),
(2012, 2011, 0, 1, '2018-10-16 13:26:56', '2018-10-16 13:26:56', 1, 1),
(2013, 2012, 0, 1, '2018-10-16 13:26:56', '2018-10-16 13:26:56', 1, 1),
(2014, 2013, 0, 1, '2018-10-16 13:26:56', '2018-10-16 13:26:56', 1, 1),
(2015, 2014, 0, 1, '2018-10-16 13:26:56', '2018-10-16 13:26:56', 1, 1),
(2016, 2015, 0, 1, '2018-10-16 13:26:56', '2018-10-16 13:26:56', 1, 1),
(2017, 2016, 0, 1, '2018-10-16 13:26:56', '2018-10-16 13:26:56', 1, 1),
(2018, 2017, 0, 1, '2018-10-16 13:26:56', '2018-10-16 13:26:56', 1, 1),
(2019, 2018, 0, 1, '2018-10-16 13:26:56', '2018-10-16 13:26:56', 1, 1),
(2020, 2019, 0, 1, '2018-10-16 13:26:56', '2018-10-16 13:26:56', 1, 1),
(2021, 2020, 0, 1, '2018-10-16 13:26:56', '2018-10-16 13:26:56', 1, 1),
(2022, 2021, 0, 1, '2018-10-16 13:26:56', '2018-10-16 13:26:56', 1, 1),
(2023, 2022, 0, 1, '2018-10-16 13:26:56', '2018-10-16 13:26:56', 1, 1),
(2024, 2023, 0, 1, '2018-10-16 13:26:57', '2018-10-16 13:26:57', 1, 1),
(2025, 2024, 0, 1, '2018-10-16 13:26:57', '2018-10-16 13:26:57', 1, 1),
(2026, 2025, 0, 1, '2018-10-16 13:26:57', '2018-10-16 13:26:57', 1, 1),
(2027, 2026, 0, 1, '2018-10-16 13:26:57', '2018-10-16 13:26:57', 1, 1),
(2028, 2027, 0, 1, '2018-10-16 13:26:57', '2018-10-16 13:26:57', 1, 1),
(2029, 2028, 0, 1, '2018-10-16 13:26:57', '2018-10-16 13:26:57', 1, 1),
(2030, 2029, 0, 1, '2018-10-16 13:26:57', '2018-10-16 13:26:57', 1, 1),
(2031, 2030, 0, 1, '2018-10-16 13:26:57', '2018-10-16 13:26:57', 1, 1),
(2032, 2031, 0, 1, '2018-10-16 13:26:57', '2018-10-16 13:26:57', 1, 1),
(2033, 2032, 0, 1, '2018-10-16 13:26:57', '2018-10-16 13:26:57', 1, 1),
(2034, 2033, 0, 1, '2018-10-16 13:26:57', '2018-10-16 13:26:57', 1, 1),
(2035, 2034, 0, 1, '2018-10-16 13:26:57', '2018-10-16 13:26:57', 1, 1),
(2036, 2035, 0, 1, '2018-10-16 13:26:57', '2018-10-16 13:26:57', 1, 1),
(2037, 2036, 0, 1, '2018-10-16 13:26:57', '2018-10-16 13:26:57', 1, 1),
(2038, 2037, 0, 1, '2018-10-16 13:26:57', '2018-10-16 13:26:57', 1, 1),
(2039, 2038, 0, 1, '2018-10-16 13:26:57', '2018-10-16 13:26:57', 1, 1),
(2040, 2039, 0, 1, '2018-10-16 13:26:57', '2018-10-16 13:26:57', 1, 1),
(2041, 2040, 0, 1, '2018-10-16 13:26:57', '2018-10-16 13:26:57', 1, 1),
(2042, 2041, 0, 1, '2018-10-16 13:26:57', '2018-10-16 13:26:57', 1, 1),
(2043, 2042, 0, 1, '2018-10-16 13:26:57', '2018-10-16 13:26:57', 1, 1),
(2044, 2043, 0, 1, '2018-10-16 13:26:57', '2018-10-16 13:26:57', 1, 1),
(2045, 2044, 0, 1, '2018-10-16 13:26:57', '2018-10-16 13:26:57', 1, 1),
(2046, 2045, 0, 1, '2018-10-16 13:26:57', '2018-10-16 13:26:57', 1, 1),
(2047, 2046, 0, 1, '2018-10-16 13:26:57', '2018-10-16 13:26:57', 1, 1),
(2048, 2047, 0, 1, '2018-10-16 13:26:57', '2018-10-16 13:26:57', 1, 1),
(2049, 2048, 0, 1, '2018-10-16 13:26:58', '2018-10-16 13:26:58', 1, 1),
(2050, 2049, 0, 1, '2018-10-16 13:26:58', '2018-10-16 13:26:58', 1, 1),
(2051, 2050, 0, 1, '2018-10-16 13:26:58', '2018-10-16 13:26:58', 1, 1),
(2052, 2051, 0, 1, '2018-10-16 13:26:58', '2018-10-16 13:26:58', 1, 1),
(2053, 2052, 0, 1, '2018-10-16 13:26:58', '2018-10-16 13:26:58', 1, 1),
(2054, 2053, 0, 1, '2018-10-16 13:26:58', '2018-10-16 13:26:58', 1, 1),
(2055, 2054, 0, 1, '2018-10-16 13:26:58', '2018-10-16 13:26:58', 1, 1),
(2056, 2055, 0, 1, '2018-10-16 13:26:58', '2018-10-16 13:26:58', 1, 1),
(2057, 2056, 0, 1, '2018-10-16 13:26:58', '2018-10-16 13:26:58', 1, 1),
(2058, 2057, 0, 1, '2018-10-16 13:26:58', '2018-10-16 13:26:58', 1, 1),
(2059, 2058, 0, 1, '2018-10-16 13:26:58', '2018-10-16 13:26:58', 1, 1),
(2060, 2059, 0, 1, '2018-10-16 13:26:58', '2018-10-16 13:26:58', 1, 1),
(2061, 2060, 0, 1, '2018-10-16 13:26:58', '2018-10-16 13:26:58', 1, 1),
(2062, 2061, 0, 1, '2018-10-16 13:26:58', '2018-10-16 13:26:58', 1, 1),
(2063, 2062, 0, 1, '2018-10-16 13:26:58', '2018-10-16 13:26:58', 1, 1),
(2064, 2063, 0, 1, '2018-10-16 13:26:58', '2018-10-16 13:26:58', 1, 1),
(2065, 2064, 0, 1, '2018-10-16 13:26:58', '2018-10-16 13:26:58', 1, 1),
(2066, 2065, 0, 1, '2018-10-16 13:26:58', '2018-10-16 13:26:58', 1, 1),
(2067, 2066, 0, 1, '2018-10-16 13:26:58', '2018-10-16 13:26:58', 1, 1),
(2068, 2067, 0, 1, '2018-10-16 13:26:58', '2018-10-16 13:26:58', 1, 1),
(2069, 2068, 0, 1, '2018-10-16 13:26:58', '2018-10-16 13:26:58', 1, 1),
(2070, 2069, 0, 1, '2018-10-16 13:26:59', '2018-10-16 13:26:59', 1, 1),
(2071, 2070, 0, 1, '2018-10-16 13:26:59', '2018-10-16 13:26:59', 1, 1),
(2072, 2071, 0, 1, '2018-10-16 13:26:59', '2018-10-16 13:26:59', 1, 1),
(2073, 2072, 0, 1, '2018-10-16 13:26:59', '2018-10-16 13:26:59', 1, 1),
(2074, 2073, 0, 1, '2018-10-16 13:26:59', '2018-10-16 13:26:59', 1, 1),
(2075, 2074, 0, 1, '2018-10-16 13:26:59', '2018-10-16 13:26:59', 1, 1),
(2076, 2075, 0, 1, '2018-10-16 13:26:59', '2018-10-16 13:26:59', 1, 1),
(2077, 2076, 0, 1, '2018-10-16 13:26:59', '2018-10-16 13:26:59', 1, 1),
(2078, 2077, 0, 1, '2018-10-16 13:26:59', '2018-10-16 13:26:59', 1, 1),
(2079, 2078, 0, 1, '2018-10-16 13:26:59', '2018-10-16 13:26:59', 1, 1),
(2080, 2079, 0, 1, '2018-10-16 13:26:59', '2018-10-16 13:26:59', 1, 1),
(2081, 2080, 0, 1, '2018-10-16 13:26:59', '2018-10-16 13:26:59', 1, 1),
(2082, 2081, 0, 1, '2018-10-16 13:26:59', '2018-10-16 13:26:59', 1, 1),
(2083, 2082, 0, 1, '2018-10-16 13:26:59', '2018-10-16 13:26:59', 1, 1),
(2084, 2083, 0, 1, '2018-10-16 13:26:59', '2018-10-16 13:26:59', 1, 1),
(2085, 2084, 0, 1, '2018-10-16 13:26:59', '2018-10-16 13:26:59', 1, 1),
(2086, 2085, 0, 1, '2018-10-16 13:26:59', '2018-10-16 13:26:59', 1, 1),
(2087, 2086, 0, 1, '2018-10-16 13:26:59', '2018-10-16 13:26:59', 1, 1),
(2088, 2087, 0, 1, '2018-10-16 13:26:59', '2018-10-16 13:26:59', 1, 1),
(2089, 2088, 0, 1, '2018-10-16 13:26:59', '2018-10-16 13:26:59', 1, 1),
(2090, 2089, 0, 1, '2018-10-16 13:26:59', '2018-10-16 13:26:59', 1, 1),
(2091, 2090, 0, 1, '2018-10-16 13:27:00', '2018-10-16 13:27:00', 1, 1),
(2092, 2091, 0, 1, '2018-10-16 13:27:00', '2018-10-16 13:27:00', 1, 1),
(2093, 2092, 0, 1, '2018-10-16 13:27:00', '2018-10-16 13:27:00', 1, 1),
(2094, 2093, 0, 1, '2018-10-16 13:27:00', '2018-10-16 13:27:00', 1, 1),
(2095, 2094, 0, 1, '2018-10-16 13:27:00', '2018-10-16 13:27:00', 1, 1),
(2096, 2095, 0, 1, '2018-10-16 13:27:00', '2018-10-16 13:27:00', 1, 1),
(2097, 2096, 0, 1, '2018-10-16 13:27:00', '2018-10-16 13:27:00', 1, 1),
(2098, 2097, 0, 1, '2018-10-16 13:27:00', '2018-10-16 13:27:00', 1, 1),
(2099, 2098, 0, 1, '2018-10-16 13:27:00', '2018-10-16 13:27:00', 1, 1),
(2100, 2099, 0, 1, '2018-10-16 13:27:00', '2018-10-16 13:27:00', 1, 1),
(2101, 2100, 0, 1, '2018-10-16 13:27:00', '2018-10-16 13:27:00', 1, 1),
(2102, 2101, 0, 1, '2018-10-16 13:27:00', '2018-10-16 13:27:00', 1, 1),
(2103, 2102, 0, 1, '2018-10-16 13:27:00', '2018-10-16 13:27:00', 1, 1),
(2104, 2103, 0, 1, '2018-10-16 13:27:00', '2018-10-16 13:27:00', 1, 1),
(2105, 2104, 0, 1, '2018-10-16 13:27:00', '2018-10-16 13:27:00', 1, 1),
(2106, 2105, 0, 1, '2018-10-16 13:27:00', '2018-10-16 13:27:00', 1, 1),
(2107, 2106, 0, 1, '2018-10-16 13:27:00', '2018-10-16 13:27:00', 1, 1),
(2108, 2107, 0, 1, '2018-10-16 13:27:00', '2018-10-16 13:27:00', 1, 1),
(2109, 2108, 0, 1, '2018-10-16 13:27:00', '2018-10-16 13:27:00', 1, 1),
(2110, 2109, 0, 1, '2018-10-16 13:27:00', '2018-10-16 13:27:00', 1, 1),
(2111, 2110, 0, 1, '2018-10-16 13:27:00', '2018-10-16 13:27:00', 1, 1),
(2112, 2111, 0, 1, '2018-10-16 13:27:00', '2018-10-16 13:27:00', 1, 1),
(2113, 2112, 0, 1, '2018-10-16 13:27:00', '2018-10-16 13:27:00', 1, 1),
(2114, 2113, 0, 1, '2018-10-16 13:27:01', '2018-10-16 13:27:01', 1, 1),
(2115, 2114, 0, 1, '2018-10-16 13:27:01', '2018-10-16 13:27:01', 1, 1),
(2116, 2115, 0, 1, '2018-10-16 13:27:01', '2018-10-16 13:27:01', 1, 1),
(2117, 2116, 0, 1, '2018-10-16 13:27:01', '2018-10-16 13:27:01', 1, 1),
(2118, 2117, 0, 1, '2018-10-16 13:27:01', '2018-10-16 13:27:01', 1, 1),
(2119, 2118, 0, 1, '2018-10-16 13:27:01', '2018-10-16 13:27:01', 1, 1),
(2120, 2119, 0, 1, '2018-10-16 13:27:01', '2018-10-16 13:27:01', 1, 1),
(2121, 2120, 0, 1, '2018-10-16 13:27:01', '2018-10-16 13:27:01', 1, 1),
(2122, 2121, 0, 1, '2018-10-16 13:27:01', '2018-10-16 13:27:01', 1, 1),
(2123, 2122, 0, 1, '2018-10-16 13:27:01', '2018-10-16 13:27:01', 1, 1),
(2124, 2123, 0, 1, '2018-10-16 13:27:01', '2018-10-16 13:27:01', 1, 1),
(2125, 2124, 0, 1, '2018-10-16 13:27:01', '2018-10-16 13:27:01', 1, 1),
(2126, 2125, 0, 1, '2018-10-16 13:27:01', '2018-10-16 13:27:01', 1, 1),
(2127, 2126, 0, 1, '2018-10-16 13:27:01', '2018-10-16 13:27:01', 1, 1),
(2128, 2127, 0, 1, '2018-10-16 13:27:01', '2018-10-16 13:27:01', 1, 1),
(2129, 2128, 0, 1, '2018-10-16 13:27:01', '2018-10-16 13:27:01', 1, 1),
(2130, 2129, 0, 1, '2018-10-16 13:27:01', '2018-10-16 13:27:01', 1, 1),
(2131, 2130, 0, 1, '2018-10-16 13:27:01', '2018-10-16 13:27:01', 1, 1),
(2132, 2131, 0, 1, '2018-10-16 13:27:01', '2018-10-16 13:27:01', 1, 1),
(2133, 2132, 0, 1, '2018-10-16 13:27:02', '2018-10-16 13:27:02', 1, 1),
(2134, 2133, 0, 1, '2018-10-16 13:27:02', '2018-10-16 13:27:02', 1, 1),
(2135, 2134, 0, 1, '2018-10-16 13:27:02', '2018-10-16 13:27:02', 1, 1),
(2136, 2135, 0, 1, '2018-10-16 13:27:02', '2018-10-16 13:27:02', 1, 1),
(2137, 2136, 0, 1, '2018-10-16 13:27:02', '2018-10-16 13:27:02', 1, 1),
(2138, 2137, 0, 1, '2018-10-16 13:27:02', '2018-10-16 13:27:02', 1, 1),
(2139, 2138, 0, 1, '2018-10-16 13:27:02', '2018-10-16 13:27:02', 1, 1),
(2140, 2139, 0, 1, '2018-10-16 13:27:02', '2018-10-16 13:27:02', 1, 1),
(2141, 2140, 0, 1, '2018-10-16 13:27:02', '2018-10-16 13:27:02', 1, 1),
(2142, 2141, 0, 1, '2018-10-16 13:27:02', '2018-10-16 13:27:02', 1, 1),
(2143, 2142, 0, 1, '2018-10-16 13:27:02', '2018-10-16 13:27:02', 1, 1),
(2144, 2143, 0, 1, '2018-10-16 13:27:02', '2018-10-16 13:27:02', 1, 1),
(2145, 2144, 0, 1, '2018-10-16 13:27:02', '2018-10-16 13:27:02', 1, 1),
(2146, 2145, 0, 1, '2018-10-16 13:27:02', '2018-10-16 13:27:02', 1, 1),
(2147, 2146, 0, 1, '2018-10-16 13:27:02', '2018-10-16 13:27:02', 1, 1),
(2148, 2147, 0, 1, '2018-10-16 13:27:02', '2018-10-16 13:27:02', 1, 1),
(2149, 2148, 0, 1, '2018-10-16 13:27:02', '2018-10-16 13:27:02', 1, 1),
(2150, 2149, 0, 1, '2018-10-16 13:27:02', '2018-10-16 13:27:02', 1, 1),
(2151, 2150, 0, 1, '2018-10-16 13:27:02', '2018-10-16 13:27:02', 1, 1),
(2152, 2151, 0, 1, '2018-10-16 13:27:02', '2018-10-16 13:27:02', 1, 1),
(2153, 2152, 0, 1, '2018-10-16 13:27:02', '2018-10-16 13:27:02', 1, 1),
(2154, 2153, 0, 1, '2018-10-16 13:27:02', '2018-10-16 13:27:02', 1, 1),
(2155, 2154, 0, 1, '2018-10-16 13:27:02', '2018-10-16 13:27:02', 1, 1),
(2156, 2155, 0, 1, '2018-10-16 13:27:02', '2018-10-16 13:27:02', 1, 1),
(2157, 2156, 0, 1, '2018-10-16 13:27:02', '2018-10-16 13:27:02', 1, 1),
(2158, 2157, 0, 1, '2018-10-16 13:27:02', '2018-10-16 13:27:02', 1, 1),
(2159, 2158, 0, 1, '2018-10-16 13:27:03', '2018-10-16 13:27:03', 1, 1),
(2160, 2159, 0, 1, '2018-10-16 13:27:03', '2018-10-16 13:27:03', 1, 1),
(2161, 2160, 0, 1, '2018-10-16 13:27:03', '2018-10-16 13:27:03', 1, 1),
(2162, 2161, 0, 1, '2018-10-16 13:27:03', '2018-10-16 13:27:03', 1, 1),
(2163, 2162, 0, 1, '2018-10-16 13:27:03', '2018-10-16 13:27:03', 1, 1),
(2164, 2163, 0, 1, '2018-10-16 13:27:03', '2018-10-16 13:27:03', 1, 1),
(2165, 2164, 0, 1, '2018-10-16 13:27:03', '2018-10-16 13:27:03', 1, 1),
(2166, 2165, 0, 1, '2018-10-16 13:27:03', '2018-10-16 13:27:03', 1, 1),
(2167, 2166, 0, 1, '2018-10-16 13:27:03', '2018-10-16 13:27:03', 1, 1),
(2168, 2167, 0, 1, '2018-10-16 13:27:03', '2018-10-16 13:27:03', 1, 1),
(2169, 2168, 0, 1, '2018-10-16 13:27:03', '2018-10-16 13:27:03', 1, 1),
(2170, 2169, 0, 1, '2018-10-16 13:27:03', '2018-10-16 13:27:03', 1, 1),
(2171, 2170, 0, 1, '2018-10-16 13:27:03', '2018-10-16 13:27:03', 1, 1),
(2172, 2171, 0, 1, '2018-10-16 13:27:03', '2018-10-16 13:27:03', 1, 1),
(2173, 2172, 0, 1, '2018-10-16 13:27:03', '2018-10-16 13:27:03', 1, 1),
(2174, 2173, 0, 1, '2018-10-16 13:27:04', '2018-10-16 13:27:04', 1, 1),
(2175, 2174, 0, 1, '2018-10-16 13:27:04', '2018-10-16 13:27:04', 1, 1),
(2176, 2175, 0, 1, '2018-10-16 13:27:04', '2018-10-16 13:27:04', 1, 1),
(2177, 2176, 0, 1, '2018-10-16 13:27:04', '2018-10-16 13:27:04', 1, 1),
(2178, 2177, 0, 1, '2018-10-16 13:27:04', '2018-10-16 13:27:04', 1, 1),
(2179, 2178, 0, 1, '2018-10-16 13:27:04', '2018-10-16 13:27:04', 1, 1),
(2180, 2179, 0, 1, '2018-10-16 13:27:04', '2018-10-16 13:27:04', 1, 1),
(2181, 2180, 0, 1, '2018-10-16 13:27:04', '2018-10-16 13:27:04', 1, 1),
(2182, 2181, 0, 1, '2018-10-16 13:27:04', '2018-10-16 13:27:04', 1, 1),
(2183, 2182, 0, 1, '2018-10-16 13:27:04', '2018-10-16 13:27:04', 1, 1),
(2184, 2183, 0, 1, '2018-10-16 13:27:04', '2018-10-16 13:27:04', 1, 1),
(2185, 2184, 0, 1, '2018-10-16 13:27:04', '2018-10-16 13:27:04', 1, 1),
(2186, 2185, 0, 1, '2018-10-16 13:27:04', '2018-10-16 13:27:04', 1, 1),
(2187, 2186, 0, 1, '2018-10-16 13:27:04', '2018-10-16 13:27:04', 1, 1),
(2188, 2187, 0, 1, '2018-10-16 13:27:04', '2018-10-16 13:27:04', 1, 1),
(2189, 2188, 0, 1, '2018-10-16 13:27:04', '2018-10-16 13:27:04', 1, 1),
(2190, 2189, 0, 1, '2018-10-16 13:27:04', '2018-10-16 13:27:04', 1, 1),
(2191, 2190, 0, 1, '2018-10-16 13:27:04', '2018-10-16 13:27:04', 1, 1);
INSERT INTO `states` (`StateID`, `SortOrder`, `Hide`, `IsActive`, `CreatedAt`, `UpdatedAt`, `CreatedBy`, `UpdatedBy`) VALUES
(2192, 2191, 0, 1, '2018-10-16 13:27:04', '2018-10-16 13:27:04', 1, 1),
(2193, 2192, 0, 1, '2018-10-16 13:27:04', '2018-10-16 13:27:04', 1, 1),
(2194, 2193, 0, 1, '2018-10-16 13:27:04', '2018-10-16 13:27:04', 1, 1),
(2195, 2194, 0, 1, '2018-10-16 13:27:04', '2018-10-16 13:27:04', 1, 1),
(2196, 2195, 0, 1, '2018-10-16 13:27:05', '2018-10-16 13:27:05', 1, 1),
(2197, 2196, 0, 1, '2018-10-16 13:27:05', '2018-10-16 13:27:05', 1, 1),
(2198, 2197, 0, 1, '2018-10-16 13:27:05', '2018-10-16 13:27:05', 1, 1),
(2199, 2198, 0, 1, '2018-10-16 13:27:05', '2018-10-16 13:27:05', 1, 1),
(2200, 2199, 0, 1, '2018-10-16 13:27:05', '2018-10-16 13:27:05', 1, 1),
(2201, 2200, 0, 1, '2018-10-16 13:27:05', '2018-10-16 13:27:05', 1, 1),
(2202, 2201, 0, 1, '2018-10-16 13:27:05', '2018-10-16 13:27:05', 1, 1),
(2203, 2202, 0, 1, '2018-10-16 13:27:05', '2018-10-16 13:27:05', 1, 1),
(2204, 2203, 0, 1, '2018-10-16 13:27:05', '2018-10-16 13:27:05', 1, 1),
(2205, 2204, 0, 1, '2018-10-16 13:27:05', '2018-10-16 13:27:05', 1, 1),
(2206, 2205, 0, 1, '2018-10-16 13:27:05', '2018-10-16 13:27:05', 1, 1),
(2207, 2206, 0, 1, '2018-10-16 13:27:05', '2018-10-16 13:27:05', 1, 1),
(2208, 2207, 0, 1, '2018-10-16 13:27:05', '2018-10-16 13:27:05', 1, 1),
(2209, 2208, 0, 1, '2018-10-16 13:27:05', '2018-10-16 13:27:05', 1, 1),
(2210, 2209, 0, 1, '2018-10-16 13:27:05', '2018-10-16 13:27:05', 1, 1),
(2211, 2210, 0, 1, '2018-10-16 13:27:05', '2018-10-16 13:27:05', 1, 1),
(2212, 2211, 0, 1, '2018-10-16 13:27:05', '2018-10-16 13:27:05', 1, 1),
(2213, 2212, 0, 1, '2018-10-16 13:27:05', '2018-10-16 13:27:05', 1, 1),
(2214, 2213, 0, 1, '2018-10-16 13:27:05', '2018-10-16 13:27:05', 1, 1),
(2215, 2214, 0, 1, '2018-10-16 13:27:05', '2018-10-16 13:27:05', 1, 1),
(2216, 2215, 0, 1, '2018-10-16 13:27:05', '2018-10-16 13:27:05', 1, 1),
(2217, 2216, 0, 1, '2018-10-16 13:27:06', '2018-10-16 13:27:06', 1, 1),
(2218, 2217, 0, 1, '2018-10-16 13:27:06', '2018-10-16 13:27:06', 1, 1),
(2219, 2218, 0, 1, '2018-10-16 13:27:06', '2018-10-16 13:27:06', 1, 1),
(2220, 2219, 0, 1, '2018-10-16 13:27:06', '2018-10-16 13:27:06', 1, 1),
(2221, 2220, 0, 1, '2018-10-16 13:27:06', '2018-10-16 13:27:06', 1, 1),
(2222, 2221, 0, 1, '2018-10-16 13:27:06', '2018-10-16 13:27:06', 1, 1),
(2223, 2222, 0, 1, '2018-10-16 13:27:06', '2018-10-16 13:27:06', 1, 1),
(2224, 2223, 0, 1, '2018-10-16 13:27:06', '2018-10-16 13:27:06', 1, 1),
(2225, 2224, 0, 1, '2018-10-16 13:27:06', '2018-10-16 13:27:06', 1, 1),
(2226, 2225, 0, 1, '2018-10-16 13:27:06', '2018-10-16 13:27:06', 1, 1),
(2227, 2226, 0, 1, '2018-10-16 13:27:06', '2018-10-16 13:27:06', 1, 1),
(2228, 2227, 0, 1, '2018-10-16 13:27:06', '2018-10-16 13:27:06', 1, 1),
(2229, 2228, 0, 1, '2018-10-16 13:27:06', '2018-10-16 13:27:06', 1, 1),
(2230, 2229, 0, 1, '2018-10-16 13:27:06', '2018-10-16 13:27:06', 1, 1),
(2231, 2230, 0, 1, '2018-10-16 13:27:06', '2018-10-16 13:27:06', 1, 1),
(2232, 2231, 0, 1, '2018-10-16 13:27:06', '2018-10-16 13:27:06', 1, 1),
(2233, 2232, 0, 1, '2018-10-16 13:27:06', '2018-10-16 13:27:06', 1, 1),
(2234, 2233, 0, 1, '2018-10-16 13:27:06', '2018-10-16 13:27:06', 1, 1),
(2235, 2234, 0, 1, '2018-10-16 13:27:06', '2018-10-16 13:27:06', 1, 1),
(2236, 2235, 0, 1, '2018-10-16 13:27:06', '2018-10-16 13:27:06', 1, 1),
(2237, 2236, 0, 1, '2018-10-16 13:27:06', '2018-10-16 13:27:06', 1, 1),
(2238, 2237, 0, 1, '2018-10-16 13:27:06', '2018-10-16 13:27:06', 1, 1),
(2239, 2238, 0, 1, '2018-10-16 13:27:07', '2018-10-16 13:27:07', 1, 1),
(2240, 2239, 0, 1, '2018-10-16 13:27:07', '2018-10-16 13:27:07', 1, 1),
(2241, 2240, 0, 1, '2018-10-16 13:27:07', '2018-10-16 13:27:07', 1, 1),
(2242, 2241, 0, 1, '2018-10-16 13:27:07', '2018-10-16 13:27:07', 1, 1),
(2243, 2242, 0, 1, '2018-10-16 13:27:07', '2018-10-16 13:27:07', 1, 1),
(2244, 2243, 0, 1, '2018-10-16 13:27:07', '2018-10-16 13:27:07', 1, 1),
(2245, 2244, 0, 1, '2018-10-16 13:27:07', '2018-10-16 13:27:07', 1, 1),
(2246, 2245, 0, 1, '2018-10-16 13:27:07', '2018-10-16 13:27:07', 1, 1),
(2247, 2246, 0, 1, '2018-10-16 13:27:07', '2018-10-16 13:27:07', 1, 1),
(2248, 2247, 0, 1, '2018-10-16 13:27:07', '2018-10-16 13:27:07', 1, 1),
(2249, 2248, 0, 1, '2018-10-16 13:27:07', '2018-10-16 13:27:07', 1, 1),
(2250, 2249, 0, 1, '2018-10-16 13:27:07', '2018-10-16 13:27:07', 1, 1),
(2251, 2250, 0, 1, '2018-10-16 13:27:07', '2018-10-16 13:27:07', 1, 1),
(2252, 2251, 0, 1, '2018-10-16 13:27:07', '2018-10-16 13:27:07', 1, 1),
(2253, 2252, 0, 1, '2018-10-16 13:27:07', '2018-10-16 13:27:07', 1, 1),
(2254, 2253, 0, 1, '2018-10-16 13:27:07', '2018-10-16 13:27:07', 1, 1),
(2255, 2254, 0, 1, '2018-10-16 13:27:07', '2018-10-16 13:27:07', 1, 1),
(2256, 2255, 0, 1, '2018-10-16 13:27:07', '2018-10-16 13:27:07', 1, 1),
(2257, 2256, 0, 1, '2018-10-16 13:27:07', '2018-10-16 13:27:07', 1, 1),
(2258, 2257, 0, 1, '2018-10-16 13:27:07', '2018-10-16 13:27:07', 1, 1),
(2259, 2258, 0, 1, '2018-10-16 13:27:07', '2018-10-16 13:27:07', 1, 1),
(2260, 2259, 0, 1, '2018-10-16 13:27:07', '2018-10-16 13:27:07', 1, 1),
(2261, 2260, 0, 1, '2018-10-16 13:27:08', '2018-10-16 13:27:08', 1, 1),
(2262, 2261, 0, 1, '2018-10-16 13:27:08', '2018-10-16 13:27:08', 1, 1),
(2263, 2262, 0, 1, '2018-10-16 13:27:08', '2018-10-16 13:27:08', 1, 1),
(2264, 2263, 0, 1, '2018-10-16 13:27:08', '2018-10-16 13:27:08', 1, 1),
(2265, 2264, 0, 1, '2018-10-16 13:27:08', '2018-10-16 13:27:08', 1, 1),
(2266, 2265, 0, 1, '2018-10-16 13:27:08', '2018-10-16 13:27:08', 1, 1),
(2267, 2266, 0, 1, '2018-10-16 13:27:08', '2018-10-16 13:27:08', 1, 1),
(2268, 2267, 0, 1, '2018-10-16 13:27:08', '2018-10-16 13:27:08', 1, 1),
(2269, 2268, 0, 1, '2018-10-16 13:27:08', '2018-10-16 13:27:08', 1, 1),
(2270, 2269, 0, 1, '2018-10-16 13:27:08', '2018-10-16 13:27:08', 1, 1),
(2271, 2270, 0, 1, '2018-10-16 13:27:08', '2018-10-16 13:27:08', 1, 1),
(2272, 2271, 0, 1, '2018-10-16 13:27:08', '2018-10-16 13:27:08', 1, 1),
(2273, 2272, 0, 1, '2018-10-16 13:27:08', '2018-10-16 13:27:08', 1, 1),
(2274, 2273, 0, 1, '2018-10-16 13:27:08', '2018-10-16 13:27:08', 1, 1),
(2275, 2274, 0, 1, '2018-10-16 13:27:08', '2018-10-16 13:27:08', 1, 1),
(2276, 2275, 0, 1, '2018-10-16 13:27:08', '2018-10-16 13:27:08', 1, 1),
(2277, 2276, 0, 1, '2018-10-16 13:27:08', '2018-10-16 13:27:08', 1, 1),
(2278, 2277, 0, 1, '2018-10-16 13:27:08', '2018-10-16 13:27:08', 1, 1),
(2279, 2278, 0, 1, '2018-10-16 13:27:08', '2018-10-16 13:27:08', 1, 1),
(2280, 2279, 0, 1, '2018-10-16 13:27:08', '2018-10-16 13:27:08', 1, 1),
(2281, 2280, 0, 1, '2018-10-16 13:27:08', '2018-10-16 13:27:08', 1, 1),
(2282, 2281, 0, 1, '2018-10-16 13:27:08', '2018-10-16 13:27:08', 1, 1),
(2283, 2282, 0, 1, '2018-10-16 13:27:08', '2018-10-16 13:27:08', 1, 1),
(2284, 2283, 0, 1, '2018-10-16 13:27:09', '2018-10-16 13:27:09', 1, 1),
(2285, 2284, 0, 1, '2018-10-16 13:27:09', '2018-10-16 13:27:09', 1, 1),
(2286, 2285, 0, 1, '2018-10-16 13:27:09', '2018-10-16 13:27:09', 1, 1),
(2287, 2286, 0, 1, '2018-10-16 13:27:09', '2018-10-16 13:27:09', 1, 1),
(2288, 2287, 0, 1, '2018-10-16 13:27:09', '2018-10-16 13:27:09', 1, 1),
(2289, 2288, 0, 1, '2018-10-16 13:27:09', '2018-10-16 13:27:09', 1, 1),
(2290, 2289, 0, 1, '2018-10-16 13:27:09', '2018-10-16 13:27:09', 1, 1),
(2291, 2290, 0, 1, '2018-10-16 13:27:09', '2018-10-16 13:27:09', 1, 1),
(2292, 2291, 0, 1, '2018-10-16 13:27:09', '2018-10-16 13:27:09', 1, 1),
(2293, 2292, 0, 1, '2018-10-16 13:27:09', '2018-10-16 13:27:09', 1, 1),
(2294, 2293, 0, 1, '2018-10-16 13:27:09', '2018-10-16 13:27:09', 1, 1),
(2295, 2294, 0, 1, '2018-10-16 13:27:09', '2018-10-16 13:27:09', 1, 1),
(2296, 2295, 0, 1, '2018-10-16 13:27:09', '2018-10-16 13:27:09', 1, 1),
(2297, 2296, 0, 1, '2018-10-16 13:27:09', '2018-10-16 13:27:09', 1, 1),
(2298, 2297, 0, 1, '2018-10-16 13:27:09', '2018-10-16 13:27:09', 1, 1),
(2299, 2298, 0, 1, '2018-10-16 13:27:09', '2018-10-16 13:27:09', 1, 1),
(2300, 2299, 0, 1, '2018-10-16 13:27:09', '2018-10-16 13:27:09', 1, 1),
(2301, 2300, 0, 1, '2018-10-16 13:27:09', '2018-10-16 13:27:09', 1, 1),
(2302, 2301, 0, 1, '2018-10-16 13:27:09', '2018-10-16 13:27:09', 1, 1),
(2303, 2302, 0, 1, '2018-10-16 13:27:09', '2018-10-16 13:27:09', 1, 1),
(2304, 2303, 0, 1, '2018-10-16 13:27:09', '2018-10-16 13:27:09', 1, 1),
(2305, 2304, 0, 1, '2018-10-16 13:27:09', '2018-10-16 13:27:09', 1, 1),
(2306, 2305, 0, 1, '2018-10-16 13:27:09', '2018-10-16 13:27:09', 1, 1),
(2307, 2306, 0, 1, '2018-10-16 13:27:09', '2018-10-16 13:27:09', 1, 1),
(2308, 2307, 0, 1, '2018-10-16 13:27:10', '2018-10-16 13:27:10', 1, 1),
(2309, 2308, 0, 1, '2018-10-16 13:27:10', '2018-10-16 13:27:10', 1, 1),
(2310, 2309, 0, 1, '2018-10-16 13:27:10', '2018-10-16 13:27:10', 1, 1),
(2311, 2310, 0, 1, '2018-10-16 13:27:10', '2018-10-16 13:27:10', 1, 1),
(2312, 2311, 0, 1, '2018-10-16 13:27:10', '2018-10-16 13:27:10', 1, 1),
(2313, 2312, 0, 1, '2018-10-16 13:27:10', '2018-10-16 13:27:10', 1, 1),
(2314, 2313, 0, 1, '2018-10-16 13:27:10', '2018-10-16 13:27:10', 1, 1),
(2315, 2314, 0, 1, '2018-10-16 13:27:10', '2018-10-16 13:27:10', 1, 1),
(2316, 2315, 0, 1, '2018-10-16 13:27:10', '2018-10-16 13:27:10', 1, 1),
(2317, 2316, 0, 1, '2018-10-16 13:27:10', '2018-10-16 13:27:10', 1, 1),
(2318, 2317, 0, 1, '2018-10-16 13:27:10', '2018-10-16 13:27:10', 1, 1),
(2319, 2318, 0, 1, '2018-10-16 13:27:10', '2018-10-16 13:27:10', 1, 1),
(2320, 2319, 0, 1, '2018-10-16 13:27:10', '2018-10-16 13:27:10', 1, 1),
(2321, 2320, 0, 1, '2018-10-16 13:27:10', '2018-10-16 13:27:10', 1, 1),
(2322, 2321, 0, 1, '2018-10-16 13:27:10', '2018-10-16 13:27:10', 1, 1),
(2323, 2322, 0, 1, '2018-10-16 13:27:10', '2018-10-16 13:27:10', 1, 1),
(2324, 2323, 0, 1, '2018-10-16 13:27:10', '2018-10-16 13:27:10', 1, 1),
(2325, 2324, 0, 1, '2018-10-16 13:27:11', '2018-10-16 13:27:11', 1, 1),
(2326, 2325, 0, 1, '2018-10-16 13:27:11', '2018-10-16 13:27:11', 1, 1),
(2327, 2326, 0, 1, '2018-10-16 13:27:11', '2018-10-16 13:27:11', 1, 1),
(2328, 2327, 0, 1, '2018-10-16 13:27:11', '2018-10-16 13:27:11', 1, 1),
(2329, 2328, 0, 1, '2018-10-16 13:27:11', '2018-10-16 13:27:11', 1, 1),
(2330, 2329, 0, 1, '2018-10-16 13:27:11', '2018-10-16 13:27:11', 1, 1),
(2331, 2330, 0, 1, '2018-10-16 13:27:11', '2018-10-16 13:27:11', 1, 1),
(2332, 2331, 0, 1, '2018-10-16 13:27:11', '2018-10-16 13:27:11', 1, 1),
(2333, 2332, 0, 1, '2018-10-16 13:27:11', '2018-10-16 13:27:11', 1, 1),
(2334, 2333, 0, 1, '2018-10-16 13:27:11', '2018-10-16 13:27:11', 1, 1),
(2335, 2334, 0, 1, '2018-10-16 13:27:11', '2018-10-16 13:27:11', 1, 1),
(2336, 2335, 0, 1, '2018-10-16 13:27:11', '2018-10-16 13:27:11', 1, 1),
(2337, 2336, 0, 1, '2018-10-16 13:27:11', '2018-10-16 13:27:11', 1, 1),
(2338, 2337, 0, 1, '2018-10-16 13:27:11', '2018-10-16 13:27:11', 1, 1),
(2339, 2338, 0, 1, '2018-10-16 13:27:11', '2018-10-16 13:27:11', 1, 1),
(2340, 2339, 0, 1, '2018-10-16 13:27:11', '2018-10-16 13:27:11', 1, 1),
(2341, 2340, 0, 1, '2018-10-16 13:27:11', '2018-10-16 13:27:11', 1, 1),
(2342, 2341, 0, 1, '2018-10-16 13:27:11', '2018-10-16 13:27:11', 1, 1),
(2343, 2342, 0, 1, '2018-10-16 13:27:11', '2018-10-16 13:27:11', 1, 1),
(2344, 2343, 0, 1, '2018-10-16 13:27:12', '2018-10-16 13:27:12', 1, 1),
(2345, 2344, 0, 1, '2018-10-16 13:27:12', '2018-10-16 13:27:12', 1, 1),
(2346, 2345, 0, 1, '2018-10-16 13:27:12', '2018-10-16 13:27:12', 1, 1),
(2347, 2346, 0, 1, '2018-10-16 13:27:12', '2018-10-16 13:27:12', 1, 1),
(2348, 2347, 0, 1, '2018-10-16 13:27:12', '2018-10-16 13:27:12', 1, 1),
(2349, 2348, 0, 1, '2018-10-16 13:27:12', '2018-10-16 13:27:12', 1, 1),
(2350, 2349, 0, 1, '2018-10-16 13:27:12', '2018-10-16 13:27:12', 1, 1),
(2351, 2350, 0, 1, '2018-10-16 13:27:12', '2018-10-16 13:27:12', 1, 1),
(2352, 2351, 0, 1, '2018-10-16 13:27:12', '2018-10-16 13:27:12', 1, 1),
(2353, 2352, 0, 1, '2018-10-16 13:27:12', '2018-10-16 13:27:12', 1, 1),
(2354, 2353, 0, 1, '2018-10-16 13:27:12', '2018-10-16 13:27:12', 1, 1),
(2355, 2354, 0, 1, '2018-10-16 13:27:12', '2018-10-16 13:27:12', 1, 1),
(2356, 2355, 0, 1, '2018-10-16 13:27:12', '2018-10-16 13:27:12', 1, 1),
(2357, 2356, 0, 1, '2018-10-16 13:27:12', '2018-10-16 13:27:12', 1, 1),
(2358, 2357, 0, 1, '2018-10-16 13:27:12', '2018-10-16 13:27:12', 1, 1),
(2359, 2358, 0, 1, '2018-10-16 13:27:12', '2018-10-16 13:27:12', 1, 1),
(2360, 2359, 0, 1, '2018-10-16 13:27:12', '2018-10-16 13:27:12', 1, 1),
(2361, 2360, 0, 1, '2018-10-16 13:27:12', '2018-10-16 13:27:12', 1, 1),
(2362, 2361, 0, 1, '2018-10-16 13:27:12', '2018-10-16 13:27:12', 1, 1),
(2363, 2362, 0, 1, '2018-10-16 13:27:12', '2018-10-16 13:27:12', 1, 1),
(2364, 2363, 0, 1, '2018-10-16 13:27:12', '2018-10-16 13:27:12', 1, 1),
(2365, 2364, 0, 1, '2018-10-16 13:27:12', '2018-10-16 13:27:12', 1, 1),
(2366, 2365, 0, 1, '2018-10-16 13:27:13', '2018-10-16 13:27:13', 1, 1),
(2367, 2366, 0, 1, '2018-10-16 13:27:13', '2018-10-16 13:27:13', 1, 1),
(2368, 2367, 0, 1, '2018-10-16 13:27:13', '2018-10-16 13:27:13', 1, 1),
(2369, 2368, 0, 1, '2018-10-16 13:27:13', '2018-10-16 13:27:13', 1, 1),
(2370, 2369, 0, 1, '2018-10-16 13:27:13', '2018-10-16 13:27:13', 1, 1),
(2371, 2370, 0, 1, '2018-10-16 13:27:13', '2018-10-16 13:27:13', 1, 1),
(2372, 2371, 0, 1, '2018-10-16 13:27:13', '2018-10-16 13:27:13', 1, 1),
(2373, 2372, 0, 1, '2018-10-16 13:27:13', '2018-10-16 13:27:13', 1, 1),
(2374, 2373, 0, 1, '2018-10-16 13:27:13', '2018-10-16 13:27:13', 1, 1),
(2375, 2374, 0, 1, '2018-10-16 13:27:13', '2018-10-16 13:27:13', 1, 1),
(2376, 2375, 0, 1, '2018-10-16 13:27:13', '2018-10-16 13:27:13', 1, 1),
(2377, 2376, 0, 1, '2018-10-16 13:27:13', '2018-10-16 13:27:13', 1, 1),
(2378, 2377, 0, 1, '2018-10-16 13:27:13', '2018-10-16 13:27:13', 1, 1),
(2379, 2378, 0, 1, '2018-10-16 13:27:13', '2018-10-16 13:27:13', 1, 1),
(2380, 2379, 0, 1, '2018-10-16 13:27:13', '2018-10-16 13:27:13', 1, 1),
(2381, 2380, 0, 1, '2018-10-16 13:27:13', '2018-10-16 13:27:13', 1, 1),
(2382, 2381, 0, 1, '2018-10-16 13:27:13', '2018-10-16 13:27:13', 1, 1),
(2383, 2382, 0, 1, '2018-10-16 13:27:13', '2018-10-16 13:27:13', 1, 1),
(2384, 2383, 0, 1, '2018-10-16 13:27:13', '2018-10-16 13:27:13', 1, 1),
(2385, 2384, 0, 1, '2018-10-16 13:27:13', '2018-10-16 13:27:13', 1, 1),
(2386, 2385, 0, 1, '2018-10-16 13:27:13', '2018-10-16 13:27:13', 1, 1),
(2387, 2386, 0, 1, '2018-10-16 13:27:13', '2018-10-16 13:27:13', 1, 1),
(2388, 2387, 0, 1, '2018-10-16 13:27:13', '2018-10-16 13:27:13', 1, 1),
(2389, 2388, 0, 1, '2018-10-16 13:27:14', '2018-10-16 13:27:14', 1, 1),
(2390, 2389, 0, 1, '2018-10-16 13:27:14', '2018-10-16 13:27:14', 1, 1),
(2391, 2390, 0, 1, '2018-10-16 13:27:14', '2018-10-16 13:27:14', 1, 1),
(2392, 2391, 0, 1, '2018-10-16 13:27:14', '2018-10-16 13:27:14', 1, 1),
(2393, 2392, 0, 1, '2018-10-16 13:27:14', '2018-10-16 13:27:14', 1, 1),
(2394, 2393, 0, 1, '2018-10-16 13:27:14', '2018-10-16 13:27:14', 1, 1),
(2395, 2394, 0, 1, '2018-10-16 13:27:14', '2018-10-16 13:27:14', 1, 1),
(2396, 2395, 0, 1, '2018-10-16 13:27:14', '2018-10-16 13:27:14', 1, 1),
(2397, 2396, 0, 1, '2018-10-16 13:27:14', '2018-10-16 13:27:14', 1, 1),
(2398, 2397, 0, 1, '2018-10-16 13:27:14', '2018-10-16 13:27:14', 1, 1),
(2399, 2398, 0, 1, '2018-10-16 13:27:14', '2018-10-16 13:27:14', 1, 1),
(2400, 2399, 0, 1, '2018-10-16 13:27:14', '2018-10-16 13:27:14', 1, 1),
(2401, 2400, 0, 1, '2018-10-16 13:27:14', '2018-10-16 13:27:14', 1, 1),
(2402, 2401, 0, 1, '2018-10-16 13:27:14', '2018-10-16 13:27:14', 1, 1),
(2403, 2402, 0, 1, '2018-10-16 13:27:14', '2018-10-16 13:27:14', 1, 1),
(2404, 2403, 0, 1, '2018-10-16 13:27:14', '2018-10-16 13:27:14', 1, 1),
(2405, 2404, 0, 1, '2018-10-16 13:27:14', '2018-10-16 13:27:14', 1, 1),
(2406, 2405, 0, 1, '2018-10-16 13:27:14', '2018-10-16 13:27:14', 1, 1),
(2407, 2406, 0, 1, '2018-10-16 13:27:14', '2018-10-16 13:27:14', 1, 1),
(2408, 2407, 0, 1, '2018-10-16 13:27:14', '2018-10-16 13:27:14', 1, 1),
(2409, 2408, 0, 1, '2018-10-16 13:27:14', '2018-10-16 13:27:14', 1, 1),
(2410, 2409, 0, 1, '2018-10-16 13:27:14', '2018-10-16 13:27:14', 1, 1),
(2411, 2410, 0, 1, '2018-10-16 13:27:14', '2018-10-16 13:27:14', 1, 1),
(2412, 2411, 0, 1, '2018-10-16 13:27:14', '2018-10-16 13:27:14', 1, 1),
(2413, 2412, 0, 1, '2018-10-16 13:27:14', '2018-10-16 13:27:14', 1, 1),
(2414, 2413, 0, 1, '2018-10-16 13:27:14', '2018-10-16 13:27:14', 1, 1),
(2415, 2414, 0, 1, '2018-10-16 13:27:14', '2018-10-16 13:27:14', 1, 1),
(2416, 2415, 0, 1, '2018-10-16 13:27:15', '2018-10-16 13:27:15', 1, 1),
(2417, 2416, 0, 1, '2018-10-16 13:27:15', '2018-10-16 13:27:15', 1, 1),
(2418, 2417, 0, 1, '2018-10-16 13:27:15', '2018-10-16 13:27:15', 1, 1),
(2419, 2418, 0, 1, '2018-10-16 13:27:15', '2018-10-16 13:27:15', 1, 1),
(2420, 2419, 0, 1, '2018-10-16 13:27:15', '2018-10-16 13:27:15', 1, 1),
(2421, 2420, 0, 1, '2018-10-16 13:27:15', '2018-10-16 13:27:15', 1, 1),
(2422, 2421, 0, 1, '2018-10-16 13:27:15', '2018-10-16 13:27:15', 1, 1),
(2423, 2422, 0, 1, '2018-10-16 13:27:15', '2018-10-16 13:27:15', 1, 1),
(2424, 2423, 0, 1, '2018-10-16 13:27:15', '2018-10-16 13:27:15', 1, 1),
(2425, 2424, 0, 1, '2018-10-16 13:27:15', '2018-10-16 13:27:15', 1, 1),
(2426, 2425, 0, 1, '2018-10-16 13:27:15', '2018-10-16 13:27:15', 1, 1),
(2428, 2427, 0, 1, '2018-10-16 13:27:15', '2018-10-16 13:27:15', 1, 1),
(2429, 2428, 0, 1, '2018-10-16 13:27:15', '2018-10-16 13:27:15', 1, 1),
(2430, 2429, 0, 1, '2018-10-16 13:27:15', '2018-10-16 13:27:15', 1, 1),
(2431, 2430, 0, 1, '2018-10-16 13:27:15', '2018-10-16 13:27:15', 1, 1),
(2432, 2431, 0, 1, '2018-10-16 13:27:15', '2018-10-16 13:27:15', 1, 1),
(2433, 2432, 0, 1, '2018-10-16 13:27:15', '2018-10-16 13:27:15', 1, 1),
(2434, 2433, 0, 1, '2018-10-16 13:27:15', '2018-10-16 13:27:15', 1, 1),
(2435, 2434, 0, 1, '2018-10-16 13:27:15', '2018-10-16 13:27:15', 1, 1),
(2436, 2435, 0, 1, '2018-10-16 13:27:15', '2018-10-16 13:27:15', 1, 1),
(2437, 2436, 0, 1, '2018-10-16 13:27:15', '2018-10-16 13:27:15', 1, 1),
(2438, 2437, 0, 1, '2018-10-16 13:27:15', '2018-10-16 13:27:15', 1, 1),
(2439, 2438, 0, 1, '2018-10-16 13:27:15', '2018-10-16 13:27:15', 1, 1),
(2440, 2439, 0, 1, '2018-10-16 13:27:16', '2018-10-16 13:27:16', 1, 1),
(2441, 2440, 0, 1, '2018-10-16 13:27:16', '2018-10-16 13:27:16', 1, 1),
(2442, 2441, 0, 1, '2018-10-16 13:27:16', '2018-10-16 13:27:16', 1, 1),
(2443, 2442, 0, 1, '2018-10-16 13:27:16', '2018-10-16 13:27:16', 1, 1),
(2444, 2443, 0, 1, '2018-10-16 13:27:16', '2018-10-16 13:27:16', 1, 1),
(2445, 2444, 0, 1, '2018-10-16 13:27:16', '2018-10-16 13:27:16', 1, 1),
(2446, 2445, 0, 1, '2018-10-16 13:27:16', '2018-10-16 13:27:16', 1, 1),
(2447, 2446, 0, 1, '2018-10-16 13:27:16', '2018-10-16 13:27:16', 1, 1),
(2448, 2447, 0, 1, '2018-10-16 13:27:16', '2018-10-16 13:27:16', 1, 1),
(2449, 2448, 0, 1, '2018-10-16 13:27:16', '2018-10-16 13:27:16', 1, 1),
(2450, 2449, 0, 1, '2018-10-16 13:27:16', '2018-10-16 13:27:16', 1, 1),
(2451, 2450, 0, 1, '2018-10-16 13:27:16', '2018-10-16 13:27:16', 1, 1),
(2452, 2451, 0, 1, '2018-10-16 13:27:16', '2018-10-16 13:27:16', 1, 1),
(2453, 2452, 0, 1, '2018-10-16 13:27:16', '2018-10-16 13:27:16', 1, 1),
(2454, 2453, 0, 1, '2018-10-16 13:27:16', '2018-10-16 13:27:16', 1, 1),
(2455, 2454, 0, 1, '2018-10-16 13:27:16', '2018-10-16 13:27:16', 1, 1),
(2456, 2455, 0, 1, '2018-10-16 13:27:16', '2018-10-16 13:27:16', 1, 1),
(2457, 2456, 0, 1, '2018-10-16 13:27:16', '2018-10-16 13:27:16', 1, 1),
(2458, 2457, 0, 1, '2018-10-16 13:27:16', '2018-10-16 13:27:16', 1, 1),
(2459, 2458, 0, 1, '2018-10-16 13:27:16', '2018-10-16 13:27:16', 1, 1),
(2460, 2459, 0, 1, '2018-10-16 13:27:16', '2018-10-16 13:27:16', 1, 1),
(2461, 2460, 0, 1, '2018-10-16 13:27:17', '2018-10-16 13:27:17', 1, 1),
(2462, 2461, 0, 1, '2018-10-16 13:27:17', '2018-10-16 13:27:17', 1, 1),
(2463, 2462, 0, 1, '2018-10-16 13:27:17', '2018-10-16 13:27:17', 1, 1),
(2464, 2463, 0, 1, '2018-10-16 13:27:17', '2018-10-16 13:27:17', 1, 1),
(2465, 2464, 0, 1, '2018-10-16 13:27:17', '2018-10-16 13:27:17', 1, 1),
(2466, 2465, 0, 1, '2018-10-16 13:27:17', '2018-10-16 13:27:17', 1, 1),
(2467, 2466, 0, 1, '2018-10-16 13:27:17', '2018-10-16 13:27:17', 1, 1),
(2468, 2467, 0, 1, '2018-10-16 13:27:17', '2018-10-16 13:27:17', 1, 1),
(2469, 2468, 0, 1, '2018-10-16 13:27:17', '2018-10-16 13:27:17', 1, 1),
(2470, 2469, 0, 1, '2018-10-16 13:27:17', '2018-10-16 13:27:17', 1, 1),
(2471, 2470, 0, 1, '2018-10-16 13:27:17', '2018-10-16 13:27:17', 1, 1),
(2472, 2471, 0, 1, '2018-10-16 13:27:17', '2018-10-16 13:27:17', 1, 1),
(2473, 2472, 0, 1, '2018-10-16 13:27:17', '2018-10-16 13:27:17', 1, 1),
(2474, 2473, 0, 1, '2018-10-16 13:27:17', '2018-10-16 13:27:17', 1, 1),
(2475, 2474, 0, 1, '2018-10-16 13:27:17', '2018-10-16 13:27:17', 1, 1),
(2476, 2475, 0, 1, '2018-10-16 13:27:17', '2018-10-16 13:27:17', 1, 1),
(2477, 2476, 0, 1, '2018-10-16 13:27:17', '2018-10-16 13:27:17', 1, 1),
(2478, 2477, 0, 1, '2018-10-16 13:27:17', '2018-10-16 13:27:17', 1, 1),
(2479, 2478, 0, 1, '2018-10-16 13:27:17', '2018-10-16 13:27:17', 1, 1),
(2480, 2479, 0, 1, '2018-10-16 13:27:17', '2018-10-16 13:27:17', 1, 1),
(2481, 2480, 0, 1, '2018-10-16 13:27:17', '2018-10-16 13:27:17', 1, 1),
(2482, 2481, 0, 1, '2018-10-16 13:27:17', '2018-10-16 13:27:17', 1, 1),
(2483, 2482, 0, 1, '2018-10-16 13:27:17', '2018-10-16 13:27:17', 1, 1),
(2484, 2483, 0, 1, '2018-10-16 13:27:17', '2018-10-16 13:27:17', 1, 1),
(2485, 2484, 0, 1, '2018-10-16 13:27:17', '2018-10-16 13:27:17', 1, 1),
(2486, 2485, 0, 1, '2018-10-16 13:27:18', '2018-10-16 13:27:18', 1, 1),
(2487, 2486, 0, 1, '2018-10-16 13:27:18', '2018-10-16 13:27:18', 1, 1),
(2488, 2487, 0, 1, '2018-10-16 13:27:18', '2018-10-16 13:27:18', 1, 1),
(2489, 2488, 0, 1, '2018-10-16 13:27:18', '2018-10-16 13:27:18', 1, 1),
(2490, 2489, 0, 1, '2018-10-16 13:27:18', '2018-10-16 13:27:18', 1, 1),
(2491, 2490, 0, 1, '2018-10-16 13:27:18', '2018-10-16 13:27:18', 1, 1),
(2492, 2491, 0, 1, '2018-10-16 13:27:18', '2018-10-16 13:27:18', 1, 1),
(2493, 2492, 0, 1, '2018-10-16 13:27:18', '2018-10-16 13:27:18', 1, 1),
(2494, 2493, 0, 1, '2018-10-16 13:27:18', '2018-10-16 13:27:18', 1, 1),
(2495, 2494, 0, 1, '2018-10-16 13:27:18', '2018-10-16 13:27:18', 1, 1),
(2496, 2495, 0, 1, '2018-10-16 13:27:18', '2018-10-16 13:27:18', 1, 1),
(2497, 2496, 0, 1, '2018-10-16 13:27:18', '2018-10-16 13:27:18', 1, 1),
(2498, 2497, 0, 1, '2018-10-16 13:27:18', '2018-10-16 13:27:18', 1, 1),
(2499, 2498, 0, 1, '2018-10-16 13:27:18', '2018-10-16 13:27:18', 1, 1),
(2500, 2499, 0, 1, '2018-10-16 13:27:18', '2018-10-16 13:27:18', 1, 1),
(2501, 2500, 0, 1, '2018-10-16 13:27:18', '2018-10-16 13:27:18', 1, 1),
(2502, 2501, 0, 1, '2018-10-16 13:27:18', '2018-10-16 13:27:18', 1, 1),
(2503, 2502, 0, 1, '2018-10-16 13:27:18', '2018-10-16 13:27:18', 1, 1),
(2504, 2503, 0, 1, '2018-10-16 13:27:18', '2018-10-16 13:27:18', 1, 1),
(2505, 2504, 0, 1, '2018-10-16 13:27:18', '2018-10-16 13:27:18', 1, 1),
(2506, 2505, 0, 1, '2018-10-16 13:27:18', '2018-10-16 13:27:18', 1, 1),
(2507, 2506, 0, 1, '2018-10-16 13:27:18', '2018-10-16 13:27:18', 1, 1),
(2508, 2507, 0, 1, '2018-10-16 13:27:18', '2018-10-16 13:27:18', 1, 1),
(2509, 2508, 0, 1, '2018-10-16 13:27:18', '2018-10-16 13:27:18', 1, 1),
(2510, 2509, 0, 1, '2018-10-16 13:27:19', '2018-10-16 13:27:19', 1, 1),
(2511, 2510, 0, 1, '2018-10-16 13:27:19', '2018-10-16 13:27:19', 1, 1),
(2512, 2511, 0, 1, '2018-10-16 13:27:19', '2018-10-16 13:27:19', 1, 1),
(2513, 2512, 0, 1, '2018-10-16 13:27:19', '2018-10-16 13:27:19', 1, 1),
(2514, 2513, 0, 1, '2018-10-16 13:27:19', '2018-10-16 13:27:19', 1, 1),
(2515, 2514, 0, 1, '2018-10-16 13:27:19', '2018-10-16 13:27:19', 1, 1),
(2516, 2515, 0, 1, '2018-10-16 13:27:19', '2018-10-16 13:27:19', 1, 1),
(2517, 2516, 0, 1, '2018-10-16 13:27:19', '2018-10-16 13:27:19', 1, 1),
(2518, 2517, 0, 1, '2018-10-16 13:27:19', '2018-10-16 13:27:19', 1, 1),
(2519, 2518, 0, 1, '2018-10-16 13:27:19', '2018-10-16 13:27:19', 1, 1),
(2520, 2519, 0, 1, '2018-10-16 13:27:19', '2018-10-16 13:27:19', 1, 1),
(2521, 2520, 0, 1, '2018-10-16 13:27:19', '2018-10-16 13:27:19', 1, 1),
(2522, 2521, 0, 1, '2018-10-16 13:27:19', '2018-10-16 13:27:19', 1, 1),
(2523, 2522, 0, 1, '2018-10-16 13:27:19', '2018-10-16 13:27:19', 1, 1),
(2524, 2523, 0, 1, '2018-10-16 13:27:19', '2018-10-16 13:27:19', 1, 1),
(2525, 2524, 0, 1, '2018-10-16 13:27:19', '2018-10-16 13:27:19', 1, 1),
(2526, 2525, 0, 1, '2018-10-16 13:27:19', '2018-10-16 13:27:19', 1, 1),
(2527, 2526, 0, 1, '2018-10-16 13:27:19', '2018-10-16 13:27:19', 1, 1),
(2528, 2527, 0, 1, '2018-10-16 13:27:20', '2018-10-16 13:27:20', 1, 1),
(2529, 2528, 0, 1, '2018-10-16 13:27:20', '2018-10-16 13:27:20', 1, 1),
(2530, 2529, 0, 1, '2018-10-16 13:27:20', '2018-10-16 13:27:20', 1, 1),
(2531, 2530, 0, 1, '2018-10-16 13:27:20', '2018-10-16 13:27:20', 1, 1),
(2532, 2531, 0, 1, '2018-10-16 13:27:20', '2018-10-16 13:27:20', 1, 1),
(2533, 2532, 0, 1, '2018-10-16 13:27:20', '2018-10-16 13:27:20', 1, 1),
(2534, 2533, 0, 1, '2018-10-16 13:27:20', '2018-10-16 13:27:20', 1, 1),
(2535, 2534, 0, 1, '2018-10-16 13:27:20', '2018-10-16 13:27:20', 1, 1),
(2536, 2535, 0, 1, '2018-10-16 13:27:20', '2018-10-16 13:27:20', 1, 1),
(2537, 2536, 0, 1, '2018-10-16 13:27:20', '2018-10-16 13:27:20', 1, 1),
(2538, 2537, 0, 1, '2018-10-16 13:27:21', '2018-10-16 13:27:21', 1, 1),
(2539, 2538, 0, 1, '2018-10-16 13:27:21', '2018-10-16 13:27:21', 1, 1),
(2540, 2539, 0, 1, '2018-10-16 13:27:21', '2018-10-16 13:27:21', 1, 1),
(2541, 2540, 0, 1, '2018-10-16 13:27:21', '2018-10-16 13:27:21', 1, 1),
(2542, 2541, 0, 1, '2018-10-16 13:27:21', '2018-10-16 13:27:21', 1, 1),
(2543, 2542, 0, 1, '2018-10-16 13:27:21', '2018-10-16 13:27:21', 1, 1),
(2544, 2543, 0, 1, '2018-10-16 13:27:21', '2018-10-16 13:27:21', 1, 1),
(2545, 2544, 0, 1, '2018-10-16 13:27:21', '2018-10-16 13:27:21', 1, 1),
(2546, 2545, 0, 1, '2018-10-16 13:27:21', '2018-10-16 13:27:21', 1, 1),
(2547, 2546, 0, 1, '2018-10-16 13:27:21', '2018-10-16 13:27:21', 1, 1),
(2548, 2547, 0, 1, '2018-10-16 13:27:21', '2018-10-16 13:27:21', 1, 1),
(2549, 2548, 0, 1, '2018-10-16 13:27:21', '2018-10-16 13:27:21', 1, 1),
(2550, 2549, 0, 1, '2018-10-16 13:27:21', '2018-10-16 13:27:21', 1, 1),
(2551, 2550, 0, 1, '2018-10-16 13:27:21', '2018-10-16 13:27:21', 1, 1),
(2552, 2551, 0, 1, '2018-10-16 13:27:21', '2018-10-16 13:27:21', 1, 1),
(2553, 2552, 0, 1, '2018-10-16 13:27:21', '2018-10-16 13:27:21', 1, 1),
(2554, 2553, 0, 1, '2018-10-16 13:27:21', '2018-10-16 13:27:21', 1, 1),
(2555, 2554, 0, 1, '2018-10-16 13:27:21', '2018-10-16 13:27:21', 1, 1),
(2556, 2555, 0, 1, '2018-10-16 13:27:21', '2018-10-16 13:27:21', 1, 1),
(2557, 2556, 0, 1, '2018-10-16 13:27:21', '2018-10-16 13:27:21', 1, 1),
(2558, 2557, 0, 1, '2018-10-16 13:27:21', '2018-10-16 13:27:21', 1, 1),
(2559, 2558, 0, 1, '2018-10-16 13:27:21', '2018-10-16 13:27:21', 1, 1),
(2560, 2559, 0, 1, '2018-10-16 13:27:21', '2018-10-16 13:27:21', 1, 1),
(2561, 2560, 0, 1, '2018-10-16 13:27:21', '2018-10-16 13:27:21', 1, 1),
(2562, 2561, 0, 1, '2018-10-16 13:27:21', '2018-10-16 13:27:21', 1, 1),
(2563, 2562, 0, 1, '2018-10-16 13:27:22', '2018-10-16 13:27:22', 1, 1),
(2564, 2563, 0, 1, '2018-10-16 13:27:22', '2018-10-16 13:27:22', 1, 1),
(2565, 2564, 0, 1, '2018-10-16 13:27:22', '2018-10-16 13:27:22', 1, 1),
(2566, 2565, 0, 1, '2018-10-16 13:27:22', '2018-10-16 13:27:22', 1, 1),
(2567, 2566, 0, 1, '2018-10-16 13:27:22', '2018-10-16 13:27:22', 1, 1),
(2568, 2567, 0, 1, '2018-10-16 13:27:22', '2018-10-16 13:27:22', 1, 1),
(2569, 2568, 0, 1, '2018-10-16 13:27:22', '2018-10-16 13:27:22', 1, 1),
(2570, 2569, 0, 1, '2018-10-16 13:27:22', '2018-10-16 13:27:22', 1, 1),
(2571, 2570, 0, 1, '2018-10-16 13:27:22', '2018-10-16 13:27:22', 1, 1),
(2572, 2571, 0, 1, '2018-10-16 13:27:22', '2018-10-16 13:27:22', 1, 1),
(2573, 2572, 0, 1, '2018-10-16 13:27:22', '2018-10-16 13:27:22', 1, 1),
(2574, 2573, 0, 1, '2018-10-16 13:27:22', '2018-10-16 13:27:22', 1, 1),
(2575, 2574, 0, 1, '2018-10-16 13:27:22', '2018-10-16 13:27:22', 1, 1),
(2576, 2575, 0, 1, '2018-10-16 13:27:22', '2018-10-16 13:27:22', 1, 1),
(2577, 2576, 0, 1, '2018-10-16 13:27:22', '2018-10-16 13:27:22', 1, 1),
(2578, 2577, 0, 1, '2018-10-16 13:27:22', '2018-10-16 13:27:22', 1, 1),
(2579, 2578, 0, 1, '2018-10-16 13:27:22', '2018-10-16 13:27:22', 1, 1),
(2580, 2579, 0, 1, '2018-10-16 13:27:22', '2018-10-16 13:27:22', 1, 1),
(2581, 2580, 0, 1, '2018-10-16 13:27:23', '2018-10-16 13:27:23', 1, 1),
(2582, 2581, 0, 1, '2018-10-16 13:27:23', '2018-10-16 13:27:23', 1, 1),
(2583, 2582, 0, 1, '2018-10-16 13:27:23', '2018-10-16 13:27:23', 1, 1),
(2584, 2583, 0, 1, '2018-10-16 13:27:23', '2018-10-16 13:27:23', 1, 1),
(2585, 2584, 0, 1, '2018-10-16 13:27:23', '2018-10-16 13:27:23', 1, 1),
(2586, 2585, 0, 1, '2018-10-16 13:27:23', '2018-10-16 13:27:23', 1, 1),
(2587, 2586, 0, 1, '2018-10-16 13:27:23', '2018-10-16 13:27:23', 1, 1),
(2588, 2587, 0, 1, '2018-10-16 13:27:23', '2018-10-16 13:27:23', 1, 1),
(2589, 2588, 0, 1, '2018-10-16 13:27:23', '2018-10-16 13:27:23', 1, 1),
(2590, 2589, 0, 1, '2018-10-16 13:27:23', '2018-10-16 13:27:23', 1, 1),
(2591, 2590, 0, 1, '2018-10-16 13:27:23', '2018-10-16 13:27:23', 1, 1),
(2592, 2591, 0, 1, '2018-10-16 13:27:23', '2018-10-16 13:27:23', 1, 1),
(2593, 2592, 0, 1, '2018-10-16 13:27:23', '2018-10-16 13:27:23', 1, 1),
(2594, 2593, 0, 1, '2018-10-16 13:27:23', '2018-10-16 13:27:23', 1, 1),
(2595, 2594, 0, 1, '2018-10-16 13:27:23', '2018-10-16 13:27:23', 1, 1),
(2596, 2595, 0, 1, '2018-10-16 13:27:23', '2018-10-16 13:27:23', 1, 1),
(2597, 2596, 0, 1, '2018-10-16 13:27:23', '2018-10-16 13:27:23', 1, 1),
(2598, 2597, 0, 1, '2018-10-16 13:27:23', '2018-10-16 13:27:23', 1, 1),
(2599, 2598, 0, 1, '2018-10-16 13:27:23', '2018-10-16 13:27:23', 1, 1),
(2600, 2599, 0, 1, '2018-10-16 13:27:23', '2018-10-16 13:27:23', 1, 1),
(2601, 2600, 0, 1, '2018-10-16 13:27:23', '2018-10-16 13:27:23', 1, 1),
(2602, 2601, 0, 1, '2018-10-16 13:27:23', '2018-10-16 13:27:23', 1, 1),
(2603, 2602, 0, 1, '2018-10-16 13:27:23', '2018-10-16 13:27:23', 1, 1),
(2604, 2603, 0, 1, '2018-10-16 13:27:23', '2018-10-16 13:27:23', 1, 1),
(2605, 2604, 0, 1, '2018-10-16 13:27:23', '2018-10-16 13:27:23', 1, 1),
(2606, 2605, 0, 1, '2018-10-16 13:27:24', '2018-10-16 13:27:24', 1, 1),
(2607, 2606, 0, 1, '2018-10-16 13:27:24', '2018-10-16 13:27:24', 1, 1),
(2608, 2607, 0, 1, '2018-10-16 13:27:24', '2018-10-16 13:27:24', 1, 1),
(2609, 2608, 0, 1, '2018-10-16 13:27:24', '2018-10-16 13:27:24', 1, 1),
(2610, 2609, 0, 1, '2018-10-16 13:27:24', '2018-10-16 13:27:24', 1, 1),
(2611, 2610, 0, 1, '2018-10-16 13:27:24', '2018-10-16 13:27:24', 1, 1),
(2612, 2611, 0, 1, '2018-10-16 13:27:24', '2018-10-16 13:27:24', 1, 1),
(2613, 2612, 0, 1, '2018-10-16 13:27:24', '2018-10-16 13:27:24', 1, 1),
(2614, 2613, 0, 1, '2018-10-16 13:27:24', '2018-10-16 13:27:24', 1, 1),
(2615, 2614, 0, 1, '2018-10-16 13:27:24', '2018-10-16 13:27:24', 1, 1),
(2616, 2615, 0, 1, '2018-10-16 13:27:24', '2018-10-16 13:27:24', 1, 1),
(2617, 2616, 0, 1, '2018-10-16 13:27:24', '2018-10-16 13:27:24', 1, 1),
(2618, 2617, 0, 1, '2018-10-16 13:27:24', '2018-10-16 13:27:24', 1, 1),
(2619, 2618, 0, 1, '2018-10-16 13:27:24', '2018-10-16 13:27:24', 1, 1),
(2620, 2619, 0, 1, '2018-10-16 13:27:24', '2018-10-16 13:27:24', 1, 1),
(2621, 2620, 0, 1, '2018-10-16 13:27:24', '2018-10-16 13:27:24', 1, 1),
(2622, 2621, 0, 1, '2018-10-16 13:27:25', '2018-10-16 13:27:25', 1, 1),
(2623, 2622, 0, 1, '2018-10-16 13:27:25', '2018-10-16 13:27:25', 1, 1),
(2624, 2623, 0, 1, '2018-10-16 13:27:25', '2018-10-16 13:27:25', 1, 1),
(2625, 2624, 0, 1, '2018-10-16 13:27:25', '2018-10-16 13:27:25', 1, 1),
(2626, 2625, 0, 1, '2018-10-16 13:27:25', '2018-10-16 13:27:25', 1, 1),
(2627, 2626, 0, 1, '2018-10-16 13:27:25', '2018-10-16 13:27:25', 1, 1),
(2628, 2627, 0, 1, '2018-10-16 13:27:25', '2018-10-16 13:27:25', 1, 1),
(2629, 2628, 0, 1, '2018-10-16 13:27:25', '2018-10-16 13:27:25', 1, 1),
(2630, 2629, 0, 1, '2018-10-16 13:27:25', '2018-10-16 13:27:25', 1, 1),
(2631, 2630, 0, 1, '2018-10-16 13:27:25', '2018-10-16 13:27:25', 1, 1),
(2632, 2631, 0, 1, '2018-10-16 13:27:25', '2018-10-16 13:27:25', 1, 1),
(2633, 2632, 0, 1, '2018-10-16 13:27:25', '2018-10-16 13:27:25', 1, 1),
(2634, 2633, 0, 1, '2018-10-16 13:27:25', '2018-10-16 13:27:25', 1, 1),
(2635, 2634, 0, 1, '2018-10-16 13:27:25', '2018-10-16 13:27:25', 1, 1),
(2636, 2635, 0, 1, '2018-10-16 13:27:25', '2018-10-16 13:27:25', 1, 1),
(2637, 2636, 0, 1, '2018-10-16 13:27:25', '2018-10-16 13:27:25', 1, 1),
(2638, 2637, 0, 1, '2018-10-16 13:27:25', '2018-10-16 13:27:25', 1, 1),
(2639, 2638, 0, 1, '2018-10-16 13:27:25', '2018-10-16 13:27:25', 1, 1),
(2640, 2639, 0, 1, '2018-10-16 13:27:25', '2018-10-16 13:27:25', 1, 1),
(2641, 2640, 0, 1, '2018-10-16 13:27:25', '2018-10-16 13:27:25', 1, 1),
(2642, 2641, 0, 1, '2018-10-16 13:27:25', '2018-10-16 13:27:25', 1, 1),
(2643, 2642, 0, 1, '2018-10-16 13:27:25', '2018-10-16 13:27:25', 1, 1),
(2644, 2643, 0, 1, '2018-10-16 13:27:25', '2018-10-16 13:27:25', 1, 1),
(2645, 2644, 0, 1, '2018-10-16 13:27:26', '2018-10-16 13:27:26', 1, 1),
(2646, 2645, 0, 1, '2018-10-16 13:27:26', '2018-10-16 13:27:26', 1, 1),
(2647, 2646, 0, 1, '2018-10-16 13:27:26', '2018-10-16 13:27:26', 1, 1),
(2648, 2647, 0, 1, '2018-10-16 13:27:26', '2018-10-16 13:27:26', 1, 1),
(2649, 2648, 0, 1, '2018-10-16 13:27:26', '2018-10-16 13:27:26', 1, 1),
(2650, 2649, 0, 1, '2018-10-16 13:27:26', '2018-10-16 13:27:26', 1, 1),
(2651, 2650, 0, 1, '2018-10-16 13:27:26', '2018-10-16 13:27:26', 1, 1),
(2652, 2651, 0, 1, '2018-10-16 13:27:26', '2018-10-16 13:27:26', 1, 1),
(2653, 2652, 0, 1, '2018-10-16 13:27:26', '2018-10-16 13:27:26', 1, 1),
(2654, 2653, 0, 1, '2018-10-16 13:27:26', '2018-10-16 13:27:26', 1, 1),
(2655, 2654, 0, 1, '2018-10-16 13:27:26', '2018-10-16 13:27:26', 1, 1),
(2656, 2655, 0, 1, '2018-10-16 13:27:26', '2018-10-16 13:27:26', 1, 1),
(2657, 2656, 0, 1, '2018-10-16 13:27:26', '2018-10-16 13:27:26', 1, 1),
(2658, 2657, 0, 1, '2018-10-16 13:27:26', '2018-10-16 13:27:26', 1, 1),
(2659, 2658, 0, 1, '2018-10-16 13:27:26', '2018-10-16 13:27:26', 1, 1),
(2660, 2659, 0, 1, '2018-10-16 13:27:26', '2018-10-16 13:27:26', 1, 1),
(2661, 2660, 0, 1, '2018-10-16 13:27:26', '2018-10-16 13:27:26', 1, 1),
(2662, 2661, 0, 1, '2018-10-16 13:27:26', '2018-10-16 13:27:26', 1, 1),
(2663, 2662, 0, 1, '2018-10-16 13:27:26', '2018-10-16 13:27:26', 1, 1),
(2664, 2663, 0, 1, '2018-10-16 13:27:26', '2018-10-16 13:27:26', 1, 1),
(2665, 2664, 0, 1, '2018-10-16 13:27:26', '2018-10-16 13:27:26', 1, 1),
(2666, 2665, 0, 1, '2018-10-16 13:27:26', '2018-10-16 13:27:26', 1, 1),
(2667, 2666, 0, 1, '2018-10-16 13:27:27', '2018-10-16 13:27:27', 1, 1),
(2668, 2667, 0, 1, '2018-10-16 13:27:27', '2018-10-16 13:27:27', 1, 1),
(2669, 2668, 0, 1, '2018-10-16 13:27:27', '2018-10-16 13:27:27', 1, 1),
(2670, 2669, 0, 1, '2018-10-16 13:27:27', '2018-10-16 13:27:27', 1, 1),
(2671, 2670, 0, 1, '2018-10-16 13:27:27', '2018-10-16 13:27:27', 1, 1),
(2672, 2671, 0, 1, '2018-10-16 13:27:27', '2018-10-16 13:27:27', 1, 1),
(2673, 2672, 0, 1, '2018-10-16 13:27:27', '2018-10-16 13:27:27', 1, 1),
(2674, 2673, 0, 1, '2018-10-16 13:27:27', '2018-10-16 13:27:27', 1, 1),
(2675, 2674, 0, 1, '2018-10-16 13:27:27', '2018-10-16 13:27:27', 1, 1),
(2676, 2675, 0, 1, '2018-10-16 13:27:27', '2018-10-16 13:27:27', 1, 1),
(2677, 2676, 0, 1, '2018-10-16 13:27:27', '2018-10-16 13:27:27', 1, 1),
(2678, 2677, 0, 1, '2018-10-16 13:27:27', '2018-10-16 13:27:27', 1, 1),
(2679, 2678, 0, 1, '2018-10-16 13:27:27', '2018-10-16 13:27:27', 1, 1),
(2680, 2679, 0, 1, '2018-10-16 13:27:27', '2018-10-16 13:27:27', 1, 1),
(2681, 2680, 0, 1, '2018-10-16 13:27:27', '2018-10-16 13:27:27', 1, 1),
(2682, 2681, 0, 1, '2018-10-16 13:27:27', '2018-10-16 13:27:27', 1, 1),
(2683, 2682, 0, 1, '2018-10-16 13:27:27', '2018-10-16 13:27:27', 1, 1),
(2684, 2683, 0, 1, '2018-10-16 13:27:27', '2018-10-16 13:27:27', 1, 1),
(2685, 2684, 0, 1, '2018-10-16 13:27:27', '2018-10-16 13:27:27', 1, 1),
(2686, 2685, 0, 1, '2018-10-16 13:27:27', '2018-10-16 13:27:27', 1, 1),
(2687, 2686, 0, 1, '2018-10-16 13:27:27', '2018-10-16 13:27:27', 1, 1),
(2688, 2687, 0, 1, '2018-10-16 13:27:27', '2018-10-16 13:27:27', 1, 1),
(2689, 2688, 0, 1, '2018-10-16 13:27:27', '2018-10-16 13:27:27', 1, 1),
(2690, 2689, 0, 1, '2018-10-16 13:27:27', '2018-10-16 13:27:27', 1, 1),
(2691, 2690, 0, 1, '2018-10-16 13:27:28', '2018-10-16 13:27:28', 1, 1),
(2692, 2691, 0, 1, '2018-10-16 13:27:28', '2018-10-16 13:27:28', 1, 1),
(2693, 2692, 0, 1, '2018-10-16 13:27:28', '2018-10-16 13:27:28', 1, 1),
(2694, 2693, 0, 1, '2018-10-16 13:27:28', '2018-10-16 13:27:28', 1, 1),
(2695, 2694, 0, 1, '2018-10-16 13:27:28', '2018-10-16 13:27:28', 1, 1),
(2696, 2695, 0, 1, '2018-10-16 13:27:28', '2018-10-16 13:27:28', 1, 1),
(2697, 2696, 0, 1, '2018-10-16 13:27:28', '2018-10-16 13:27:28', 1, 1),
(2698, 2697, 0, 1, '2018-10-16 13:27:28', '2018-10-16 13:27:28', 1, 1),
(2699, 2698, 0, 1, '2018-10-16 13:27:28', '2018-10-16 13:27:28', 1, 1),
(2700, 2699, 0, 1, '2018-10-16 13:27:28', '2018-10-16 13:27:28', 1, 1),
(2701, 2700, 0, 1, '2018-10-16 13:27:28', '2018-10-16 13:27:28', 1, 1),
(2702, 2701, 0, 1, '2018-10-16 13:27:28', '2018-10-16 13:27:28', 1, 1),
(2703, 2702, 0, 1, '2018-10-16 13:27:28', '2018-10-16 13:27:28', 1, 1),
(2704, 2703, 0, 1, '2018-10-16 13:27:28', '2018-10-16 13:27:28', 1, 1),
(2705, 2704, 0, 1, '2018-10-16 13:27:28', '2018-10-16 13:27:28', 1, 1),
(2706, 2705, 0, 1, '2018-10-16 13:27:28', '2018-10-16 13:27:28', 1, 1),
(2707, 2706, 0, 1, '2018-10-16 13:27:28', '2018-10-16 13:27:28', 1, 1),
(2708, 2707, 0, 1, '2018-10-16 13:27:28', '2018-10-16 13:27:28', 1, 1),
(2709, 2708, 0, 1, '2018-10-16 13:27:28', '2018-10-16 13:27:28', 1, 1),
(2710, 2709, 0, 1, '2018-10-16 13:27:28', '2018-10-16 13:27:28', 1, 1),
(2711, 2710, 0, 1, '2018-10-16 13:27:28', '2018-10-16 13:27:28', 1, 1),
(2712, 2711, 0, 1, '2018-10-16 13:27:29', '2018-10-16 13:27:29', 1, 1),
(2713, 2712, 0, 1, '2018-10-16 13:27:29', '2018-10-16 13:27:29', 1, 1),
(2714, 2713, 0, 1, '2018-10-16 13:27:29', '2018-10-16 13:27:29', 1, 1),
(2715, 2714, 0, 1, '2018-10-16 13:27:29', '2018-10-16 13:27:29', 1, 1),
(2716, 2715, 0, 1, '2018-10-16 13:27:29', '2018-10-16 13:27:29', 1, 1),
(2717, 2716, 0, 1, '2018-10-16 13:27:29', '2018-10-16 13:27:29', 1, 1),
(2718, 2717, 0, 1, '2018-10-16 13:27:29', '2018-10-16 13:27:29', 1, 1),
(2719, 2718, 0, 1, '2018-10-16 13:27:29', '2018-10-16 13:27:29', 1, 1),
(2720, 2719, 0, 1, '2018-10-16 13:27:29', '2018-10-16 13:27:29', 1, 1),
(2721, 2720, 0, 1, '2018-10-16 13:27:29', '2018-10-16 13:27:29', 1, 1),
(2722, 2721, 0, 1, '2018-10-16 13:27:29', '2018-10-16 13:27:29', 1, 1),
(2723, 2722, 0, 1, '2018-10-16 13:27:29', '2018-10-16 13:27:29', 1, 1),
(2724, 2723, 0, 1, '2018-10-16 13:27:29', '2018-10-16 13:27:29', 1, 1),
(2725, 2724, 0, 1, '2018-10-16 13:27:29', '2018-10-16 13:27:29', 1, 1),
(2726, 2725, 0, 1, '2018-10-16 13:27:29', '2018-10-16 13:27:29', 1, 1),
(2727, 2726, 0, 1, '2018-10-16 13:27:29', '2018-10-16 13:27:29', 1, 1),
(2728, 2727, 0, 1, '2018-10-16 13:27:30', '2018-10-16 13:27:30', 1, 1),
(2729, 2728, 0, 1, '2018-10-16 13:27:30', '2018-10-16 13:27:30', 1, 1),
(2730, 2729, 0, 1, '2018-10-16 13:27:30', '2018-10-16 13:27:30', 1, 1),
(2731, 2730, 0, 1, '2018-10-16 13:27:30', '2018-10-16 13:27:30', 1, 1),
(2732, 2731, 0, 1, '2018-10-16 13:27:30', '2018-10-16 13:27:30', 1, 1),
(2733, 2732, 0, 1, '2018-10-16 13:27:30', '2018-10-16 13:27:30', 1, 1),
(2734, 2733, 0, 1, '2018-10-16 13:27:31', '2018-10-16 13:27:31', 1, 1),
(2735, 2734, 0, 1, '2018-10-16 13:27:31', '2018-10-16 13:27:31', 1, 1),
(2736, 2735, 0, 1, '2018-10-16 13:27:31', '2018-10-16 13:27:31', 1, 1),
(2737, 2736, 0, 1, '2018-10-16 13:27:31', '2018-10-16 13:27:31', 1, 1),
(2738, 2737, 0, 1, '2018-10-16 13:27:31', '2018-10-16 13:27:31', 1, 1),
(2739, 2738, 0, 1, '2018-10-16 13:27:31', '2018-10-16 13:27:31', 1, 1),
(2740, 2739, 0, 1, '2018-10-16 13:27:31', '2018-10-16 13:27:31', 1, 1),
(2741, 2740, 0, 1, '2018-10-16 13:27:31', '2018-10-16 13:27:31', 1, 1),
(2742, 2741, 0, 1, '2018-10-16 13:27:31', '2018-10-16 13:27:31', 1, 1),
(2743, 2742, 0, 1, '2018-10-16 13:27:31', '2018-10-16 13:27:31', 1, 1),
(2744, 2743, 0, 1, '2018-10-16 13:27:31', '2018-10-16 13:27:31', 1, 1),
(2745, 2744, 0, 1, '2018-10-16 13:27:31', '2018-10-16 13:27:31', 1, 1),
(2746, 2745, 0, 1, '2018-10-16 13:27:31', '2018-10-16 13:27:31', 1, 1),
(2747, 2746, 0, 1, '2018-10-16 13:27:31', '2018-10-16 13:27:31', 1, 1),
(2748, 2747, 0, 1, '2018-10-16 13:27:31', '2018-10-16 13:27:31', 1, 1),
(2749, 2748, 0, 1, '2018-10-16 13:27:31', '2018-10-16 13:27:31', 1, 1),
(2750, 2749, 0, 1, '2018-10-16 13:27:32', '2018-10-16 13:27:32', 1, 1),
(2751, 2750, 0, 1, '2018-10-16 13:27:32', '2018-10-16 13:27:32', 1, 1),
(2752, 2751, 0, 1, '2018-10-16 13:27:32', '2018-10-16 13:27:32', 1, 1),
(2753, 2752, 0, 1, '2018-10-16 13:27:32', '2018-10-16 13:27:32', 1, 1),
(2754, 2753, 0, 1, '2018-10-16 13:27:32', '2018-10-16 13:27:32', 1, 1),
(2755, 2754, 0, 1, '2018-10-16 13:27:32', '2018-10-16 13:27:32', 1, 1),
(2756, 2755, 0, 1, '2018-10-16 13:27:32', '2018-10-16 13:27:32', 1, 1),
(2757, 2756, 0, 1, '2018-10-16 13:27:32', '2018-10-16 13:27:32', 1, 1),
(2758, 2757, 0, 1, '2018-10-16 13:27:32', '2018-10-16 13:27:32', 1, 1),
(2759, 2758, 0, 1, '2018-10-16 13:27:32', '2018-10-16 13:27:32', 1, 1),
(2760, 2759, 0, 1, '2018-10-16 13:27:32', '2018-10-16 13:27:32', 1, 1),
(2761, 2760, 0, 1, '2018-10-16 13:27:32', '2018-10-16 13:27:32', 1, 1),
(2762, 2761, 0, 1, '2018-10-16 13:27:32', '2018-10-16 13:27:32', 1, 1),
(2763, 2762, 0, 1, '2018-10-16 13:27:32', '2018-10-16 13:27:32', 1, 1),
(2764, 2763, 0, 1, '2018-10-16 13:27:32', '2018-10-16 13:27:32', 1, 1),
(2765, 2764, 0, 1, '2018-10-16 13:27:32', '2018-10-16 13:27:32', 1, 1),
(2766, 2765, 0, 1, '2018-10-16 13:27:32', '2018-10-16 13:27:32', 1, 1),
(2767, 2766, 0, 1, '2018-10-16 13:27:32', '2018-10-16 13:27:32', 1, 1),
(2768, 2767, 0, 1, '2018-10-16 13:27:32', '2018-10-16 13:27:32', 1, 1),
(2769, 2768, 0, 1, '2018-10-16 13:27:32', '2018-10-16 13:27:32', 1, 1),
(2770, 2769, 0, 1, '2018-10-16 13:27:32', '2018-10-16 13:27:32', 1, 1),
(2771, 2770, 0, 1, '2018-10-16 13:27:33', '2018-10-16 13:27:33', 1, 1),
(2772, 2771, 0, 1, '2018-10-16 13:27:33', '2018-10-16 13:27:33', 1, 1),
(2773, 2772, 0, 1, '2018-10-16 13:27:33', '2018-10-16 13:27:33', 1, 1),
(2774, 2773, 0, 1, '2018-10-16 13:27:33', '2018-10-16 13:27:33', 1, 1),
(2775, 2774, 0, 1, '2018-10-16 13:27:33', '2018-10-16 13:27:33', 1, 1),
(2776, 2775, 0, 1, '2018-10-16 13:27:33', '2018-10-16 13:27:33', 1, 1),
(2777, 2776, 0, 1, '2018-10-16 13:27:33', '2018-10-16 13:27:33', 1, 1),
(2778, 2777, 0, 1, '2018-10-16 13:27:33', '2018-10-16 13:27:33', 1, 1),
(2779, 2778, 0, 1, '2018-10-16 13:27:33', '2018-10-16 13:27:33', 1, 1),
(2780, 2779, 0, 1, '2018-10-16 13:27:33', '2018-10-16 13:27:33', 1, 1),
(2781, 2780, 0, 1, '2018-10-16 13:27:33', '2018-10-16 13:27:33', 1, 1),
(2782, 2781, 0, 1, '2018-10-16 13:27:33', '2018-10-16 13:27:33', 1, 1),
(2783, 2782, 0, 1, '2018-10-16 13:27:33', '2018-10-16 13:27:33', 1, 1),
(2784, 2783, 0, 1, '2018-10-16 13:27:33', '2018-10-16 13:27:33', 1, 1),
(2785, 2784, 0, 1, '2018-10-16 13:27:33', '2018-10-16 13:27:33', 1, 1),
(2786, 2785, 0, 1, '2018-10-16 13:27:33', '2018-10-16 13:27:33', 1, 1),
(2787, 2786, 0, 1, '2018-10-16 13:27:33', '2018-10-16 13:27:33', 1, 1),
(2788, 2787, 0, 1, '2018-10-16 13:27:33', '2018-10-16 13:27:33', 1, 1),
(2789, 2788, 0, 1, '2018-10-16 13:27:33', '2018-10-16 13:27:33', 1, 1),
(2790, 2789, 0, 1, '2018-10-16 13:27:33', '2018-10-16 13:27:33', 1, 1),
(2791, 2790, 0, 1, '2018-10-16 13:27:34', '2018-10-16 13:27:34', 1, 1),
(2792, 2791, 0, 1, '2018-10-16 13:27:34', '2018-10-16 13:27:34', 1, 1),
(2793, 2792, 0, 1, '2018-10-16 13:27:34', '2018-10-16 13:27:34', 1, 1),
(2794, 2793, 0, 1, '2018-10-16 13:27:34', '2018-10-16 13:27:34', 1, 1),
(2795, 2794, 0, 1, '2018-10-16 13:27:34', '2018-10-16 13:27:34', 1, 1),
(2796, 2795, 0, 1, '2018-10-16 13:27:34', '2018-10-16 13:27:34', 1, 1),
(2797, 2796, 0, 1, '2018-10-16 13:27:34', '2018-10-16 13:27:34', 1, 1),
(2798, 2797, 0, 1, '2018-10-16 13:27:34', '2018-10-16 13:27:34', 1, 1),
(2799, 2798, 0, 1, '2018-10-16 13:27:34', '2018-10-16 13:27:34', 1, 1),
(2800, 2799, 0, 1, '2018-10-16 13:27:34', '2018-10-16 13:27:34', 1, 1),
(2801, 2800, 0, 1, '2018-10-16 13:27:34', '2018-10-16 13:27:34', 1, 1),
(2802, 2801, 0, 1, '2018-10-16 13:27:34', '2018-10-16 13:27:34', 1, 1),
(2803, 2802, 0, 1, '2018-10-16 13:27:34', '2018-10-16 13:27:34', 1, 1),
(2804, 2803, 0, 1, '2018-10-16 13:27:34', '2018-10-16 13:27:34', 1, 1),
(2805, 2804, 0, 1, '2018-10-16 13:27:34', '2018-10-16 13:27:34', 1, 1),
(2806, 2805, 0, 1, '2018-10-16 13:27:34', '2018-10-16 13:27:34', 1, 1),
(2807, 2806, 0, 1, '2018-10-16 13:27:34', '2018-10-16 13:27:34', 1, 1),
(2808, 2807, 0, 1, '2018-10-16 13:27:34', '2018-10-16 13:27:34', 1, 1),
(2809, 2808, 0, 1, '2018-10-16 13:27:34', '2018-10-16 13:27:34', 1, 1),
(2810, 2809, 0, 1, '2018-10-16 13:27:34', '2018-10-16 13:27:34', 1, 1),
(2811, 2810, 0, 1, '2018-10-16 13:27:34', '2018-10-16 13:27:34', 1, 1),
(2812, 2811, 0, 1, '2018-10-16 13:27:35', '2018-10-16 13:27:35', 1, 1),
(2813, 2812, 0, 1, '2018-10-16 13:27:35', '2018-10-16 13:27:35', 1, 1),
(2814, 2813, 0, 1, '2018-10-16 13:27:35', '2018-10-16 13:27:35', 1, 1),
(2815, 2814, 0, 1, '2018-10-16 13:27:35', '2018-10-16 13:27:35', 1, 1),
(2816, 2815, 0, 1, '2018-10-16 13:27:35', '2018-10-16 13:27:35', 1, 1),
(2817, 2816, 0, 1, '2018-10-16 13:27:35', '2018-10-16 13:27:35', 1, 1),
(2818, 2817, 0, 1, '2018-10-16 13:27:35', '2018-10-16 13:27:35', 1, 1),
(2819, 2818, 0, 1, '2018-10-16 13:27:35', '2018-10-16 13:27:35', 1, 1),
(2820, 2819, 0, 1, '2018-10-16 13:27:35', '2018-10-16 13:27:35', 1, 1),
(2821, 2820, 0, 1, '2018-10-16 13:27:35', '2018-10-16 13:27:35', 1, 1),
(2822, 2821, 0, 1, '2018-10-16 13:27:35', '2018-10-16 13:27:35', 1, 1),
(2823, 2822, 0, 1, '2018-10-16 13:27:35', '2018-10-16 13:27:35', 1, 1),
(2824, 2823, 0, 1, '2018-10-16 13:27:35', '2018-10-16 13:27:35', 1, 1),
(2825, 2824, 0, 1, '2018-10-16 13:27:35', '2018-10-16 13:27:35', 1, 1),
(2826, 2825, 0, 1, '2018-10-16 13:27:35', '2018-10-16 13:27:35', 1, 1),
(2827, 2826, 0, 1, '2018-10-16 13:27:35', '2018-10-16 13:27:35', 1, 1),
(2828, 2827, 0, 1, '2018-10-16 13:27:35', '2018-10-16 13:27:35', 1, 1),
(2829, 2828, 0, 1, '2018-10-16 13:27:35', '2018-10-16 13:27:35', 1, 1),
(2830, 2829, 0, 1, '2018-10-16 13:27:35', '2018-10-16 13:27:35', 1, 1),
(2831, 2830, 0, 1, '2018-10-16 13:27:35', '2018-10-16 13:27:35', 1, 1),
(2832, 2831, 0, 1, '2018-10-16 13:27:35', '2018-10-16 13:27:35', 1, 1),
(2833, 2832, 0, 1, '2018-10-16 13:27:36', '2018-10-16 13:27:36', 1, 1),
(2834, 2833, 0, 1, '2018-10-16 13:27:36', '2018-10-16 13:27:36', 1, 1),
(2835, 2834, 0, 1, '2018-10-16 13:27:36', '2018-10-16 13:27:36', 1, 1),
(2836, 2835, 0, 1, '2018-10-16 13:27:36', '2018-10-16 13:27:36', 1, 1),
(2837, 2836, 0, 1, '2018-10-16 13:27:36', '2018-10-16 13:27:36', 1, 1),
(2838, 2837, 0, 1, '2018-10-16 13:27:36', '2018-10-16 13:27:36', 1, 1),
(2839, 2838, 0, 1, '2018-10-16 13:27:36', '2018-10-16 13:27:36', 1, 1),
(2840, 2839, 0, 1, '2018-10-16 13:27:36', '2018-10-16 13:27:36', 1, 1),
(2841, 2840, 0, 1, '2018-10-16 13:27:36', '2018-10-16 13:27:36', 1, 1),
(2842, 2841, 0, 1, '2018-10-16 13:27:37', '2018-10-16 13:27:37', 1, 1),
(2843, 2842, 0, 1, '2018-10-16 13:27:37', '2018-10-16 13:27:37', 1, 1),
(2844, 2843, 0, 1, '2018-10-16 13:27:37', '2018-10-16 13:27:37', 1, 1),
(2845, 2844, 0, 1, '2018-10-16 13:27:37', '2018-10-16 13:27:37', 1, 1),
(2846, 2845, 0, 1, '2018-10-16 13:27:37', '2018-10-16 13:27:37', 1, 1),
(2847, 2846, 0, 1, '2018-10-16 13:27:37', '2018-10-16 13:27:37', 1, 1),
(2848, 2847, 0, 1, '2018-10-16 13:27:37', '2018-10-16 13:27:37', 1, 1),
(2849, 2848, 0, 1, '2018-10-16 13:27:37', '2018-10-16 13:27:37', 1, 1),
(2850, 2849, 0, 1, '2018-10-16 13:27:37', '2018-10-16 13:27:37', 1, 1),
(2851, 2850, 0, 1, '2018-10-16 13:27:37', '2018-10-16 13:27:37', 1, 1),
(2852, 2851, 0, 1, '2018-10-16 13:27:37', '2018-10-16 13:27:37', 1, 1),
(2853, 2852, 0, 1, '2018-10-16 13:27:37', '2018-10-16 13:27:37', 1, 1),
(2854, 2853, 0, 1, '2018-10-16 13:27:37', '2018-10-16 13:27:37', 1, 1),
(2855, 2854, 0, 1, '2018-10-16 13:27:37', '2018-10-16 13:27:37', 1, 1),
(2856, 2855, 0, 1, '2018-10-16 13:27:37', '2018-10-16 13:27:37', 1, 1),
(2857, 2856, 0, 1, '2018-10-16 13:27:37', '2018-10-16 13:27:37', 1, 1),
(2858, 2857, 0, 1, '2018-10-16 13:27:38', '2018-10-16 13:27:38', 1, 1),
(2859, 2858, 0, 1, '2018-10-16 13:27:38', '2018-10-16 13:27:38', 1, 1),
(2860, 2859, 0, 1, '2018-10-16 13:27:38', '2018-10-16 13:27:38', 1, 1),
(2861, 2860, 0, 1, '2018-10-16 13:27:38', '2018-10-16 13:27:38', 1, 1),
(2862, 2861, 0, 1, '2018-10-16 13:27:38', '2018-10-16 13:27:38', 1, 1),
(2863, 2862, 0, 1, '2018-10-16 13:27:38', '2018-10-16 13:27:38', 1, 1),
(2864, 2863, 0, 1, '2018-10-16 13:27:38', '2018-10-16 13:27:38', 1, 1),
(2865, 2864, 0, 1, '2018-10-16 13:27:38', '2018-10-16 13:27:38', 1, 1),
(2866, 2865, 0, 1, '2018-10-16 13:27:38', '2018-10-16 13:27:38', 1, 1),
(2867, 2866, 0, 1, '2018-10-16 13:27:38', '2018-10-16 13:27:38', 1, 1),
(2868, 2867, 0, 1, '2018-10-16 13:27:38', '2018-10-16 13:27:38', 1, 1),
(2869, 2868, 0, 1, '2018-10-16 13:27:38', '2018-10-16 13:27:38', 1, 1),
(2870, 2869, 0, 1, '2018-10-16 13:27:38', '2018-10-16 13:27:38', 1, 1),
(2871, 2870, 0, 1, '2018-10-16 13:27:38', '2018-10-16 13:27:38', 1, 1),
(2872, 2871, 0, 1, '2018-10-16 13:27:38', '2018-10-16 13:27:38', 1, 1),
(2873, 2872, 0, 1, '2018-10-16 13:27:38', '2018-10-16 13:27:38', 1, 1),
(2874, 2873, 0, 1, '2018-10-16 13:27:38', '2018-10-16 13:27:38', 1, 1),
(2875, 2874, 0, 1, '2018-10-16 13:27:38', '2018-10-16 13:27:38', 1, 1),
(2876, 2875, 0, 1, '2018-10-16 13:27:39', '2018-10-16 13:27:39', 1, 1),
(2877, 2876, 0, 1, '2018-10-16 13:27:39', '2018-10-16 13:27:39', 1, 1),
(2878, 2877, 0, 1, '2018-10-16 13:27:39', '2018-10-16 13:27:39', 1, 1),
(2879, 2878, 0, 1, '2018-10-16 13:27:39', '2018-10-16 13:27:39', 1, 1),
(2880, 2879, 0, 1, '2018-10-16 13:27:39', '2018-10-16 13:27:39', 1, 1),
(2881, 2880, 0, 1, '2018-10-16 13:27:39', '2018-10-16 13:27:39', 1, 1),
(2882, 2881, 0, 1, '2018-10-16 13:27:39', '2018-10-16 13:27:39', 1, 1),
(2883, 2882, 0, 1, '2018-10-16 13:27:39', '2018-10-16 13:27:39', 1, 1),
(2884, 2883, 0, 1, '2018-10-16 13:27:39', '2018-10-16 13:27:39', 1, 1),
(2885, 2884, 0, 1, '2018-10-16 13:27:39', '2018-10-16 13:27:39', 1, 1),
(2886, 2885, 0, 1, '2018-10-16 13:27:39', '2018-10-16 13:27:39', 1, 1),
(2887, 2886, 0, 1, '2018-10-16 13:27:39', '2018-10-16 13:27:39', 1, 1),
(2888, 2887, 0, 1, '2018-10-16 13:27:39', '2018-10-16 13:27:39', 1, 1),
(2889, 2888, 0, 1, '2018-10-16 13:27:39', '2018-10-16 13:27:39', 1, 1),
(2890, 2889, 0, 1, '2018-10-16 13:27:39', '2018-10-16 13:27:39', 1, 1),
(2891, 2890, 0, 1, '2018-10-16 13:27:39', '2018-10-16 13:27:39', 1, 1),
(2892, 2891, 0, 1, '2018-10-16 13:27:39', '2018-10-16 13:27:39', 1, 1),
(2893, 2892, 0, 1, '2018-10-16 13:27:39', '2018-10-16 13:27:39', 1, 1),
(2894, 2893, 0, 1, '2018-10-16 13:27:39', '2018-10-16 13:27:39', 1, 1),
(2895, 2894, 0, 1, '2018-10-16 13:27:39', '2018-10-16 13:27:39', 1, 1),
(2896, 2895, 0, 1, '2018-10-16 13:27:39', '2018-10-16 13:27:39', 1, 1),
(2897, 2896, 0, 1, '2018-10-16 13:27:40', '2018-10-16 13:27:40', 1, 1),
(2898, 2897, 0, 1, '2018-10-16 13:27:40', '2018-10-16 13:27:40', 1, 1),
(2899, 2898, 0, 1, '2018-10-16 13:27:40', '2018-10-16 13:27:40', 1, 1),
(2900, 2899, 0, 1, '2018-10-16 13:27:40', '2018-10-16 13:27:40', 1, 1),
(2901, 2900, 0, 1, '2018-10-16 13:27:40', '2018-10-16 13:27:40', 1, 1),
(2902, 2901, 0, 1, '2018-10-16 13:27:40', '2018-10-16 13:27:40', 1, 1),
(2903, 2902, 0, 1, '2018-10-16 13:27:40', '2018-10-16 13:27:40', 1, 1),
(2904, 2903, 0, 1, '2018-10-16 13:27:40', '2018-10-16 13:27:40', 1, 1);
INSERT INTO `states` (`StateID`, `SortOrder`, `Hide`, `IsActive`, `CreatedAt`, `UpdatedAt`, `CreatedBy`, `UpdatedBy`) VALUES
(2905, 2904, 0, 1, '2018-10-16 13:27:40', '2018-10-16 13:27:40', 1, 1),
(2906, 2905, 0, 1, '2018-10-16 13:27:40', '2018-10-16 13:27:40', 1, 1),
(2907, 2906, 0, 1, '2018-10-16 13:27:40', '2018-10-16 13:27:40', 1, 1),
(2908, 2907, 0, 1, '2018-10-16 13:27:40', '2018-10-16 13:27:40', 1, 1),
(2909, 2908, 0, 1, '2018-10-16 13:27:40', '2018-10-16 13:27:40', 1, 1),
(2910, 2909, 0, 1, '2018-10-16 13:27:40', '2018-10-16 13:27:40', 1, 1),
(2911, 2910, 0, 1, '2018-10-16 13:27:40', '2018-10-16 13:27:40', 1, 1),
(2912, 2911, 0, 1, '2018-10-16 13:27:40', '2018-10-16 13:27:40', 1, 1),
(2913, 2912, 0, 1, '2018-10-16 13:27:40', '2018-10-16 13:27:40', 1, 1),
(2914, 2913, 0, 1, '2018-10-16 13:27:40', '2018-10-16 13:27:40', 1, 1),
(2915, 2914, 0, 1, '2018-10-16 13:27:40', '2018-10-16 13:27:40', 1, 1),
(2916, 2915, 0, 1, '2018-10-16 13:27:41', '2018-10-16 13:27:41', 1, 1),
(2917, 2916, 0, 1, '2018-10-16 13:27:41', '2018-10-16 13:27:41', 1, 1),
(2918, 2917, 0, 1, '2018-10-16 13:27:41', '2018-10-16 13:27:41', 1, 1),
(2919, 2918, 0, 1, '2018-10-16 13:27:41', '2018-10-16 13:27:41', 1, 1),
(2920, 2919, 0, 1, '2018-10-16 13:27:41', '2018-10-16 13:27:41', 1, 1),
(2921, 2920, 0, 1, '2018-10-16 13:27:41', '2018-10-16 13:27:41', 1, 1),
(2922, 2921, 0, 1, '2018-10-16 13:27:41', '2018-10-16 13:27:41', 1, 1),
(2923, 2922, 0, 1, '2018-10-16 13:27:41', '2018-10-16 13:27:41', 1, 1),
(2924, 2923, 0, 1, '2018-10-16 13:27:41', '2018-10-16 13:27:41', 1, 1),
(2925, 2924, 0, 1, '2018-10-16 13:27:41', '2018-10-16 13:27:41', 1, 1),
(2926, 2925, 0, 1, '2018-10-16 13:27:41', '2018-10-16 13:27:41', 1, 1),
(2927, 2926, 0, 1, '2018-10-16 13:27:41', '2018-10-16 13:27:41', 1, 1),
(2928, 2927, 0, 1, '2018-10-16 13:27:41', '2018-10-16 13:27:41', 1, 1),
(2929, 2928, 0, 1, '2018-10-16 13:27:41', '2018-10-16 13:27:41', 1, 1),
(2930, 2929, 0, 1, '2018-10-16 13:27:41', '2018-10-16 13:27:41', 1, 1),
(2931, 2930, 0, 1, '2018-10-16 13:27:41', '2018-10-16 13:27:41', 1, 1),
(2932, 2931, 0, 1, '2018-10-16 13:27:41', '2018-10-16 13:27:41', 1, 1),
(2933, 2932, 0, 1, '2018-10-16 13:27:41', '2018-10-16 13:27:41', 1, 1),
(2934, 2933, 0, 1, '2018-10-16 13:27:41', '2018-10-16 13:27:41', 1, 1),
(2935, 2934, 0, 1, '2018-10-16 13:27:41', '2018-10-16 13:27:41', 1, 1),
(2936, 2935, 0, 1, '2018-10-16 13:27:41', '2018-10-16 13:27:41', 1, 1),
(2937, 2936, 0, 1, '2018-10-16 13:27:42', '2018-10-16 13:27:42', 1, 1),
(2938, 2937, 0, 1, '2018-10-16 13:27:42', '2018-10-16 13:27:42', 1, 1),
(2939, 2938, 0, 1, '2018-10-16 13:27:42', '2018-10-16 13:27:42', 1, 1),
(2940, 2939, 0, 1, '2018-10-16 13:27:42', '2018-10-16 13:27:42', 1, 1),
(2941, 2940, 0, 1, '2018-10-16 13:27:42', '2018-10-16 13:27:42', 1, 1),
(2942, 2941, 0, 1, '2018-10-16 13:27:42', '2018-10-16 13:27:42', 1, 1),
(2943, 2942, 0, 1, '2018-10-16 13:27:42', '2018-10-16 13:27:42', 1, 1),
(2944, 2943, 0, 1, '2018-10-16 13:27:42', '2018-10-16 13:27:42', 1, 1),
(2945, 2944, 0, 1, '2018-10-16 13:27:42', '2018-10-16 13:27:42', 1, 1),
(2946, 2945, 0, 1, '2018-10-16 13:27:42', '2018-10-16 13:27:42', 1, 1),
(2947, 2946, 0, 1, '2018-10-16 13:27:42', '2018-10-16 13:27:42', 1, 1),
(2948, 2947, 0, 1, '2018-10-16 13:27:42', '2018-10-16 13:27:42', 1, 1),
(2949, 2948, 0, 1, '2018-10-16 13:27:42', '2018-10-16 13:27:42', 1, 1),
(2950, 2949, 0, 1, '2018-10-16 13:27:42', '2018-10-16 13:27:42', 1, 1),
(2951, 2950, 0, 1, '2018-10-16 13:27:42', '2018-10-16 13:27:42', 1, 1),
(2952, 2951, 0, 1, '2018-10-16 13:27:42', '2018-10-16 13:27:42', 1, 1),
(2953, 2952, 0, 1, '2018-10-16 13:27:42', '2018-10-16 13:27:42', 1, 1),
(2954, 2953, 0, 1, '2018-10-16 13:27:43', '2018-10-16 13:27:43', 1, 1),
(2955, 2954, 0, 1, '2018-10-16 13:27:43', '2018-10-16 13:27:43', 1, 1),
(2956, 2955, 0, 1, '2018-10-16 13:27:43', '2018-10-16 13:27:43', 1, 1),
(2957, 2956, 0, 1, '2018-10-16 13:27:43', '2018-10-16 13:27:43', 1, 1),
(2958, 2957, 0, 1, '2018-10-16 13:27:43', '2018-10-16 13:27:43', 1, 1),
(2959, 2958, 0, 1, '2018-10-16 13:27:43', '2018-10-16 13:27:43', 1, 1),
(2960, 2959, 0, 1, '2018-10-16 13:27:43', '2018-10-16 13:27:43', 1, 1),
(2961, 2960, 0, 1, '2018-10-16 13:27:43', '2018-10-16 13:27:43', 1, 1),
(2962, 2961, 0, 1, '2018-10-16 13:27:43', '2018-10-16 13:27:43', 1, 1),
(2963, 2962, 0, 1, '2018-10-16 13:27:43', '2018-10-16 13:27:43', 1, 1),
(2964, 2963, 0, 1, '2018-10-16 13:27:43', '2018-10-16 13:27:43', 1, 1),
(2965, 2964, 0, 1, '2018-10-16 13:27:43', '2018-10-16 13:27:43', 1, 1),
(2966, 2965, 0, 1, '2018-10-16 13:27:43', '2018-10-16 13:27:43', 1, 1),
(2967, 2966, 0, 1, '2018-10-16 13:27:43', '2018-10-16 13:27:43', 1, 1),
(2968, 2967, 0, 1, '2018-10-16 13:27:43', '2018-10-16 13:27:43', 1, 1),
(2969, 2968, 0, 1, '2018-10-16 13:27:43', '2018-10-16 13:27:43', 1, 1),
(2970, 2969, 0, 1, '2018-10-16 13:27:43', '2018-10-16 13:27:43', 1, 1),
(2971, 2970, 0, 1, '2018-10-16 13:27:44', '2018-10-16 13:27:44', 1, 1),
(2972, 2971, 0, 1, '2018-10-16 13:27:44', '2018-10-16 13:27:44', 1, 1),
(2973, 2972, 0, 1, '2018-10-16 13:27:44', '2018-10-16 13:27:44', 1, 1),
(2974, 2973, 0, 1, '2018-10-16 13:27:44', '2018-10-16 13:27:44', 1, 1),
(2975, 2974, 0, 1, '2018-10-16 13:27:44', '2018-10-16 13:27:44', 1, 1),
(2976, 2975, 0, 1, '2018-10-16 13:27:44', '2018-10-16 13:27:44', 1, 1),
(2977, 2976, 0, 1, '2018-10-16 13:27:44', '2018-10-16 13:27:44', 1, 1),
(2978, 2977, 0, 1, '2018-10-16 13:27:44', '2018-10-16 13:27:44', 1, 1),
(2979, 2978, 0, 1, '2018-10-16 13:27:44', '2018-10-16 13:27:44', 1, 1),
(2980, 2979, 0, 1, '2018-10-16 13:27:44', '2018-10-16 13:27:44', 1, 1),
(2981, 2980, 0, 1, '2018-10-16 13:27:44', '2018-10-16 13:27:44', 1, 1),
(2982, 2981, 0, 1, '2018-10-16 13:27:44', '2018-10-16 13:27:44', 1, 1),
(2983, 2982, 0, 1, '2018-10-16 13:27:44', '2018-10-16 13:27:44', 1, 1),
(2984, 2983, 0, 1, '2018-10-16 13:27:44', '2018-10-16 13:27:44', 1, 1),
(2985, 2984, 0, 1, '2018-10-16 13:27:44', '2018-10-16 13:27:44', 1, 1),
(2986, 2985, 0, 1, '2018-10-16 13:27:44', '2018-10-16 13:27:44', 1, 1),
(2987, 2986, 0, 1, '2018-10-16 13:27:44', '2018-10-16 13:27:44', 1, 1),
(2988, 2987, 0, 1, '2018-10-16 13:27:44', '2018-10-16 13:27:44', 1, 1),
(2989, 2988, 0, 1, '2018-10-16 13:27:44', '2018-10-16 13:27:44', 1, 1),
(2990, 2989, 0, 1, '2018-10-16 13:27:44', '2018-10-16 13:27:44', 1, 1),
(2991, 2990, 0, 1, '2018-10-16 13:27:45', '2018-10-16 13:27:45', 1, 1),
(2992, 2991, 0, 1, '2018-10-16 13:27:45', '2018-10-16 13:27:45', 1, 1),
(2993, 2992, 0, 1, '2018-10-16 13:27:45', '2018-10-16 13:27:45', 1, 1),
(2994, 2993, 0, 1, '2018-10-16 13:27:45', '2018-10-16 13:27:45', 1, 1),
(2995, 2994, 0, 1, '2018-10-16 13:27:45', '2018-10-16 13:27:45', 1, 1),
(2996, 2995, 0, 1, '2018-10-16 13:27:45', '2018-10-16 13:27:45', 1, 1),
(2997, 2996, 0, 1, '2018-10-16 13:27:45', '2018-10-16 13:27:45', 1, 1),
(2998, 2997, 0, 1, '2018-10-16 13:27:45', '2018-10-16 13:27:45', 1, 1),
(2999, 2998, 0, 1, '2018-10-16 13:27:45', '2018-10-16 13:27:45', 1, 1),
(3000, 2999, 0, 1, '2018-10-16 13:27:45', '2018-10-16 13:27:45', 1, 1),
(3001, 3000, 0, 1, '2018-10-16 13:27:45', '2018-10-16 13:27:45', 1, 1),
(3002, 3001, 0, 1, '2018-10-16 13:27:45', '2018-10-16 13:27:45', 1, 1),
(3003, 3002, 0, 1, '2018-10-16 13:27:45', '2018-10-16 13:27:45', 1, 1),
(3004, 3003, 0, 1, '2018-10-16 13:27:45', '2018-10-16 13:27:45', 1, 1),
(3005, 3004, 0, 1, '2018-10-16 13:27:45', '2018-10-16 13:27:45', 1, 1),
(3006, 3005, 0, 1, '2018-10-16 13:27:45', '2018-10-16 13:27:45', 1, 1),
(3007, 3006, 0, 1, '2018-10-16 13:27:45', '2018-10-16 13:27:45', 1, 1),
(3008, 3007, 0, 1, '2018-10-16 13:27:45', '2018-10-16 13:27:45', 1, 1),
(3009, 3008, 0, 1, '2018-10-16 13:27:46', '2018-10-16 13:27:46', 1, 1),
(3010, 3009, 0, 1, '2018-10-16 13:27:46', '2018-10-16 13:27:46', 1, 1),
(3011, 3010, 0, 1, '2018-10-16 13:27:46', '2018-10-16 13:27:46', 1, 1),
(3012, 3011, 0, 1, '2018-10-16 13:27:46', '2018-10-16 13:27:46', 1, 1),
(3013, 3012, 0, 1, '2018-10-16 13:27:46', '2018-10-16 13:27:46', 1, 1),
(3014, 3013, 0, 1, '2018-10-16 13:27:46', '2018-10-16 13:27:46', 1, 1),
(3015, 3014, 0, 1, '2018-10-16 13:27:46', '2018-10-16 13:27:46', 1, 1),
(3016, 3015, 0, 1, '2018-10-16 13:27:46', '2018-10-16 13:27:46', 1, 1),
(3017, 3016, 0, 1, '2018-10-16 13:27:46', '2018-10-16 13:27:46', 1, 1),
(3018, 3017, 0, 1, '2018-10-16 13:27:46', '2018-10-16 13:27:46', 1, 1),
(3019, 3018, 0, 1, '2018-10-16 13:27:46', '2018-10-16 13:27:46', 1, 1),
(3020, 3019, 0, 1, '2018-10-16 13:27:46', '2018-10-16 13:27:46', 1, 1),
(3021, 3020, 0, 1, '2018-10-16 13:27:46', '2018-10-16 13:27:46', 1, 1),
(3022, 3021, 0, 1, '2018-10-16 13:27:46', '2018-10-16 13:27:46', 1, 1),
(3023, 3022, 0, 1, '2018-10-16 13:27:46', '2018-10-16 13:27:46', 1, 1),
(3024, 3023, 0, 1, '2018-10-16 13:27:46', '2018-10-16 13:27:46', 1, 1),
(3025, 3024, 0, 1, '2018-10-16 13:27:46', '2018-10-16 13:27:46', 1, 1),
(3026, 3025, 0, 1, '2018-10-16 13:27:46', '2018-10-16 13:27:46', 1, 1),
(3027, 3026, 0, 1, '2018-10-16 13:27:47', '2018-10-16 13:27:47', 1, 1),
(3028, 3027, 0, 1, '2018-10-16 13:27:47', '2018-10-16 13:27:47', 1, 1),
(3029, 3028, 0, 1, '2018-10-16 13:27:47', '2018-10-16 13:27:47', 1, 1),
(3030, 3029, 0, 1, '2018-10-16 13:27:47', '2018-10-16 13:27:47', 1, 1),
(3031, 3030, 0, 1, '2018-10-16 13:27:47', '2018-10-16 13:27:47', 1, 1),
(3032, 3031, 0, 1, '2018-10-16 13:27:47', '2018-10-16 13:27:47', 1, 1),
(3033, 3032, 0, 1, '2018-10-16 13:27:47', '2018-10-16 13:27:47', 1, 1),
(3034, 3033, 0, 1, '2018-10-16 13:27:47', '2018-10-16 13:27:47', 1, 1),
(3035, 3034, 0, 1, '2018-10-16 13:27:47', '2018-10-16 13:27:47', 1, 1),
(3036, 3035, 0, 1, '2018-10-16 13:27:47', '2018-10-16 13:27:47', 1, 1),
(3037, 3036, 0, 1, '2018-10-16 13:27:47', '2018-10-16 13:27:47', 1, 1),
(3038, 3037, 0, 1, '2018-10-16 13:27:47', '2018-10-16 13:27:47', 1, 1),
(3039, 3038, 0, 1, '2018-10-16 13:27:47', '2018-10-16 13:27:47', 1, 1),
(3040, 3039, 0, 1, '2018-10-16 13:27:47', '2018-10-16 13:27:47', 1, 1),
(3041, 3040, 0, 1, '2018-10-16 13:27:47', '2018-10-16 13:27:47', 1, 1),
(3042, 3041, 0, 1, '2018-10-16 13:27:47', '2018-10-16 13:27:47', 1, 1),
(3043, 3042, 0, 1, '2018-10-16 13:27:47', '2018-10-16 13:27:47', 1, 1),
(3044, 3043, 0, 1, '2018-10-16 13:27:47', '2018-10-16 13:27:47', 1, 1),
(3045, 3044, 0, 1, '2018-10-16 13:27:47', '2018-10-16 13:27:47', 1, 1),
(3046, 3045, 0, 1, '2018-10-16 13:27:47', '2018-10-16 13:27:47', 1, 1),
(3047, 3046, 0, 1, '2018-10-16 13:27:47', '2018-10-16 13:27:47', 1, 1),
(3048, 3047, 0, 1, '2018-10-16 13:27:48', '2018-10-16 13:27:48', 1, 1),
(3049, 3048, 0, 1, '2018-10-16 13:27:48', '2018-10-16 13:27:48', 1, 1),
(3050, 3049, 0, 1, '2018-10-16 13:27:48', '2018-10-16 13:27:48', 1, 1),
(3051, 3050, 0, 1, '2018-10-16 13:27:48', '2018-10-16 13:27:48', 1, 1),
(3052, 3051, 0, 1, '2018-10-16 13:27:48', '2018-10-16 13:27:48', 1, 1),
(3053, 3052, 0, 1, '2018-10-16 13:27:48', '2018-10-16 13:27:48', 1, 1),
(3054, 3053, 0, 1, '2018-10-16 13:27:48', '2018-10-16 13:27:48', 1, 1),
(3055, 3054, 0, 1, '2018-10-16 13:27:48', '2018-10-16 13:27:48', 1, 1),
(3056, 3055, 0, 1, '2018-10-16 13:27:48', '2018-10-16 13:27:48', 1, 1),
(3057, 3056, 0, 1, '2018-10-16 13:27:48', '2018-10-16 13:27:48', 1, 1),
(3058, 3057, 0, 1, '2018-10-16 13:27:48', '2018-10-16 13:27:48', 1, 1),
(3059, 3058, 0, 1, '2018-10-16 13:27:48', '2018-10-16 13:27:48', 1, 1),
(3060, 3059, 0, 1, '2018-10-16 13:27:48', '2018-10-16 13:27:48', 1, 1),
(3061, 3060, 0, 1, '2018-10-16 13:27:48', '2018-10-16 13:27:48', 1, 1),
(3062, 3061, 0, 1, '2018-10-16 13:27:48', '2018-10-16 13:27:48', 1, 1),
(3063, 3062, 0, 1, '2018-10-16 13:27:48', '2018-10-16 13:27:48', 1, 1),
(3064, 3063, 0, 1, '2018-10-16 13:27:48', '2018-10-16 13:27:48', 1, 1),
(3065, 3064, 0, 1, '2018-10-16 13:27:48', '2018-10-16 13:27:48', 1, 1),
(3066, 3065, 0, 1, '2018-10-16 13:27:48', '2018-10-16 13:27:48', 1, 1),
(3067, 3066, 0, 1, '2018-10-16 13:27:48', '2018-10-16 13:27:48', 1, 1),
(3068, 3067, 0, 1, '2018-10-16 13:27:48', '2018-10-16 13:27:48', 1, 1),
(3069, 3068, 0, 1, '2018-10-16 13:27:49', '2018-10-16 13:27:49', 1, 1),
(3070, 3069, 0, 1, '2018-10-16 13:27:49', '2018-10-16 13:27:49', 1, 1),
(3071, 3070, 0, 1, '2018-10-16 13:27:49', '2018-10-16 13:27:49', 1, 1),
(3072, 3071, 0, 1, '2018-10-16 13:27:49', '2018-10-16 13:27:49', 1, 1),
(3073, 3072, 0, 1, '2018-10-16 13:27:49', '2018-10-16 13:27:49', 1, 1),
(3074, 3073, 0, 1, '2018-10-16 13:27:49', '2018-10-16 13:27:49', 1, 1),
(3075, 3074, 0, 1, '2018-10-16 13:27:49', '2018-10-16 13:27:49', 1, 1),
(3076, 3075, 0, 1, '2018-10-16 13:27:49', '2018-10-16 13:27:49', 1, 1),
(3077, 3076, 0, 1, '2018-10-16 13:27:49', '2018-10-16 13:27:49', 1, 1),
(3078, 3077, 0, 1, '2018-10-16 13:27:49', '2018-10-16 13:27:49', 1, 1),
(3079, 3078, 0, 1, '2018-10-16 13:27:49', '2018-10-16 13:27:49', 1, 1),
(3080, 3079, 0, 1, '2018-10-16 13:27:49', '2018-10-16 13:27:49', 1, 1),
(3081, 3080, 0, 1, '2018-10-16 13:27:49', '2018-10-16 13:27:49', 1, 1),
(3082, 3081, 0, 1, '2018-10-16 13:27:49', '2018-10-16 13:27:49', 1, 1),
(3083, 3082, 0, 1, '2018-10-16 13:27:49', '2018-10-16 13:27:49', 1, 1),
(3084, 3083, 0, 1, '2018-10-16 13:27:49', '2018-10-16 13:27:49', 1, 1),
(3085, 3084, 0, 1, '2018-10-16 13:27:49', '2018-10-16 13:27:49', 1, 1),
(3086, 3085, 0, 1, '2018-10-16 13:27:49', '2018-10-16 13:27:49', 1, 1),
(3087, 3086, 0, 1, '2018-10-16 13:27:50', '2018-10-16 13:27:50', 1, 1),
(3088, 3087, 0, 1, '2018-10-16 13:27:50', '2018-10-16 13:27:50', 1, 1),
(3089, 3088, 0, 1, '2018-10-16 13:27:50', '2018-10-16 13:27:50', 1, 1),
(3090, 3089, 0, 1, '2018-10-16 13:27:50', '2018-10-16 13:27:50', 1, 1),
(3091, 3090, 0, 1, '2018-10-16 13:27:50', '2018-10-16 13:27:50', 1, 1),
(3092, 3091, 0, 1, '2018-10-16 13:27:50', '2018-10-16 13:27:50', 1, 1),
(3093, 3092, 0, 1, '2018-10-16 13:27:50', '2018-10-16 13:27:50', 1, 1),
(3094, 3093, 0, 1, '2018-10-16 13:27:50', '2018-10-16 13:27:50', 1, 1),
(3095, 3094, 0, 1, '2018-10-16 13:27:50', '2018-10-16 13:27:50', 1, 1),
(3096, 3095, 0, 1, '2018-10-16 13:27:50', '2018-10-16 13:27:50', 1, 1),
(3097, 3096, 0, 1, '2018-10-16 13:27:50', '2018-10-16 13:27:50', 1, 1),
(3098, 3097, 0, 1, '2018-10-16 13:27:51', '2018-10-16 13:27:51', 1, 1),
(3099, 3098, 0, 1, '2018-10-16 13:27:51', '2018-10-16 13:27:51', 1, 1),
(3100, 3099, 0, 1, '2018-10-16 13:27:51', '2018-10-16 13:27:51', 1, 1),
(3101, 3100, 0, 1, '2018-10-16 13:27:51', '2018-10-16 13:27:51', 1, 1),
(3102, 3101, 0, 1, '2018-10-16 13:27:51', '2018-10-16 13:27:51', 1, 1),
(3103, 3102, 0, 1, '2018-10-16 13:27:51', '2018-10-16 13:27:51', 1, 1),
(3104, 3103, 0, 1, '2018-10-16 13:27:51', '2018-10-16 13:27:51', 1, 1),
(3105, 3104, 0, 1, '2018-10-16 13:27:51', '2018-10-16 13:27:51', 1, 1),
(3106, 3105, 0, 1, '2018-10-16 13:27:51', '2018-10-16 13:27:51', 1, 1),
(3107, 3106, 0, 1, '2018-10-16 13:27:51', '2018-10-16 13:27:51', 1, 1),
(3108, 3107, 0, 1, '2018-10-16 13:27:51', '2018-10-16 13:27:51', 1, 1),
(3109, 3108, 0, 1, '2018-10-16 13:27:51', '2018-10-16 13:27:51', 1, 1),
(3110, 3109, 0, 1, '2018-10-16 13:27:51', '2018-10-16 13:27:51', 1, 1),
(3111, 3110, 0, 1, '2018-10-16 13:27:51', '2018-10-16 13:27:51', 1, 1),
(3112, 3111, 0, 1, '2018-10-16 13:27:51', '2018-10-16 13:27:51', 1, 1),
(3113, 3112, 0, 1, '2018-10-16 13:27:51', '2018-10-16 13:27:51', 1, 1),
(3114, 3113, 0, 1, '2018-10-16 13:27:51', '2018-10-16 13:27:51', 1, 1),
(3115, 3114, 0, 1, '2018-10-16 13:27:51', '2018-10-16 13:27:51', 1, 1),
(3116, 3115, 0, 1, '2018-10-16 13:27:52', '2018-10-16 13:27:52', 1, 1),
(3117, 3116, 0, 1, '2018-10-16 13:27:52', '2018-10-16 13:27:52', 1, 1),
(3118, 3117, 0, 1, '2018-10-16 13:27:52', '2018-10-16 13:27:52', 1, 1),
(3119, 3118, 0, 1, '2018-10-16 13:27:52', '2018-10-16 13:27:52', 1, 1),
(3120, 3119, 0, 1, '2018-10-16 13:27:52', '2018-10-16 13:27:52', 1, 1),
(3121, 3120, 0, 1, '2018-10-16 13:27:52', '2018-10-16 13:27:52', 1, 1),
(3122, 3121, 0, 1, '2018-10-16 13:27:52', '2018-10-16 13:27:52', 1, 1),
(3123, 3122, 0, 1, '2018-10-16 13:27:52', '2018-10-16 13:27:52', 1, 1),
(3124, 3123, 0, 1, '2018-10-16 13:27:52', '2018-10-16 13:27:52', 1, 1),
(3125, 3124, 0, 1, '2018-10-16 13:27:52', '2018-10-16 13:27:52', 1, 1),
(3126, 3125, 0, 1, '2018-10-16 13:27:52', '2018-10-16 13:27:52', 1, 1),
(3127, 3126, 0, 1, '2018-10-16 13:27:52', '2018-10-16 13:27:52', 1, 1),
(3128, 3127, 0, 1, '2018-10-16 13:27:52', '2018-10-16 13:27:52', 1, 1),
(3129, 3128, 0, 1, '2018-10-16 13:27:52', '2018-10-16 13:27:52', 1, 1),
(3130, 3129, 0, 1, '2018-10-16 13:27:53', '2018-10-16 13:27:53', 1, 1),
(3131, 3130, 0, 1, '2018-10-16 13:27:53', '2018-10-16 13:27:53', 1, 1),
(3132, 3131, 0, 1, '2018-10-16 13:27:53', '2018-10-16 13:27:53', 1, 1),
(3133, 3132, 0, 1, '2018-10-16 13:27:53', '2018-10-16 13:27:53', 1, 1),
(3134, 3133, 0, 1, '2018-10-16 13:27:53', '2018-10-16 13:27:53', 1, 1),
(3135, 3134, 0, 1, '2018-10-16 13:27:53', '2018-10-16 13:27:53', 1, 1),
(3136, 3135, 0, 1, '2018-10-16 13:27:53', '2018-10-16 13:27:53', 1, 1),
(3137, 3136, 0, 1, '2018-10-16 13:27:53', '2018-10-16 13:27:53', 1, 1),
(3138, 3137, 0, 1, '2018-10-16 13:27:53', '2018-10-16 13:27:53', 1, 1),
(3139, 3138, 0, 1, '2018-10-16 13:27:53', '2018-10-16 13:27:53', 1, 1),
(3140, 3139, 0, 1, '2018-10-16 13:27:53', '2018-10-16 13:27:53', 1, 1),
(3141, 3140, 0, 1, '2018-10-16 13:27:53', '2018-10-16 13:27:53', 1, 1),
(3142, 3141, 0, 1, '2018-10-16 13:27:53', '2018-10-16 13:27:53', 1, 1),
(3143, 3142, 0, 1, '2018-10-16 13:27:53', '2018-10-16 13:27:53', 1, 1),
(3144, 3143, 0, 1, '2018-10-16 13:27:53', '2018-10-16 13:27:53', 1, 1),
(3145, 3144, 0, 1, '2018-10-16 13:27:54', '2018-10-16 13:27:54', 1, 1),
(3146, 3145, 0, 1, '2018-10-16 13:27:54', '2018-10-16 13:27:54', 1, 1),
(3147, 3146, 0, 1, '2018-10-16 13:27:54', '2018-10-16 13:27:54', 1, 1),
(3148, 3147, 0, 1, '2018-10-16 13:27:54', '2018-10-16 13:27:54', 1, 1),
(3149, 3148, 0, 1, '2018-10-16 13:27:54', '2018-10-16 13:27:54', 1, 1),
(3150, 3149, 0, 1, '2018-10-16 13:27:54', '2018-10-16 13:27:54', 1, 1),
(3151, 3150, 0, 1, '2018-10-16 13:27:54', '2018-10-16 13:27:54', 1, 1),
(3152, 3151, 0, 1, '2018-10-16 13:27:54', '2018-10-16 13:27:54', 1, 1),
(3153, 3152, 0, 1, '2018-10-16 13:27:54', '2018-10-16 13:27:54', 1, 1),
(3154, 3153, 0, 1, '2018-10-16 13:27:54', '2018-10-16 13:27:54', 1, 1),
(3155, 3154, 0, 1, '2018-10-16 13:27:54', '2018-10-16 13:27:54', 1, 1),
(3156, 3155, 0, 1, '2018-10-16 13:27:54', '2018-10-16 13:27:54', 1, 1),
(3157, 3156, 0, 1, '2018-10-16 13:27:54', '2018-10-16 13:27:54', 1, 1),
(3158, 3157, 0, 1, '2018-10-16 13:27:54', '2018-10-16 13:27:54', 1, 1),
(3159, 3158, 0, 1, '2018-10-16 13:27:54', '2018-10-16 13:27:54', 1, 1),
(3160, 3159, 0, 1, '2018-10-16 13:27:54', '2018-10-16 13:27:54', 1, 1),
(3161, 3160, 0, 1, '2018-10-16 13:27:54', '2018-10-16 13:27:54', 1, 1),
(3162, 3161, 0, 1, '2018-10-16 13:27:54', '2018-10-16 13:27:54', 1, 1),
(3163, 3162, 0, 1, '2018-10-16 13:27:54', '2018-10-16 13:27:54', 1, 1),
(3164, 3163, 0, 1, '2018-10-16 13:27:54', '2018-10-16 13:27:54', 1, 1),
(3165, 3164, 0, 1, '2018-10-16 13:27:54', '2018-10-16 13:27:54', 1, 1),
(3166, 3165, 0, 1, '2018-10-16 13:27:55', '2018-10-16 13:27:55', 1, 1),
(3167, 3166, 0, 1, '2018-10-16 13:27:55', '2018-10-16 13:27:55', 1, 1),
(3168, 3167, 0, 1, '2018-10-16 13:27:55', '2018-10-16 13:27:55', 1, 1),
(3169, 3168, 0, 1, '2018-10-16 13:27:55', '2018-10-16 13:27:55', 1, 1),
(3170, 3169, 0, 1, '2018-10-16 13:27:55', '2018-10-16 13:27:55', 1, 1),
(3171, 3170, 0, 1, '2018-10-16 13:27:55', '2018-10-16 13:27:55', 1, 1),
(3172, 3171, 0, 1, '2018-10-16 13:27:55', '2018-10-16 13:27:55', 1, 1),
(3173, 3172, 0, 1, '2018-10-16 13:27:55', '2018-10-16 13:27:55', 1, 1),
(3174, 3173, 0, 1, '2018-10-16 13:27:55', '2018-10-16 13:27:55', 1, 1),
(3175, 3174, 0, 1, '2018-10-16 13:27:55', '2018-10-16 13:27:55', 1, 1),
(3176, 3175, 0, 1, '2018-10-16 13:27:55', '2018-10-16 13:27:55', 1, 1),
(3177, 3176, 0, 1, '2018-10-16 13:27:55', '2018-10-16 13:27:55', 1, 1),
(3178, 3177, 0, 1, '2018-10-16 13:27:55', '2018-10-16 13:27:55', 1, 1),
(3179, 3178, 0, 1, '2018-10-16 13:27:55', '2018-10-16 13:27:55', 1, 1),
(3180, 3179, 0, 1, '2018-10-16 13:27:55', '2018-10-16 13:27:55', 1, 1),
(3181, 3180, 0, 1, '2018-10-16 13:27:55', '2018-10-16 13:27:55', 1, 1),
(3182, 3181, 0, 1, '2018-10-16 13:27:55', '2018-10-16 13:27:55', 1, 1),
(3183, 3182, 0, 1, '2018-10-16 13:27:56', '2018-10-16 13:27:56', 1, 1),
(3184, 3183, 0, 1, '2018-10-16 13:27:56', '2018-10-16 13:27:56', 1, 1),
(3185, 3184, 0, 1, '2018-10-16 13:27:56', '2018-10-16 13:27:56', 1, 1),
(3186, 3185, 0, 1, '2018-10-16 13:27:56', '2018-10-16 13:27:56', 1, 1),
(3187, 3186, 0, 1, '2018-10-16 13:27:56', '2018-10-16 13:27:56', 1, 1),
(3188, 3187, 0, 1, '2018-10-16 13:27:56', '2018-10-16 13:27:56', 1, 1),
(3189, 3188, 0, 1, '2018-10-16 13:27:56', '2018-10-16 13:27:56', 1, 1),
(3190, 3189, 0, 1, '2018-10-16 13:27:56', '2018-10-16 13:27:56', 1, 1),
(3191, 3190, 0, 1, '2018-10-16 13:27:56', '2018-10-16 13:27:56', 1, 1),
(3192, 3191, 0, 1, '2018-10-16 13:27:56', '2018-10-16 13:27:56', 1, 1),
(3193, 3192, 0, 1, '2018-10-16 13:27:56', '2018-10-16 13:27:56', 1, 1),
(3194, 3193, 0, 1, '2018-10-16 13:27:56', '2018-10-16 13:27:56', 1, 1),
(3195, 3194, 0, 1, '2018-10-16 13:27:56', '2018-10-16 13:27:56', 1, 1),
(3196, 3195, 0, 1, '2018-10-16 13:27:56', '2018-10-16 13:27:56', 1, 1),
(3197, 3196, 0, 1, '2018-10-16 13:27:56', '2018-10-16 13:27:56', 1, 1),
(3198, 3197, 0, 1, '2018-10-16 13:27:56', '2018-10-16 13:27:56', 1, 1),
(3199, 3198, 0, 1, '2018-10-16 13:27:56', '2018-10-16 13:27:56', 1, 1),
(3200, 3199, 0, 1, '2018-10-16 13:27:57', '2018-10-16 13:27:57', 1, 1),
(3201, 3200, 0, 1, '2018-10-16 13:27:57', '2018-10-16 13:27:57', 1, 1),
(3202, 3201, 0, 1, '2018-10-16 13:27:57', '2018-10-16 13:27:57', 1, 1),
(3203, 3202, 0, 1, '2018-10-16 13:27:57', '2018-10-16 13:27:57', 1, 1),
(3204, 3203, 0, 1, '2018-10-16 13:27:57', '2018-10-16 13:27:57', 1, 1),
(3205, 3204, 0, 1, '2018-10-16 13:27:57', '2018-10-16 13:27:57', 1, 1),
(3206, 3205, 0, 1, '2018-10-16 13:27:57', '2018-10-16 13:27:57', 1, 1),
(3207, 3206, 0, 1, '2018-10-16 13:27:57', '2018-10-16 13:27:57', 1, 1),
(3208, 3207, 0, 1, '2018-10-16 13:27:57', '2018-10-16 13:27:57', 1, 1),
(3209, 3208, 0, 1, '2018-10-16 13:27:57', '2018-10-16 13:27:57', 1, 1),
(3210, 3209, 0, 1, '2018-10-16 13:27:57', '2018-10-16 13:27:57', 1, 1),
(3211, 3210, 0, 1, '2018-10-16 13:27:57', '2018-10-16 13:27:57', 1, 1),
(3212, 3211, 0, 1, '2018-10-16 13:27:57', '2018-10-16 13:27:57', 1, 1),
(3213, 3212, 0, 1, '2018-10-16 13:27:57', '2018-10-16 13:27:57', 1, 1),
(3214, 3213, 0, 1, '2018-10-16 13:27:57', '2018-10-16 13:27:57', 1, 1),
(3215, 3214, 0, 1, '2018-10-16 13:27:57', '2018-10-16 13:27:57', 1, 1),
(3216, 3215, 0, 1, '2018-10-16 13:27:57', '2018-10-16 13:27:57', 1, 1),
(3217, 3216, 0, 1, '2018-10-16 13:27:58', '2018-10-16 13:27:58', 1, 1),
(3218, 3217, 0, 1, '2018-10-16 13:27:58', '2018-10-16 13:27:58', 1, 1),
(3219, 3218, 0, 1, '2018-10-16 13:27:58', '2018-10-16 13:27:58', 1, 1),
(3220, 3219, 0, 1, '2018-10-16 13:27:58', '2018-10-16 13:27:58', 1, 1),
(3221, 3220, 0, 1, '2018-10-16 13:27:58', '2018-10-16 13:27:58', 1, 1),
(3222, 3221, 0, 1, '2018-10-16 13:27:58', '2018-10-16 13:27:58', 1, 1),
(3223, 3222, 0, 1, '2018-10-16 13:27:58', '2018-10-16 13:27:58', 1, 1),
(3224, 3223, 0, 1, '2018-10-16 13:27:58', '2018-10-16 13:27:58', 1, 1),
(3225, 3224, 0, 1, '2018-10-16 13:27:58', '2018-10-16 13:27:58', 1, 1),
(3226, 3225, 0, 1, '2018-10-16 13:27:58', '2018-10-16 13:27:58', 1, 1),
(3227, 3226, 0, 1, '2018-10-16 13:27:58', '2018-10-16 13:27:58', 1, 1),
(3228, 3227, 0, 1, '2018-10-16 13:27:58', '2018-10-16 13:27:58', 1, 1),
(3229, 3228, 0, 1, '2018-10-16 13:27:58', '2018-10-16 13:27:58', 1, 1),
(3230, 3229, 0, 1, '2018-10-16 13:27:58', '2018-10-16 13:27:58', 1, 1),
(3231, 3230, 0, 1, '2018-10-16 13:27:58', '2018-10-16 13:27:58', 1, 1),
(3232, 3231, 0, 1, '2018-10-16 13:27:58', '2018-10-16 13:27:58', 1, 1),
(3233, 3232, 0, 1, '2018-10-16 13:27:58', '2018-10-16 13:27:58', 1, 1),
(3234, 3233, 0, 1, '2018-10-16 13:27:58', '2018-10-16 13:27:58', 1, 1),
(3235, 3234, 0, 1, '2018-10-16 13:27:58', '2018-10-16 13:27:58', 1, 1),
(3236, 3235, 0, 1, '2018-10-16 13:27:59', '2018-10-16 13:27:59', 1, 1),
(3237, 3236, 0, 1, '2018-10-16 13:27:59', '2018-10-16 13:27:59', 1, 1),
(3238, 3237, 0, 1, '2018-10-16 13:27:59', '2018-10-16 13:27:59', 1, 1),
(3239, 3238, 0, 1, '2018-10-16 13:27:59', '2018-10-16 13:27:59', 1, 1),
(3240, 3239, 0, 1, '2018-10-16 13:27:59', '2018-10-16 13:27:59', 1, 1),
(3241, 3240, 0, 1, '2018-10-16 13:27:59', '2018-10-16 13:27:59', 1, 1),
(3242, 3241, 0, 1, '2018-10-16 13:27:59', '2018-10-16 13:27:59', 1, 1),
(3243, 3242, 0, 1, '2018-10-16 13:27:59', '2018-10-16 13:27:59', 1, 1),
(3244, 3243, 0, 1, '2018-10-16 13:27:59', '2018-10-16 13:27:59', 1, 1),
(3245, 3244, 0, 1, '2018-10-16 13:27:59', '2018-10-16 13:27:59', 1, 1),
(3246, 3245, 0, 1, '2018-10-16 13:27:59', '2018-10-16 13:27:59', 1, 1),
(3247, 3246, 0, 1, '2018-10-16 13:27:59', '2018-10-16 13:27:59', 1, 1),
(3248, 3247, 0, 1, '2018-10-16 13:27:59', '2018-10-16 13:27:59', 1, 1),
(3249, 3248, 0, 1, '2018-10-16 13:27:59', '2018-10-16 13:27:59', 1, 1),
(3250, 3249, 0, 1, '2018-10-16 13:27:59', '2018-10-16 13:27:59', 1, 1),
(3251, 3250, 0, 1, '2018-10-16 13:27:59', '2018-10-16 13:27:59', 1, 1),
(3252, 3251, 0, 1, '2018-10-16 13:27:59', '2018-10-16 13:27:59', 1, 1),
(3253, 3252, 0, 1, '2018-10-16 13:27:59', '2018-10-16 13:27:59', 1, 1),
(3254, 3253, 0, 1, '2018-10-16 13:28:00', '2018-10-16 13:28:00', 1, 1),
(3255, 3254, 0, 1, '2018-10-16 13:28:00', '2018-10-16 13:28:00', 1, 1),
(3256, 3255, 0, 1, '2018-10-16 13:28:00', '2018-10-16 13:28:00', 1, 1),
(3257, 3256, 0, 1, '2018-10-16 13:28:00', '2018-10-16 13:28:00', 1, 1),
(3258, 3257, 0, 1, '2018-10-16 13:28:00', '2018-10-16 13:28:00', 1, 1),
(3259, 3258, 0, 1, '2018-10-16 13:28:00', '2018-10-16 13:28:00', 1, 1),
(3260, 3259, 0, 1, '2018-10-16 13:28:00', '2018-10-16 13:28:00', 1, 1),
(3261, 3260, 0, 1, '2018-10-16 13:28:00', '2018-10-16 13:28:00', 1, 1),
(3262, 3261, 0, 1, '2018-10-16 13:28:00', '2018-10-16 13:28:00', 1, 1),
(3263, 3262, 0, 1, '2018-10-16 13:28:00', '2018-10-16 13:28:00', 1, 1),
(3264, 3263, 0, 1, '2018-10-16 13:28:00', '2018-10-16 13:28:00', 1, 1),
(3265, 3264, 0, 1, '2018-10-16 13:28:00', '2018-10-16 13:28:00', 1, 1),
(3266, 3265, 0, 1, '2018-10-16 13:28:00', '2018-10-16 13:28:00', 1, 1),
(3267, 3266, 0, 1, '2018-10-16 13:28:00', '2018-10-16 13:28:00', 1, 1),
(3268, 3267, 0, 1, '2018-10-16 13:28:01', '2018-10-16 13:28:01', 1, 1),
(3269, 3268, 0, 1, '2018-10-16 13:28:01', '2018-10-16 13:28:01', 1, 1),
(3270, 3269, 0, 1, '2018-10-16 13:28:01', '2018-10-16 13:28:01', 1, 1),
(3271, 3270, 0, 1, '2018-10-16 13:28:01', '2018-10-16 13:28:01', 1, 1),
(3272, 3271, 0, 1, '2018-10-16 13:28:01', '2018-10-16 13:28:01', 1, 1),
(3273, 3272, 0, 1, '2018-10-16 13:28:01', '2018-10-16 13:28:01', 1, 1),
(3274, 3273, 0, 1, '2018-10-16 13:28:01', '2018-10-16 13:28:01', 1, 1),
(3275, 3274, 0, 1, '2018-10-16 13:28:01', '2018-10-16 13:28:01', 1, 1),
(3276, 3275, 0, 1, '2018-10-16 13:28:01', '2018-10-16 13:28:01', 1, 1),
(3277, 3276, 0, 1, '2018-10-16 13:28:01', '2018-10-16 13:28:01', 1, 1),
(3278, 3277, 0, 1, '2018-10-16 13:28:01', '2018-10-16 13:28:01', 1, 1),
(3279, 3278, 0, 1, '2018-10-16 13:28:01', '2018-10-16 13:28:01', 1, 1),
(3280, 3279, 0, 1, '2018-10-16 13:28:01', '2018-10-16 13:28:01', 1, 1),
(3281, 3280, 0, 1, '2018-10-16 13:28:01', '2018-10-16 13:28:01', 1, 1),
(3282, 3281, 0, 1, '2018-10-16 13:28:01', '2018-10-16 13:28:01', 1, 1),
(3283, 3282, 0, 1, '2018-10-16 13:28:01', '2018-10-16 13:28:01', 1, 1),
(3284, 3283, 0, 1, '2018-10-16 13:28:01', '2018-10-16 13:28:01', 1, 1),
(3285, 3284, 0, 1, '2018-10-16 13:28:02', '2018-10-16 13:28:02', 1, 1),
(3286, 3285, 0, 1, '2018-10-16 13:28:02', '2018-10-16 13:28:02', 1, 1),
(3287, 3286, 0, 1, '2018-10-16 13:28:02', '2018-10-16 13:28:02', 1, 1),
(3288, 3287, 0, 1, '2018-10-16 13:28:02', '2018-10-16 13:28:02', 1, 1),
(3289, 3288, 0, 1, '2018-10-16 13:28:02', '2018-10-16 13:28:02', 1, 1),
(3290, 3289, 0, 1, '2018-10-16 13:28:02', '2018-10-16 13:28:02', 1, 1),
(3291, 3290, 0, 1, '2018-10-16 13:28:02', '2018-10-16 13:28:02', 1, 1),
(3292, 3291, 0, 1, '2018-10-16 13:28:02', '2018-10-16 13:28:02', 1, 1),
(3293, 3292, 0, 1, '2018-10-16 13:28:02', '2018-10-16 13:28:02', 1, 1),
(3294, 3293, 0, 1, '2018-10-16 13:28:02', '2018-10-16 13:28:02', 1, 1),
(3295, 3294, 0, 1, '2018-10-16 13:28:02', '2018-10-16 13:28:02', 1, 1),
(3296, 3295, 0, 1, '2018-10-16 13:28:02', '2018-10-16 13:28:02', 1, 1),
(3297, 3296, 0, 1, '2018-10-16 13:28:02', '2018-10-16 13:28:02', 1, 1),
(3298, 3297, 0, 1, '2018-10-16 13:28:02', '2018-10-16 13:28:02', 1, 1),
(3299, 3298, 0, 1, '2018-10-16 13:28:02', '2018-10-16 13:28:02', 1, 1),
(3300, 3299, 0, 1, '2018-10-16 13:28:02', '2018-10-16 13:28:02', 1, 1),
(3301, 3300, 0, 1, '2018-10-16 13:28:02', '2018-10-16 13:28:02', 1, 1),
(3302, 3301, 0, 1, '2018-10-16 13:28:02', '2018-10-16 13:28:02', 1, 1),
(3303, 3302, 0, 1, '2018-10-16 13:28:02', '2018-10-16 13:28:02', 1, 1),
(3304, 3303, 0, 1, '2018-10-16 13:28:02', '2018-10-16 13:28:02', 1, 1),
(3305, 3304, 0, 1, '2018-10-16 13:28:02', '2018-10-16 13:28:02', 1, 1),
(3306, 3305, 0, 1, '2018-10-16 13:28:03', '2018-10-16 13:28:03', 1, 1),
(3307, 3306, 0, 1, '2018-10-16 13:28:03', '2018-10-16 13:28:03', 1, 1),
(3308, 3307, 0, 1, '2018-10-16 13:28:03', '2018-10-16 13:28:03', 1, 1),
(3309, 3308, 0, 1, '2018-10-16 13:28:03', '2018-10-16 13:28:03', 1, 1),
(3310, 3309, 0, 1, '2018-10-16 13:28:03', '2018-10-16 13:28:03', 1, 1),
(3311, 3310, 0, 1, '2018-10-16 13:28:03', '2018-10-16 13:28:03', 1, 1),
(3312, 3311, 0, 1, '2018-10-16 13:28:03', '2018-10-16 13:28:03', 1, 1),
(3313, 3312, 0, 1, '2018-10-16 13:28:03', '2018-10-16 13:28:03', 1, 1),
(3314, 3313, 0, 1, '2018-10-16 13:28:03', '2018-10-16 13:28:03', 1, 1),
(3315, 3314, 0, 1, '2018-10-16 13:28:03', '2018-10-16 13:28:03', 1, 1),
(3316, 3315, 0, 1, '2018-10-16 13:28:03', '2018-10-16 13:28:03', 1, 1),
(3317, 3316, 0, 1, '2018-10-16 13:28:03', '2018-10-16 13:28:03', 1, 1),
(3318, 3317, 0, 1, '2018-10-16 13:28:03', '2018-10-16 13:28:03', 1, 1),
(3319, 3318, 0, 1, '2018-10-16 13:28:03', '2018-10-16 13:28:03', 1, 1),
(3320, 3319, 0, 1, '2018-10-16 13:28:03', '2018-10-16 13:28:03', 1, 1),
(3321, 3320, 0, 1, '2018-10-16 13:28:03', '2018-10-16 13:28:03', 1, 1),
(3322, 3321, 0, 1, '2018-10-16 13:28:03', '2018-10-16 13:28:03', 1, 1),
(3323, 3322, 0, 1, '2018-10-16 13:28:04', '2018-10-16 13:28:04', 1, 1),
(3324, 3323, 0, 1, '2018-10-16 13:28:04', '2018-10-16 13:28:04', 1, 1),
(3325, 3324, 0, 1, '2018-10-16 13:28:04', '2018-10-16 13:28:04', 1, 1),
(3326, 3325, 0, 1, '2018-10-16 13:28:04', '2018-10-16 13:28:04', 1, 1),
(3327, 3326, 0, 1, '2018-10-16 13:28:04', '2018-10-16 13:28:04', 1, 1),
(3328, 3327, 0, 1, '2018-10-16 13:28:04', '2018-10-16 13:28:04', 1, 1),
(3329, 3328, 0, 1, '2018-10-16 13:28:04', '2018-10-16 13:28:04', 1, 1),
(3330, 3329, 0, 1, '2018-10-16 13:28:04', '2018-10-16 13:28:04', 1, 1),
(3331, 3330, 0, 1, '2018-10-16 13:28:04', '2018-10-16 13:28:04', 1, 1),
(3332, 3331, 0, 1, '2018-10-16 13:28:04', '2018-10-16 13:28:04', 1, 1),
(3333, 3332, 0, 1, '2018-10-16 13:28:04', '2018-10-16 13:28:04', 1, 1),
(3334, 3333, 0, 1, '2018-10-16 13:37:41', '2018-10-16 13:37:41', 1, 1),
(3335, 3334, 0, 1, '2018-10-16 13:37:41', '2018-10-16 13:37:41', 1, 1),
(3336, 3335, 0, 1, '2018-10-16 13:37:41', '2018-10-16 13:37:41', 1, 1),
(3337, 3336, 0, 1, '2018-10-16 13:37:41', '2018-10-16 13:37:41', 1, 1),
(3338, 3337, 0, 1, '2018-10-16 13:37:41', '2018-10-16 13:37:41', 1, 1),
(3339, 3338, 0, 1, '2018-10-16 13:37:41', '2018-10-16 13:37:41', 1, 1),
(3340, 3339, 0, 1, '2018-10-16 13:37:42', '2018-10-16 13:37:42', 1, 1),
(3341, 3340, 0, 1, '2018-10-16 13:37:42', '2018-10-16 13:37:42', 1, 1),
(3342, 3341, 0, 1, '2018-10-16 13:37:42', '2018-10-16 13:37:42', 1, 1),
(3343, 3342, 0, 1, '2018-10-16 13:37:42', '2018-10-16 13:37:42', 1, 1),
(3344, 3343, 0, 1, '2018-10-16 13:37:42', '2018-10-16 13:37:42', 1, 1),
(3345, 3344, 0, 1, '2018-10-16 13:37:42', '2018-10-16 13:37:42', 1, 1),
(3346, 3345, 0, 1, '2018-10-16 13:37:42', '2018-10-16 13:37:42', 1, 1),
(3347, 3346, 0, 1, '2018-10-16 13:37:42', '2018-10-16 13:37:42', 1, 1),
(3348, 3347, 0, 1, '2018-10-16 13:37:42', '2018-10-16 13:37:42', 1, 1),
(3349, 3348, 0, 1, '2018-10-16 13:37:42', '2018-10-16 13:37:42', 1, 1),
(3350, 3349, 0, 1, '2018-10-16 13:37:42', '2018-10-16 13:37:42', 1, 1),
(3351, 3350, 0, 1, '2018-10-16 13:37:42', '2018-10-16 13:37:42', 1, 1),
(3352, 3351, 0, 1, '2018-10-16 13:37:42', '2018-10-16 13:37:42', 1, 1),
(3353, 3352, 0, 1, '2018-10-16 13:37:42', '2018-10-16 13:37:42', 1, 1),
(3354, 3353, 0, 1, '2018-10-16 13:37:42', '2018-10-16 13:37:42', 1, 1),
(3355, 3354, 0, 1, '2018-10-16 13:37:42', '2018-10-16 13:37:42', 1, 1),
(3356, 3355, 0, 1, '2018-10-16 13:37:42', '2018-10-16 13:37:42', 1, 1),
(3357, 3356, 0, 1, '2018-10-16 13:37:43', '2018-10-16 13:37:43', 1, 1),
(3358, 3357, 0, 1, '2018-10-16 13:37:43', '2018-10-16 13:37:43', 1, 1),
(3359, 3358, 0, 1, '2018-10-16 13:37:43', '2018-10-16 13:37:43', 1, 1),
(3360, 3359, 0, 1, '2018-10-16 13:37:43', '2018-10-16 13:37:43', 1, 1),
(3361, 3360, 0, 1, '2018-10-16 13:37:43', '2018-10-16 13:37:43', 1, 1),
(3362, 3361, 0, 1, '2018-10-16 13:37:43', '2018-10-16 13:37:43', 1, 1),
(3363, 3362, 0, 1, '2018-10-16 13:37:43', '2018-10-16 13:37:43', 1, 1),
(3364, 3363, 0, 1, '2018-10-16 13:37:43', '2018-10-16 13:37:43', 1, 1),
(3365, 3364, 0, 1, '2018-10-16 13:37:43', '2018-10-16 13:37:43', 1, 1),
(3366, 3365, 0, 1, '2018-10-16 13:37:43', '2018-10-16 13:37:43', 1, 1),
(3367, 3366, 0, 1, '2018-10-16 13:37:43', '2018-10-16 13:37:43', 1, 1),
(3368, 3367, 0, 1, '2018-10-16 13:37:43', '2018-10-16 13:37:43', 1, 1),
(3369, 3368, 0, 1, '2018-10-16 13:37:43', '2018-10-16 13:37:43', 1, 1),
(3370, 3369, 0, 1, '2018-10-16 13:37:43', '2018-10-16 13:37:43', 1, 1),
(3371, 3370, 0, 1, '2018-10-16 13:37:43', '2018-10-16 13:37:43', 1, 1),
(3372, 3371, 0, 1, '2018-10-16 13:37:43', '2018-10-16 13:37:43', 1, 1),
(3373, 3372, 0, 1, '2018-10-16 13:37:43', '2018-10-16 13:37:43', 1, 1),
(3374, 3373, 0, 1, '2018-10-16 13:37:44', '2018-10-16 13:37:44', 1, 1),
(3375, 3374, 0, 1, '2018-10-16 13:37:44', '2018-10-16 13:37:44', 1, 1),
(3376, 3375, 0, 1, '2018-10-16 13:37:44', '2018-10-16 13:37:44', 1, 1),
(3377, 3376, 0, 1, '2018-10-16 13:37:44', '2018-10-16 13:37:44', 1, 1),
(3378, 3377, 0, 1, '2018-10-16 13:37:44', '2018-10-16 13:37:44', 1, 1),
(3379, 3378, 0, 1, '2018-10-16 13:37:44', '2018-10-16 13:37:44', 1, 1),
(3380, 3379, 0, 1, '2018-10-16 13:37:44', '2018-10-16 13:37:44', 1, 1),
(3381, 3380, 0, 1, '2018-10-16 13:37:44', '2018-10-16 13:37:44', 1, 1),
(3382, 3381, 0, 1, '2018-10-16 13:37:44', '2018-10-16 13:37:44', 1, 1),
(3383, 3382, 0, 1, '2018-10-16 13:37:44', '2018-10-16 13:37:44', 1, 1),
(3384, 3383, 0, 1, '2018-10-16 13:37:44', '2018-10-16 13:37:44', 1, 1),
(3385, 3384, 0, 1, '2018-10-16 13:37:44', '2018-10-16 13:37:44', 1, 1),
(3386, 3385, 0, 1, '2018-10-16 13:37:44', '2018-10-16 13:37:44', 1, 1),
(3387, 3386, 0, 1, '2018-10-16 13:37:44', '2018-10-16 13:37:44', 1, 1),
(3388, 3387, 0, 1, '2018-10-16 13:37:44', '2018-10-16 13:37:44', 1, 1),
(3389, 3388, 0, 1, '2018-10-16 13:37:44', '2018-10-16 13:37:44', 1, 1),
(3390, 3389, 0, 1, '2018-10-16 13:37:44', '2018-10-16 13:37:44', 1, 1),
(3391, 3390, 0, 1, '2018-10-16 13:37:44', '2018-10-16 13:37:44', 1, 1),
(3392, 3391, 0, 1, '2018-10-16 13:37:44', '2018-10-16 13:37:44', 1, 1),
(3393, 3392, 0, 1, '2018-10-16 13:37:45', '2018-10-16 13:37:45', 1, 1),
(3394, 3393, 0, 1, '2018-10-16 13:37:45', '2018-10-16 13:37:45', 1, 1),
(3395, 3394, 0, 1, '2018-10-16 13:37:45', '2018-10-16 13:37:45', 1, 1),
(3396, 3395, 0, 1, '2018-10-16 13:37:45', '2018-10-16 13:37:45', 1, 1),
(3397, 3396, 0, 1, '2018-10-16 13:37:45', '2018-10-16 13:37:45', 1, 1),
(3398, 3397, 0, 1, '2018-10-16 13:37:45', '2018-10-16 13:37:45', 1, 1),
(3399, 3398, 0, 1, '2018-10-16 13:37:45', '2018-10-16 13:37:45', 1, 1),
(3400, 3399, 0, 1, '2018-10-16 13:37:45', '2018-10-16 13:37:45', 1, 1),
(3401, 3400, 0, 1, '2018-10-16 13:37:45', '2018-10-16 13:37:45', 1, 1),
(3402, 3401, 0, 1, '2018-10-16 13:37:45', '2018-10-16 13:37:45', 1, 1),
(3403, 3402, 0, 1, '2018-10-16 13:37:45', '2018-10-16 13:37:45', 1, 1),
(3404, 3403, 0, 1, '2018-10-16 13:37:45', '2018-10-16 13:37:45', 1, 1),
(3405, 3404, 0, 1, '2018-10-16 13:37:45', '2018-10-16 13:37:45', 1, 1),
(3406, 3405, 0, 1, '2018-10-16 13:37:45', '2018-10-16 13:37:45', 1, 1),
(3407, 3406, 0, 1, '2018-10-16 13:37:45', '2018-10-16 13:37:45', 1, 1),
(3408, 3407, 0, 1, '2018-10-16 13:37:45', '2018-10-16 13:37:45', 1, 1),
(3409, 3408, 0, 1, '2018-10-16 13:37:45', '2018-10-16 13:37:45', 1, 1),
(3410, 3409, 0, 1, '2018-10-16 13:37:45', '2018-10-16 13:37:45', 1, 1),
(3411, 3410, 0, 1, '2018-10-16 13:37:45', '2018-10-16 13:37:45', 1, 1),
(3412, 3411, 0, 1, '2018-10-16 13:37:45', '2018-10-16 13:37:45', 1, 1),
(3413, 3412, 0, 1, '2018-10-16 13:37:46', '2018-10-16 13:37:46', 1, 1),
(3414, 3413, 0, 1, '2018-10-16 13:37:46', '2018-10-16 13:37:46', 1, 1),
(3415, 3414, 0, 1, '2018-10-16 13:37:46', '2018-10-16 13:37:46', 1, 1),
(3416, 3415, 0, 1, '2018-10-16 13:37:46', '2018-10-16 13:37:46', 1, 1),
(3417, 3416, 0, 1, '2018-10-16 13:37:46', '2018-10-16 13:37:46', 1, 1),
(3418, 3417, 0, 1, '2018-10-16 13:37:46', '2018-10-16 13:37:46', 1, 1),
(3419, 3418, 0, 1, '2018-10-16 13:37:46', '2018-10-16 13:37:46', 1, 1),
(3420, 3419, 0, 1, '2018-10-16 13:37:46', '2018-10-16 13:37:46', 1, 1),
(3421, 3420, 0, 1, '2018-10-16 13:37:46', '2018-10-16 13:37:46', 1, 1),
(3422, 3421, 0, 1, '2018-10-16 13:37:46', '2018-10-16 13:37:46', 1, 1),
(3423, 3422, 0, 1, '2018-10-16 13:37:46', '2018-10-16 13:37:46', 1, 1),
(3424, 3423, 0, 1, '2018-10-16 13:37:46', '2018-10-16 13:37:46', 1, 1),
(3425, 3424, 0, 1, '2018-10-16 13:37:46', '2018-10-16 13:37:46', 1, 1),
(3426, 3425, 0, 1, '2018-10-16 13:37:46', '2018-10-16 13:37:46', 1, 1),
(3427, 3426, 0, 1, '2018-10-16 13:37:46', '2018-10-16 13:37:46', 1, 1),
(3428, 3427, 0, 1, '2018-10-16 13:37:46', '2018-10-16 13:37:46', 1, 1),
(3429, 3428, 0, 1, '2018-10-16 13:37:46', '2018-10-16 13:37:46', 1, 1),
(3430, 3429, 0, 1, '2018-10-16 13:37:46', '2018-10-16 13:37:46', 1, 1),
(3431, 3430, 0, 1, '2018-10-16 13:37:46', '2018-10-16 13:37:46', 1, 1),
(3432, 3431, 0, 1, '2018-10-16 13:37:46', '2018-10-16 13:37:46', 1, 1),
(3433, 3432, 0, 1, '2018-10-16 13:37:46', '2018-10-16 13:37:46', 1, 1),
(3434, 3433, 0, 1, '2018-10-16 13:37:47', '2018-10-16 13:37:47', 1, 1),
(3435, 3434, 0, 1, '2018-10-16 13:37:47', '2018-10-16 13:37:47', 1, 1),
(3436, 3435, 0, 1, '2018-10-16 13:37:47', '2018-10-16 14:27:54', 1, 1),
(3437, 3436, 0, 1, '2018-10-16 13:37:47', '2018-10-16 13:37:47', 1, 1),
(3438, 3437, 0, 1, '2018-10-16 13:37:47', '2018-10-16 13:37:47', 1, 1),
(3439, 3438, 0, 1, '2018-10-16 13:37:47', '2018-10-16 13:37:47', 1, 1),
(3440, 3439, 0, 1, '2018-10-16 13:37:47', '2018-10-16 13:37:47', 1, 1),
(3441, 3440, 0, 1, '2018-10-16 13:37:47', '2018-10-16 13:37:47', 1, 1),
(3442, 3441, 0, 1, '2018-10-16 13:37:47', '2018-10-16 13:37:47', 1, 1),
(3443, 3442, 0, 1, '2018-10-16 13:37:47', '2018-10-16 13:37:47', 1, 1),
(3444, 3443, 0, 1, '2018-10-16 13:37:47', '2018-10-16 13:37:47', 1, 1),
(3445, 3444, 0, 1, '2018-10-16 13:37:47', '2018-10-16 13:37:47', 1, 1),
(3446, 3445, 0, 1, '2018-10-16 13:37:47', '2018-10-16 13:37:47', 1, 1),
(3447, 3446, 0, 1, '2018-10-16 13:37:47', '2018-10-16 13:37:47', 1, 1),
(3448, 3447, 0, 1, '2018-10-16 13:37:47', '2018-10-16 13:37:47', 1, 1),
(3449, 3448, 0, 1, '2018-10-16 13:37:47', '2018-10-16 13:37:47', 1, 1),
(3450, 3449, 0, 1, '2018-10-16 13:37:47', '2018-10-16 13:37:47', 1, 1),
(3451, 3450, 0, 1, '2018-10-16 13:37:47', '2018-10-16 13:37:47', 1, 1),
(3452, 3451, 0, 1, '2018-10-16 13:37:48', '2018-10-16 13:37:48', 1, 1),
(3453, 3452, 0, 1, '2018-10-16 13:37:48', '2018-10-16 13:37:48', 1, 1),
(3454, 3453, 0, 1, '2018-10-16 13:37:48', '2018-10-16 13:37:48', 1, 1),
(3455, 3454, 0, 1, '2018-10-16 13:37:48', '2018-10-16 13:37:48', 1, 1),
(3456, 3455, 0, 1, '2018-10-16 13:37:48', '2018-10-16 13:37:48', 1, 1),
(3457, 3456, 0, 1, '2018-10-16 13:37:48', '2018-10-16 13:37:48', 1, 1),
(3458, 3457, 0, 1, '2018-10-16 13:37:48', '2018-10-16 13:37:48', 1, 1),
(3459, 3458, 0, 1, '2018-10-16 13:37:48', '2018-10-16 13:37:48', 1, 1),
(3460, 3459, 0, 1, '2018-10-16 13:37:48', '2018-10-16 13:37:48', 1, 1),
(3461, 3460, 0, 1, '2018-10-16 13:37:48', '2018-10-16 13:37:48', 1, 1),
(3462, 3461, 0, 1, '2018-10-16 13:37:48', '2018-10-16 13:37:48', 1, 1),
(3463, 3462, 0, 1, '2018-10-16 13:37:48', '2018-10-16 13:37:48', 1, 1),
(3464, 3463, 0, 1, '2018-10-16 13:37:48', '2018-10-16 13:37:48', 1, 1),
(3465, 3464, 0, 1, '2018-10-16 13:37:48', '2018-10-16 13:37:48', 1, 1),
(3466, 3465, 0, 1, '2018-10-16 13:37:48', '2018-10-16 13:37:48', 1, 1),
(3467, 3466, 0, 1, '2018-10-16 13:37:48', '2018-10-16 13:37:48', 1, 1),
(3468, 3467, 0, 1, '2018-10-16 13:37:48', '2018-10-16 13:37:48', 1, 1),
(3469, 3468, 0, 1, '2018-10-16 13:37:48', '2018-10-16 13:37:48', 1, 1),
(3470, 3469, 0, 1, '2018-10-16 13:37:49', '2018-10-16 13:37:49', 1, 1),
(3471, 3470, 0, 1, '2018-10-16 13:37:49', '2018-10-16 13:37:49', 1, 1),
(3472, 3471, 0, 1, '2018-10-16 13:37:49', '2018-10-16 13:37:49', 1, 1),
(3473, 3472, 0, 1, '2018-10-16 13:37:49', '2018-10-16 13:37:49', 1, 1),
(3474, 3473, 0, 1, '2018-10-26 13:44:12', '2018-10-26 13:44:21', 1, 1),
(3475, 3474, 0, 1, '2019-02-21 13:46:03', '2019-02-21 13:46:03', 1, 1),
(3476, 3475, 0, 1, '2019-02-21 13:56:56', '2019-02-21 13:56:56', 1, 1),
(3477, 3476, 0, 1, '2019-02-21 13:59:57', '2019-02-21 13:59:57', 1, 1),
(3478, 3477, 0, 1, '2019-02-21 14:01:15', '2019-02-21 14:01:15', 1, 1),
(3479, 3478, 0, 1, '2019-05-29 12:16:34', '2019-05-29 12:16:34', 1, 1);

-- --------------------------------------------------------

--
-- Table structure for table `states_text`
--

CREATE TABLE `states_text` (
  `StateTextID` int(11) NOT NULL,
  `CountryID` int(11) NOT NULL,
  `StateID` int(11) NOT NULL,
  `Title` varchar(255) NOT NULL,
  `Seo` text NOT NULL,
  `SystemLanguageID` int(11) NOT NULL,
  `CreatedAt` datetime NOT NULL,
  `UpdatedAt` datetime NOT NULL,
  `CreatedBy` int(11) NOT NULL,
  `UpdatedBy` int(11) NOT NULL
) ENGINE=InnoDB DEFAULT CHARSET=utf8;

--
-- Dumping data for table `states_text`
--

INSERT INTO `states_text` (`StateTextID`, `CountryID`, `StateID`, `Title`, `Seo`, `SystemLanguageID`, `CreatedAt`, `UpdatedAt`, `CreatedBy`, `UpdatedBy`) VALUES
(33, 3, 33, 'Berat', '', 1, '2018-10-16 13:24:59', '2018-10-16 13:24:59', 1, 1),
(34, 3, 34, 'Bulqize', '', 1, '2018-10-16 13:24:59', '2018-10-16 13:24:59', 1, 1),
(35, 3, 35, 'Delvine', '', 1, '2018-10-16 13:24:59', '2018-10-16 13:24:59', 1, 1),
(36, 3, 36, 'Devoll', '', 1, '2018-10-16 13:24:59', '2018-10-16 13:24:59', 1, 1),
(37, 3, 37, 'Dibre', '', 1, '2018-10-16 13:24:59', '2018-10-16 13:24:59', 1, 1),
(38, 3, 38, 'Durres', '', 1, '2018-10-16 13:24:59', '2018-10-16 13:24:59', 1, 1),
(39, 3, 39, 'Elbasan', '', 1, '2018-10-16 13:24:59', '2018-10-16 13:24:59', 1, 1),
(40, 3, 40, 'Fier', '', 1, '2018-10-16 13:24:59', '2018-10-16 13:24:59', 1, 1),
(41, 3, 41, 'Gjirokaster', '', 1, '2018-10-16 13:24:59', '2018-10-16 13:24:59', 1, 1),
(42, 3, 42, 'Gramsh', '', 1, '2018-10-16 13:24:59', '2018-10-16 13:24:59', 1, 1),
(43, 3, 43, 'Has', '', 1, '2018-10-16 13:24:59', '2018-10-16 13:24:59', 1, 1),
(44, 3, 44, 'Kavaje', '', 1, '2018-10-16 13:24:59', '2018-10-16 13:24:59', 1, 1),
(45, 3, 45, 'Kolonje', '', 1, '2018-10-16 13:24:59', '2018-10-16 13:24:59', 1, 1),
(46, 3, 46, 'Korce', '', 1, '2018-10-16 13:24:59', '2018-10-16 13:24:59', 1, 1),
(47, 3, 47, 'Kruje', '', 1, '2018-10-16 13:25:00', '2018-10-16 13:25:00', 1, 1),
(48, 3, 48, 'Kucove', '', 1, '2018-10-16 13:25:00', '2018-10-16 13:25:00', 1, 1),
(49, 3, 49, 'Kukes', '', 1, '2018-10-16 13:25:00', '2018-10-16 13:25:00', 1, 1),
(50, 3, 50, 'Kurbin', '', 1, '2018-10-16 13:25:00', '2018-10-16 13:25:00', 1, 1),
(51, 3, 51, 'Lezhe', '', 1, '2018-10-16 13:25:00', '2018-10-16 13:25:00', 1, 1),
(52, 3, 52, 'Librazhd', '', 1, '2018-10-16 13:25:00', '2018-10-16 13:25:00', 1, 1),
(53, 3, 53, 'Lushnje', '', 1, '2018-10-16 13:25:00', '2018-10-16 13:25:00', 1, 1),
(54, 3, 54, 'Mallakaster', '', 1, '2018-10-16 13:25:00', '2018-10-16 13:25:00', 1, 1),
(55, 3, 55, 'Malsi e Madhe', '', 1, '2018-10-16 13:25:00', '2018-10-16 13:25:00', 1, 1),
(56, 3, 56, 'Mat', '', 1, '2018-10-16 13:25:00', '2018-10-16 13:25:00', 1, 1),
(57, 3, 57, 'Mirdite', '', 1, '2018-10-16 13:25:00', '2018-10-16 13:25:00', 1, 1),
(58, 3, 58, 'Peqin', '', 1, '2018-10-16 13:25:00', '2018-10-16 13:25:00', 1, 1),
(59, 3, 59, 'Permet', '', 1, '2018-10-16 13:25:00', '2018-10-16 13:25:00', 1, 1),
(60, 3, 60, 'Pogradec', '', 1, '2018-10-16 13:25:00', '2018-10-16 13:25:00', 1, 1),
(61, 3, 61, 'Puke', '', 1, '2018-10-16 13:25:00', '2018-10-16 13:25:00', 1, 1),
(62, 3, 62, 'Sarande', '', 1, '2018-10-16 13:25:00', '2018-10-16 13:25:00', 1, 1),
(63, 3, 63, 'Shkoder', '', 1, '2018-10-16 13:25:00', '2018-10-16 13:25:00', 1, 1),
(64, 3, 64, 'Skrapar', '', 1, '2018-10-16 13:25:00', '2018-10-16 13:25:00', 1, 1),
(65, 3, 65, 'Tepelene', '', 1, '2018-10-16 13:25:00', '2018-10-16 13:25:00', 1, 1),
(66, 3, 66, 'Tirane', '', 1, '2018-10-16 13:25:00', '2018-10-16 13:25:00', 1, 1),
(67, 3, 67, 'Tropoje', '', 1, '2018-10-16 13:25:00', '2018-10-16 13:25:00', 1, 1),
(68, 3, 68, 'Vlore', '', 1, '2018-10-16 13:25:00', '2018-10-16 13:25:00', 1, 1),
(69, 4, 69, '\'Ayn Daflah', '', 1, '2018-10-16 13:25:00', '2018-10-16 13:25:00', 1, 1),
(70, 4, 70, '\'Ayn Tamushanat', '', 1, '2018-10-16 13:25:00', '2018-10-16 13:25:00', 1, 1),
(71, 4, 71, 'Adrar', '', 1, '2018-10-16 13:25:00', '2018-10-16 13:25:00', 1, 1),
(72, 4, 72, 'Algiers', '', 1, '2018-10-16 13:25:01', '2018-10-16 13:25:01', 1, 1),
(73, 4, 73, 'Annabah', '', 1, '2018-10-16 13:25:01', '2018-10-16 13:25:01', 1, 1),
(74, 4, 74, 'Bashshar', '', 1, '2018-10-16 13:25:01', '2018-10-16 13:25:01', 1, 1),
(75, 4, 75, 'Batnah', '', 1, '2018-10-16 13:25:01', '2018-10-16 13:25:01', 1, 1),
(76, 4, 76, 'Bijayah', '', 1, '2018-10-16 13:25:01', '2018-10-16 13:25:01', 1, 1),
(77, 4, 77, 'Biskrah', '', 1, '2018-10-16 13:25:01', '2018-10-16 13:25:01', 1, 1),
(78, 4, 78, 'Blidah', '', 1, '2018-10-16 13:25:01', '2018-10-16 13:25:01', 1, 1),
(79, 4, 79, 'Buirah', '', 1, '2018-10-16 13:25:01', '2018-10-16 13:25:01', 1, 1),
(80, 4, 80, 'Bumardas', '', 1, '2018-10-16 13:25:01', '2018-10-16 13:25:01', 1, 1),
(81, 4, 81, 'Burj Bu Arririj', '', 1, '2018-10-16 13:25:01', '2018-10-16 13:25:01', 1, 1),
(82, 4, 82, 'Ghalizan', '', 1, '2018-10-16 13:25:01', '2018-10-16 13:25:01', 1, 1),
(83, 4, 83, 'Ghardayah', '', 1, '2018-10-16 13:25:01', '2018-10-16 13:25:01', 1, 1),
(84, 4, 84, 'Ilizi', '', 1, '2018-10-16 13:25:01', '2018-10-16 13:25:01', 1, 1),
(85, 4, 85, 'Jijili', '', 1, '2018-10-16 13:25:01', '2018-10-16 13:25:01', 1, 1),
(86, 4, 86, 'Jilfah', '', 1, '2018-10-16 13:25:01', '2018-10-16 13:25:01', 1, 1),
(87, 4, 87, 'Khanshalah', '', 1, '2018-10-16 13:25:01', '2018-10-16 13:25:01', 1, 1),
(88, 4, 88, 'Masilah', '', 1, '2018-10-16 13:25:01', '2018-10-16 13:25:01', 1, 1),
(89, 4, 89, 'Midyah', '', 1, '2018-10-16 13:25:01', '2018-10-16 13:25:01', 1, 1),
(90, 4, 90, 'Milah', '', 1, '2018-10-16 13:25:01', '2018-10-16 13:25:01', 1, 1),
(91, 4, 91, 'Muaskar', '', 1, '2018-10-16 13:25:01', '2018-10-16 13:25:01', 1, 1),
(92, 4, 92, 'Mustaghanam', '', 1, '2018-10-16 13:25:01', '2018-10-16 13:25:01', 1, 1),
(93, 4, 93, 'Naama', '', 1, '2018-10-16 13:25:01', '2018-10-16 13:25:01', 1, 1),
(94, 4, 94, 'Oran', '', 1, '2018-10-16 13:25:01', '2018-10-16 13:25:01', 1, 1),
(95, 4, 95, 'Ouargla', '', 1, '2018-10-16 13:25:01', '2018-10-16 13:25:01', 1, 1),
(96, 4, 96, 'Qalmah', '', 1, '2018-10-16 13:25:01', '2018-10-16 13:25:01', 1, 1),
(97, 4, 97, 'Qustantinah', '', 1, '2018-10-16 13:25:01', '2018-10-16 13:25:01', 1, 1),
(98, 4, 98, 'Sakikdah', '', 1, '2018-10-16 13:25:02', '2018-10-16 13:25:02', 1, 1),
(99, 4, 99, 'Satif', '', 1, '2018-10-16 13:25:02', '2018-10-16 13:25:02', 1, 1),
(100, 4, 100, 'Sayda\'', '', 1, '2018-10-16 13:25:02', '2018-10-16 13:25:02', 1, 1),
(101, 4, 101, 'Sidi ban-al-\'Abbas', '', 1, '2018-10-16 13:25:02', '2018-10-16 13:25:02', 1, 1),
(102, 4, 102, 'Suq Ahras', '', 1, '2018-10-16 13:25:02', '2018-10-16 13:25:02', 1, 1),
(103, 4, 103, 'Tamanghasat', '', 1, '2018-10-16 13:25:02', '2018-10-16 13:25:02', 1, 1),
(104, 4, 104, 'Tibazah', '', 1, '2018-10-16 13:25:02', '2018-10-16 13:25:02', 1, 1),
(105, 4, 105, 'Tibissah', '', 1, '2018-10-16 13:25:02', '2018-10-16 13:25:02', 1, 1),
(106, 4, 106, 'Tilimsan', '', 1, '2018-10-16 13:25:02', '2018-10-16 13:25:02', 1, 1),
(107, 4, 107, 'Tinduf', '', 1, '2018-10-16 13:25:02', '2018-10-16 13:25:02', 1, 1),
(108, 4, 108, 'Tisamsilt', '', 1, '2018-10-16 13:25:02', '2018-10-16 13:25:02', 1, 1),
(109, 4, 109, 'Tiyarat', '', 1, '2018-10-16 13:25:02', '2018-10-16 13:25:02', 1, 1),
(110, 4, 110, 'Tizi Wazu', '', 1, '2018-10-16 13:25:02', '2018-10-16 13:25:02', 1, 1),
(111, 4, 111, 'Umm-al-Bawaghi', '', 1, '2018-10-16 13:25:02', '2018-10-16 13:25:02', 1, 1),
(112, 4, 112, 'Wahran', '', 1, '2018-10-16 13:25:02', '2018-10-16 13:25:02', 1, 1),
(113, 4, 113, 'Warqla', '', 1, '2018-10-16 13:25:02', '2018-10-16 13:25:02', 1, 1),
(114, 4, 114, 'Wilaya d Alger', '', 1, '2018-10-16 13:25:02', '2018-10-16 13:25:02', 1, 1),
(115, 4, 115, 'Wilaya de Bejaia', '', 1, '2018-10-16 13:25:02', '2018-10-16 13:25:02', 1, 1),
(116, 4, 116, 'Wilaya de Constantine', '', 1, '2018-10-16 13:25:02', '2018-10-16 13:25:02', 1, 1),
(117, 4, 117, 'al-Aghwat', '', 1, '2018-10-16 13:25:02', '2018-10-16 13:25:02', 1, 1),
(118, 4, 118, 'al-Bayadh', '', 1, '2018-10-16 13:25:02', '2018-10-16 13:25:02', 1, 1),
(119, 4, 119, 'al-Jaza\'ir', '', 1, '2018-10-16 13:25:02', '2018-10-16 13:25:02', 1, 1),
(120, 4, 120, 'al-Wad', '', 1, '2018-10-16 13:25:02', '2018-10-16 13:25:02', 1, 1),
(121, 4, 121, 'ash-Shalif', '', 1, '2018-10-16 13:25:02', '2018-10-16 13:25:02', 1, 1),
(122, 4, 122, 'at-Tarif', '', 1, '2018-10-16 13:25:02', '2018-10-16 13:25:02', 1, 1),
(123, 5, 123, 'Eastern', '', 1, '2018-10-16 13:25:03', '2018-10-16 13:25:03', 1, 1),
(124, 5, 124, 'Manu\'a', '', 1, '2018-10-16 13:25:03', '2018-10-16 13:25:03', 1, 1),
(125, 5, 125, 'Swains Island', '', 1, '2018-10-16 13:25:03', '2018-10-16 13:25:03', 1, 1),
(126, 5, 126, 'Western', '', 1, '2018-10-16 13:25:03', '2018-10-16 13:25:03', 1, 1),
(127, 6, 127, 'Andorra la Vella', '', 1, '2018-10-16 13:25:03', '2018-10-16 13:25:03', 1, 1),
(128, 6, 128, 'Canillo', '', 1, '2018-10-16 13:25:03', '2018-10-16 13:25:03', 1, 1),
(129, 6, 129, 'Encamp', '', 1, '2018-10-16 13:25:03', '2018-10-16 13:25:03', 1, 1),
(130, 6, 130, 'La Massana', '', 1, '2018-10-16 13:25:03', '2018-10-16 13:25:03', 1, 1),
(131, 6, 131, 'Les Escaldes', '', 1, '2018-10-16 13:25:03', '2018-10-16 13:25:03', 1, 1),
(132, 6, 132, 'Ordino', '', 1, '2018-10-16 13:25:03', '2018-10-16 13:25:03', 1, 1),
(133, 6, 133, 'Sant Julia de Loria', '', 1, '2018-10-16 13:25:03', '2018-10-16 13:25:03', 1, 1),
(134, 7, 134, 'Bengo', '', 1, '2018-10-16 13:25:03', '2018-10-16 13:25:03', 1, 1),
(135, 7, 135, 'Benguela', '', 1, '2018-10-16 13:25:03', '2018-10-16 13:25:03', 1, 1),
(136, 7, 136, 'Bie', '', 1, '2018-10-16 13:25:03', '2018-10-16 13:25:03', 1, 1),
(137, 7, 137, 'Cabinda', '', 1, '2018-10-16 13:25:03', '2018-10-16 13:25:03', 1, 1),
(138, 7, 138, 'Cunene', '', 1, '2018-10-16 13:25:03', '2018-10-16 13:25:03', 1, 1),
(139, 7, 139, 'Huambo', '', 1, '2018-10-16 13:25:03', '2018-10-16 13:25:03', 1, 1),
(140, 7, 140, 'Huila', '', 1, '2018-10-16 13:25:03', '2018-10-16 13:25:03', 1, 1),
(141, 7, 141, 'Kuando-Kubango', '', 1, '2018-10-16 13:25:03', '2018-10-16 13:25:03', 1, 1),
(142, 7, 142, 'Kwanza Norte', '', 1, '2018-10-16 13:25:03', '2018-10-16 13:25:03', 1, 1),
(143, 7, 143, 'Kwanza Sul', '', 1, '2018-10-16 13:25:03', '2018-10-16 13:25:03', 1, 1),
(144, 7, 144, 'Luanda', '', 1, '2018-10-16 13:25:03', '2018-10-16 13:25:03', 1, 1),
(145, 7, 145, 'Lunda Norte', '', 1, '2018-10-16 13:25:03', '2018-10-16 13:25:03', 1, 1),
(146, 7, 146, 'Lunda Sul', '', 1, '2018-10-16 13:25:03', '2018-10-16 13:25:03', 1, 1),
(147, 7, 147, 'Malanje', '', 1, '2018-10-16 13:25:03', '2018-10-16 13:25:03', 1, 1),
(148, 7, 148, 'Moxico', '', 1, '2018-10-16 13:25:04', '2018-10-16 13:25:04', 1, 1),
(149, 7, 149, 'Namibe', '', 1, '2018-10-16 13:25:04', '2018-10-16 13:25:04', 1, 1),
(150, 7, 150, 'Uige', '', 1, '2018-10-16 13:25:04', '2018-10-16 13:25:04', 1, 1),
(151, 7, 151, 'Zaire', '', 1, '2018-10-16 13:25:04', '2018-10-16 13:25:04', 1, 1),
(152, 8, 152, 'Other Provinces', '', 1, '2018-10-16 13:25:04', '2018-10-16 13:25:04', 1, 1),
(153, 9, 153, 'Barbuda', '', 1, '2018-10-16 13:25:04', '2018-10-16 13:25:04', 1, 1),
(154, 9, 154, 'Saint George', '', 1, '2018-10-16 13:25:04', '2018-10-16 13:25:04', 1, 1),
(155, 9, 155, 'Saint John', '', 1, '2018-10-16 13:25:04', '2018-10-16 13:25:04', 1, 1),
(156, 9, 156, 'Saint Mary', '', 1, '2018-10-16 13:25:04', '2018-10-16 13:25:04', 1, 1),
(157, 9, 157, 'Saint Paul', '', 1, '2018-10-16 13:25:04', '2018-10-16 13:25:04', 1, 1),
(158, 9, 158, 'Saint Peter', '', 1, '2018-10-16 13:25:04', '2018-10-16 13:25:04', 1, 1),
(159, 9, 159, 'Saint Philip', '', 1, '2018-10-16 13:25:04', '2018-10-16 13:25:04', 1, 1),
(160, 10, 160, 'Buenos Aires', '', 1, '2018-10-16 13:25:04', '2018-10-16 13:25:04', 1, 1),
(161, 10, 161, 'Catamarca', '', 1, '2018-10-16 13:25:04', '2018-10-16 13:25:04', 1, 1),
(162, 10, 162, 'Chaco', '', 1, '2018-10-16 13:25:04', '2018-10-16 13:25:04', 1, 1),
(163, 10, 163, 'Chubut', '', 1, '2018-10-16 13:25:04', '2018-10-16 13:25:04', 1, 1),
(164, 10, 164, 'Cordoba', '', 1, '2018-10-16 13:25:04', '2018-10-16 13:25:04', 1, 1),
(165, 10, 165, 'Corrientes', '', 1, '2018-10-16 13:25:04', '2018-10-16 13:25:04', 1, 1),
(166, 10, 166, 'Distrito Federal', '', 1, '2018-10-16 13:25:04', '2018-10-16 13:25:04', 1, 1),
(167, 10, 167, 'Entre Rios', '', 1, '2018-10-16 13:25:04', '2018-10-16 13:25:04', 1, 1),
(168, 10, 168, 'Formosa', '', 1, '2018-10-16 13:25:04', '2018-10-16 13:25:04', 1, 1),
(169, 10, 169, 'Jujuy', '', 1, '2018-10-16 13:25:04', '2018-10-16 13:25:04', 1, 1),
(170, 10, 170, 'La Pampa', '', 1, '2018-10-16 13:25:04', '2018-10-16 13:25:04', 1, 1),
(171, 10, 171, 'La Rioja', '', 1, '2018-10-16 13:25:04', '2018-10-16 13:25:04', 1, 1),
(172, 10, 172, 'Mendoza', '', 1, '2018-10-16 13:25:04', '2018-10-16 13:25:04', 1, 1),
(173, 10, 173, 'Misiones', '', 1, '2018-10-16 13:25:04', '2018-10-16 13:25:04', 1, 1),
(174, 10, 174, 'Neuquen', '', 1, '2018-10-16 13:25:04', '2018-10-16 13:25:04', 1, 1),
(175, 10, 175, 'Rio Negro', '', 1, '2018-10-16 13:25:04', '2018-10-16 13:25:04', 1, 1),
(176, 10, 176, 'Salta', '', 1, '2018-10-16 13:25:04', '2018-10-16 13:25:04', 1, 1),
(177, 10, 177, 'San Juan', '', 1, '2018-10-16 13:25:04', '2018-10-16 13:25:04', 1, 1),
(178, 10, 178, 'San Luis', '', 1, '2018-10-16 13:25:05', '2018-10-16 13:25:05', 1, 1),
(179, 10, 179, 'Santa Cruz', '', 1, '2018-10-16 13:25:05', '2018-10-16 13:25:05', 1, 1),
(180, 10, 180, 'Santa Fe', '', 1, '2018-10-16 13:25:05', '2018-10-16 13:25:05', 1, 1),
(181, 10, 181, 'Santiago del Estero', '', 1, '2018-10-16 13:25:05', '2018-10-16 13:25:05', 1, 1),
(182, 10, 182, 'Tierra del Fuego', '', 1, '2018-10-16 13:25:05', '2018-10-16 13:25:05', 1, 1),
(183, 10, 183, 'Tucuman', '', 1, '2018-10-16 13:25:05', '2018-10-16 13:25:05', 1, 1),
(184, 11, 184, 'Aragatsotn', '', 1, '2018-10-16 13:25:05', '2018-10-16 13:25:05', 1, 1),
(185, 11, 185, 'Ararat', '', 1, '2018-10-16 13:25:05', '2018-10-16 13:25:05', 1, 1),
(186, 11, 186, 'Armavir', '', 1, '2018-10-16 13:25:05', '2018-10-16 13:25:05', 1, 1),
(187, 11, 187, 'Gegharkunik', '', 1, '2018-10-16 13:25:05', '2018-10-16 13:25:05', 1, 1),
(188, 11, 188, 'Kotaik', '', 1, '2018-10-16 13:25:05', '2018-10-16 13:25:05', 1, 1),
(189, 11, 189, 'Lori', '', 1, '2018-10-16 13:25:05', '2018-10-16 13:25:05', 1, 1),
(190, 11, 190, 'Shirak', '', 1, '2018-10-16 13:25:05', '2018-10-16 13:25:05', 1, 1),
(191, 11, 191, 'Stepanakert', '', 1, '2018-10-16 13:25:05', '2018-10-16 13:25:05', 1, 1),
(192, 11, 192, 'Syunik', '', 1, '2018-10-16 13:25:05', '2018-10-16 13:25:05', 1, 1),
(193, 11, 193, 'Tavush', '', 1, '2018-10-16 13:25:05', '2018-10-16 13:25:05', 1, 1),
(194, 11, 194, 'Vayots Dzor', '', 1, '2018-10-16 13:25:05', '2018-10-16 13:25:05', 1, 1),
(195, 11, 195, 'Yerevan', '', 1, '2018-10-16 13:25:05', '2018-10-16 13:25:05', 1, 1),
(196, 12, 196, 'Aruba', '', 1, '2018-10-16 13:25:05', '2018-10-16 13:25:05', 1, 1),
(197, 13, 197, 'Auckland', '', 1, '2018-10-16 13:25:05', '2018-10-16 13:25:05', 1, 1),
(198, 13, 198, 'Australian Capital Territory', '', 1, '2018-10-16 13:25:05', '2018-10-16 13:25:05', 1, 1),
(199, 13, 199, 'Balgowlah', '', 1, '2018-10-16 13:25:05', '2018-10-16 13:25:05', 1, 1),
(200, 13, 200, 'Balmain', '', 1, '2018-10-16 13:25:06', '2018-10-16 13:25:06', 1, 1),
(201, 13, 201, 'Bankstown', '', 1, '2018-10-16 13:25:06', '2018-10-16 13:25:06', 1, 1),
(202, 13, 202, 'Baulkham Hills', '', 1, '2018-10-16 13:25:06', '2018-10-16 13:25:06', 1, 1),
(203, 13, 203, 'Bonnet Bay', '', 1, '2018-10-16 13:25:06', '2018-10-16 13:25:06', 1, 1),
(204, 13, 204, 'Camberwell', '', 1, '2018-10-16 13:25:06', '2018-10-16 13:25:06', 1, 1),
(205, 13, 205, 'Carole Park', '', 1, '2018-10-16 13:25:06', '2018-10-16 13:25:06', 1, 1),
(206, 13, 206, 'Castle Hill', '', 1, '2018-10-16 13:25:06', '2018-10-16 13:25:06', 1, 1),
(207, 13, 207, 'Caulfield', '', 1, '2018-10-16 13:25:06', '2018-10-16 13:25:06', 1, 1),
(208, 13, 208, 'Chatswood', '', 1, '2018-10-16 13:25:06', '2018-10-16 13:25:06', 1, 1),
(209, 13, 209, 'Cheltenham', '', 1, '2018-10-16 13:25:06', '2018-10-16 13:25:06', 1, 1),
(210, 13, 210, 'Cherrybrook', '', 1, '2018-10-16 13:25:06', '2018-10-16 13:25:06', 1, 1),
(211, 13, 211, 'Clayton', '', 1, '2018-10-16 13:25:06', '2018-10-16 13:25:06', 1, 1),
(212, 13, 212, 'Collingwood', '', 1, '2018-10-16 13:25:06', '2018-10-16 13:25:06', 1, 1),
(213, 13, 213, 'Frenchs Forest', '', 1, '2018-10-16 13:25:06', '2018-10-16 13:25:06', 1, 1),
(214, 13, 214, 'Hawthorn', '', 1, '2018-10-16 13:25:06', '2018-10-16 13:25:06', 1, 1),
(215, 13, 215, 'Jannnali', '', 1, '2018-10-16 13:25:06', '2018-10-16 13:25:06', 1, 1),
(216, 13, 216, 'Knoxfield', '', 1, '2018-10-16 13:25:06', '2018-10-16 13:25:06', 1, 1),
(217, 13, 217, 'Melbourne', '', 1, '2018-10-16 13:25:06', '2018-10-16 13:25:06', 1, 1),
(218, 13, 218, 'New South Wales', '', 1, '2018-10-16 13:25:06', '2018-10-16 13:25:06', 1, 1),
(219, 13, 219, 'Northern Territory', '', 1, '2018-10-16 13:25:06', '2018-10-16 13:25:06', 1, 1),
(220, 13, 220, 'Perth', '', 1, '2018-10-16 13:25:06', '2018-10-16 13:25:06', 1, 1),
(221, 13, 221, 'Queensland', '', 1, '2018-10-16 13:25:06', '2018-10-16 13:25:06', 1, 1),
(222, 13, 222, 'South Australia', '', 1, '2018-10-16 13:25:06', '2018-10-16 13:25:06', 1, 1),
(223, 13, 223, 'Tasmania', '', 1, '2018-10-16 13:25:06', '2018-10-16 13:25:06', 1, 1),
(224, 13, 224, 'Templestowe', '', 1, '2018-10-16 13:25:06', '2018-10-16 13:25:06', 1, 1),
(225, 13, 225, 'Victoria', '', 1, '2018-10-16 13:25:06', '2018-10-16 13:25:06', 1, 1),
(226, 13, 226, 'Werribee south', '', 1, '2018-10-16 13:25:07', '2018-10-16 13:25:07', 1, 1),
(227, 13, 227, 'Western Australia', '', 1, '2018-10-16 13:25:07', '2018-10-16 13:25:07', 1, 1),
(228, 13, 228, 'Wheeler', '', 1, '2018-10-16 13:25:07', '2018-10-16 13:25:07', 1, 1),
(229, 14, 229, 'Bundesland Salzburg', '', 1, '2018-10-16 13:25:07', '2018-10-16 13:25:07', 1, 1),
(230, 14, 230, 'Bundesland Steiermark', '', 1, '2018-10-16 13:25:07', '2018-10-16 13:25:07', 1, 1),
(231, 14, 231, 'Bundesland Tirol', '', 1, '2018-10-16 13:25:07', '2018-10-16 13:25:07', 1, 1),
(232, 14, 232, 'Burgenland', '', 1, '2018-10-16 13:25:07', '2018-10-16 13:25:07', 1, 1),
(233, 14, 233, 'Carinthia', '', 1, '2018-10-16 13:25:07', '2018-10-16 13:25:07', 1, 1),
(234, 14, 234, 'Karnten', '', 1, '2018-10-16 13:25:07', '2018-10-16 13:25:07', 1, 1),
(235, 14, 235, 'Liezen', '', 1, '2018-10-16 13:25:07', '2018-10-16 13:25:07', 1, 1),
(236, 14, 236, 'Lower Austria', '', 1, '2018-10-16 13:25:07', '2018-10-16 13:25:07', 1, 1),
(237, 14, 237, 'Niederosterreich', '', 1, '2018-10-16 13:25:07', '2018-10-16 13:25:07', 1, 1),
(238, 14, 238, 'Oberosterreich', '', 1, '2018-10-16 13:25:07', '2018-10-16 13:25:07', 1, 1),
(239, 14, 239, 'Salzburg', '', 1, '2018-10-16 13:25:07', '2018-10-16 13:25:07', 1, 1),
(240, 14, 240, 'Schleswig-Holstein', '', 1, '2018-10-16 13:25:07', '2018-10-16 13:25:07', 1, 1),
(241, 14, 241, 'Steiermark', '', 1, '2018-10-16 13:25:07', '2018-10-16 13:25:07', 1, 1),
(242, 14, 242, 'Styria', '', 1, '2018-10-16 13:25:07', '2018-10-16 13:25:07', 1, 1),
(243, 14, 243, 'Tirol', '', 1, '2018-10-16 13:25:07', '2018-10-16 13:25:07', 1, 1),
(244, 14, 244, 'Upper Austria', '', 1, '2018-10-16 13:25:07', '2018-10-16 13:25:07', 1, 1),
(245, 14, 245, 'Vorarlberg', '', 1, '2018-10-16 13:25:07', '2018-10-16 13:25:07', 1, 1),
(246, 14, 246, 'Wien', '', 1, '2018-10-16 13:25:07', '2018-10-16 13:25:07', 1, 1),
(247, 15, 247, 'Abseron', '', 1, '2018-10-16 13:25:07', '2018-10-16 13:25:07', 1, 1),
(248, 15, 248, 'Baki Sahari', '', 1, '2018-10-16 13:25:07', '2018-10-16 13:25:07', 1, 1),
(249, 15, 249, 'Ganca', '', 1, '2018-10-16 13:25:07', '2018-10-16 13:25:07', 1, 1),
(250, 15, 250, 'Ganja', '', 1, '2018-10-16 13:25:08', '2018-10-16 13:25:08', 1, 1),
(251, 15, 251, 'Kalbacar', '', 1, '2018-10-16 13:25:08', '2018-10-16 13:25:08', 1, 1),
(252, 15, 252, 'Lankaran', '', 1, '2018-10-16 13:25:08', '2018-10-16 13:25:08', 1, 1),
(253, 15, 253, 'Mil-Qarabax', '', 1, '2018-10-16 13:25:08', '2018-10-16 13:25:08', 1, 1),
(254, 15, 254, 'Mugan-Salyan', '', 1, '2018-10-16 13:25:08', '2018-10-16 13:25:08', 1, 1),
(255, 15, 255, 'Nagorni-Qarabax', '', 1, '2018-10-16 13:25:08', '2018-10-16 13:25:08', 1, 1),
(256, 15, 256, 'Naxcivan', '', 1, '2018-10-16 13:25:08', '2018-10-16 13:25:08', 1, 1),
(257, 15, 257, 'Priaraks', '', 1, '2018-10-16 13:25:08', '2018-10-16 13:25:08', 1, 1),
(258, 15, 258, 'Qazax', '', 1, '2018-10-16 13:25:08', '2018-10-16 13:25:08', 1, 1),
(259, 15, 259, 'Saki', '', 1, '2018-10-16 13:25:08', '2018-10-16 13:25:08', 1, 1),
(260, 15, 260, 'Sirvan', '', 1, '2018-10-16 13:25:08', '2018-10-16 13:25:08', 1, 1),
(261, 15, 261, 'Xacmaz', '', 1, '2018-10-16 13:25:08', '2018-10-16 13:25:08', 1, 1),
(262, 16, 262, 'Abaco', '', 1, '2018-10-16 13:25:08', '2018-10-16 13:25:08', 1, 1),
(263, 16, 263, 'Acklins Island', '', 1, '2018-10-16 13:25:08', '2018-10-16 13:25:08', 1, 1),
(264, 16, 264, 'Andros', '', 1, '2018-10-16 13:25:08', '2018-10-16 13:25:08', 1, 1),
(265, 16, 265, 'Berry Islands', '', 1, '2018-10-16 13:25:08', '2018-10-16 13:25:08', 1, 1),
(266, 16, 266, 'Biminis', '', 1, '2018-10-16 13:25:08', '2018-10-16 13:25:08', 1, 1),
(267, 16, 267, 'Cat Island', '', 1, '2018-10-16 13:25:09', '2018-10-16 13:25:09', 1, 1),
(268, 16, 268, 'Crooked Island', '', 1, '2018-10-16 13:25:09', '2018-10-16 13:25:09', 1, 1),
(269, 16, 269, 'Eleuthera', '', 1, '2018-10-16 13:25:09', '2018-10-16 13:25:09', 1, 1),
(270, 16, 270, 'Exuma and Cays', '', 1, '2018-10-16 13:25:09', '2018-10-16 13:25:09', 1, 1),
(271, 16, 271, 'Grand Bahama', '', 1, '2018-10-16 13:25:09', '2018-10-16 13:25:09', 1, 1),
(272, 16, 272, 'Inagua Islands', '', 1, '2018-10-16 13:25:09', '2018-10-16 13:25:09', 1, 1),
(273, 16, 273, 'Long Island', '', 1, '2018-10-16 13:25:09', '2018-10-16 13:25:09', 1, 1),
(274, 16, 274, 'Mayaguana', '', 1, '2018-10-16 13:25:09', '2018-10-16 13:25:09', 1, 1),
(275, 16, 275, 'New Providence', '', 1, '2018-10-16 13:25:09', '2018-10-16 13:25:09', 1, 1),
(276, 16, 276, 'Ragged Island', '', 1, '2018-10-16 13:25:09', '2018-10-16 13:25:09', 1, 1),
(277, 16, 277, 'Rum Cay', '', 1, '2018-10-16 13:25:09', '2018-10-16 13:25:09', 1, 1),
(278, 16, 278, 'San Salvador', '', 1, '2018-10-16 13:25:09', '2018-10-16 13:25:09', 1, 1),
(279, 17, 279, '\'Isa', '', 1, '2018-10-16 13:25:09', '2018-10-16 13:25:09', 1, 1),
(280, 17, 280, 'Badiyah', '', 1, '2018-10-16 13:25:09', '2018-10-16 13:25:09', 1, 1),
(281, 17, 281, 'Hidd', '', 1, '2018-10-16 13:25:09', '2018-10-16 13:25:09', 1, 1),
(282, 17, 282, 'Jidd Hafs', '', 1, '2018-10-16 13:25:09', '2018-10-16 13:25:09', 1, 1),
(283, 17, 283, 'Mahama', '', 1, '2018-10-16 13:25:10', '2018-10-16 13:25:10', 1, 1),
(284, 17, 284, 'Manama', '', 1, '2018-10-16 13:25:10', '2018-10-16 13:25:10', 1, 1),
(285, 17, 285, 'Sitrah', '', 1, '2018-10-16 13:25:10', '2018-10-16 13:25:10', 1, 1),
(286, 17, 286, 'al-Manamah', '', 1, '2018-10-16 13:25:10', '2018-10-16 13:25:10', 1, 1),
(287, 17, 287, 'al-Muharraq', '', 1, '2018-10-16 13:25:10', '2018-10-16 13:25:10', 1, 1),
(288, 17, 288, 'ar-Rifa\'a', '', 1, '2018-10-16 13:25:10', '2018-10-16 13:25:10', 1, 1),
(289, 18, 289, 'Bagar Hat', '', 1, '2018-10-16 13:25:10', '2018-10-16 13:25:10', 1, 1),
(290, 18, 290, 'Bandarban', '', 1, '2018-10-16 13:25:10', '2018-10-16 13:25:10', 1, 1),
(291, 18, 291, 'Barguna', '', 1, '2018-10-16 13:25:10', '2018-10-16 13:25:10', 1, 1),
(292, 18, 292, 'Barisal', '', 1, '2018-10-16 13:25:10', '2018-10-16 13:25:10', 1, 1),
(293, 18, 293, 'Bhola', '', 1, '2018-10-16 13:25:10', '2018-10-16 13:25:10', 1, 1),
(294, 18, 294, 'Bogora', '', 1, '2018-10-16 13:25:10', '2018-10-16 13:25:10', 1, 1),
(295, 18, 295, 'Brahman Bariya', '', 1, '2018-10-16 13:25:10', '2018-10-16 13:25:10', 1, 1),
(296, 18, 296, 'Chandpur', '', 1, '2018-10-16 13:25:10', '2018-10-16 13:25:10', 1, 1),
(297, 18, 297, 'Chattagam', '', 1, '2018-10-16 13:25:10', '2018-10-16 13:25:10', 1, 1),
(298, 18, 298, 'Chittagong Division', '', 1, '2018-10-16 13:25:10', '2018-10-16 13:25:10', 1, 1),
(299, 18, 299, 'Chuadanga', '', 1, '2018-10-16 13:25:11', '2018-10-16 13:25:11', 1, 1),
(300, 18, 300, 'Dhaka', '', 1, '2018-10-16 13:25:11', '2018-10-16 13:25:11', 1, 1),
(301, 18, 301, 'Dinajpur', '', 1, '2018-10-16 13:25:11', '2018-10-16 13:25:11', 1, 1),
(302, 18, 302, 'Faridpur', '', 1, '2018-10-16 13:25:11', '2018-10-16 13:25:11', 1, 1),
(303, 18, 303, 'Feni', '', 1, '2018-10-16 13:25:11', '2018-10-16 13:25:11', 1, 1),
(304, 18, 304, 'Gaybanda', '', 1, '2018-10-16 13:25:11', '2018-10-16 13:25:11', 1, 1),
(305, 18, 305, 'Gazipur', '', 1, '2018-10-16 13:25:11', '2018-10-16 13:25:11', 1, 1),
(306, 18, 306, 'Gopalganj', '', 1, '2018-10-16 13:25:11', '2018-10-16 13:25:11', 1, 1),
(307, 18, 307, 'Habiganj', '', 1, '2018-10-16 13:25:11', '2018-10-16 13:25:11', 1, 1),
(308, 18, 308, 'Jaipur Hat', '', 1, '2018-10-16 13:25:11', '2018-10-16 13:25:11', 1, 1),
(309, 18, 309, 'Jamalpur', '', 1, '2018-10-16 13:25:11', '2018-10-16 13:25:11', 1, 1),
(310, 18, 310, 'Jessor', '', 1, '2018-10-16 13:25:11', '2018-10-16 13:25:11', 1, 1),
(311, 18, 311, 'Jhalakati', '', 1, '2018-10-16 13:25:11', '2018-10-16 13:25:11', 1, 1),
(312, 18, 312, 'Jhanaydah', '', 1, '2018-10-16 13:25:11', '2018-10-16 13:25:11', 1, 1),
(313, 18, 313, 'Khagrachhari', '', 1, '2018-10-16 13:25:11', '2018-10-16 13:25:11', 1, 1),
(314, 18, 314, 'Khulna', '', 1, '2018-10-16 13:25:11', '2018-10-16 13:25:11', 1, 1),
(315, 18, 315, 'Kishorganj', '', 1, '2018-10-16 13:25:11', '2018-10-16 13:25:11', 1, 1),
(316, 18, 316, 'Koks Bazar', '', 1, '2018-10-16 13:25:12', '2018-10-16 13:25:12', 1, 1),
(317, 18, 317, 'Komilla', '', 1, '2018-10-16 13:25:12', '2018-10-16 13:25:12', 1, 1),
(318, 18, 318, 'Kurigram', '', 1, '2018-10-16 13:25:12', '2018-10-16 13:25:12', 1, 1),
(319, 18, 319, 'Kushtiya', '', 1, '2018-10-16 13:25:12', '2018-10-16 13:25:12', 1, 1),
(320, 18, 320, 'Lakshmipur', '', 1, '2018-10-16 13:25:12', '2018-10-16 13:25:12', 1, 1),
(321, 18, 321, 'Lalmanir Hat', '', 1, '2018-10-16 13:25:12', '2018-10-16 13:25:12', 1, 1),
(322, 18, 322, 'Madaripur', '', 1, '2018-10-16 13:25:12', '2018-10-16 13:25:12', 1, 1),
(323, 18, 323, 'Magura', '', 1, '2018-10-16 13:25:12', '2018-10-16 13:25:12', 1, 1),
(324, 18, 324, 'Maimansingh', '', 1, '2018-10-16 13:25:12', '2018-10-16 13:25:12', 1, 1),
(325, 18, 325, 'Manikganj', '', 1, '2018-10-16 13:25:12', '2018-10-16 13:25:12', 1, 1),
(326, 18, 326, 'Maulvi Bazar', '', 1, '2018-10-16 13:25:12', '2018-10-16 13:25:12', 1, 1),
(327, 18, 327, 'Meherpur', '', 1, '2018-10-16 13:25:12', '2018-10-16 13:25:12', 1, 1),
(328, 18, 328, 'Munshiganj', '', 1, '2018-10-16 13:25:12', '2018-10-16 13:25:12', 1, 1),
(329, 18, 329, 'Naral', '', 1, '2018-10-16 13:25:12', '2018-10-16 13:25:12', 1, 1),
(330, 18, 330, 'Narayanganj', '', 1, '2018-10-16 13:25:12', '2018-10-16 13:25:12', 1, 1),
(331, 18, 331, 'Narsingdi', '', 1, '2018-10-16 13:25:12', '2018-10-16 13:25:12', 1, 1),
(332, 18, 332, 'Nator', '', 1, '2018-10-16 13:25:13', '2018-10-16 13:25:13', 1, 1),
(333, 18, 333, 'Naugaon', '', 1, '2018-10-16 13:25:13', '2018-10-16 13:25:13', 1, 1),
(334, 18, 334, 'Nawabganj', '', 1, '2018-10-16 13:25:13', '2018-10-16 13:25:13', 1, 1),
(335, 18, 335, 'Netrakona', '', 1, '2018-10-16 13:25:13', '2018-10-16 13:25:13', 1, 1),
(336, 18, 336, 'Nilphamari', '', 1, '2018-10-16 13:25:13', '2018-10-16 13:25:13', 1, 1),
(337, 18, 337, 'Noakhali', '', 1, '2018-10-16 13:25:13', '2018-10-16 13:25:13', 1, 1),
(338, 18, 338, 'Pabna', '', 1, '2018-10-16 13:25:13', '2018-10-16 13:25:13', 1, 1),
(339, 18, 339, 'Panchagarh', '', 1, '2018-10-16 13:25:13', '2018-10-16 13:25:13', 1, 1),
(340, 18, 340, 'Patuakhali', '', 1, '2018-10-16 13:25:13', '2018-10-16 13:25:13', 1, 1),
(341, 18, 341, 'Pirojpur', '', 1, '2018-10-16 13:25:13', '2018-10-16 13:25:13', 1, 1),
(342, 18, 342, 'Rajbari', '', 1, '2018-10-16 13:25:13', '2018-10-16 13:25:13', 1, 1),
(343, 18, 343, 'Rajshahi', '', 1, '2018-10-16 13:25:13', '2018-10-16 13:25:13', 1, 1),
(344, 18, 344, 'Rangamati', '', 1, '2018-10-16 13:25:13', '2018-10-16 13:25:13', 1, 1),
(345, 18, 345, 'Rangpur', '', 1, '2018-10-16 13:25:13', '2018-10-16 13:25:13', 1, 1),
(346, 18, 346, 'Satkhira', '', 1, '2018-10-16 13:25:13', '2018-10-16 13:25:13', 1, 1),
(347, 18, 347, 'Shariatpur', '', 1, '2018-10-16 13:25:13', '2018-10-16 13:25:13', 1, 1),
(348, 18, 348, 'Sherpur', '', 1, '2018-10-16 13:25:13', '2018-10-16 13:25:13', 1, 1),
(349, 18, 349, 'Silhat', '', 1, '2018-10-16 13:25:13', '2018-10-16 13:25:13', 1, 1),
(350, 18, 350, 'Sirajganj', '', 1, '2018-10-16 13:25:13', '2018-10-16 13:25:13', 1, 1),
(351, 18, 351, 'Sunamganj', '', 1, '2018-10-16 13:25:13', '2018-10-16 13:25:13', 1, 1),
(352, 18, 352, 'Tangayal', '', 1, '2018-10-16 13:25:13', '2018-10-16 13:25:13', 1, 1),
(353, 18, 353, 'Thakurgaon', '', 1, '2018-10-16 13:25:13', '2018-10-16 13:25:13', 1, 1),
(354, 19, 354, 'Christ Church', '', 1, '2018-10-16 13:25:14', '2018-10-16 13:25:14', 1, 1),
(355, 19, 355, 'Saint Andrew', '', 1, '2018-10-16 13:25:14', '2018-10-16 13:25:14', 1, 1),
(356, 19, 356, 'Saint George', '', 1, '2018-10-16 13:25:14', '2018-10-16 13:25:14', 1, 1),
(357, 19, 357, 'Saint James', '', 1, '2018-10-16 13:25:14', '2018-10-16 13:25:14', 1, 1),
(358, 19, 358, 'Saint John', '', 1, '2018-10-16 13:25:14', '2018-10-16 13:25:14', 1, 1),
(359, 19, 359, 'Saint Joseph', '', 1, '2018-10-16 13:25:14', '2018-10-16 13:25:14', 1, 1),
(360, 19, 360, 'Saint Lucy', '', 1, '2018-10-16 13:25:14', '2018-10-16 13:25:14', 1, 1),
(361, 19, 361, 'Saint Michael', '', 1, '2018-10-16 13:25:14', '2018-10-16 13:25:14', 1, 1),
(362, 19, 362, 'Saint Peter', '', 1, '2018-10-16 13:25:14', '2018-10-16 13:25:14', 1, 1),
(363, 19, 363, 'Saint Philip', '', 1, '2018-10-16 13:25:14', '2018-10-16 13:25:14', 1, 1),
(364, 19, 364, 'Saint Thomas', '', 1, '2018-10-16 13:25:14', '2018-10-16 13:25:14', 1, 1),
(365, 20, 365, 'Brest', '', 1, '2018-10-16 13:25:14', '2018-10-16 13:25:14', 1, 1),
(366, 20, 366, 'Homjel\'', '', 1, '2018-10-16 13:25:14', '2018-10-16 13:25:14', 1, 1),
(367, 20, 367, 'Hrodna', '', 1, '2018-10-16 13:25:14', '2018-10-16 13:25:14', 1, 1),
(368, 20, 368, 'Mahiljow', '', 1, '2018-10-16 13:25:14', '2018-10-16 13:25:14', 1, 1),
(369, 20, 369, 'Mahilyowskaya Voblasts', '', 1, '2018-10-16 13:25:14', '2018-10-16 13:25:14', 1, 1),
(370, 20, 370, 'Minsk', '', 1, '2018-10-16 13:25:14', '2018-10-16 13:25:14', 1, 1),
(371, 20, 371, 'Minskaja Voblasts\'', '', 1, '2018-10-16 13:25:14', '2018-10-16 13:25:14', 1, 1),
(372, 20, 372, 'Petrik', '', 1, '2018-10-16 13:25:14', '2018-10-16 13:25:14', 1, 1),
(373, 20, 373, 'Vicebsk', '', 1, '2018-10-16 13:25:14', '2018-10-16 13:25:14', 1, 1),
(374, 21, 374, 'Antwerpen', '', 1, '2018-10-16 13:25:14', '2018-10-16 13:25:14', 1, 1),
(375, 21, 375, 'Berchem', '', 1, '2018-10-16 13:25:14', '2018-10-16 13:25:14', 1, 1),
(376, 21, 376, 'Brabant', '', 1, '2018-10-16 13:25:15', '2018-10-16 13:25:15', 1, 1),
(377, 21, 377, 'Brabant Wallon', '', 1, '2018-10-16 13:25:15', '2018-10-16 13:25:15', 1, 1),
(378, 21, 378, 'Brussel', '', 1, '2018-10-16 13:25:15', '2018-10-16 13:25:15', 1, 1),
(379, 21, 379, 'East Flanders', '', 1, '2018-10-16 13:25:15', '2018-10-16 13:25:15', 1, 1),
(380, 21, 380, 'Hainaut', '', 1, '2018-10-16 13:25:15', '2018-10-16 13:25:15', 1, 1),
(381, 21, 381, 'Liege', '', 1, '2018-10-16 13:25:15', '2018-10-16 13:25:15', 1, 1),
(382, 21, 382, 'Limburg', '', 1, '2018-10-16 13:25:15', '2018-10-16 13:25:15', 1, 1),
(383, 21, 383, 'Luxembourg', '', 1, '2018-10-16 13:25:15', '2018-10-16 13:25:15', 1, 1),
(384, 21, 384, 'Namur', '', 1, '2018-10-16 13:25:15', '2018-10-16 13:25:15', 1, 1),
(385, 21, 385, 'Ontario', '', 1, '2018-10-16 13:25:15', '2018-10-16 13:25:15', 1, 1),
(386, 21, 386, 'Oost-Vlaanderen', '', 1, '2018-10-16 13:25:15', '2018-10-16 13:25:15', 1, 1),
(387, 21, 387, 'Provincie Brabant', '', 1, '2018-10-16 13:25:15', '2018-10-16 13:25:15', 1, 1),
(388, 21, 388, 'Vlaams-Brabant', '', 1, '2018-10-16 13:25:15', '2018-10-16 13:25:15', 1, 1),
(389, 21, 389, 'Wallonne', '', 1, '2018-10-16 13:25:16', '2018-10-16 13:25:16', 1, 1),
(390, 21, 390, 'West-Vlaanderen', '', 1, '2018-10-16 13:25:16', '2018-10-16 13:25:16', 1, 1),
(391, 22, 391, 'Belize', '', 1, '2018-10-16 13:25:16', '2018-10-16 13:25:16', 1, 1),
(392, 22, 392, 'Cayo', '', 1, '2018-10-16 13:25:16', '2018-10-16 13:25:16', 1, 1),
(393, 22, 393, 'Corozal', '', 1, '2018-10-16 13:25:16', '2018-10-16 13:25:16', 1, 1),
(394, 22, 394, 'Orange Walk', '', 1, '2018-10-16 13:25:16', '2018-10-16 13:25:16', 1, 1),
(395, 22, 395, 'Stann Creek', '', 1, '2018-10-16 13:25:16', '2018-10-16 13:25:16', 1, 1),
(396, 22, 396, 'Toledo', '', 1, '2018-10-16 13:25:16', '2018-10-16 13:25:16', 1, 1),
(397, 23, 397, 'Alibori', '', 1, '2018-10-16 13:25:16', '2018-10-16 13:25:16', 1, 1),
(398, 23, 398, 'Atacora', '', 1, '2018-10-16 13:25:16', '2018-10-16 13:25:16', 1, 1),
(399, 23, 399, 'Atlantique', '', 1, '2018-10-16 13:25:16', '2018-10-16 13:25:16', 1, 1),
(400, 23, 400, 'Borgou', '', 1, '2018-10-16 13:25:16', '2018-10-16 13:25:16', 1, 1),
(401, 23, 401, 'Collines', '', 1, '2018-10-16 13:25:16', '2018-10-16 13:25:16', 1, 1),
(402, 23, 402, 'Couffo', '', 1, '2018-10-16 13:25:16', '2018-10-16 13:25:16', 1, 1),
(403, 23, 403, 'Donga', '', 1, '2018-10-16 13:25:16', '2018-10-16 13:25:16', 1, 1),
(404, 23, 404, 'Littoral', '', 1, '2018-10-16 13:25:16', '2018-10-16 13:25:16', 1, 1),
(405, 23, 405, 'Mono', '', 1, '2018-10-16 13:25:16', '2018-10-16 13:25:16', 1, 1),
(406, 23, 406, 'Oueme', '', 1, '2018-10-16 13:25:16', '2018-10-16 13:25:16', 1, 1),
(407, 23, 407, 'Plateau', '', 1, '2018-10-16 13:25:16', '2018-10-16 13:25:16', 1, 1),
(408, 23, 408, 'Zou', '', 1, '2018-10-16 13:25:16', '2018-10-16 13:25:16', 1, 1),
(409, 24, 409, 'Hamilton', '', 1, '2018-10-16 13:25:16', '2018-10-16 13:25:16', 1, 1),
(410, 24, 410, 'Saint George', '', 1, '2018-10-16 13:25:17', '2018-10-16 13:25:17', 1, 1),
(411, 25, 411, 'Bumthang', '', 1, '2018-10-16 13:25:17', '2018-10-16 13:25:17', 1, 1),
(412, 25, 412, 'Chhukha', '', 1, '2018-10-16 13:25:17', '2018-10-16 13:25:17', 1, 1),
(413, 25, 413, 'Chirang', '', 1, '2018-10-16 13:25:17', '2018-10-16 13:25:17', 1, 1),
(414, 25, 414, 'Daga', '', 1, '2018-10-16 13:25:17', '2018-10-16 13:25:17', 1, 1),
(415, 25, 415, 'Geylegphug', '', 1, '2018-10-16 13:25:17', '2018-10-16 13:25:17', 1, 1),
(416, 25, 416, 'Ha', '', 1, '2018-10-16 13:25:17', '2018-10-16 13:25:17', 1, 1),
(417, 25, 417, 'Lhuntshi', '', 1, '2018-10-16 13:25:17', '2018-10-16 13:25:17', 1, 1),
(418, 25, 418, 'Mongar', '', 1, '2018-10-16 13:25:17', '2018-10-16 13:25:17', 1, 1),
(419, 25, 419, 'Pemagatsel', '', 1, '2018-10-16 13:25:17', '2018-10-16 13:25:17', 1, 1),
(420, 25, 420, 'Punakha', '', 1, '2018-10-16 13:25:17', '2018-10-16 13:25:17', 1, 1),
(421, 25, 421, 'Rinpung', '', 1, '2018-10-16 13:25:17', '2018-10-16 13:25:17', 1, 1),
(422, 25, 422, 'Samchi', '', 1, '2018-10-16 13:25:18', '2018-10-16 13:25:18', 1, 1),
(423, 25, 423, 'Samdrup Jongkhar', '', 1, '2018-10-16 13:25:18', '2018-10-16 13:25:18', 1, 1),
(424, 25, 424, 'Shemgang', '', 1, '2018-10-16 13:25:18', '2018-10-16 13:25:18', 1, 1),
(425, 25, 425, 'Tashigang', '', 1, '2018-10-16 13:25:18', '2018-10-16 13:25:18', 1, 1),
(426, 25, 426, 'Timphu', '', 1, '2018-10-16 13:25:18', '2018-10-16 13:25:18', 1, 1),
(427, 25, 427, 'Tongsa', '', 1, '2018-10-16 13:25:18', '2018-10-16 13:25:18', 1, 1),
(428, 25, 428, 'Wangdiphodrang', '', 1, '2018-10-16 13:25:18', '2018-10-16 13:25:18', 1, 1),
(429, 26, 429, 'Federacija Bosna i Hercegovina', '', 1, '2018-10-16 13:25:18', '2018-10-16 13:25:18', 1, 1),
(430, 26, 430, 'Republika Srpska', '', 1, '2018-10-16 13:25:18', '2018-10-16 13:25:18', 1, 1),
(431, 27, 431, 'Central Bobonong', '', 1, '2018-10-16 13:25:19', '2018-10-16 13:25:19', 1, 1),
(432, 27, 432, 'Central Boteti', '', 1, '2018-10-16 13:25:19', '2018-10-16 13:25:19', 1, 1),
(433, 27, 433, 'Central Mahalapye', '', 1, '2018-10-16 13:25:19', '2018-10-16 13:25:19', 1, 1),
(434, 27, 434, 'Central Serowe-Palapye', '', 1, '2018-10-16 13:25:19', '2018-10-16 13:25:19', 1, 1),
(435, 27, 435, 'Central Tutume', '', 1, '2018-10-16 13:25:19', '2018-10-16 13:25:19', 1, 1),
(436, 27, 436, 'Chobe', '', 1, '2018-10-16 13:25:19', '2018-10-16 13:25:19', 1, 1),
(437, 27, 437, 'Francistown', '', 1, '2018-10-16 13:25:19', '2018-10-16 13:25:19', 1, 1),
(438, 27, 438, 'Gaborone', '', 1, '2018-10-16 13:25:19', '2018-10-16 13:25:19', 1, 1),
(439, 27, 439, 'Ghanzi', '', 1, '2018-10-16 13:25:19', '2018-10-16 13:25:19', 1, 1),
(440, 27, 440, 'Jwaneng', '', 1, '2018-10-16 13:25:19', '2018-10-16 13:25:19', 1, 1),
(441, 27, 441, 'Kgalagadi North', '', 1, '2018-10-16 13:25:19', '2018-10-16 13:25:19', 1, 1),
(442, 27, 442, 'Kgalagadi South', '', 1, '2018-10-16 13:25:19', '2018-10-16 13:25:19', 1, 1),
(443, 27, 443, 'Kgatleng', '', 1, '2018-10-16 13:25:19', '2018-10-16 13:25:19', 1, 1),
(444, 27, 444, 'Kweneng', '', 1, '2018-10-16 13:25:19', '2018-10-16 13:25:19', 1, 1),
(445, 27, 445, 'Lobatse', '', 1, '2018-10-16 13:25:19', '2018-10-16 13:25:19', 1, 1),
(446, 27, 446, 'Ngamiland', '', 1, '2018-10-16 13:25:19', '2018-10-16 13:25:19', 1, 1),
(447, 27, 447, 'Ngwaketse', '', 1, '2018-10-16 13:25:20', '2018-10-16 13:25:20', 1, 1),
(448, 27, 448, 'North East', '', 1, '2018-10-16 13:25:20', '2018-10-16 13:25:20', 1, 1),
(449, 27, 449, 'Okavango', '', 1, '2018-10-16 13:25:20', '2018-10-16 13:25:20', 1, 1),
(450, 27, 450, 'Orapa', '', 1, '2018-10-16 13:25:20', '2018-10-16 13:25:20', 1, 1),
(451, 27, 451, 'Selibe Phikwe', '', 1, '2018-10-16 13:25:20', '2018-10-16 13:25:20', 1, 1),
(452, 27, 452, 'South East', '', 1, '2018-10-16 13:25:20', '2018-10-16 13:25:20', 1, 1),
(453, 27, 453, 'Sowa', '', 1, '2018-10-16 13:25:20', '2018-10-16 13:25:20', 1, 1),
(454, 28, 454, 'Acre', '', 1, '2018-10-16 13:25:20', '2018-10-16 13:25:20', 1, 1),
(455, 28, 455, 'Alagoas', '', 1, '2018-10-16 13:25:20', '2018-10-16 13:25:20', 1, 1),
(456, 28, 456, 'Amapa', '', 1, '2018-10-16 13:25:20', '2018-10-16 13:25:20', 1, 1),
(457, 28, 457, 'Amazonas', '', 1, '2018-10-16 13:25:20', '2018-10-16 13:25:20', 1, 1),
(458, 28, 458, 'Bahia', '', 1, '2018-10-16 13:25:20', '2018-10-16 13:25:20', 1, 1),
(459, 28, 459, 'Ceara', '', 1, '2018-10-16 13:25:20', '2018-10-16 13:25:20', 1, 1),
(460, 28, 460, 'Distrito Federal', '', 1, '2018-10-16 13:25:20', '2018-10-16 13:25:20', 1, 1),
(461, 28, 461, 'Espirito Santo', '', 1, '2018-10-16 13:25:20', '2018-10-16 13:25:20', 1, 1),
(462, 28, 462, 'Estado de Sao Paulo', '', 1, '2018-10-16 13:25:20', '2018-10-16 13:25:20', 1, 1),
(463, 28, 463, 'Goias', '', 1, '2018-10-16 13:25:20', '2018-10-16 13:25:20', 1, 1),
(464, 28, 464, 'Maranhao', '', 1, '2018-10-16 13:25:20', '2018-10-16 13:25:20', 1, 1),
(465, 28, 465, 'Mato Grosso', '', 1, '2018-10-16 13:25:20', '2018-10-16 13:25:20', 1, 1),
(466, 28, 466, 'Mato Grosso do Sul', '', 1, '2018-10-16 13:25:20', '2018-10-16 13:25:20', 1, 1),
(467, 28, 467, 'Minas Gerais', '', 1, '2018-10-16 13:25:20', '2018-10-16 13:25:20', 1, 1),
(468, 28, 468, 'Para', '', 1, '2018-10-16 13:25:20', '2018-10-16 13:25:20', 1, 1),
(469, 28, 469, 'Paraiba', '', 1, '2018-10-16 13:25:20', '2018-10-16 13:25:20', 1, 1),
(470, 28, 470, 'Parana', '', 1, '2018-10-16 13:25:21', '2018-10-16 13:25:21', 1, 1),
(471, 28, 471, 'Pernambuco', '', 1, '2018-10-16 13:25:21', '2018-10-16 13:25:21', 1, 1),
(472, 28, 472, 'Piaui', '', 1, '2018-10-16 13:25:21', '2018-10-16 13:25:21', 1, 1),
(473, 28, 473, 'Rio Grande do Norte', '', 1, '2018-10-16 13:25:21', '2018-10-16 13:25:21', 1, 1),
(474, 28, 474, 'Rio Grande do Sul', '', 1, '2018-10-16 13:25:21', '2018-10-16 13:25:21', 1, 1),
(475, 28, 475, 'Rio de Janeiro', '', 1, '2018-10-16 13:25:21', '2018-10-16 13:25:21', 1, 1),
(476, 28, 476, 'Rondonia', '', 1, '2018-10-16 13:25:21', '2018-10-16 13:25:21', 1, 1),
(477, 28, 477, 'Roraima', '', 1, '2018-10-16 13:25:21', '2018-10-16 13:25:21', 1, 1),
(478, 28, 478, 'Santa Catarina', '', 1, '2018-10-16 13:25:21', '2018-10-16 13:25:21', 1, 1),
(479, 28, 479, 'Sao Paulo', '', 1, '2018-10-16 13:25:21', '2018-10-16 13:25:21', 1, 1),
(480, 28, 480, 'Sergipe', '', 1, '2018-10-16 13:25:21', '2018-10-16 13:25:21', 1, 1),
(481, 28, 481, 'Tocantins', '', 1, '2018-10-16 13:25:21', '2018-10-16 13:25:21', 1, 1),
(482, 29, 482, 'British Indian Ocean Territory', '', 1, '2018-10-16 13:25:21', '2018-10-16 13:25:21', 1, 1),
(513, 31, 513, 'Bale', '', 1, '2018-10-16 13:25:23', '2018-10-16 13:25:23', 1, 1),
(514, 31, 514, 'Bam', '', 1, '2018-10-16 13:25:23', '2018-10-16 13:25:23', 1, 1),
(515, 31, 515, 'Bazega', '', 1, '2018-10-16 13:25:23', '2018-10-16 13:25:23', 1, 1),
(516, 31, 516, 'Bougouriba', '', 1, '2018-10-16 13:25:23', '2018-10-16 13:25:23', 1, 1),
(517, 31, 517, 'Boulgou', '', 1, '2018-10-16 13:25:23', '2018-10-16 13:25:23', 1, 1),
(518, 31, 518, 'Boulkiemde', '', 1, '2018-10-16 13:25:23', '2018-10-16 13:25:23', 1, 1),
(519, 31, 519, 'Comoe', '', 1, '2018-10-16 13:25:23', '2018-10-16 13:25:23', 1, 1),
(520, 31, 520, 'Ganzourgou', '', 1, '2018-10-16 13:25:23', '2018-10-16 13:25:23', 1, 1),
(521, 31, 521, 'Gnagna', '', 1, '2018-10-16 13:25:23', '2018-10-16 13:25:23', 1, 1),
(522, 31, 522, 'Gourma', '', 1, '2018-10-16 13:25:23', '2018-10-16 13:25:23', 1, 1),
(523, 31, 523, 'Houet', '', 1, '2018-10-16 13:25:23', '2018-10-16 13:25:23', 1, 1),
(524, 31, 524, 'Ioba', '', 1, '2018-10-16 13:25:24', '2018-10-16 13:25:24', 1, 1),
(525, 31, 525, 'Kadiogo', '', 1, '2018-10-16 13:25:24', '2018-10-16 13:25:24', 1, 1),
(526, 31, 526, 'Kenedougou', '', 1, '2018-10-16 13:25:24', '2018-10-16 13:25:24', 1, 1),
(527, 31, 527, 'Komandjari', '', 1, '2018-10-16 13:25:24', '2018-10-16 13:25:24', 1, 1),
(528, 31, 528, 'Kompienga', '', 1, '2018-10-16 13:25:24', '2018-10-16 13:25:24', 1, 1),
(529, 31, 529, 'Kossi', '', 1, '2018-10-16 13:25:24', '2018-10-16 13:25:24', 1, 1),
(530, 31, 530, 'Kouritenga', '', 1, '2018-10-16 13:25:24', '2018-10-16 13:25:24', 1, 1),
(531, 31, 531, 'Kourweogo', '', 1, '2018-10-16 13:25:24', '2018-10-16 13:25:24', 1, 1),
(532, 31, 532, 'Leraba', '', 1, '2018-10-16 13:25:24', '2018-10-16 13:25:24', 1, 1),
(533, 31, 533, 'Mouhoun', '', 1, '2018-10-16 13:25:24', '2018-10-16 13:25:24', 1, 1),
(534, 31, 534, 'Nahouri', '', 1, '2018-10-16 13:25:24', '2018-10-16 13:25:24', 1, 1),
(535, 31, 535, 'Namentenga', '', 1, '2018-10-16 13:25:24', '2018-10-16 13:25:24', 1, 1),
(536, 31, 536, 'Noumbiel', '', 1, '2018-10-16 13:25:24', '2018-10-16 13:25:24', 1, 1),
(537, 31, 537, 'Oubritenga', '', 1, '2018-10-16 13:25:24', '2018-10-16 13:25:24', 1, 1),
(538, 31, 538, 'Oudalan', '', 1, '2018-10-16 13:25:24', '2018-10-16 13:25:24', 1, 1),
(539, 31, 539, 'Passore', '', 1, '2018-10-16 13:25:24', '2018-10-16 13:25:24', 1, 1),
(540, 31, 540, 'Poni', '', 1, '2018-10-16 13:25:24', '2018-10-16 13:25:24', 1, 1),
(541, 31, 541, 'Sanguie', '', 1, '2018-10-16 13:25:24', '2018-10-16 13:25:24', 1, 1),
(542, 31, 542, 'Sanmatenga', '', 1, '2018-10-16 13:25:24', '2018-10-16 13:25:24', 1, 1),
(543, 31, 543, 'Seno', '', 1, '2018-10-16 13:25:24', '2018-10-16 13:25:24', 1, 1),
(544, 31, 544, 'Sissili', '', 1, '2018-10-16 13:25:24', '2018-10-16 13:25:24', 1, 1),
(545, 31, 545, 'Soum', '', 1, '2018-10-16 13:25:25', '2018-10-16 13:25:25', 1, 1),
(546, 31, 546, 'Sourou', '', 1, '2018-10-16 13:25:25', '2018-10-16 13:25:25', 1, 1),
(547, 31, 547, 'Tapoa', '', 1, '2018-10-16 13:25:25', '2018-10-16 13:25:25', 1, 1),
(548, 31, 548, 'Tuy', '', 1, '2018-10-16 13:25:25', '2018-10-16 13:25:25', 1, 1),
(549, 31, 549, 'Yatenga', '', 1, '2018-10-16 13:25:25', '2018-10-16 13:25:25', 1, 1),
(550, 31, 550, 'Zondoma', '', 1, '2018-10-16 13:25:25', '2018-10-16 13:25:25', 1, 1),
(551, 31, 551, 'Zoundweogo', '', 1, '2018-10-16 13:25:25', '2018-10-16 13:25:25', 1, 1),
(552, 32, 552, 'Bubanza', '', 1, '2018-10-16 13:25:25', '2018-10-16 13:25:25', 1, 1),
(553, 32, 553, 'Bujumbura', '', 1, '2018-10-16 13:25:25', '2018-10-16 13:25:25', 1, 1),
(554, 32, 554, 'Bururi', '', 1, '2018-10-16 13:25:25', '2018-10-16 13:25:25', 1, 1),
(555, 32, 555, 'Cankuzo', '', 1, '2018-10-16 13:25:25', '2018-10-16 13:25:25', 1, 1),
(556, 32, 556, 'Cibitoke', '', 1, '2018-10-16 13:25:25', '2018-10-16 13:25:25', 1, 1),
(557, 32, 557, 'Gitega', '', 1, '2018-10-16 13:25:25', '2018-10-16 13:25:25', 1, 1),
(558, 32, 558, 'Karuzi', '', 1, '2018-10-16 13:25:25', '2018-10-16 13:25:25', 1, 1),
(559, 32, 559, 'Kayanza', '', 1, '2018-10-16 13:25:25', '2018-10-16 13:25:25', 1, 1),
(560, 32, 560, 'Kirundo', '', 1, '2018-10-16 13:25:25', '2018-10-16 13:25:25', 1, 1),
(561, 32, 561, 'Makamba', '', 1, '2018-10-16 13:25:25', '2018-10-16 13:25:25', 1, 1),
(562, 32, 562, 'Muramvya', '', 1, '2018-10-16 13:25:25', '2018-10-16 13:25:25', 1, 1),
(563, 32, 563, 'Muyinga', '', 1, '2018-10-16 13:25:25', '2018-10-16 13:25:25', 1, 1),
(564, 32, 564, 'Ngozi', '', 1, '2018-10-16 13:25:26', '2018-10-16 13:25:26', 1, 1),
(565, 32, 565, 'Rutana', '', 1, '2018-10-16 13:25:26', '2018-10-16 13:25:26', 1, 1),
(566, 32, 566, 'Ruyigi', '', 1, '2018-10-16 13:25:26', '2018-10-16 13:25:26', 1, 1),
(567, 33, 567, 'Banteay Mean Chey', '', 1, '2018-10-16 13:25:26', '2018-10-16 13:25:26', 1, 1),
(568, 33, 568, 'Bat Dambang', '', 1, '2018-10-16 13:25:26', '2018-10-16 13:25:26', 1, 1),
(569, 33, 569, 'Kampong Cham', '', 1, '2018-10-16 13:25:26', '2018-10-16 13:25:26', 1, 1),
(570, 33, 570, 'Kampong Chhnang', '', 1, '2018-10-16 13:25:26', '2018-10-16 13:25:26', 1, 1),
(571, 33, 571, 'Kampong Spoeu', '', 1, '2018-10-16 13:25:26', '2018-10-16 13:25:26', 1, 1),
(572, 33, 572, 'Kampong Thum', '', 1, '2018-10-16 13:25:26', '2018-10-16 13:25:26', 1, 1),
(573, 33, 573, 'Kampot', '', 1, '2018-10-16 13:25:26', '2018-10-16 13:25:26', 1, 1),
(574, 33, 574, 'Kandal', '', 1, '2018-10-16 13:25:26', '2018-10-16 13:25:26', 1, 1),
(575, 33, 575, 'Kaoh Kong', '', 1, '2018-10-16 13:25:26', '2018-10-16 13:25:26', 1, 1),
(576, 33, 576, 'Kracheh', '', 1, '2018-10-16 13:25:26', '2018-10-16 13:25:26', 1, 1),
(577, 33, 577, 'Krong Kaeb', '', 1, '2018-10-16 13:25:26', '2018-10-16 13:25:26', 1, 1),
(578, 33, 578, 'Krong Pailin', '', 1, '2018-10-16 13:25:26', '2018-10-16 13:25:26', 1, 1),
(579, 33, 579, 'Krong Preah Sihanouk', '', 1, '2018-10-16 13:25:26', '2018-10-16 13:25:26', 1, 1),
(580, 33, 580, 'Mondol Kiri', '', 1, '2018-10-16 13:25:27', '2018-10-16 13:25:27', 1, 1),
(581, 33, 581, 'Otdar Mean Chey', '', 1, '2018-10-16 13:25:27', '2018-10-16 13:25:27', 1, 1),
(582, 33, 582, 'Phnum Penh', '', 1, '2018-10-16 13:25:27', '2018-10-16 13:25:27', 1, 1),
(583, 33, 583, 'Pousat', '', 1, '2018-10-16 13:25:27', '2018-10-16 13:25:27', 1, 1),
(584, 33, 584, 'Preah Vihear', '', 1, '2018-10-16 13:25:27', '2018-10-16 13:25:27', 1, 1),
(585, 33, 585, 'Prey Veaeng', '', 1, '2018-10-16 13:25:27', '2018-10-16 13:25:27', 1, 1),
(586, 33, 586, 'Rotanak Kiri', '', 1, '2018-10-16 13:25:27', '2018-10-16 13:25:27', 1, 1),
(587, 33, 587, 'Siem Reab', '', 1, '2018-10-16 13:25:27', '2018-10-16 13:25:27', 1, 1),
(588, 33, 588, 'Stueng Traeng', '', 1, '2018-10-16 13:25:27', '2018-10-16 13:25:27', 1, 1),
(589, 33, 589, 'Svay Rieng', '', 1, '2018-10-16 13:25:27', '2018-10-16 13:25:27', 1, 1),
(590, 33, 590, 'Takaev', '', 1, '2018-10-16 13:25:27', '2018-10-16 13:25:27', 1, 1),
(591, 34, 591, 'Adamaoua', '', 1, '2018-10-16 13:25:27', '2018-10-16 13:25:27', 1, 1),
(592, 34, 592, 'Centre', '', 1, '2018-10-16 13:25:27', '2018-10-16 13:25:27', 1, 1),
(593, 34, 593, 'Est', '', 1, '2018-10-16 13:25:27', '2018-10-16 13:25:27', 1, 1),
(594, 34, 594, 'Littoral', '', 1, '2018-10-16 13:25:27', '2018-10-16 13:25:27', 1, 1),
(595, 34, 595, 'Nord', '', 1, '2018-10-16 13:25:27', '2018-10-16 13:25:27', 1, 1),
(596, 34, 596, 'Nord Extreme', '', 1, '2018-10-16 13:25:27', '2018-10-16 13:25:27', 1, 1),
(597, 34, 597, 'Nordouest', '', 1, '2018-10-16 13:25:27', '2018-10-16 13:25:27', 1, 1),
(598, 34, 598, 'Ouest', '', 1, '2018-10-16 13:25:27', '2018-10-16 13:25:27', 1, 1),
(599, 34, 599, 'Sud', '', 1, '2018-10-16 13:25:28', '2018-10-16 13:25:28', 1, 1),
(600, 34, 600, 'Sudouest', '', 1, '2018-10-16 13:25:28', '2018-10-16 13:25:28', 1, 1),
(601, 35, 601, 'Alberta', '', 1, '2018-10-16 13:25:28', '2018-10-16 13:25:28', 1, 1),
(602, 35, 602, 'British Columbia', '', 1, '2018-10-16 13:25:28', '2018-10-16 13:25:28', 1, 1),
(603, 35, 603, 'Manitoba', '', 1, '2018-10-16 13:25:28', '2018-10-16 13:25:28', 1, 1),
(604, 35, 604, 'New Brunswick', '', 1, '2018-10-16 13:25:28', '2018-10-16 13:25:28', 1, 1),
(605, 35, 605, 'Newfoundland and Labrador', '', 1, '2018-10-16 13:25:28', '2018-10-16 13:25:28', 1, 1),
(606, 35, 606, 'Northwest Territories', '', 1, '2018-10-16 13:25:28', '2018-10-16 13:25:28', 1, 1),
(607, 35, 607, 'Nova Scotia', '', 1, '2018-10-16 13:25:28', '2018-10-16 13:25:28', 1, 1),
(608, 35, 608, 'Nunavut', '', 1, '2018-10-16 13:25:28', '2018-10-16 13:25:28', 1, 1),
(609, 35, 609, 'Ontario', '', 1, '2018-10-16 13:25:28', '2018-10-16 13:25:28', 1, 1),
(610, 35, 610, 'Prince Edward Island', '', 1, '2018-10-16 13:25:28', '2018-10-16 13:25:28', 1, 1),
(611, 35, 611, 'Quebec', '', 1, '2018-10-16 13:25:28', '2018-10-16 13:25:28', 1, 1),
(612, 35, 612, 'Saskatchewan', '', 1, '2018-10-16 13:25:28', '2018-10-16 13:25:28', 1, 1),
(613, 35, 613, 'Yukon', '', 1, '2018-10-16 13:25:28', '2018-10-16 13:25:28', 1, 1),
(614, 36, 614, 'Boavista', '', 1, '2018-10-16 13:25:29', '2018-10-16 13:25:29', 1, 1),
(615, 36, 615, 'Brava', '', 1, '2018-10-16 13:25:29', '2018-10-16 13:25:29', 1, 1),
(616, 36, 616, 'Fogo', '', 1, '2018-10-16 13:25:29', '2018-10-16 13:25:29', 1, 1),
(617, 36, 617, 'Maio', '', 1, '2018-10-16 13:25:29', '2018-10-16 13:25:29', 1, 1),
(618, 36, 618, 'Sal', '', 1, '2018-10-16 13:25:29', '2018-10-16 13:25:29', 1, 1),
(619, 36, 619, 'Santo Antao', '', 1, '2018-10-16 13:25:29', '2018-10-16 13:25:29', 1, 1),
(620, 36, 620, 'Sao Nicolau', '', 1, '2018-10-16 13:25:29', '2018-10-16 13:25:29', 1, 1),
(621, 36, 621, 'Sao Tiago', '', 1, '2018-10-16 13:25:29', '2018-10-16 13:25:29', 1, 1),
(622, 36, 622, 'Sao Vicente', '', 1, '2018-10-16 13:25:29', '2018-10-16 13:25:29', 1, 1),
(623, 37, 623, 'Grand Cayman', '', 1, '2018-10-16 13:25:29', '2018-10-16 13:25:29', 1, 1),
(624, 38, 624, 'Bamingui-Bangoran', '', 1, '2018-10-16 13:25:29', '2018-10-16 13:25:29', 1, 1),
(625, 38, 625, 'Bangui', '', 1, '2018-10-16 13:25:29', '2018-10-16 13:25:29', 1, 1),
(626, 38, 626, 'Basse-Kotto', '', 1, '2018-10-16 13:25:29', '2018-10-16 13:25:29', 1, 1),
(627, 38, 627, 'Haut-Mbomou', '', 1, '2018-10-16 13:25:29', '2018-10-16 13:25:29', 1, 1),
(628, 38, 628, 'Haute-Kotto', '', 1, '2018-10-16 13:25:29', '2018-10-16 13:25:29', 1, 1),
(629, 38, 629, 'Kemo', '', 1, '2018-10-16 13:25:29', '2018-10-16 13:25:29', 1, 1),
(630, 38, 630, 'Lobaye', '', 1, '2018-10-16 13:25:29', '2018-10-16 13:25:29', 1, 1),
(631, 38, 631, 'Mambere-Kadei', '', 1, '2018-10-16 13:25:29', '2018-10-16 13:25:29', 1, 1),
(632, 38, 632, 'Mbomou', '', 1, '2018-10-16 13:25:29', '2018-10-16 13:25:29', 1, 1),
(633, 38, 633, 'Nana-Gribizi', '', 1, '2018-10-16 13:25:29', '2018-10-16 13:25:29', 1, 1),
(634, 38, 634, 'Nana-Mambere', '', 1, '2018-10-16 13:25:30', '2018-10-16 13:25:30', 1, 1),
(635, 38, 635, 'Ombella Mpoko', '', 1, '2018-10-16 13:25:30', '2018-10-16 13:25:30', 1, 1),
(636, 38, 636, 'Ouaka', '', 1, '2018-10-16 13:25:30', '2018-10-16 13:25:30', 1, 1),
(637, 38, 637, 'Ouham', '', 1, '2018-10-16 13:25:30', '2018-10-16 13:25:30', 1, 1),
(638, 38, 638, 'Ouham-Pende', '', 1, '2018-10-16 13:25:30', '2018-10-16 13:25:30', 1, 1),
(639, 38, 639, 'Sangha-Mbaere', '', 1, '2018-10-16 13:25:30', '2018-10-16 13:25:30', 1, 1),
(640, 38, 640, 'Vakaga', '', 1, '2018-10-16 13:25:30', '2018-10-16 13:25:30', 1, 1),
(641, 39, 641, 'Batha', '', 1, '2018-10-16 13:25:30', '2018-10-16 13:25:30', 1, 1),
(642, 39, 642, 'Biltine', '', 1, '2018-10-16 13:25:30', '2018-10-16 13:25:30', 1, 1),
(643, 39, 643, 'Bourkou-Ennedi-Tibesti', '', 1, '2018-10-16 13:25:30', '2018-10-16 13:25:30', 1, 1),
(644, 39, 644, 'Chari-Baguirmi', '', 1, '2018-10-16 13:25:30', '2018-10-16 13:25:30', 1, 1);
INSERT INTO `states_text` (`StateTextID`, `CountryID`, `StateID`, `Title`, `Seo`, `SystemLanguageID`, `CreatedAt`, `UpdatedAt`, `CreatedBy`, `UpdatedBy`) VALUES
(645, 39, 645, 'Guera', '', 1, '2018-10-16 13:25:30', '2018-10-16 13:25:30', 1, 1),
(646, 39, 646, 'Kanem', '', 1, '2018-10-16 13:25:30', '2018-10-16 13:25:30', 1, 1),
(647, 39, 647, 'Lac', '', 1, '2018-10-16 13:25:30', '2018-10-16 13:25:30', 1, 1),
(648, 39, 648, 'Logone Occidental', '', 1, '2018-10-16 13:25:30', '2018-10-16 13:25:30', 1, 1),
(649, 39, 649, 'Logone Oriental', '', 1, '2018-10-16 13:25:30', '2018-10-16 13:25:30', 1, 1),
(650, 39, 650, 'Mayo-Kebbi', '', 1, '2018-10-16 13:25:30', '2018-10-16 13:25:30', 1, 1),
(651, 39, 651, 'Moyen-Chari', '', 1, '2018-10-16 13:25:30', '2018-10-16 13:25:30', 1, 1),
(652, 39, 652, 'Ouaddai', '', 1, '2018-10-16 13:25:30', '2018-10-16 13:25:30', 1, 1),
(653, 39, 653, 'Salamat', '', 1, '2018-10-16 13:25:30', '2018-10-16 13:25:30', 1, 1),
(654, 39, 654, 'Tandjile', '', 1, '2018-10-16 13:25:31', '2018-10-16 13:25:31', 1, 1),
(655, 40, 655, 'Aisen', '', 1, '2018-10-16 13:25:31', '2018-10-16 13:25:31', 1, 1),
(656, 40, 656, 'Antofagasta', '', 1, '2018-10-16 13:25:31', '2018-10-16 13:25:31', 1, 1),
(657, 40, 657, 'Araucania', '', 1, '2018-10-16 13:25:31', '2018-10-16 13:25:31', 1, 1),
(658, 40, 658, 'Atacama', '', 1, '2018-10-16 13:25:31', '2018-10-16 13:25:31', 1, 1),
(659, 40, 659, 'Bio Bio', '', 1, '2018-10-16 13:25:31', '2018-10-16 13:25:31', 1, 1),
(660, 40, 660, 'Coquimbo', '', 1, '2018-10-16 13:25:31', '2018-10-16 13:25:31', 1, 1),
(661, 40, 661, 'Libertador General Bernardo O\'', '', 1, '2018-10-16 13:25:31', '2018-10-16 13:25:31', 1, 1),
(662, 40, 662, 'Los Lagos', '', 1, '2018-10-16 13:25:31', '2018-10-16 13:25:31', 1, 1),
(663, 40, 663, 'Magellanes', '', 1, '2018-10-16 13:25:31', '2018-10-16 13:25:31', 1, 1),
(664, 40, 664, 'Maule', '', 1, '2018-10-16 13:25:31', '2018-10-16 13:25:31', 1, 1),
(665, 40, 665, 'Metropolitana', '', 1, '2018-10-16 13:25:31', '2018-10-16 13:25:31', 1, 1),
(666, 40, 666, 'Metropolitana de Santiago', '', 1, '2018-10-16 13:25:31', '2018-10-16 13:25:31', 1, 1),
(667, 40, 667, 'Tarapaca', '', 1, '2018-10-16 13:25:31', '2018-10-16 13:25:31', 1, 1),
(668, 40, 668, 'Valparaiso', '', 1, '2018-10-16 13:25:31', '2018-10-16 13:25:31', 1, 1),
(711, 42, 711, 'Christmas Island', '', 1, '2018-10-16 13:25:34', '2018-10-16 13:25:34', 1, 1),
(712, 43, 712, 'Amazonas', '', 1, '2018-10-16 13:25:34', '2018-10-16 13:25:34', 1, 1),
(713, 43, 713, 'Antioquia', '', 1, '2018-10-16 13:25:34', '2018-10-16 13:25:34', 1, 1),
(714, 43, 714, 'Arauca', '', 1, '2018-10-16 13:25:34', '2018-10-16 13:25:34', 1, 1),
(715, 43, 715, 'Atlantico', '', 1, '2018-10-16 13:25:34', '2018-10-16 13:25:34', 1, 1),
(716, 43, 716, 'Bogota', '', 1, '2018-10-16 13:25:34', '2018-10-16 13:25:34', 1, 1),
(717, 43, 717, 'Bolivar', '', 1, '2018-10-16 13:25:34', '2018-10-16 13:25:34', 1, 1),
(718, 43, 718, 'Boyaca', '', 1, '2018-10-16 13:25:34', '2018-10-16 13:25:34', 1, 1),
(719, 43, 719, 'Caldas', '', 1, '2018-10-16 13:25:34', '2018-10-16 13:25:34', 1, 1),
(720, 43, 720, 'Caqueta', '', 1, '2018-10-16 13:25:34', '2018-10-16 13:25:34', 1, 1),
(721, 43, 721, 'Casanare', '', 1, '2018-10-16 13:25:34', '2018-10-16 13:25:34', 1, 1),
(722, 43, 722, 'Cauca', '', 1, '2018-10-16 13:25:34', '2018-10-16 13:25:34', 1, 1),
(723, 43, 723, 'Cesar', '', 1, '2018-10-16 13:25:34', '2018-10-16 13:25:34', 1, 1),
(724, 43, 724, 'Choco', '', 1, '2018-10-16 13:25:34', '2018-10-16 13:25:34', 1, 1),
(725, 43, 725, 'Cordoba', '', 1, '2018-10-16 13:25:34', '2018-10-16 13:25:34', 1, 1),
(726, 43, 726, 'Cundinamarca', '', 1, '2018-10-16 13:25:34', '2018-10-16 13:25:34', 1, 1),
(727, 43, 727, 'Guainia', '', 1, '2018-10-16 13:25:34', '2018-10-16 13:25:34', 1, 1),
(728, 43, 728, 'Guaviare', '', 1, '2018-10-16 13:25:35', '2018-10-16 13:25:35', 1, 1),
(729, 43, 729, 'Huila', '', 1, '2018-10-16 13:25:35', '2018-10-16 13:25:35', 1, 1),
(730, 43, 730, 'La Guajira', '', 1, '2018-10-16 13:25:35', '2018-10-16 13:25:35', 1, 1),
(731, 43, 731, 'Magdalena', '', 1, '2018-10-16 13:25:35', '2018-10-16 13:25:35', 1, 1),
(732, 43, 732, 'Meta', '', 1, '2018-10-16 13:25:35', '2018-10-16 13:25:35', 1, 1),
(733, 43, 733, 'Narino', '', 1, '2018-10-16 13:25:35', '2018-10-16 13:25:35', 1, 1),
(734, 43, 734, 'Norte de Santander', '', 1, '2018-10-16 13:25:35', '2018-10-16 13:25:35', 1, 1),
(735, 43, 735, 'Putumayo', '', 1, '2018-10-16 13:25:35', '2018-10-16 13:25:35', 1, 1),
(736, 43, 736, 'Quindio', '', 1, '2018-10-16 13:25:35', '2018-10-16 13:25:35', 1, 1),
(737, 43, 737, 'Risaralda', '', 1, '2018-10-16 13:25:35', '2018-10-16 13:25:35', 1, 1),
(738, 43, 738, 'San Andres y Providencia', '', 1, '2018-10-16 13:25:35', '2018-10-16 13:25:35', 1, 1),
(739, 43, 739, 'Santander', '', 1, '2018-10-16 13:25:35', '2018-10-16 13:25:35', 1, 1),
(740, 43, 740, 'Sucre', '', 1, '2018-10-16 13:25:35', '2018-10-16 13:25:35', 1, 1),
(741, 43, 741, 'Tolima', '', 1, '2018-10-16 13:25:35', '2018-10-16 13:25:35', 1, 1),
(742, 43, 742, 'Valle del Cauca', '', 1, '2018-10-16 13:25:35', '2018-10-16 13:25:35', 1, 1),
(743, 43, 743, 'Vaupes', '', 1, '2018-10-16 13:25:35', '2018-10-16 13:25:35', 1, 1),
(744, 43, 744, 'Vichada', '', 1, '2018-10-16 13:25:35', '2018-10-16 13:25:35', 1, 1),
(745, 44, 745, 'Mwali', '', 1, '2018-10-16 13:25:35', '2018-10-16 13:25:35', 1, 1),
(746, 44, 746, 'Njazidja', '', 1, '2018-10-16 13:25:36', '2018-10-16 13:25:36', 1, 1),
(747, 44, 747, 'Nzwani', '', 1, '2018-10-16 13:25:36', '2018-10-16 13:25:36', 1, 1),
(748, 45, 748, 'Bouenza', '', 1, '2018-10-16 13:25:36', '2018-10-16 13:25:36', 1, 1),
(749, 45, 749, 'Brazzaville', '', 1, '2018-10-16 13:25:36', '2018-10-16 13:25:36', 1, 1),
(750, 45, 750, 'Cuvette', '', 1, '2018-10-16 13:25:36', '2018-10-16 13:25:36', 1, 1),
(751, 45, 751, 'Kouilou', '', 1, '2018-10-16 13:25:36', '2018-10-16 13:25:36', 1, 1),
(752, 45, 752, 'Lekoumou', '', 1, '2018-10-16 13:25:36', '2018-10-16 13:25:36', 1, 1),
(753, 45, 753, 'Likouala', '', 1, '2018-10-16 13:25:36', '2018-10-16 13:25:36', 1, 1),
(754, 45, 754, 'Niari', '', 1, '2018-10-16 13:25:36', '2018-10-16 13:25:36', 1, 1),
(755, 45, 755, 'Plateaux', '', 1, '2018-10-16 13:25:36', '2018-10-16 13:25:36', 1, 1),
(756, 45, 756, 'Pool', '', 1, '2018-10-16 13:25:36', '2018-10-16 13:25:36', 1, 1),
(757, 45, 757, 'Sangha', '', 1, '2018-10-16 13:25:36', '2018-10-16 13:25:36', 1, 1),
(758, 46, 758, 'Aitutaki', '', 1, '2018-10-16 13:25:36', '2018-10-16 13:25:36', 1, 1),
(759, 46, 759, 'Atiu', '', 1, '2018-10-16 13:25:36', '2018-10-16 13:25:36', 1, 1),
(760, 46, 760, 'Mangaia', '', 1, '2018-10-16 13:25:36', '2018-10-16 13:25:36', 1, 1),
(761, 46, 761, 'Manihiki', '', 1, '2018-10-16 13:25:36', '2018-10-16 13:25:36', 1, 1),
(762, 46, 762, 'Mauke', '', 1, '2018-10-16 13:25:36', '2018-10-16 13:25:36', 1, 1),
(763, 46, 763, 'Mitiaro', '', 1, '2018-10-16 13:25:36', '2018-10-16 13:25:36', 1, 1),
(764, 46, 764, 'Nassau', '', 1, '2018-10-16 13:25:36', '2018-10-16 13:25:36', 1, 1),
(765, 46, 765, 'Pukapuka', '', 1, '2018-10-16 13:25:36', '2018-10-16 13:25:36', 1, 1),
(766, 46, 766, 'Rakahanga', '', 1, '2018-10-16 13:25:36', '2018-10-16 13:25:36', 1, 1),
(767, 46, 767, 'Rarotonga', '', 1, '2018-10-16 13:25:37', '2018-10-16 13:25:37', 1, 1),
(768, 46, 768, 'Tongareva', '', 1, '2018-10-16 13:25:37', '2018-10-16 13:25:37', 1, 1),
(769, 47, 769, 'Alajuela', '', 1, '2018-10-16 13:25:37', '2018-10-16 13:25:37', 1, 1),
(770, 47, 770, 'Cartago', '', 1, '2018-10-16 13:25:37', '2018-10-16 13:25:37', 1, 1),
(771, 47, 771, 'Guanacaste', '', 1, '2018-10-16 13:25:37', '2018-10-16 13:25:37', 1, 1),
(772, 47, 772, 'Heredia', '', 1, '2018-10-16 13:25:37', '2018-10-16 13:25:37', 1, 1),
(773, 47, 773, 'Limon', '', 1, '2018-10-16 13:25:37', '2018-10-16 13:25:37', 1, 1),
(774, 47, 774, 'Puntarenas', '', 1, '2018-10-16 13:25:37', '2018-10-16 13:25:37', 1, 1),
(775, 47, 775, 'San Jose', '', 1, '2018-10-16 13:25:37', '2018-10-16 13:25:37', 1, 1),
(776, 48, 776, 'Bjelovar-Bilogora', '', 1, '2018-10-16 13:25:37', '2018-10-16 13:25:37', 1, 1),
(777, 48, 777, 'Dubrovnik-Neretva', '', 1, '2018-10-16 13:25:37', '2018-10-16 13:25:37', 1, 1),
(778, 48, 778, 'Grad Zagreb', '', 1, '2018-10-16 13:25:37', '2018-10-16 13:25:37', 1, 1),
(779, 48, 779, 'Istra', '', 1, '2018-10-16 13:25:37', '2018-10-16 13:25:37', 1, 1),
(780, 48, 780, 'Karlovac', '', 1, '2018-10-16 13:25:37', '2018-10-16 13:25:37', 1, 1),
(781, 48, 781, 'Koprivnica-Krizhevci', '', 1, '2018-10-16 13:25:37', '2018-10-16 13:25:37', 1, 1),
(782, 48, 782, 'Krapina-Zagorje', '', 1, '2018-10-16 13:25:37', '2018-10-16 13:25:37', 1, 1),
(783, 48, 783, 'Lika-Senj', '', 1, '2018-10-16 13:25:37', '2018-10-16 13:25:37', 1, 1),
(784, 48, 784, 'Medhimurje', '', 1, '2018-10-16 13:25:37', '2018-10-16 13:25:37', 1, 1),
(785, 48, 785, 'Medimurska Zupanija', '', 1, '2018-10-16 13:25:37', '2018-10-16 13:25:37', 1, 1),
(786, 48, 786, 'Osijek-Baranja', '', 1, '2018-10-16 13:25:37', '2018-10-16 13:25:37', 1, 1),
(787, 48, 787, 'Osjecko-Baranjska Zupanija', '', 1, '2018-10-16 13:25:38', '2018-10-16 13:25:38', 1, 1),
(788, 48, 788, 'Pozhega-Slavonija', '', 1, '2018-10-16 13:25:38', '2018-10-16 13:25:38', 1, 1),
(789, 48, 789, 'Primorje-Gorski Kotar', '', 1, '2018-10-16 13:25:38', '2018-10-16 13:25:38', 1, 1),
(790, 48, 790, 'Shibenik-Knin', '', 1, '2018-10-16 13:25:38', '2018-10-16 13:25:38', 1, 1),
(791, 48, 791, 'Sisak-Moslavina', '', 1, '2018-10-16 13:25:38', '2018-10-16 13:25:38', 1, 1),
(792, 48, 792, 'Slavonski Brod-Posavina', '', 1, '2018-10-16 13:25:38', '2018-10-16 13:25:38', 1, 1),
(793, 48, 793, 'Split-Dalmacija', '', 1, '2018-10-16 13:25:38', '2018-10-16 13:25:38', 1, 1),
(794, 48, 794, 'Varazhdin', '', 1, '2018-10-16 13:25:38', '2018-10-16 13:25:38', 1, 1),
(795, 48, 795, 'Virovitica-Podravina', '', 1, '2018-10-16 13:25:38', '2018-10-16 13:25:38', 1, 1),
(796, 48, 796, 'Vukovar-Srijem', '', 1, '2018-10-16 13:25:38', '2018-10-16 13:25:38', 1, 1),
(797, 48, 797, 'Zadar', '', 1, '2018-10-16 13:25:38', '2018-10-16 13:25:38', 1, 1),
(798, 48, 798, 'Zagreb', '', 1, '2018-10-16 13:25:38', '2018-10-16 13:25:38', 1, 1),
(799, 49, 799, 'Camaguey', '', 1, '2018-10-16 13:25:38', '2018-10-16 13:25:38', 1, 1),
(800, 49, 800, 'Ciego de Avila', '', 1, '2018-10-16 13:25:38', '2018-10-16 13:25:38', 1, 1),
(801, 49, 801, 'Cienfuegos', '', 1, '2018-10-16 13:25:38', '2018-10-16 13:25:38', 1, 1),
(802, 49, 802, 'Ciudad de la Habana', '', 1, '2018-10-16 13:25:38', '2018-10-16 13:25:38', 1, 1),
(803, 49, 803, 'Granma', '', 1, '2018-10-16 13:25:38', '2018-10-16 13:25:38', 1, 1),
(804, 49, 804, 'Guantanamo', '', 1, '2018-10-16 13:25:38', '2018-10-16 13:25:38', 1, 1),
(805, 49, 805, 'Habana', '', 1, '2018-10-16 13:25:39', '2018-10-16 13:25:39', 1, 1),
(806, 49, 806, 'Holguin', '', 1, '2018-10-16 13:25:39', '2018-10-16 13:25:39', 1, 1),
(807, 49, 807, 'Isla de la Juventud', '', 1, '2018-10-16 13:25:39', '2018-10-16 13:25:39', 1, 1),
(808, 49, 808, 'La Habana', '', 1, '2018-10-16 13:25:39', '2018-10-16 13:25:39', 1, 1),
(809, 49, 809, 'Las Tunas', '', 1, '2018-10-16 13:25:39', '2018-10-16 13:25:39', 1, 1),
(810, 49, 810, 'Matanzas', '', 1, '2018-10-16 13:25:39', '2018-10-16 13:25:39', 1, 1),
(811, 49, 811, 'Pinar del Rio', '', 1, '2018-10-16 13:25:39', '2018-10-16 13:25:39', 1, 1),
(812, 49, 812, 'Sancti Spiritus', '', 1, '2018-10-16 13:25:39', '2018-10-16 13:25:39', 1, 1),
(813, 49, 813, 'Santiago de Cuba', '', 1, '2018-10-16 13:25:39', '2018-10-16 13:25:39', 1, 1),
(814, 49, 814, 'Villa Clara', '', 1, '2018-10-16 13:25:39', '2018-10-16 13:25:39', 1, 1),
(820, 51, 820, 'Central Bohemian', '', 1, '2018-10-16 13:25:39', '2018-10-16 13:25:39', 1, 1),
(821, 51, 821, 'Frycovice', '', 1, '2018-10-16 13:25:39', '2018-10-16 13:25:39', 1, 1),
(822, 51, 822, 'Jihocesky Kraj', '', 1, '2018-10-16 13:25:39', '2018-10-16 13:25:39', 1, 1),
(823, 51, 823, 'Jihochesky', '', 1, '2018-10-16 13:25:40', '2018-10-16 13:25:40', 1, 1),
(824, 51, 824, 'Jihomoravsky', '', 1, '2018-10-16 13:25:40', '2018-10-16 13:25:40', 1, 1),
(825, 51, 825, 'Karlovarsky', '', 1, '2018-10-16 13:25:40', '2018-10-16 13:25:40', 1, 1),
(826, 51, 826, 'Klecany', '', 1, '2018-10-16 13:25:40', '2018-10-16 13:25:40', 1, 1),
(827, 51, 827, 'Kralovehradecky', '', 1, '2018-10-16 13:25:40', '2018-10-16 13:25:40', 1, 1),
(828, 51, 828, 'Liberecky', '', 1, '2018-10-16 13:25:40', '2018-10-16 13:25:40', 1, 1),
(829, 51, 829, 'Lipov', '', 1, '2018-10-16 13:25:40', '2018-10-16 13:25:40', 1, 1),
(830, 51, 830, 'Moravskoslezsky', '', 1, '2018-10-16 13:25:40', '2018-10-16 13:25:40', 1, 1),
(831, 51, 831, 'Olomoucky', '', 1, '2018-10-16 13:25:40', '2018-10-16 13:25:40', 1, 1),
(832, 51, 832, 'Olomoucky Kraj', '', 1, '2018-10-16 13:25:40', '2018-10-16 13:25:40', 1, 1),
(833, 51, 833, 'Pardubicky', '', 1, '2018-10-16 13:25:40', '2018-10-16 13:25:40', 1, 1),
(834, 51, 834, 'Plzensky', '', 1, '2018-10-16 13:25:40', '2018-10-16 13:25:40', 1, 1),
(835, 51, 835, 'Praha', '', 1, '2018-10-16 13:25:40', '2018-10-16 13:25:40', 1, 1),
(836, 51, 836, 'Rajhrad', '', 1, '2018-10-16 13:25:40', '2018-10-16 13:25:40', 1, 1),
(837, 51, 837, 'Smirice', '', 1, '2018-10-16 13:25:40', '2018-10-16 13:25:40', 1, 1),
(838, 51, 838, 'South Moravian', '', 1, '2018-10-16 13:25:40', '2018-10-16 13:25:40', 1, 1),
(839, 51, 839, 'Straz nad Nisou', '', 1, '2018-10-16 13:25:40', '2018-10-16 13:25:40', 1, 1),
(840, 51, 840, 'Stredochesky', '', 1, '2018-10-16 13:25:40', '2018-10-16 13:25:40', 1, 1),
(841, 51, 841, 'Unicov', '', 1, '2018-10-16 13:25:40', '2018-10-16 13:25:40', 1, 1),
(842, 51, 842, 'Ustecky', '', 1, '2018-10-16 13:25:40', '2018-10-16 13:25:40', 1, 1),
(843, 51, 843, 'Valletta', '', 1, '2018-10-16 13:25:41', '2018-10-16 13:25:41', 1, 1),
(844, 51, 844, 'Velesin', '', 1, '2018-10-16 13:25:41', '2018-10-16 13:25:41', 1, 1),
(845, 51, 845, 'Vysochina', '', 1, '2018-10-16 13:25:41', '2018-10-16 13:25:41', 1, 1),
(846, 51, 846, 'Zlinsky', '', 1, '2018-10-16 13:25:41', '2018-10-16 13:25:41', 1, 1),
(847, 52, 847, 'Arhus', '', 1, '2018-10-16 13:25:41', '2018-10-16 13:25:41', 1, 1),
(848, 52, 848, 'Bornholm', '', 1, '2018-10-16 13:25:41', '2018-10-16 13:25:41', 1, 1),
(849, 52, 849, 'Frederiksborg', '', 1, '2018-10-16 13:25:41', '2018-10-16 13:25:41', 1, 1),
(850, 52, 850, 'Fyn', '', 1, '2018-10-16 13:25:41', '2018-10-16 13:25:41', 1, 1),
(851, 52, 851, 'Hovedstaden', '', 1, '2018-10-16 13:25:41', '2018-10-16 13:25:41', 1, 1),
(852, 52, 852, 'Kobenhavn', '', 1, '2018-10-16 13:25:41', '2018-10-16 13:25:41', 1, 1),
(853, 52, 853, 'Kobenhavns Amt', '', 1, '2018-10-16 13:25:41', '2018-10-16 13:25:41', 1, 1),
(854, 52, 854, 'Kobenhavns Kommune', '', 1, '2018-10-16 13:25:41', '2018-10-16 13:25:41', 1, 1),
(855, 52, 855, 'Nordjylland', '', 1, '2018-10-16 13:25:41', '2018-10-16 13:25:41', 1, 1),
(856, 52, 856, 'Ribe', '', 1, '2018-10-16 13:25:41', '2018-10-16 13:25:41', 1, 1),
(857, 52, 857, 'Ringkobing', '', 1, '2018-10-16 13:25:41', '2018-10-16 13:25:41', 1, 1),
(858, 52, 858, 'Roervig', '', 1, '2018-10-16 13:25:41', '2018-10-16 13:25:41', 1, 1),
(859, 52, 859, 'Roskilde', '', 1, '2018-10-16 13:25:41', '2018-10-16 13:25:41', 1, 1),
(860, 52, 860, 'Roslev', '', 1, '2018-10-16 13:25:41', '2018-10-16 13:25:41', 1, 1),
(861, 52, 861, 'Sjaelland', '', 1, '2018-10-16 13:25:41', '2018-10-16 13:25:41', 1, 1),
(862, 52, 862, 'Soeborg', '', 1, '2018-10-16 13:25:41', '2018-10-16 13:25:41', 1, 1),
(863, 52, 863, 'Sonderjylland', '', 1, '2018-10-16 13:25:41', '2018-10-16 13:25:41', 1, 1),
(864, 52, 864, 'Storstrom', '', 1, '2018-10-16 13:25:42', '2018-10-16 13:25:42', 1, 1),
(865, 52, 865, 'Syddanmark', '', 1, '2018-10-16 13:25:42', '2018-10-16 13:25:42', 1, 1),
(866, 52, 866, 'Toelloese', '', 1, '2018-10-16 13:25:42', '2018-10-16 13:25:42', 1, 1),
(867, 52, 867, 'Vejle', '', 1, '2018-10-16 13:25:42', '2018-10-16 13:25:42', 1, 1),
(868, 52, 868, 'Vestsjalland', '', 1, '2018-10-16 13:25:42', '2018-10-16 13:25:42', 1, 1),
(869, 52, 869, 'Viborg', '', 1, '2018-10-16 13:25:42', '2018-10-16 13:25:42', 1, 1),
(870, 53, 870, '\'Ali Sabih', '', 1, '2018-10-16 13:25:42', '2018-10-16 13:25:42', 1, 1),
(871, 53, 871, 'Dikhil', '', 1, '2018-10-16 13:25:42', '2018-10-16 13:25:42', 1, 1),
(872, 53, 872, 'Jibuti', '', 1, '2018-10-16 13:25:42', '2018-10-16 13:25:42', 1, 1),
(873, 53, 873, 'Tajurah', '', 1, '2018-10-16 13:25:42', '2018-10-16 13:25:42', 1, 1),
(874, 53, 874, 'Ubuk', '', 1, '2018-10-16 13:25:42', '2018-10-16 13:25:42', 1, 1),
(875, 54, 875, 'Saint Andrew', '', 1, '2018-10-16 13:25:42', '2018-10-16 13:25:42', 1, 1),
(876, 54, 876, 'Saint David', '', 1, '2018-10-16 13:25:42', '2018-10-16 13:25:42', 1, 1),
(877, 54, 877, 'Saint George', '', 1, '2018-10-16 13:25:42', '2018-10-16 13:25:42', 1, 1),
(878, 54, 878, 'Saint John', '', 1, '2018-10-16 13:25:42', '2018-10-16 13:25:42', 1, 1),
(879, 54, 879, 'Saint Joseph', '', 1, '2018-10-16 13:25:42', '2018-10-16 13:25:42', 1, 1),
(880, 54, 880, 'Saint Luke', '', 1, '2018-10-16 13:25:42', '2018-10-16 13:25:42', 1, 1),
(881, 54, 881, 'Saint Mark', '', 1, '2018-10-16 13:25:42', '2018-10-16 13:25:42', 1, 1),
(882, 54, 882, 'Saint Patrick', '', 1, '2018-10-16 13:25:42', '2018-10-16 13:25:42', 1, 1),
(883, 54, 883, 'Saint Paul', '', 1, '2018-10-16 13:25:42', '2018-10-16 13:25:42', 1, 1),
(884, 54, 884, 'Saint Peter', '', 1, '2018-10-16 13:25:42', '2018-10-16 13:25:42', 1, 1),
(885, 55, 885, 'Azua', '', 1, '2018-10-16 13:25:42', '2018-10-16 13:25:42', 1, 1),
(886, 55, 886, 'Bahoruco', '', 1, '2018-10-16 13:25:43', '2018-10-16 13:25:43', 1, 1),
(887, 55, 887, 'Barahona', '', 1, '2018-10-16 13:25:43', '2018-10-16 13:25:43', 1, 1),
(888, 55, 888, 'Dajabon', '', 1, '2018-10-16 13:25:43', '2018-10-16 13:25:43', 1, 1),
(889, 55, 889, 'Distrito Nacional', '', 1, '2018-10-16 13:25:43', '2018-10-16 13:25:43', 1, 1),
(890, 55, 890, 'Duarte', '', 1, '2018-10-16 13:25:43', '2018-10-16 13:25:43', 1, 1),
(891, 55, 891, 'El Seybo', '', 1, '2018-10-16 13:25:43', '2018-10-16 13:25:43', 1, 1),
(892, 55, 892, 'Elias Pina', '', 1, '2018-10-16 13:25:43', '2018-10-16 13:25:43', 1, 1),
(893, 55, 893, 'Espaillat', '', 1, '2018-10-16 13:25:43', '2018-10-16 13:25:43', 1, 1),
(894, 55, 894, 'Hato Mayor', '', 1, '2018-10-16 13:25:43', '2018-10-16 13:25:43', 1, 1),
(895, 55, 895, 'Independencia', '', 1, '2018-10-16 13:25:43', '2018-10-16 13:25:43', 1, 1),
(896, 55, 896, 'La Altagracia', '', 1, '2018-10-16 13:25:43', '2018-10-16 13:25:43', 1, 1),
(897, 55, 897, 'La Romana', '', 1, '2018-10-16 13:25:43', '2018-10-16 13:25:43', 1, 1),
(898, 55, 898, 'La Vega', '', 1, '2018-10-16 13:25:43', '2018-10-16 13:25:43', 1, 1),
(899, 55, 899, 'Maria Trinidad Sanchez', '', 1, '2018-10-16 13:25:43', '2018-10-16 13:25:43', 1, 1),
(900, 55, 900, 'Monsenor Nouel', '', 1, '2018-10-16 13:25:43', '2018-10-16 13:25:43', 1, 1),
(901, 55, 901, 'Monte Cristi', '', 1, '2018-10-16 13:25:43', '2018-10-16 13:25:43', 1, 1),
(902, 55, 902, 'Monte Plata', '', 1, '2018-10-16 13:25:43', '2018-10-16 13:25:43', 1, 1),
(903, 55, 903, 'Pedernales', '', 1, '2018-10-16 13:25:43', '2018-10-16 13:25:43', 1, 1),
(904, 55, 904, 'Peravia', '', 1, '2018-10-16 13:25:43', '2018-10-16 13:25:43', 1, 1),
(905, 55, 905, 'Puerto Plata', '', 1, '2018-10-16 13:25:43', '2018-10-16 13:25:43', 1, 1),
(906, 55, 906, 'Salcedo', '', 1, '2018-10-16 13:25:43', '2018-10-16 13:25:43', 1, 1),
(907, 55, 907, 'Samana', '', 1, '2018-10-16 13:25:44', '2018-10-16 13:25:44', 1, 1),
(908, 55, 908, 'San Cristobal', '', 1, '2018-10-16 13:25:44', '2018-10-16 13:25:44', 1, 1),
(909, 55, 909, 'San Juan', '', 1, '2018-10-16 13:25:44', '2018-10-16 13:25:44', 1, 1),
(910, 55, 910, 'San Pedro de Macoris', '', 1, '2018-10-16 13:25:44', '2018-10-16 13:25:44', 1, 1),
(911, 55, 911, 'Sanchez Ramirez', '', 1, '2018-10-16 13:25:44', '2018-10-16 13:25:44', 1, 1),
(912, 55, 912, 'Santiago', '', 1, '2018-10-16 13:25:44', '2018-10-16 13:25:44', 1, 1),
(913, 55, 913, 'Santiago Rodriguez', '', 1, '2018-10-16 13:25:44', '2018-10-16 13:25:44', 1, 1),
(914, 55, 914, 'Valverde', '', 1, '2018-10-16 13:25:44', '2018-10-16 13:25:44', 1, 1),
(915, 56, 915, 'Azuay', '', 1, '2018-10-16 13:25:44', '2018-10-16 13:25:44', 1, 1),
(916, 56, 916, 'Bolivar', '', 1, '2018-10-16 13:25:44', '2018-10-16 13:25:44', 1, 1),
(917, 56, 917, 'Canar', '', 1, '2018-10-16 13:25:44', '2018-10-16 13:25:44', 1, 1),
(918, 56, 918, 'Carchi', '', 1, '2018-10-16 13:25:44', '2018-10-16 13:25:44', 1, 1),
(919, 56, 919, 'Chimborazo', '', 1, '2018-10-16 13:25:44', '2018-10-16 13:25:44', 1, 1),
(920, 56, 920, 'Cotopaxi', '', 1, '2018-10-16 13:25:44', '2018-10-16 13:25:44', 1, 1),
(921, 56, 921, 'El Oro', '', 1, '2018-10-16 13:25:44', '2018-10-16 13:25:44', 1, 1),
(922, 56, 922, 'Esmeraldas', '', 1, '2018-10-16 13:25:44', '2018-10-16 13:25:44', 1, 1),
(923, 56, 923, 'Galapagos', '', 1, '2018-10-16 13:25:44', '2018-10-16 13:25:44', 1, 1),
(924, 56, 924, 'Guayas', '', 1, '2018-10-16 13:25:44', '2018-10-16 13:25:44', 1, 1),
(925, 56, 925, 'Imbabura', '', 1, '2018-10-16 13:25:45', '2018-10-16 13:25:45', 1, 1),
(926, 56, 926, 'Loja', '', 1, '2018-10-16 13:25:45', '2018-10-16 13:25:45', 1, 1),
(927, 56, 927, 'Los Rios', '', 1, '2018-10-16 13:25:45', '2018-10-16 13:25:45', 1, 1),
(928, 56, 928, 'Manabi', '', 1, '2018-10-16 13:25:45', '2018-10-16 13:25:45', 1, 1),
(929, 56, 929, 'Morona Santiago', '', 1, '2018-10-16 13:25:45', '2018-10-16 13:25:45', 1, 1),
(930, 56, 930, 'Napo', '', 1, '2018-10-16 13:25:45', '2018-10-16 13:25:45', 1, 1),
(931, 56, 931, 'Orellana', '', 1, '2018-10-16 13:25:45', '2018-10-16 13:25:45', 1, 1),
(932, 56, 932, 'Pastaza', '', 1, '2018-10-16 13:25:45', '2018-10-16 13:25:45', 1, 1),
(933, 56, 933, 'Pichincha', '', 1, '2018-10-16 13:25:45', '2018-10-16 13:25:45', 1, 1),
(934, 56, 934, 'Sucumbios', '', 1, '2018-10-16 13:25:45', '2018-10-16 13:25:45', 1, 1),
(935, 56, 935, 'Tungurahua', '', 1, '2018-10-16 13:25:45', '2018-10-16 13:25:45', 1, 1),
(936, 56, 936, 'Zamora Chinchipe', '', 1, '2018-10-16 13:25:46', '2018-10-16 13:25:46', 1, 1),
(937, 57, 937, 'Aswan', '', 1, '2018-10-16 13:25:46', '2018-10-16 13:25:46', 1, 1),
(938, 57, 938, 'Asyut', '', 1, '2018-10-16 13:25:46', '2018-10-16 13:25:46', 1, 1),
(939, 57, 939, 'Bani Suwayf', '', 1, '2018-10-16 13:25:46', '2018-10-16 13:25:46', 1, 1),
(940, 57, 940, 'Bur Sa\'id', '', 1, '2018-10-16 13:25:46', '2018-10-16 13:25:46', 1, 1),
(941, 57, 941, 'Cairo', '', 1, '2018-10-16 13:25:46', '2018-10-16 13:25:46', 1, 1),
(942, 57, 942, 'Dumyat', '', 1, '2018-10-16 13:25:46', '2018-10-16 13:25:46', 1, 1),
(943, 57, 943, 'Kafr-ash-Shaykh', '', 1, '2018-10-16 13:25:46', '2018-10-16 13:25:46', 1, 1),
(944, 57, 944, 'Matruh', '', 1, '2018-10-16 13:25:46', '2018-10-16 13:25:46', 1, 1),
(945, 57, 945, 'Muhafazat ad Daqahliyah', '', 1, '2018-10-16 13:25:46', '2018-10-16 13:25:46', 1, 1),
(946, 57, 946, 'Muhafazat al Fayyum', '', 1, '2018-10-16 13:25:46', '2018-10-16 13:25:46', 1, 1),
(947, 57, 947, 'Muhafazat al Gharbiyah', '', 1, '2018-10-16 13:25:46', '2018-10-16 13:25:46', 1, 1),
(948, 57, 948, 'Muhafazat al Iskandariyah', '', 1, '2018-10-16 13:25:47', '2018-10-16 13:25:47', 1, 1),
(949, 57, 949, 'Muhafazat al Qahirah', '', 1, '2018-10-16 13:25:47', '2018-10-16 13:25:47', 1, 1),
(950, 57, 950, 'Qina', '', 1, '2018-10-16 13:25:47', '2018-10-16 13:25:47', 1, 1),
(951, 57, 951, 'Sawhaj', '', 1, '2018-10-16 13:25:47', '2018-10-16 13:25:47', 1, 1),
(952, 57, 952, 'Sina al-Janubiyah', '', 1, '2018-10-16 13:25:47', '2018-10-16 13:25:47', 1, 1),
(953, 57, 953, 'Sina ash-Shamaliyah', '', 1, '2018-10-16 13:25:47', '2018-10-16 13:25:47', 1, 1),
(954, 57, 954, 'ad-Daqahliyah', '', 1, '2018-10-16 13:25:47', '2018-10-16 13:25:47', 1, 1),
(955, 57, 955, 'al-Bahr-al-Ahmar', '', 1, '2018-10-16 13:25:47', '2018-10-16 13:25:47', 1, 1),
(956, 57, 956, 'al-Buhayrah', '', 1, '2018-10-16 13:25:47', '2018-10-16 13:25:47', 1, 1),
(957, 57, 957, 'al-Fayyum', '', 1, '2018-10-16 13:25:47', '2018-10-16 13:25:47', 1, 1),
(958, 57, 958, 'al-Gharbiyah', '', 1, '2018-10-16 13:25:47', '2018-10-16 13:25:47', 1, 1),
(959, 57, 959, 'al-Iskandariyah', '', 1, '2018-10-16 13:25:47', '2018-10-16 13:25:47', 1, 1),
(960, 57, 960, 'al-Ismailiyah', '', 1, '2018-10-16 13:25:47', '2018-10-16 13:25:47', 1, 1),
(961, 57, 961, 'al-Jizah', '', 1, '2018-10-16 13:25:47', '2018-10-16 13:25:47', 1, 1),
(962, 57, 962, 'al-Minufiyah', '', 1, '2018-10-16 13:25:47', '2018-10-16 13:25:47', 1, 1),
(963, 57, 963, 'al-Minya', '', 1, '2018-10-16 13:25:48', '2018-10-16 13:25:48', 1, 1),
(964, 57, 964, 'al-Qahira', '', 1, '2018-10-16 13:25:48', '2018-10-16 13:25:48', 1, 1),
(965, 57, 965, 'al-Qalyubiyah', '', 1, '2018-10-16 13:25:48', '2018-10-16 13:25:48', 1, 1),
(966, 57, 966, 'al-Uqsur', '', 1, '2018-10-16 13:25:48', '2018-10-16 13:25:48', 1, 1),
(967, 57, 967, 'al-Wadi al-Jadid', '', 1, '2018-10-16 13:25:48', '2018-10-16 13:25:48', 1, 1),
(968, 57, 968, 'as-Suways', '', 1, '2018-10-16 13:25:48', '2018-10-16 13:25:48', 1, 1),
(969, 57, 969, 'ash-Sharqiyah', '', 1, '2018-10-16 13:25:48', '2018-10-16 13:25:48', 1, 1),
(970, 58, 970, 'Ahuachapan', '', 1, '2018-10-16 13:25:48', '2018-10-16 13:25:48', 1, 1),
(971, 58, 971, 'Cabanas', '', 1, '2018-10-16 13:25:48', '2018-10-16 13:25:48', 1, 1),
(972, 58, 972, 'Chalatenango', '', 1, '2018-10-16 13:25:48', '2018-10-16 13:25:48', 1, 1),
(973, 58, 973, 'Cuscatlan', '', 1, '2018-10-16 13:25:48', '2018-10-16 13:25:48', 1, 1),
(974, 58, 974, 'La Libertad', '', 1, '2018-10-16 13:25:48', '2018-10-16 13:25:48', 1, 1),
(975, 58, 975, 'La Paz', '', 1, '2018-10-16 13:25:48', '2018-10-16 13:25:48', 1, 1),
(976, 58, 976, 'La Union', '', 1, '2018-10-16 13:25:48', '2018-10-16 13:25:48', 1, 1),
(977, 58, 977, 'Morazan', '', 1, '2018-10-16 13:25:48', '2018-10-16 13:25:48', 1, 1),
(978, 58, 978, 'San Miguel', '', 1, '2018-10-16 13:25:49', '2018-10-16 13:25:49', 1, 1),
(979, 58, 979, 'San Salvador', '', 1, '2018-10-16 13:25:49', '2018-10-16 13:25:49', 1, 1),
(980, 58, 980, 'San Vicente', '', 1, '2018-10-16 13:25:49', '2018-10-16 13:25:49', 1, 1),
(981, 58, 981, 'Santa Ana', '', 1, '2018-10-16 13:25:49', '2018-10-16 13:25:49', 1, 1),
(982, 58, 982, 'Sonsonate', '', 1, '2018-10-16 13:25:49', '2018-10-16 13:25:49', 1, 1),
(983, 58, 983, 'Usulutan', '', 1, '2018-10-16 13:25:49', '2018-10-16 13:25:49', 1, 1),
(984, 59, 984, 'Annobon', '', 1, '2018-10-16 13:25:49', '2018-10-16 13:25:49', 1, 1),
(985, 59, 985, 'Bioko Norte', '', 1, '2018-10-16 13:25:49', '2018-10-16 13:25:49', 1, 1),
(986, 59, 986, 'Bioko Sur', '', 1, '2018-10-16 13:25:49', '2018-10-16 13:25:49', 1, 1),
(987, 59, 987, 'Centro Sur', '', 1, '2018-10-16 13:25:49', '2018-10-16 13:25:49', 1, 1),
(988, 59, 988, 'Kie-Ntem', '', 1, '2018-10-16 13:25:49', '2018-10-16 13:25:49', 1, 1),
(989, 59, 989, 'Litoral', '', 1, '2018-10-16 13:25:49', '2018-10-16 13:25:49', 1, 1),
(990, 59, 990, 'Wele-Nzas', '', 1, '2018-10-16 13:25:49', '2018-10-16 13:25:49', 1, 1),
(991, 60, 991, 'Anseba', '', 1, '2018-10-16 13:25:49', '2018-10-16 13:25:49', 1, 1),
(992, 60, 992, 'Debub', '', 1, '2018-10-16 13:25:50', '2018-10-16 13:25:50', 1, 1),
(993, 60, 993, 'Debub-Keih-Bahri', '', 1, '2018-10-16 13:25:50', '2018-10-16 13:25:50', 1, 1),
(994, 60, 994, 'Gash-Barka', '', 1, '2018-10-16 13:25:50', '2018-10-16 13:25:50', 1, 1),
(995, 60, 995, 'Maekel', '', 1, '2018-10-16 13:25:50', '2018-10-16 13:25:50', 1, 1),
(996, 60, 996, 'Semien-Keih-Bahri', '', 1, '2018-10-16 13:25:50', '2018-10-16 13:25:50', 1, 1),
(997, 61, 997, 'Harju', '', 1, '2018-10-16 13:25:50', '2018-10-16 13:25:50', 1, 1),
(998, 61, 998, 'Hiiu', '', 1, '2018-10-16 13:25:50', '2018-10-16 13:25:50', 1, 1),
(999, 61, 999, 'Ida-Viru', '', 1, '2018-10-16 13:25:50', '2018-10-16 13:25:50', 1, 1),
(1000, 61, 1000, 'Jarva', '', 1, '2018-10-16 13:25:50', '2018-10-16 13:25:50', 1, 1),
(1001, 61, 1001, 'Jogeva', '', 1, '2018-10-16 13:25:50', '2018-10-16 13:25:50', 1, 1),
(1002, 61, 1002, 'Laane', '', 1, '2018-10-16 13:25:50', '2018-10-16 13:25:50', 1, 1),
(1003, 61, 1003, 'Laane-Viru', '', 1, '2018-10-16 13:25:50', '2018-10-16 13:25:50', 1, 1),
(1004, 61, 1004, 'Parnu', '', 1, '2018-10-16 13:25:50', '2018-10-16 13:25:50', 1, 1),
(1005, 61, 1005, 'Polva', '', 1, '2018-10-16 13:25:50', '2018-10-16 13:25:50', 1, 1),
(1006, 61, 1006, 'Rapla', '', 1, '2018-10-16 13:25:50', '2018-10-16 13:25:50', 1, 1),
(1007, 61, 1007, 'Saare', '', 1, '2018-10-16 13:25:50', '2018-10-16 13:25:50', 1, 1),
(1008, 61, 1008, 'Tartu', '', 1, '2018-10-16 13:25:50', '2018-10-16 13:25:50', 1, 1),
(1009, 61, 1009, 'Valga', '', 1, '2018-10-16 13:25:50', '2018-10-16 13:25:50', 1, 1),
(1010, 61, 1010, 'Viljandi', '', 1, '2018-10-16 13:25:50', '2018-10-16 13:25:50', 1, 1),
(1011, 61, 1011, 'Voru', '', 1, '2018-10-16 13:25:50', '2018-10-16 13:25:50', 1, 1),
(1012, 62, 1012, 'Addis Abeba', '', 1, '2018-10-16 13:25:50', '2018-10-16 13:25:50', 1, 1),
(1013, 62, 1013, 'Afar', '', 1, '2018-10-16 13:25:51', '2018-10-16 13:25:51', 1, 1),
(1014, 62, 1014, 'Amhara', '', 1, '2018-10-16 13:25:51', '2018-10-16 13:25:51', 1, 1),
(1015, 62, 1015, 'Benishangul', '', 1, '2018-10-16 13:25:51', '2018-10-16 13:25:51', 1, 1),
(1016, 62, 1016, 'Diredawa', '', 1, '2018-10-16 13:25:51', '2018-10-16 13:25:51', 1, 1),
(1017, 62, 1017, 'Gambella', '', 1, '2018-10-16 13:25:51', '2018-10-16 13:25:51', 1, 1),
(1018, 62, 1018, 'Harar', '', 1, '2018-10-16 13:25:51', '2018-10-16 13:25:51', 1, 1),
(1019, 62, 1019, 'Jigjiga', '', 1, '2018-10-16 13:25:51', '2018-10-16 13:25:51', 1, 1),
(1020, 62, 1020, 'Mekele', '', 1, '2018-10-16 13:25:51', '2018-10-16 13:25:51', 1, 1),
(1021, 62, 1021, 'Oromia', '', 1, '2018-10-16 13:25:51', '2018-10-16 13:25:51', 1, 1),
(1022, 62, 1022, 'Somali', '', 1, '2018-10-16 13:25:51', '2018-10-16 13:25:51', 1, 1),
(1023, 62, 1023, 'Southern', '', 1, '2018-10-16 13:25:51', '2018-10-16 13:25:51', 1, 1),
(1024, 62, 1024, 'Tigray', '', 1, '2018-10-16 13:25:51', '2018-10-16 13:25:51', 1, 1),
(1025, 63, 1025, 'Klaksvik', '', 1, '2018-10-16 13:25:51', '2018-10-16 13:25:51', 1, 1),
(1026, 63, 1026, 'Nor ara Eysturoy', '', 1, '2018-10-16 13:25:51', '2018-10-16 13:25:51', 1, 1),
(1027, 63, 1027, 'Nor oy', '', 1, '2018-10-16 13:25:51', '2018-10-16 13:25:51', 1, 1),
(1028, 63, 1028, 'Sandoy', '', 1, '2018-10-16 13:25:51', '2018-10-16 13:25:51', 1, 1),
(1029, 63, 1029, 'Streymoy', '', 1, '2018-10-16 13:25:51', '2018-10-16 13:25:51', 1, 1),
(1030, 63, 1030, 'Su uroy', '', 1, '2018-10-16 13:25:51', '2018-10-16 13:25:51', 1, 1),
(1031, 63, 1031, 'Sy ra Eysturoy', '', 1, '2018-10-16 13:25:52', '2018-10-16 13:25:52', 1, 1),
(1032, 63, 1032, 'Torshavn', '', 1, '2018-10-16 13:25:52', '2018-10-16 13:25:52', 1, 1),
(1033, 63, 1033, 'Vaga', '', 1, '2018-10-16 13:25:52', '2018-10-16 13:25:52', 1, 1),
(1034, 64, 1034, 'Central', '', 1, '2018-10-16 13:25:52', '2018-10-16 13:25:52', 1, 1),
(1035, 64, 1035, 'Eastern', '', 1, '2018-10-16 13:25:52', '2018-10-16 13:25:52', 1, 1),
(1036, 64, 1036, 'Northern', '', 1, '2018-10-16 13:25:52', '2018-10-16 13:25:52', 1, 1),
(1037, 64, 1037, 'South Pacific', '', 1, '2018-10-16 13:25:52', '2018-10-16 13:25:52', 1, 1),
(1038, 64, 1038, 'Western', '', 1, '2018-10-16 13:25:52', '2018-10-16 13:25:52', 1, 1),
(1039, 65, 1039, 'Ahvenanmaa', '', 1, '2018-10-16 13:25:52', '2018-10-16 13:25:52', 1, 1),
(1040, 65, 1040, 'Etela-Karjala', '', 1, '2018-10-16 13:25:52', '2018-10-16 13:25:52', 1, 1),
(1041, 65, 1041, 'Etela-Pohjanmaa', '', 1, '2018-10-16 13:25:52', '2018-10-16 13:25:52', 1, 1),
(1042, 65, 1042, 'Etela-Savo', '', 1, '2018-10-16 13:25:52', '2018-10-16 13:25:52', 1, 1),
(1043, 65, 1043, 'Etela-Suomen Laani', '', 1, '2018-10-16 13:25:52', '2018-10-16 13:25:52', 1, 1),
(1044, 65, 1044, 'Ita-Suomen Laani', '', 1, '2018-10-16 13:25:52', '2018-10-16 13:25:52', 1, 1),
(1045, 65, 1045, 'Ita-Uusimaa', '', 1, '2018-10-16 13:25:52', '2018-10-16 13:25:52', 1, 1),
(1046, 65, 1046, 'Kainuu', '', 1, '2018-10-16 13:25:52', '2018-10-16 13:25:52', 1, 1),
(1047, 65, 1047, 'Kanta-Hame', '', 1, '2018-10-16 13:25:52', '2018-10-16 13:25:52', 1, 1),
(1048, 65, 1048, 'Keski-Pohjanmaa', '', 1, '2018-10-16 13:25:52', '2018-10-16 13:25:52', 1, 1),
(1049, 65, 1049, 'Keski-Suomi', '', 1, '2018-10-16 13:25:52', '2018-10-16 13:25:52', 1, 1),
(1050, 65, 1050, 'Kymenlaakso', '', 1, '2018-10-16 13:25:52', '2018-10-16 13:25:52', 1, 1),
(1051, 65, 1051, 'Lansi-Suomen Laani', '', 1, '2018-10-16 13:25:52', '2018-10-16 13:25:52', 1, 1),
(1052, 65, 1052, 'Lappi', '', 1, '2018-10-16 13:25:52', '2018-10-16 13:25:52', 1, 1),
(1053, 65, 1053, 'Northern Savonia', '', 1, '2018-10-16 13:25:53', '2018-10-16 13:25:53', 1, 1),
(1054, 65, 1054, 'Ostrobothnia', '', 1, '2018-10-16 13:25:53', '2018-10-16 13:25:53', 1, 1),
(1055, 65, 1055, 'Oulun Laani', '', 1, '2018-10-16 13:25:53', '2018-10-16 13:25:53', 1, 1),
(1056, 65, 1056, 'Paijat-Hame', '', 1, '2018-10-16 13:25:53', '2018-10-16 13:25:53', 1, 1),
(1057, 65, 1057, 'Pirkanmaa', '', 1, '2018-10-16 13:25:53', '2018-10-16 13:25:53', 1, 1),
(1058, 65, 1058, 'Pohjanmaa', '', 1, '2018-10-16 13:25:53', '2018-10-16 13:25:53', 1, 1),
(1059, 65, 1059, 'Pohjois-Karjala', '', 1, '2018-10-16 13:25:53', '2018-10-16 13:25:53', 1, 1),
(1060, 65, 1060, 'Pohjois-Pohjanmaa', '', 1, '2018-10-16 13:25:53', '2018-10-16 13:25:53', 1, 1),
(1061, 65, 1061, 'Pohjois-Savo', '', 1, '2018-10-16 13:25:53', '2018-10-16 13:25:53', 1, 1),
(1062, 65, 1062, 'Saarijarvi', '', 1, '2018-10-16 13:25:53', '2018-10-16 13:25:53', 1, 1),
(1063, 65, 1063, 'Satakunta', '', 1, '2018-10-16 13:25:53', '2018-10-16 13:25:53', 1, 1),
(1064, 65, 1064, 'Southern Savonia', '', 1, '2018-10-16 13:25:53', '2018-10-16 13:25:53', 1, 1),
(1065, 65, 1065, 'Tavastia Proper', '', 1, '2018-10-16 13:25:53', '2018-10-16 13:25:53', 1, 1),
(1066, 65, 1066, 'Uleaborgs Lan', '', 1, '2018-10-16 13:25:53', '2018-10-16 13:25:53', 1, 1),
(1067, 65, 1067, 'Uusimaa', '', 1, '2018-10-16 13:25:53', '2018-10-16 13:25:53', 1, 1),
(1068, 65, 1068, 'Varsinais-Suomi', '', 1, '2018-10-16 13:25:53', '2018-10-16 13:25:53', 1, 1),
(1069, 66, 1069, 'Ain', '', 1, '2018-10-16 13:25:54', '2018-10-16 13:25:54', 1, 1),
(1070, 66, 1070, 'Aisne', '', 1, '2018-10-16 13:25:54', '2018-10-16 13:25:54', 1, 1),
(1071, 66, 1071, 'Albi Le Sequestre', '', 1, '2018-10-16 13:25:54', '2018-10-16 13:25:54', 1, 1),
(1072, 66, 1072, 'Allier', '', 1, '2018-10-16 13:25:54', '2018-10-16 13:25:54', 1, 1),
(1073, 66, 1073, 'Alpes-Cote dAzur', '', 1, '2018-10-16 13:25:54', '2018-10-16 13:25:54', 1, 1),
(1074, 66, 1074, 'Alpes-Maritimes', '', 1, '2018-10-16 13:25:54', '2018-10-16 13:25:54', 1, 1),
(1075, 66, 1075, 'Alpes-de-Haute-Provence', '', 1, '2018-10-16 13:25:54', '2018-10-16 13:25:54', 1, 1),
(1076, 66, 1076, 'Alsace', '', 1, '2018-10-16 13:25:54', '2018-10-16 13:25:54', 1, 1),
(1077, 66, 1077, 'Aquitaine', '', 1, '2018-10-16 13:25:54', '2018-10-16 13:25:54', 1, 1),
(1078, 66, 1078, 'Ardeche', '', 1, '2018-10-16 13:25:54', '2018-10-16 13:25:54', 1, 1),
(1079, 66, 1079, 'Ardennes', '', 1, '2018-10-16 13:25:54', '2018-10-16 13:25:54', 1, 1),
(1080, 66, 1080, 'Ariege', '', 1, '2018-10-16 13:25:54', '2018-10-16 13:25:54', 1, 1),
(1081, 66, 1081, 'Aube', '', 1, '2018-10-16 13:25:54', '2018-10-16 13:25:54', 1, 1),
(1082, 66, 1082, 'Aude', '', 1, '2018-10-16 13:25:54', '2018-10-16 13:25:54', 1, 1),
(1083, 66, 1083, 'Auvergne', '', 1, '2018-10-16 13:25:54', '2018-10-16 13:25:54', 1, 1),
(1084, 66, 1084, 'Aveyron', '', 1, '2018-10-16 13:25:54', '2018-10-16 13:25:54', 1, 1),
(1085, 66, 1085, 'Bas-Rhin', '', 1, '2018-10-16 13:25:54', '2018-10-16 13:25:54', 1, 1),
(1086, 66, 1086, 'Basse-Normandie', '', 1, '2018-10-16 13:25:54', '2018-10-16 13:25:54', 1, 1),
(1087, 66, 1087, 'Bouches-du-Rhone', '', 1, '2018-10-16 13:25:54', '2018-10-16 13:25:54', 1, 1),
(1088, 66, 1088, 'Bourgogne', '', 1, '2018-10-16 13:25:55', '2018-10-16 13:25:55', 1, 1),
(1089, 66, 1089, 'Bretagne', '', 1, '2018-10-16 13:25:55', '2018-10-16 13:25:55', 1, 1),
(1090, 66, 1090, 'Brittany', '', 1, '2018-10-16 13:25:55', '2018-10-16 13:25:55', 1, 1),
(1091, 66, 1091, 'Burgundy', '', 1, '2018-10-16 13:25:55', '2018-10-16 13:25:55', 1, 1),
(1092, 66, 1092, 'Calvados', '', 1, '2018-10-16 13:25:55', '2018-10-16 13:25:55', 1, 1),
(1093, 66, 1093, 'Cantal', '', 1, '2018-10-16 13:25:55', '2018-10-16 13:25:55', 1, 1),
(1094, 66, 1094, 'Cedex', '', 1, '2018-10-16 13:25:55', '2018-10-16 13:25:55', 1, 1),
(1095, 66, 1095, 'Centre', '', 1, '2018-10-16 13:25:55', '2018-10-16 13:25:55', 1, 1),
(1096, 66, 1096, 'Charente', '', 1, '2018-10-16 13:25:55', '2018-10-16 13:25:55', 1, 1),
(1097, 66, 1097, 'Charente-Maritime', '', 1, '2018-10-16 13:25:55', '2018-10-16 13:25:55', 1, 1),
(1098, 66, 1098, 'Cher', '', 1, '2018-10-16 13:25:55', '2018-10-16 13:25:55', 1, 1),
(1099, 66, 1099, 'Correze', '', 1, '2018-10-16 13:25:55', '2018-10-16 13:25:55', 1, 1),
(1100, 66, 1100, 'Corse-du-Sud', '', 1, '2018-10-16 13:25:55', '2018-10-16 13:25:55', 1, 1),
(1101, 66, 1101, 'Cote-d\'Or', '', 1, '2018-10-16 13:25:55', '2018-10-16 13:25:55', 1, 1),
(1102, 66, 1102, 'Cotes-d\'Armor', '', 1, '2018-10-16 13:25:55', '2018-10-16 13:25:55', 1, 1),
(1103, 66, 1103, 'Creuse', '', 1, '2018-10-16 13:25:55', '2018-10-16 13:25:55', 1, 1),
(1104, 66, 1104, 'Crolles', '', 1, '2018-10-16 13:25:55', '2018-10-16 13:25:55', 1, 1),
(1105, 66, 1105, 'Deux-Sevres', '', 1, '2018-10-16 13:25:55', '2018-10-16 13:25:55', 1, 1),
(1106, 66, 1106, 'Dordogne', '', 1, '2018-10-16 13:25:56', '2018-10-16 13:25:56', 1, 1),
(1107, 66, 1107, 'Doubs', '', 1, '2018-10-16 13:25:56', '2018-10-16 13:25:56', 1, 1),
(1108, 66, 1108, 'Drome', '', 1, '2018-10-16 13:25:56', '2018-10-16 13:25:56', 1, 1),
(1109, 66, 1109, 'Essonne', '', 1, '2018-10-16 13:25:56', '2018-10-16 13:25:56', 1, 1),
(1110, 66, 1110, 'Eure', '', 1, '2018-10-16 13:25:56', '2018-10-16 13:25:56', 1, 1),
(1111, 66, 1111, 'Eure-et-Loir', '', 1, '2018-10-16 13:25:56', '2018-10-16 13:25:56', 1, 1),
(1112, 66, 1112, 'Feucherolles', '', 1, '2018-10-16 13:25:56', '2018-10-16 13:25:56', 1, 1),
(1113, 66, 1113, 'Finistere', '', 1, '2018-10-16 13:25:56', '2018-10-16 13:25:56', 1, 1),
(1114, 66, 1114, 'Franche-Comte', '', 1, '2018-10-16 13:25:56', '2018-10-16 13:25:56', 1, 1),
(1115, 66, 1115, 'Gard', '', 1, '2018-10-16 13:25:56', '2018-10-16 13:25:56', 1, 1),
(1116, 66, 1116, 'Gers', '', 1, '2018-10-16 13:25:56', '2018-10-16 13:25:56', 1, 1),
(1117, 66, 1117, 'Gironde', '', 1, '2018-10-16 13:25:56', '2018-10-16 13:25:56', 1, 1),
(1118, 66, 1118, 'Haut-Rhin', '', 1, '2018-10-16 13:25:56', '2018-10-16 13:25:56', 1, 1),
(1119, 66, 1119, 'Haute-Corse', '', 1, '2018-10-16 13:25:56', '2018-10-16 13:25:56', 1, 1),
(1120, 66, 1120, 'Haute-Garonne', '', 1, '2018-10-16 13:25:56', '2018-10-16 13:25:56', 1, 1),
(1121, 66, 1121, 'Haute-Loire', '', 1, '2018-10-16 13:25:56', '2018-10-16 13:25:56', 1, 1),
(1122, 66, 1122, 'Haute-Marne', '', 1, '2018-10-16 13:25:56', '2018-10-16 13:25:56', 1, 1),
(1123, 66, 1123, 'Haute-Saone', '', 1, '2018-10-16 13:25:56', '2018-10-16 13:25:56', 1, 1),
(1124, 66, 1124, 'Haute-Savoie', '', 1, '2018-10-16 13:25:56', '2018-10-16 13:25:56', 1, 1),
(1125, 66, 1125, 'Haute-Vienne', '', 1, '2018-10-16 13:25:56', '2018-10-16 13:25:56', 1, 1),
(1126, 66, 1126, 'Hautes-Alpes', '', 1, '2018-10-16 13:25:57', '2018-10-16 13:25:57', 1, 1),
(1127, 66, 1127, 'Hautes-Pyrenees', '', 1, '2018-10-16 13:25:57', '2018-10-16 13:25:57', 1, 1),
(1128, 66, 1128, 'Hauts-de-Seine', '', 1, '2018-10-16 13:25:57', '2018-10-16 13:25:57', 1, 1),
(1129, 66, 1129, 'Herault', '', 1, '2018-10-16 13:25:57', '2018-10-16 13:25:57', 1, 1),
(1130, 66, 1130, 'Ile-de-France', '', 1, '2018-10-16 13:25:57', '2018-10-16 13:25:57', 1, 1),
(1131, 66, 1131, 'Ille-et-Vilaine', '', 1, '2018-10-16 13:25:57', '2018-10-16 13:25:57', 1, 1),
(1132, 66, 1132, 'Indre', '', 1, '2018-10-16 13:25:57', '2018-10-16 13:25:57', 1, 1),
(1133, 66, 1133, 'Indre-et-Loire', '', 1, '2018-10-16 13:25:57', '2018-10-16 13:25:57', 1, 1),
(1134, 66, 1134, 'Isere', '', 1, '2018-10-16 13:25:57', '2018-10-16 13:25:57', 1, 1),
(1135, 66, 1135, 'Jura', '', 1, '2018-10-16 13:25:57', '2018-10-16 13:25:57', 1, 1),
(1136, 66, 1136, 'Klagenfurt', '', 1, '2018-10-16 13:25:57', '2018-10-16 13:25:57', 1, 1),
(1137, 66, 1137, 'Landes', '', 1, '2018-10-16 13:25:57', '2018-10-16 13:25:57', 1, 1),
(1138, 66, 1138, 'Languedoc-Roussillon', '', 1, '2018-10-16 13:25:57', '2018-10-16 13:25:57', 1, 1),
(1139, 66, 1139, 'Larcay', '', 1, '2018-10-16 13:25:57', '2018-10-16 13:25:57', 1, 1),
(1140, 66, 1140, 'Le Castellet', '', 1, '2018-10-16 13:25:57', '2018-10-16 13:25:57', 1, 1),
(1141, 66, 1141, 'Le Creusot', '', 1, '2018-10-16 13:25:57', '2018-10-16 13:25:57', 1, 1),
(1142, 66, 1142, 'Limousin', '', 1, '2018-10-16 13:25:57', '2018-10-16 13:25:57', 1, 1),
(1143, 66, 1143, 'Loir-et-Cher', '', 1, '2018-10-16 13:25:57', '2018-10-16 13:25:57', 1, 1),
(1144, 66, 1144, 'Loire', '', 1, '2018-10-16 13:25:57', '2018-10-16 13:25:57', 1, 1),
(1145, 66, 1145, 'Loire-Atlantique', '', 1, '2018-10-16 13:25:57', '2018-10-16 13:25:57', 1, 1),
(1146, 66, 1146, 'Loiret', '', 1, '2018-10-16 13:25:58', '2018-10-16 13:25:58', 1, 1),
(1147, 66, 1147, 'Lorraine', '', 1, '2018-10-16 13:25:58', '2018-10-16 13:25:58', 1, 1),
(1148, 66, 1148, 'Lot', '', 1, '2018-10-16 13:25:58', '2018-10-16 13:25:58', 1, 1),
(1149, 66, 1149, 'Lot-et-Garonne', '', 1, '2018-10-16 13:25:58', '2018-10-16 13:25:58', 1, 1),
(1150, 66, 1150, 'Lower Normandy', '', 1, '2018-10-16 13:25:58', '2018-10-16 13:25:58', 1, 1),
(1151, 66, 1151, 'Lozere', '', 1, '2018-10-16 13:25:58', '2018-10-16 13:25:58', 1, 1),
(1152, 66, 1152, 'Maine-et-Loire', '', 1, '2018-10-16 13:25:58', '2018-10-16 13:25:58', 1, 1),
(1153, 66, 1153, 'Manche', '', 1, '2018-10-16 13:25:58', '2018-10-16 13:25:58', 1, 1),
(1154, 66, 1154, 'Marne', '', 1, '2018-10-16 13:25:58', '2018-10-16 13:25:58', 1, 1),
(1155, 66, 1155, 'Mayenne', '', 1, '2018-10-16 13:25:58', '2018-10-16 13:25:58', 1, 1),
(1156, 66, 1156, 'Meurthe-et-Moselle', '', 1, '2018-10-16 13:25:58', '2018-10-16 13:25:58', 1, 1),
(1157, 66, 1157, 'Meuse', '', 1, '2018-10-16 13:25:58', '2018-10-16 13:25:58', 1, 1),
(1158, 66, 1158, 'Midi-Pyrenees', '', 1, '2018-10-16 13:25:58', '2018-10-16 13:25:58', 1, 1),
(1159, 66, 1159, 'Morbihan', '', 1, '2018-10-16 13:25:58', '2018-10-16 13:25:58', 1, 1),
(1160, 66, 1160, 'Moselle', '', 1, '2018-10-16 13:25:58', '2018-10-16 13:25:58', 1, 1),
(1161, 66, 1161, 'Nievre', '', 1, '2018-10-16 13:25:58', '2018-10-16 13:25:58', 1, 1),
(1162, 66, 1162, 'Nord', '', 1, '2018-10-16 13:25:58', '2018-10-16 13:25:58', 1, 1),
(1163, 66, 1163, 'Nord-Pas-de-Calais', '', 1, '2018-10-16 13:25:58', '2018-10-16 13:25:58', 1, 1),
(1164, 66, 1164, 'Oise', '', 1, '2018-10-16 13:25:58', '2018-10-16 13:25:58', 1, 1),
(1165, 66, 1165, 'Orne', '', 1, '2018-10-16 13:25:58', '2018-10-16 13:25:58', 1, 1),
(1166, 66, 1166, 'Paris', '', 1, '2018-10-16 13:25:59', '2018-10-16 13:25:59', 1, 1),
(1167, 66, 1167, 'Pas-de-Calais', '', 1, '2018-10-16 13:25:59', '2018-10-16 13:25:59', 1, 1),
(1168, 66, 1168, 'Pays de la Loire', '', 1, '2018-10-16 13:25:59', '2018-10-16 13:25:59', 1, 1),
(1169, 66, 1169, 'Pays-de-la-Loire', '', 1, '2018-10-16 13:25:59', '2018-10-16 13:25:59', 1, 1),
(1170, 66, 1170, 'Picardy', '', 1, '2018-10-16 13:25:59', '2018-10-16 13:25:59', 1, 1),
(1171, 66, 1171, 'Puy-de-Dome', '', 1, '2018-10-16 13:25:59', '2018-10-16 13:25:59', 1, 1),
(1172, 66, 1172, 'Pyrenees-Atlantiques', '', 1, '2018-10-16 13:25:59', '2018-10-16 13:25:59', 1, 1),
(1173, 66, 1173, 'Pyrenees-Orientales', '', 1, '2018-10-16 13:25:59', '2018-10-16 13:25:59', 1, 1),
(1174, 66, 1174, 'Quelmes', '', 1, '2018-10-16 13:25:59', '2018-10-16 13:25:59', 1, 1),
(1175, 66, 1175, 'Rhone', '', 1, '2018-10-16 13:25:59', '2018-10-16 13:25:59', 1, 1),
(1176, 66, 1176, 'Rhone-Alpes', '', 1, '2018-10-16 13:25:59', '2018-10-16 13:25:59', 1, 1),
(1177, 66, 1177, 'Saint Ouen', '', 1, '2018-10-16 13:25:59', '2018-10-16 13:25:59', 1, 1),
(1178, 66, 1178, 'Saint Viatre', '', 1, '2018-10-16 13:25:59', '2018-10-16 13:25:59', 1, 1),
(1179, 66, 1179, 'Saone-et-Loire', '', 1, '2018-10-16 13:26:00', '2018-10-16 13:26:00', 1, 1),
(1180, 66, 1180, 'Sarthe', '', 1, '2018-10-16 13:26:00', '2018-10-16 13:26:00', 1, 1),
(1181, 66, 1181, 'Savoie', '', 1, '2018-10-16 13:26:00', '2018-10-16 13:26:00', 1, 1),
(1182, 66, 1182, 'Seine-Maritime', '', 1, '2018-10-16 13:26:00', '2018-10-16 13:26:00', 1, 1),
(1183, 66, 1183, 'Seine-Saint-Denis', '', 1, '2018-10-16 13:26:00', '2018-10-16 13:26:00', 1, 1),
(1184, 66, 1184, 'Seine-et-Marne', '', 1, '2018-10-16 13:26:00', '2018-10-16 13:26:00', 1, 1),
(1185, 66, 1185, 'Somme', '', 1, '2018-10-16 13:26:00', '2018-10-16 13:26:00', 1, 1),
(1186, 66, 1186, 'Sophia Antipolis', '', 1, '2018-10-16 13:26:00', '2018-10-16 13:26:00', 1, 1),
(1187, 66, 1187, 'Souvans', '', 1, '2018-10-16 13:26:00', '2018-10-16 13:26:00', 1, 1),
(1188, 66, 1188, 'Tarn', '', 1, '2018-10-16 13:26:00', '2018-10-16 13:26:00', 1, 1),
(1189, 66, 1189, 'Tarn-et-Garonne', '', 1, '2018-10-16 13:26:00', '2018-10-16 13:26:00', 1, 1),
(1190, 66, 1190, 'Territoire de Belfort', '', 1, '2018-10-16 13:26:00', '2018-10-16 13:26:00', 1, 1),
(1191, 66, 1191, 'Treignac', '', 1, '2018-10-16 13:26:00', '2018-10-16 13:26:00', 1, 1),
(1192, 66, 1192, 'Upper Normandy', '', 1, '2018-10-16 13:26:01', '2018-10-16 13:26:01', 1, 1),
(1193, 66, 1193, 'Val-d\'Oise', '', 1, '2018-10-16 13:26:01', '2018-10-16 13:26:01', 1, 1),
(1194, 66, 1194, 'Val-de-Marne', '', 1, '2018-10-16 13:26:01', '2018-10-16 13:26:01', 1, 1),
(1195, 66, 1195, 'Var', '', 1, '2018-10-16 13:26:01', '2018-10-16 13:26:01', 1, 1),
(1196, 66, 1196, 'Vaucluse', '', 1, '2018-10-16 13:26:01', '2018-10-16 13:26:01', 1, 1),
(1197, 66, 1197, 'Vellise', '', 1, '2018-10-16 13:26:01', '2018-10-16 13:26:01', 1, 1),
(1198, 66, 1198, 'Vendee', '', 1, '2018-10-16 13:26:01', '2018-10-16 13:26:01', 1, 1),
(1199, 66, 1199, 'Vienne', '', 1, '2018-10-16 13:26:01', '2018-10-16 13:26:01', 1, 1),
(1200, 66, 1200, 'Vosges', '', 1, '2018-10-16 13:26:01', '2018-10-16 13:26:01', 1, 1),
(1201, 66, 1201, 'Yonne', '', 1, '2018-10-16 13:26:01', '2018-10-16 13:26:01', 1, 1),
(1202, 66, 1202, 'Yvelines', '', 1, '2018-10-16 13:26:01', '2018-10-16 13:26:01', 1, 1),
(1203, 67, 1203, 'Cayenne', '', 1, '2018-10-16 13:26:01', '2018-10-16 13:26:01', 1, 1),
(1204, 67, 1204, 'Saint-Laurent-du-Maroni', '', 1, '2018-10-16 13:26:01', '2018-10-16 13:26:01', 1, 1),
(1205, 68, 1205, 'Iles du Vent', '', 1, '2018-10-16 13:26:01', '2018-10-16 13:26:01', 1, 1),
(1206, 68, 1206, 'Iles sous le Vent', '', 1, '2018-10-16 13:26:01', '2018-10-16 13:26:01', 1, 1),
(1207, 68, 1207, 'Marquesas', '', 1, '2018-10-16 13:26:01', '2018-10-16 13:26:01', 1, 1),
(1208, 68, 1208, 'Tuamotu', '', 1, '2018-10-16 13:26:01', '2018-10-16 13:26:01', 1, 1),
(1209, 68, 1209, 'Tubuai', '', 1, '2018-10-16 13:26:01', '2018-10-16 13:26:01', 1, 1),
(1210, 69, 1210, 'Estuaire', '', 1, '2018-10-16 13:26:01', '2018-10-16 13:26:01', 1, 1),
(1211, 69, 1211, 'Haut-Ogooue', '', 1, '2018-10-16 13:26:01', '2018-10-16 13:26:01', 1, 1),
(1212, 69, 1212, 'Moyen-Ogooue', '', 1, '2018-10-16 13:26:01', '2018-10-16 13:26:01', 1, 1),
(1213, 69, 1213, 'Ngounie', '', 1, '2018-10-16 13:26:02', '2018-10-16 13:26:02', 1, 1),
(1214, 69, 1214, 'Nyanga', '', 1, '2018-10-16 13:26:02', '2018-10-16 13:26:02', 1, 1),
(1215, 69, 1215, 'Ogooue-Ivindo', '', 1, '2018-10-16 13:26:02', '2018-10-16 13:26:02', 1, 1),
(1216, 69, 1216, 'Ogooue-Lolo', '', 1, '2018-10-16 13:26:02', '2018-10-16 13:26:02', 1, 1),
(1217, 69, 1217, 'Ogooue-Maritime', '', 1, '2018-10-16 13:26:02', '2018-10-16 13:26:02', 1, 1),
(1218, 69, 1218, 'Woleu-Ntem', '', 1, '2018-10-16 13:26:02', '2018-10-16 13:26:02', 1, 1),
(1219, 70, 1219, 'Banjul', '', 1, '2018-10-16 13:26:02', '2018-10-16 13:26:02', 1, 1),
(1220, 70, 1220, 'Basse', '', 1, '2018-10-16 13:26:02', '2018-10-16 13:26:02', 1, 1),
(1221, 70, 1221, 'Brikama', '', 1, '2018-10-16 13:26:02', '2018-10-16 13:26:02', 1, 1),
(1222, 70, 1222, 'Janjanbureh', '', 1, '2018-10-16 13:26:03', '2018-10-16 13:26:03', 1, 1),
(1223, 70, 1223, 'Kanifing', '', 1, '2018-10-16 13:26:03', '2018-10-16 13:26:03', 1, 1),
(1224, 70, 1224, 'Kerewan', '', 1, '2018-10-16 13:26:03', '2018-10-16 13:26:03', 1, 1),
(1225, 70, 1225, 'Kuntaur', '', 1, '2018-10-16 13:26:03', '2018-10-16 13:26:03', 1, 1),
(1226, 70, 1226, 'Mansakonko', '', 1, '2018-10-16 13:26:03', '2018-10-16 13:26:03', 1, 1),
(1227, 71, 1227, 'Abhasia', '', 1, '2018-10-16 13:26:03', '2018-10-16 13:26:03', 1, 1),
(1228, 71, 1228, 'Ajaria', '', 1, '2018-10-16 13:26:03', '2018-10-16 13:26:03', 1, 1),
(1229, 71, 1229, 'Guria', '', 1, '2018-10-16 13:26:03', '2018-10-16 13:26:03', 1, 1),
(1230, 71, 1230, 'Imereti', '', 1, '2018-10-16 13:26:03', '2018-10-16 13:26:03', 1, 1),
(1231, 71, 1231, 'Kaheti', '', 1, '2018-10-16 13:26:03', '2018-10-16 13:26:03', 1, 1),
(1232, 71, 1232, 'Kvemo Kartli', '', 1, '2018-10-16 13:26:03', '2018-10-16 13:26:03', 1, 1),
(1233, 71, 1233, 'Mcheta-Mtianeti', '', 1, '2018-10-16 13:26:03', '2018-10-16 13:26:03', 1, 1),
(1234, 71, 1234, 'Racha', '', 1, '2018-10-16 13:26:03', '2018-10-16 13:26:03', 1, 1),
(1235, 71, 1235, 'Samagrelo-Zemo Svaneti', '', 1, '2018-10-16 13:26:04', '2018-10-16 13:26:04', 1, 1),
(1236, 71, 1236, 'Samche-Zhavaheti', '', 1, '2018-10-16 13:26:04', '2018-10-16 13:26:04', 1, 1),
(1237, 71, 1237, 'Shida Kartli', '', 1, '2018-10-16 13:26:04', '2018-10-16 13:26:04', 1, 1),
(1238, 71, 1238, 'Tbilisi', '', 1, '2018-10-16 13:26:04', '2018-10-16 13:26:04', 1, 1),
(1240, 72, 1240, 'Baden-Württemberg', '[]', 1, '2018-10-16 13:26:04', '2019-05-29 11:24:35', 1, 1),
(1242, 72, 1242, 'Bayern', '', 1, '2018-10-16 13:26:04', '2018-10-16 13:26:04', 1, 1),
(1244, 72, 1244, 'Berlin', '', 1, '2018-10-16 13:26:04', '2018-10-16 13:26:04', 1, 1),
(1245, 72, 1245, 'Brandenburg', '', 1, '2018-10-16 13:26:04', '2018-10-16 13:26:04', 1, 1),
(1246, 72, 1246, 'Bremen', '', 1, '2018-10-16 13:26:04', '2018-10-16 13:26:04', 1, 1),
(1249, 72, 1249, 'Hamburg', '', 1, '2018-10-16 13:26:04', '2018-10-16 13:26:04', 1, 1),
(1252, 72, 1252, 'Hessen', '', 1, '2018-10-16 13:26:05', '2018-10-16 13:26:05', 1, 1),
(1256, 72, 1256, 'Land Bayern', '', 1, '2018-10-16 13:26:05', '2018-10-16 13:26:05', 1, 1),
(1257, 72, 1257, 'Land Brandenburg', '', 1, '2018-10-16 13:26:05', '2018-10-16 13:26:05', 1, 1),
(1258, 72, 1258, 'Land Hessen', '', 1, '2018-10-16 13:26:05', '2018-10-16 13:26:05', 1, 1),
(1259, 72, 1259, 'Land Mecklenburg-Vorpommern', '', 1, '2018-10-16 13:26:05', '2018-10-16 13:26:05', 1, 1),
(1260, 72, 1260, 'Land Nordrhein-Westfalen', '', 1, '2018-10-16 13:26:05', '2018-10-16 13:26:05', 1, 1),
(1261, 72, 1261, 'Land Rheinland-Pfalz', '', 1, '2018-10-16 13:26:05', '2018-10-16 13:26:05', 1, 1),
(1262, 72, 1262, 'Land Sachsen', '', 1, '2018-10-16 13:26:05', '2018-10-16 13:26:05', 1, 1),
(1263, 72, 1263, 'Land Sachsen-Anhalt', '', 1, '2018-10-16 13:26:05', '2018-10-16 13:26:05', 1, 1),
(1264, 72, 1264, 'Land Thuringen', '', 1, '2018-10-16 13:26:05', '2018-10-16 13:26:05', 1, 1),
(1266, 72, 1266, 'Mecklenburg-Vorpommern', '', 1, '2018-10-16 13:26:05', '2018-10-16 13:26:05', 1, 1),
(1270, 72, 1270, 'Niedersachsen', '', 1, '2018-10-16 13:26:06', '2018-10-16 13:26:06', 1, 1),
(1272, 72, 1272, 'Nordrhein-Westfalen', '', 1, '2018-10-16 13:26:06', '2018-10-16 13:26:06', 1, 1),
(1275, 72, 1275, 'Rheinland-Pfalz', '', 1, '2018-10-16 13:26:06', '2018-10-16 13:26:06', 1, 1);
INSERT INTO `states_text` (`StateTextID`, `CountryID`, `StateID`, `Title`, `Seo`, `SystemLanguageID`, `CreatedAt`, `UpdatedAt`, `CreatedBy`, `UpdatedBy`) VALUES
(1277, 72, 1277, 'Saarland', '', 1, '2018-10-16 13:26:06', '2018-10-16 13:26:06', 1, 1),
(1278, 72, 1278, 'Sachsen', '', 1, '2018-10-16 13:26:06', '2018-10-16 13:26:06', 1, 1),
(1279, 72, 1279, 'Sachsen-Anhalt', '', 1, '2018-10-16 13:26:06', '2018-10-16 13:26:06', 1, 1),
(1281, 72, 1281, 'Schleswig-Holstein', '', 1, '2018-10-16 13:26:06', '2018-10-16 13:26:06', 1, 1),
(1286, 73, 1286, 'Ashanti', '', 1, '2018-10-16 13:26:07', '2018-10-16 13:26:07', 1, 1),
(1287, 73, 1287, 'Brong-Ahafo', '', 1, '2018-10-16 13:26:07', '2018-10-16 13:26:07', 1, 1),
(1288, 73, 1288, 'Central', '', 1, '2018-10-16 13:26:07', '2018-10-16 13:26:07', 1, 1),
(1289, 73, 1289, 'Eastern', '', 1, '2018-10-16 13:26:07', '2018-10-16 13:26:07', 1, 1),
(1290, 73, 1290, 'Greater Accra', '', 1, '2018-10-16 13:26:07', '2018-10-16 13:26:07', 1, 1),
(1291, 73, 1291, 'Northern', '', 1, '2018-10-16 13:26:07', '2018-10-16 13:26:07', 1, 1),
(1292, 73, 1292, 'Upper East', '', 1, '2018-10-16 13:26:07', '2018-10-16 13:26:07', 1, 1),
(1293, 73, 1293, 'Upper West', '', 1, '2018-10-16 13:26:07', '2018-10-16 13:26:07', 1, 1),
(1294, 73, 1294, 'Volta', '', 1, '2018-10-16 13:26:07', '2018-10-16 13:26:07', 1, 1),
(1295, 73, 1295, 'Western', '', 1, '2018-10-16 13:26:07', '2018-10-16 13:26:07', 1, 1),
(1296, 74, 1296, 'Gibraltar', '', 1, '2018-10-16 13:26:07', '2018-10-16 13:26:07', 1, 1),
(1297, 75, 1297, 'Acharnes', '', 1, '2018-10-16 13:26:07', '2018-10-16 13:26:07', 1, 1),
(1298, 75, 1298, 'Ahaia', '', 1, '2018-10-16 13:26:07', '2018-10-16 13:26:07', 1, 1),
(1299, 75, 1299, 'Aitolia kai Akarnania', '', 1, '2018-10-16 13:26:07', '2018-10-16 13:26:07', 1, 1),
(1300, 75, 1300, 'Argolis', '', 1, '2018-10-16 13:26:07', '2018-10-16 13:26:07', 1, 1),
(1301, 75, 1301, 'Arkadia', '', 1, '2018-10-16 13:26:07', '2018-10-16 13:26:07', 1, 1),
(1302, 75, 1302, 'Arta', '', 1, '2018-10-16 13:26:08', '2018-10-16 13:26:08', 1, 1),
(1303, 75, 1303, 'Attica', '', 1, '2018-10-16 13:26:08', '2018-10-16 13:26:08', 1, 1),
(1304, 75, 1304, 'Attiki', '', 1, '2018-10-16 13:26:08', '2018-10-16 13:26:08', 1, 1),
(1305, 75, 1305, 'Ayion Oros', '', 1, '2018-10-16 13:26:08', '2018-10-16 13:26:08', 1, 1),
(1306, 75, 1306, 'Crete', '', 1, '2018-10-16 13:26:08', '2018-10-16 13:26:08', 1, 1),
(1307, 75, 1307, 'Dodekanisos', '', 1, '2018-10-16 13:26:08', '2018-10-16 13:26:08', 1, 1),
(1308, 75, 1308, 'Drama', '', 1, '2018-10-16 13:26:08', '2018-10-16 13:26:08', 1, 1),
(1309, 75, 1309, 'Evia', '', 1, '2018-10-16 13:26:08', '2018-10-16 13:26:08', 1, 1),
(1310, 75, 1310, 'Evritania', '', 1, '2018-10-16 13:26:08', '2018-10-16 13:26:08', 1, 1),
(1311, 75, 1311, 'Evros', '', 1, '2018-10-16 13:26:08', '2018-10-16 13:26:08', 1, 1),
(1312, 75, 1312, 'Evvoia', '', 1, '2018-10-16 13:26:08', '2018-10-16 13:26:08', 1, 1),
(1313, 75, 1313, 'Florina', '', 1, '2018-10-16 13:26:09', '2018-10-16 13:26:09', 1, 1),
(1314, 75, 1314, 'Fokis', '', 1, '2018-10-16 13:26:09', '2018-10-16 13:26:09', 1, 1),
(1315, 75, 1315, 'Fthiotis', '', 1, '2018-10-16 13:26:09', '2018-10-16 13:26:09', 1, 1),
(1316, 75, 1316, 'Grevena', '', 1, '2018-10-16 13:26:09', '2018-10-16 13:26:09', 1, 1),
(1317, 75, 1317, 'Halandri', '', 1, '2018-10-16 13:26:09', '2018-10-16 13:26:09', 1, 1),
(1318, 75, 1318, 'Halkidiki', '', 1, '2018-10-16 13:26:09', '2018-10-16 13:26:09', 1, 1),
(1319, 75, 1319, 'Hania', '', 1, '2018-10-16 13:26:09', '2018-10-16 13:26:09', 1, 1),
(1320, 75, 1320, 'Heraklion', '', 1, '2018-10-16 13:26:09', '2018-10-16 13:26:09', 1, 1),
(1321, 75, 1321, 'Hios', '', 1, '2018-10-16 13:26:09', '2018-10-16 13:26:09', 1, 1),
(1322, 75, 1322, 'Ilia', '', 1, '2018-10-16 13:26:09', '2018-10-16 13:26:09', 1, 1),
(1323, 75, 1323, 'Imathia', '', 1, '2018-10-16 13:26:09', '2018-10-16 13:26:09', 1, 1),
(1324, 75, 1324, 'Ioannina', '', 1, '2018-10-16 13:26:09', '2018-10-16 13:26:09', 1, 1),
(1325, 75, 1325, 'Iraklion', '', 1, '2018-10-16 13:26:09', '2018-10-16 13:26:09', 1, 1),
(1326, 75, 1326, 'Karditsa', '', 1, '2018-10-16 13:26:09', '2018-10-16 13:26:09', 1, 1),
(1327, 75, 1327, 'Kastoria', '', 1, '2018-10-16 13:26:09', '2018-10-16 13:26:09', 1, 1),
(1328, 75, 1328, 'Kavala', '', 1, '2018-10-16 13:26:09', '2018-10-16 13:26:09', 1, 1),
(1329, 75, 1329, 'Kefallinia', '', 1, '2018-10-16 13:26:09', '2018-10-16 13:26:09', 1, 1),
(1330, 75, 1330, 'Kerkira', '', 1, '2018-10-16 13:26:09', '2018-10-16 13:26:09', 1, 1),
(1331, 75, 1331, 'Kiklades', '', 1, '2018-10-16 13:26:10', '2018-10-16 13:26:10', 1, 1),
(1332, 75, 1332, 'Kilkis', '', 1, '2018-10-16 13:26:10', '2018-10-16 13:26:10', 1, 1),
(1333, 75, 1333, 'Korinthia', '', 1, '2018-10-16 13:26:10', '2018-10-16 13:26:10', 1, 1),
(1334, 75, 1334, 'Kozani', '', 1, '2018-10-16 13:26:10', '2018-10-16 13:26:10', 1, 1),
(1335, 75, 1335, 'Lakonia', '', 1, '2018-10-16 13:26:10', '2018-10-16 13:26:10', 1, 1),
(1336, 75, 1336, 'Larisa', '', 1, '2018-10-16 13:26:10', '2018-10-16 13:26:10', 1, 1),
(1337, 75, 1337, 'Lasithi', '', 1, '2018-10-16 13:26:10', '2018-10-16 13:26:10', 1, 1),
(1338, 75, 1338, 'Lesvos', '', 1, '2018-10-16 13:26:10', '2018-10-16 13:26:10', 1, 1),
(1339, 75, 1339, 'Levkas', '', 1, '2018-10-16 13:26:10', '2018-10-16 13:26:10', 1, 1),
(1340, 75, 1340, 'Magnisia', '', 1, '2018-10-16 13:26:10', '2018-10-16 13:26:10', 1, 1),
(1341, 75, 1341, 'Messinia', '', 1, '2018-10-16 13:26:10', '2018-10-16 13:26:10', 1, 1),
(1342, 75, 1342, 'Nomos Attikis', '', 1, '2018-10-16 13:26:10', '2018-10-16 13:26:10', 1, 1),
(1343, 75, 1343, 'Nomos Zakynthou', '', 1, '2018-10-16 13:26:10', '2018-10-16 13:26:10', 1, 1),
(1344, 75, 1344, 'Pella', '', 1, '2018-10-16 13:26:10', '2018-10-16 13:26:10', 1, 1),
(1345, 75, 1345, 'Pieria', '', 1, '2018-10-16 13:26:10', '2018-10-16 13:26:10', 1, 1),
(1346, 75, 1346, 'Piraios', '', 1, '2018-10-16 13:26:10', '2018-10-16 13:26:10', 1, 1),
(1347, 75, 1347, 'Preveza', '', 1, '2018-10-16 13:26:10', '2018-10-16 13:26:10', 1, 1),
(1348, 75, 1348, 'Rethimni', '', 1, '2018-10-16 13:26:10', '2018-10-16 13:26:10', 1, 1),
(1349, 75, 1349, 'Rodopi', '', 1, '2018-10-16 13:26:10', '2018-10-16 13:26:10', 1, 1),
(1350, 75, 1350, 'Samos', '', 1, '2018-10-16 13:26:10', '2018-10-16 13:26:10', 1, 1),
(1351, 75, 1351, 'Serrai', '', 1, '2018-10-16 13:26:10', '2018-10-16 13:26:10', 1, 1),
(1352, 75, 1352, 'Thesprotia', '', 1, '2018-10-16 13:26:10', '2018-10-16 13:26:10', 1, 1),
(1353, 75, 1353, 'Thessaloniki', '', 1, '2018-10-16 13:26:11', '2018-10-16 13:26:11', 1, 1),
(1354, 75, 1354, 'Trikala', '', 1, '2018-10-16 13:26:11', '2018-10-16 13:26:11', 1, 1),
(1355, 75, 1355, 'Voiotia', '', 1, '2018-10-16 13:26:11', '2018-10-16 13:26:11', 1, 1),
(1356, 75, 1356, 'West Greece', '', 1, '2018-10-16 13:26:11', '2018-10-16 13:26:11', 1, 1),
(1357, 75, 1357, 'Xanthi', '', 1, '2018-10-16 13:26:11', '2018-10-16 13:26:11', 1, 1),
(1358, 75, 1358, 'Zakinthos', '', 1, '2018-10-16 13:26:11', '2018-10-16 13:26:11', 1, 1),
(1359, 76, 1359, 'Aasiaat', '', 1, '2018-10-16 13:26:11', '2018-10-16 13:26:11', 1, 1),
(1360, 76, 1360, 'Ammassalik', '', 1, '2018-10-16 13:26:11', '2018-10-16 13:26:11', 1, 1),
(1361, 76, 1361, 'Illoqqortoormiut', '', 1, '2018-10-16 13:26:11', '2018-10-16 13:26:11', 1, 1),
(1362, 76, 1362, 'Ilulissat', '', 1, '2018-10-16 13:26:11', '2018-10-16 13:26:11', 1, 1),
(1363, 76, 1363, 'Ivittuut', '', 1, '2018-10-16 13:26:11', '2018-10-16 13:26:11', 1, 1),
(1364, 76, 1364, 'Kangaatsiaq', '', 1, '2018-10-16 13:26:12', '2018-10-16 13:26:12', 1, 1),
(1365, 76, 1365, 'Maniitsoq', '', 1, '2018-10-16 13:26:12', '2018-10-16 13:26:12', 1, 1),
(1366, 76, 1366, 'Nanortalik', '', 1, '2018-10-16 13:26:12', '2018-10-16 13:26:12', 1, 1),
(1367, 76, 1367, 'Narsaq', '', 1, '2018-10-16 13:26:12', '2018-10-16 13:26:12', 1, 1),
(1368, 76, 1368, 'Nuuk', '', 1, '2018-10-16 13:26:12', '2018-10-16 13:26:12', 1, 1),
(1369, 76, 1369, 'Paamiut', '', 1, '2018-10-16 13:26:12', '2018-10-16 13:26:12', 1, 1),
(1370, 76, 1370, 'Qaanaaq', '', 1, '2018-10-16 13:26:12', '2018-10-16 13:26:12', 1, 1),
(1371, 76, 1371, 'Qaqortoq', '', 1, '2018-10-16 13:26:12', '2018-10-16 13:26:12', 1, 1),
(1372, 76, 1372, 'Qasigiannguit', '', 1, '2018-10-16 13:26:12', '2018-10-16 13:26:12', 1, 1),
(1373, 76, 1373, 'Qeqertarsuaq', '', 1, '2018-10-16 13:26:12', '2018-10-16 13:26:12', 1, 1),
(1374, 76, 1374, 'Sisimiut', '', 1, '2018-10-16 13:26:12', '2018-10-16 13:26:12', 1, 1),
(1375, 76, 1375, 'Udenfor kommunal inddeling', '', 1, '2018-10-16 13:26:12', '2018-10-16 13:26:12', 1, 1),
(1376, 76, 1376, 'Upernavik', '', 1, '2018-10-16 13:26:12', '2018-10-16 13:26:12', 1, 1),
(1377, 76, 1377, 'Uummannaq', '', 1, '2018-10-16 13:26:12', '2018-10-16 13:26:12', 1, 1),
(1378, 77, 1378, 'Carriacou-Petite Martinique', '', 1, '2018-10-16 13:26:12', '2018-10-16 13:26:12', 1, 1),
(1379, 77, 1379, 'Saint Andrew', '', 1, '2018-10-16 13:26:12', '2018-10-16 13:26:12', 1, 1),
(1380, 77, 1380, 'Saint Davids', '', 1, '2018-10-16 13:26:13', '2018-10-16 13:26:13', 1, 1),
(1381, 77, 1381, 'Saint George\'s', '', 1, '2018-10-16 13:26:13', '2018-10-16 13:26:13', 1, 1),
(1382, 77, 1382, 'Saint John', '', 1, '2018-10-16 13:26:13', '2018-10-16 13:26:13', 1, 1),
(1383, 77, 1383, 'Saint Mark', '', 1, '2018-10-16 13:26:13', '2018-10-16 13:26:13', 1, 1),
(1384, 77, 1384, 'Saint Patrick', '', 1, '2018-10-16 13:26:13', '2018-10-16 13:26:13', 1, 1),
(1385, 78, 1385, 'Basse-Terre', '', 1, '2018-10-16 13:26:13', '2018-10-16 13:26:13', 1, 1),
(1386, 78, 1386, 'Grande-Terre', '', 1, '2018-10-16 13:26:13', '2018-10-16 13:26:13', 1, 1),
(1387, 78, 1387, 'Iles des Saintes', '', 1, '2018-10-16 13:26:13', '2018-10-16 13:26:13', 1, 1),
(1388, 78, 1388, 'La Desirade', '', 1, '2018-10-16 13:26:13', '2018-10-16 13:26:13', 1, 1),
(1389, 78, 1389, 'Marie-Galante', '', 1, '2018-10-16 13:26:13', '2018-10-16 13:26:13', 1, 1),
(1390, 78, 1390, 'Saint Barthelemy', '', 1, '2018-10-16 13:26:13', '2018-10-16 13:26:13', 1, 1),
(1391, 78, 1391, 'Saint Martin', '', 1, '2018-10-16 13:26:13', '2018-10-16 13:26:13', 1, 1),
(1392, 79, 1392, 'Agana Heights', '', 1, '2018-10-16 13:26:13', '2018-10-16 13:26:13', 1, 1),
(1393, 79, 1393, 'Agat', '', 1, '2018-10-16 13:26:13', '2018-10-16 13:26:13', 1, 1),
(1394, 79, 1394, 'Barrigada', '', 1, '2018-10-16 13:26:13', '2018-10-16 13:26:13', 1, 1),
(1395, 79, 1395, 'Chalan-Pago-Ordot', '', 1, '2018-10-16 13:26:13', '2018-10-16 13:26:13', 1, 1),
(1396, 79, 1396, 'Dededo', '', 1, '2018-10-16 13:26:13', '2018-10-16 13:26:13', 1, 1),
(1397, 79, 1397, 'Hagatna', '', 1, '2018-10-16 13:26:13', '2018-10-16 13:26:13', 1, 1),
(1398, 79, 1398, 'Inarajan', '', 1, '2018-10-16 13:26:13', '2018-10-16 13:26:13', 1, 1),
(1399, 79, 1399, 'Mangilao', '', 1, '2018-10-16 13:26:13', '2018-10-16 13:26:13', 1, 1),
(1400, 79, 1400, 'Merizo', '', 1, '2018-10-16 13:26:14', '2018-10-16 13:26:14', 1, 1),
(1401, 79, 1401, 'Mongmong-Toto-Maite', '', 1, '2018-10-16 13:26:14', '2018-10-16 13:26:14', 1, 1),
(1402, 79, 1402, 'Santa Rita', '', 1, '2018-10-16 13:26:14', '2018-10-16 13:26:14', 1, 1),
(1403, 79, 1403, 'Sinajana', '', 1, '2018-10-16 13:26:14', '2018-10-16 13:26:14', 1, 1),
(1404, 79, 1404, 'Talofofo', '', 1, '2018-10-16 13:26:14', '2018-10-16 13:26:14', 1, 1),
(1405, 79, 1405, 'Tamuning', '', 1, '2018-10-16 13:26:14', '2018-10-16 13:26:14', 1, 1),
(1406, 79, 1406, 'Yigo', '', 1, '2018-10-16 13:26:14', '2018-10-16 13:26:14', 1, 1),
(1407, 79, 1407, 'Yona', '', 1, '2018-10-16 13:26:14', '2018-10-16 13:26:14', 1, 1),
(1408, 80, 1408, 'Alta Verapaz', '', 1, '2018-10-16 13:26:14', '2018-10-16 13:26:14', 1, 1),
(1409, 80, 1409, 'Baja Verapaz', '', 1, '2018-10-16 13:26:14', '2018-10-16 13:26:14', 1, 1),
(1410, 80, 1410, 'Chimaltenango', '', 1, '2018-10-16 13:26:14', '2018-10-16 13:26:14', 1, 1),
(1411, 80, 1411, 'Chiquimula', '', 1, '2018-10-16 13:26:14', '2018-10-16 13:26:14', 1, 1),
(1412, 80, 1412, 'El Progreso', '', 1, '2018-10-16 13:26:14', '2018-10-16 13:26:14', 1, 1),
(1413, 80, 1413, 'Escuintla', '', 1, '2018-10-16 13:26:14', '2018-10-16 13:26:14', 1, 1),
(1414, 80, 1414, 'Guatemala', '', 1, '2018-10-16 13:26:14', '2018-10-16 13:26:14', 1, 1),
(1415, 80, 1415, 'Huehuetenango', '', 1, '2018-10-16 13:26:14', '2018-10-16 13:26:14', 1, 1),
(1416, 80, 1416, 'Izabal', '', 1, '2018-10-16 13:26:15', '2018-10-16 13:26:15', 1, 1),
(1417, 80, 1417, 'Jalapa', '', 1, '2018-10-16 13:26:15', '2018-10-16 13:26:15', 1, 1),
(1418, 80, 1418, 'Jutiapa', '', 1, '2018-10-16 13:26:15', '2018-10-16 13:26:15', 1, 1),
(1419, 80, 1419, 'Peten', '', 1, '2018-10-16 13:26:15', '2018-10-16 13:26:15', 1, 1),
(1420, 80, 1420, 'Quezaltenango', '', 1, '2018-10-16 13:26:15', '2018-10-16 13:26:15', 1, 1),
(1421, 80, 1421, 'Quiche', '', 1, '2018-10-16 13:26:15', '2018-10-16 13:26:15', 1, 1),
(1422, 80, 1422, 'Retalhuleu', '', 1, '2018-10-16 13:26:15', '2018-10-16 13:26:15', 1, 1),
(1423, 80, 1423, 'Sacatepequez', '', 1, '2018-10-16 13:26:15', '2018-10-16 13:26:15', 1, 1),
(1424, 80, 1424, 'San Marcos', '', 1, '2018-10-16 13:26:15', '2018-10-16 13:26:15', 1, 1),
(1425, 80, 1425, 'Santa Rosa', '', 1, '2018-10-16 13:26:15', '2018-10-16 13:26:15', 1, 1),
(1426, 80, 1426, 'Solola', '', 1, '2018-10-16 13:26:15', '2018-10-16 13:26:15', 1, 1),
(1427, 80, 1427, 'Suchitepequez', '', 1, '2018-10-16 13:26:15', '2018-10-16 13:26:15', 1, 1),
(1428, 80, 1428, 'Totonicapan', '', 1, '2018-10-16 13:26:15', '2018-10-16 13:26:15', 1, 1),
(1429, 80, 1429, 'Zacapa', '', 1, '2018-10-16 13:26:15', '2018-10-16 13:26:15', 1, 1),
(1430, 81, 1430, 'Beyla', '', 1, '2018-10-16 13:26:16', '2018-10-16 13:26:16', 1, 1),
(1431, 81, 1431, 'Boffa', '', 1, '2018-10-16 13:26:16', '2018-10-16 13:26:16', 1, 1),
(1432, 81, 1432, 'Boke', '', 1, '2018-10-16 13:26:16', '2018-10-16 13:26:16', 1, 1),
(1433, 81, 1433, 'Conakry', '', 1, '2018-10-16 13:26:16', '2018-10-16 13:26:16', 1, 1),
(1434, 81, 1434, 'Coyah', '', 1, '2018-10-16 13:26:16', '2018-10-16 13:26:16', 1, 1),
(1435, 81, 1435, 'Dabola', '', 1, '2018-10-16 13:26:16', '2018-10-16 13:26:16', 1, 1),
(1436, 81, 1436, 'Dalaba', '', 1, '2018-10-16 13:26:16', '2018-10-16 13:26:16', 1, 1),
(1437, 81, 1437, 'Dinguiraye', '', 1, '2018-10-16 13:26:16', '2018-10-16 13:26:16', 1, 1),
(1438, 81, 1438, 'Faranah', '', 1, '2018-10-16 13:26:17', '2018-10-16 13:26:17', 1, 1),
(1439, 81, 1439, 'Forecariah', '', 1, '2018-10-16 13:26:17', '2018-10-16 13:26:17', 1, 1),
(1440, 81, 1440, 'Fria', '', 1, '2018-10-16 13:26:17', '2018-10-16 13:26:17', 1, 1),
(1441, 81, 1441, 'Gaoual', '', 1, '2018-10-16 13:26:17', '2018-10-16 13:26:17', 1, 1),
(1442, 81, 1442, 'Gueckedou', '', 1, '2018-10-16 13:26:17', '2018-10-16 13:26:17', 1, 1),
(1443, 81, 1443, 'Kankan', '', 1, '2018-10-16 13:26:17', '2018-10-16 13:26:17', 1, 1),
(1444, 81, 1444, 'Kerouane', '', 1, '2018-10-16 13:26:17', '2018-10-16 13:26:17', 1, 1),
(1445, 81, 1445, 'Kindia', '', 1, '2018-10-16 13:26:17', '2018-10-16 13:26:17', 1, 1),
(1446, 81, 1446, 'Kissidougou', '', 1, '2018-10-16 13:26:17', '2018-10-16 13:26:17', 1, 1),
(1447, 81, 1447, 'Koubia', '', 1, '2018-10-16 13:26:18', '2018-10-16 13:26:18', 1, 1),
(1448, 81, 1448, 'Koundara', '', 1, '2018-10-16 13:26:18', '2018-10-16 13:26:18', 1, 1),
(1449, 81, 1449, 'Kouroussa', '', 1, '2018-10-16 13:26:18', '2018-10-16 13:26:18', 1, 1),
(1450, 81, 1450, 'Labe', '', 1, '2018-10-16 13:26:18', '2018-10-16 13:26:18', 1, 1),
(1451, 81, 1451, 'Lola', '', 1, '2018-10-16 13:26:18', '2018-10-16 13:26:18', 1, 1),
(1452, 81, 1452, 'Macenta', '', 1, '2018-10-16 13:26:18', '2018-10-16 13:26:18', 1, 1),
(1453, 81, 1453, 'Mali', '', 1, '2018-10-16 13:26:18', '2018-10-16 13:26:18', 1, 1),
(1454, 81, 1454, 'Mamou', '', 1, '2018-10-16 13:26:18', '2018-10-16 13:26:18', 1, 1),
(1455, 81, 1455, 'Mandiana', '', 1, '2018-10-16 13:26:18', '2018-10-16 13:26:18', 1, 1),
(1456, 81, 1456, 'Nzerekore', '', 1, '2018-10-16 13:26:18', '2018-10-16 13:26:18', 1, 1),
(1457, 81, 1457, 'Pita', '', 1, '2018-10-16 13:26:18', '2018-10-16 13:26:18', 1, 1),
(1458, 81, 1458, 'Siguiri', '', 1, '2018-10-16 13:26:18', '2018-10-16 13:26:18', 1, 1),
(1459, 81, 1459, 'Telimele', '', 1, '2018-10-16 13:26:19', '2018-10-16 13:26:19', 1, 1),
(1460, 81, 1460, 'Tougue', '', 1, '2018-10-16 13:26:19', '2018-10-16 13:26:19', 1, 1),
(1461, 81, 1461, 'Yomou', '', 1, '2018-10-16 13:26:19', '2018-10-16 13:26:19', 1, 1),
(1462, 82, 1462, 'Bafata', '', 1, '2018-10-16 13:26:19', '2018-10-16 13:26:19', 1, 1),
(1463, 82, 1463, 'Bissau', '', 1, '2018-10-16 13:26:19', '2018-10-16 13:26:19', 1, 1),
(1464, 82, 1464, 'Bolama', '', 1, '2018-10-16 13:26:19', '2018-10-16 13:26:19', 1, 1),
(1465, 82, 1465, 'Cacheu', '', 1, '2018-10-16 13:26:19', '2018-10-16 13:26:19', 1, 1),
(1466, 82, 1466, 'Gabu', '', 1, '2018-10-16 13:26:19', '2018-10-16 13:26:19', 1, 1),
(1467, 82, 1467, 'Oio', '', 1, '2018-10-16 13:26:19', '2018-10-16 13:26:19', 1, 1),
(1468, 82, 1468, 'Quinara', '', 1, '2018-10-16 13:26:19', '2018-10-16 13:26:19', 1, 1),
(1469, 82, 1469, 'Tombali', '', 1, '2018-10-16 13:26:20', '2018-10-16 13:26:20', 1, 1),
(1470, 83, 1470, 'Barima-Waini', '', 1, '2018-10-16 13:26:20', '2018-10-16 13:26:20', 1, 1),
(1471, 83, 1471, 'Cuyuni-Mazaruni', '', 1, '2018-10-16 13:26:20', '2018-10-16 13:26:20', 1, 1),
(1472, 83, 1472, 'Demerara-Mahaica', '', 1, '2018-10-16 13:26:20', '2018-10-16 13:26:20', 1, 1),
(1473, 83, 1473, 'East Berbice-Corentyne', '', 1, '2018-10-16 13:26:20', '2018-10-16 13:26:20', 1, 1),
(1474, 83, 1474, 'Essequibo Islands-West Demerar', '', 1, '2018-10-16 13:26:20', '2018-10-16 13:26:20', 1, 1),
(1475, 83, 1475, 'Mahaica-Berbice', '', 1, '2018-10-16 13:26:20', '2018-10-16 13:26:20', 1, 1),
(1476, 83, 1476, 'Pomeroon-Supenaam', '', 1, '2018-10-16 13:26:20', '2018-10-16 13:26:20', 1, 1),
(1477, 83, 1477, 'Potaro-Siparuni', '', 1, '2018-10-16 13:26:20', '2018-10-16 13:26:20', 1, 1),
(1478, 83, 1478, 'Upper Demerara-Berbice', '', 1, '2018-10-16 13:26:20', '2018-10-16 13:26:20', 1, 1),
(1479, 83, 1479, 'Upper Takutu-Upper Essequibo', '', 1, '2018-10-16 13:26:20', '2018-10-16 13:26:20', 1, 1),
(1480, 84, 1480, 'Artibonite', '', 1, '2018-10-16 13:26:20', '2018-10-16 13:26:20', 1, 1),
(1481, 84, 1481, 'Centre', '', 1, '2018-10-16 13:26:20', '2018-10-16 13:26:20', 1, 1),
(1482, 84, 1482, 'Grand\'Anse', '', 1, '2018-10-16 13:26:20', '2018-10-16 13:26:20', 1, 1),
(1483, 84, 1483, 'Nord', '', 1, '2018-10-16 13:26:21', '2018-10-16 13:26:21', 1, 1),
(1484, 84, 1484, 'Nord-Est', '', 1, '2018-10-16 13:26:21', '2018-10-16 13:26:21', 1, 1),
(1485, 84, 1485, 'Nord-Ouest', '', 1, '2018-10-16 13:26:21', '2018-10-16 13:26:21', 1, 1),
(1486, 84, 1486, 'Ouest', '', 1, '2018-10-16 13:26:21', '2018-10-16 13:26:21', 1, 1),
(1487, 84, 1487, 'Sud', '', 1, '2018-10-16 13:26:21', '2018-10-16 13:26:21', 1, 1),
(1488, 84, 1488, 'Sud-Est', '', 1, '2018-10-16 13:26:21', '2018-10-16 13:26:21', 1, 1),
(1489, 85, 1489, 'Atlantida', '', 1, '2018-10-16 13:26:21', '2018-10-16 13:26:21', 1, 1),
(1490, 85, 1490, 'Choluteca', '', 1, '2018-10-16 13:26:21', '2018-10-16 13:26:21', 1, 1),
(1491, 85, 1491, 'Colon', '', 1, '2018-10-16 13:26:21', '2018-10-16 13:26:21', 1, 1),
(1492, 85, 1492, 'Comayagua', '', 1, '2018-10-16 13:26:21', '2018-10-16 13:26:21', 1, 1),
(1493, 85, 1493, 'Copan', '', 1, '2018-10-16 13:26:21', '2018-10-16 13:26:21', 1, 1),
(1494, 85, 1494, 'Cortes', '', 1, '2018-10-16 13:26:21', '2018-10-16 13:26:21', 1, 1),
(1495, 85, 1495, 'Distrito Central', '', 1, '2018-10-16 13:26:21', '2018-10-16 13:26:21', 1, 1),
(1496, 85, 1496, 'El Paraiso', '', 1, '2018-10-16 13:26:21', '2018-10-16 13:26:21', 1, 1),
(1497, 85, 1497, 'Francisco Morazan', '', 1, '2018-10-16 13:26:22', '2018-10-16 13:26:22', 1, 1),
(1498, 85, 1498, 'Gracias a Dios', '', 1, '2018-10-16 13:26:22', '2018-10-16 13:26:22', 1, 1),
(1499, 85, 1499, 'Intibuca', '', 1, '2018-10-16 13:26:22', '2018-10-16 13:26:22', 1, 1),
(1500, 85, 1500, 'Islas de la Bahia', '', 1, '2018-10-16 13:26:22', '2018-10-16 13:26:22', 1, 1),
(1501, 85, 1501, 'La Paz', '', 1, '2018-10-16 13:26:22', '2018-10-16 13:26:22', 1, 1),
(1502, 85, 1502, 'Lempira', '', 1, '2018-10-16 13:26:22', '2018-10-16 13:26:22', 1, 1),
(1503, 85, 1503, 'Ocotepeque', '', 1, '2018-10-16 13:26:22', '2018-10-16 13:26:22', 1, 1),
(1504, 85, 1504, 'Olancho', '', 1, '2018-10-16 13:26:22', '2018-10-16 13:26:22', 1, 1),
(1505, 85, 1505, 'Santa Barbara', '', 1, '2018-10-16 13:26:22', '2018-10-16 13:26:22', 1, 1),
(1506, 85, 1506, 'Valle', '', 1, '2018-10-16 13:26:22', '2018-10-16 13:26:22', 1, 1),
(1507, 85, 1507, 'Yoro', '', 1, '2018-10-16 13:26:22', '2018-10-16 13:26:22', 1, 1),
(1508, 86, 1508, 'Bacs-Kiskun', '', 1, '2018-10-16 13:26:22', '2018-10-16 13:26:22', 1, 1),
(1509, 86, 1509, 'Baranya', '', 1, '2018-10-16 13:26:22', '2018-10-16 13:26:22', 1, 1),
(1510, 86, 1510, 'Bekes', '', 1, '2018-10-16 13:26:22', '2018-10-16 13:26:22', 1, 1),
(1511, 86, 1511, 'Borsod-Abauj-Zemplen', '', 1, '2018-10-16 13:26:23', '2018-10-16 13:26:23', 1, 1),
(1512, 86, 1512, 'Budapest', '', 1, '2018-10-16 13:26:23', '2018-10-16 13:26:23', 1, 1),
(1513, 86, 1513, 'Csongrad', '', 1, '2018-10-16 13:26:23', '2018-10-16 13:26:23', 1, 1),
(1514, 86, 1514, 'Fejer', '', 1, '2018-10-16 13:26:23', '2018-10-16 13:26:23', 1, 1),
(1515, 86, 1515, 'Gyor-Moson-Sopron', '', 1, '2018-10-16 13:26:23', '2018-10-16 13:26:23', 1, 1),
(1516, 86, 1516, 'Hajdu-Bihar', '', 1, '2018-10-16 13:26:23', '2018-10-16 13:26:23', 1, 1),
(1517, 86, 1517, 'Heves', '', 1, '2018-10-16 13:26:23', '2018-10-16 13:26:23', 1, 1),
(1518, 86, 1518, 'Jasz-Nagykun-Szolnok', '', 1, '2018-10-16 13:26:24', '2018-10-16 13:26:24', 1, 1),
(1519, 86, 1519, 'Komarom-Esztergom', '', 1, '2018-10-16 13:26:24', '2018-10-16 13:26:24', 1, 1),
(1520, 86, 1520, 'Nograd', '', 1, '2018-10-16 13:26:24', '2018-10-16 13:26:24', 1, 1),
(1521, 86, 1521, 'Pest', '', 1, '2018-10-16 13:26:24', '2018-10-16 13:26:24', 1, 1),
(1522, 86, 1522, 'Somogy', '', 1, '2018-10-16 13:26:24', '2018-10-16 13:26:24', 1, 1),
(1523, 86, 1523, 'Szabolcs-Szatmar-Bereg', '', 1, '2018-10-16 13:26:24', '2018-10-16 13:26:24', 1, 1),
(1524, 86, 1524, 'Tolna', '', 1, '2018-10-16 13:26:24', '2018-10-16 13:26:24', 1, 1),
(1525, 86, 1525, 'Vas', '', 1, '2018-10-16 13:26:24', '2018-10-16 13:26:24', 1, 1),
(1526, 86, 1526, 'Veszprem', '', 1, '2018-10-16 13:26:24', '2018-10-16 13:26:24', 1, 1),
(1527, 86, 1527, 'Zala', '', 1, '2018-10-16 13:26:25', '2018-10-16 13:26:25', 1, 1),
(1528, 87, 1528, 'Austurland', '', 1, '2018-10-16 13:26:25', '2018-10-16 13:26:25', 1, 1),
(1529, 87, 1529, 'Gullbringusysla', '', 1, '2018-10-16 13:26:25', '2018-10-16 13:26:25', 1, 1),
(1530, 87, 1530, 'Hofu borgarsva i', '', 1, '2018-10-16 13:26:25', '2018-10-16 13:26:25', 1, 1),
(1531, 87, 1531, 'Nor urland eystra', '', 1, '2018-10-16 13:26:25', '2018-10-16 13:26:25', 1, 1),
(1532, 87, 1532, 'Nor urland vestra', '', 1, '2018-10-16 13:26:25', '2018-10-16 13:26:25', 1, 1),
(1533, 87, 1533, 'Su urland', '', 1, '2018-10-16 13:26:25', '2018-10-16 13:26:25', 1, 1),
(1534, 87, 1534, 'Su urnes', '', 1, '2018-10-16 13:26:25', '2018-10-16 13:26:25', 1, 1),
(1535, 87, 1535, 'Vestfir ir', '', 1, '2018-10-16 13:26:26', '2018-10-16 13:26:26', 1, 1),
(1536, 87, 1536, 'Vesturland', '', 1, '2018-10-16 13:26:26', '2018-10-16 13:26:26', 1, 1),
(1537, 88, 1537, 'Andaman and Nicobar Islands', '', 1, '2018-10-16 13:26:26', '2018-10-16 13:26:26', 1, 1),
(1538, 88, 1538, 'Andhra Pradesh', '', 1, '2018-10-16 13:26:26', '2018-10-16 13:26:26', 1, 1),
(1539, 88, 1539, 'Arunachal Pradesh', '', 1, '2018-10-16 13:26:26', '2018-10-16 13:26:26', 1, 1),
(1540, 88, 1540, 'Assam', '', 1, '2018-10-16 13:26:27', '2018-10-16 13:26:27', 1, 1),
(1541, 88, 1541, 'Bihar', '', 1, '2018-10-16 13:26:27', '2018-10-16 13:26:27', 1, 1),
(1542, 88, 1542, 'Chandigarh', '', 1, '2018-10-16 13:26:27', '2018-10-16 13:26:27', 1, 1),
(1543, 88, 1543, 'Chhattisgarh', '', 1, '2018-10-16 13:26:27', '2018-10-16 13:26:27', 1, 1),
(1544, 88, 1544, 'Dadra and Nagar Haveli', '', 1, '2018-10-16 13:26:27', '2018-10-16 13:26:27', 1, 1),
(1545, 88, 1545, 'Daman and Diu', '', 1, '2018-10-16 13:26:28', '2018-10-16 13:26:28', 1, 1),
(1546, 88, 1546, 'Delhi', '', 1, '2018-10-16 13:26:28', '2018-10-16 13:26:28', 1, 1),
(1547, 88, 1547, 'Goa', '', 1, '2018-10-16 13:26:28', '2018-10-16 13:26:28', 1, 1),
(1548, 88, 1548, 'Gujarat', '', 1, '2018-10-16 13:26:28', '2018-10-16 13:26:28', 1, 1),
(1549, 88, 1549, 'Haryana', '', 1, '2018-10-16 13:26:28', '2018-10-16 13:26:28', 1, 1),
(1550, 88, 1550, 'Himachal Pradesh', '', 1, '2018-10-16 13:26:28', '2018-10-16 13:26:28', 1, 1),
(1551, 88, 1551, 'Jammu and Kashmir', '', 1, '2018-10-16 13:26:28', '2018-10-16 13:26:28', 1, 1),
(1552, 88, 1552, 'Jharkhand', '', 1, '2018-10-16 13:26:28', '2018-10-16 13:26:28', 1, 1),
(1553, 88, 1553, 'Karnataka', '', 1, '2018-10-16 13:26:28', '2018-10-16 13:26:28', 1, 1),
(1554, 88, 1554, 'Kenmore', '', 1, '2018-10-16 13:26:28', '2018-10-16 13:26:28', 1, 1),
(1555, 88, 1555, 'Kerala', '', 1, '2018-10-16 13:26:28', '2018-10-16 13:26:28', 1, 1),
(1556, 88, 1556, 'Lakshadweep', '', 1, '2018-10-16 13:26:29', '2018-10-16 13:26:29', 1, 1),
(1557, 88, 1557, 'Madhya Pradesh', '', 1, '2018-10-16 13:26:29', '2018-10-16 13:26:29', 1, 1),
(1558, 88, 1558, 'Maharashtra', '', 1, '2018-10-16 13:26:29', '2018-10-16 13:26:29', 1, 1),
(1559, 88, 1559, 'Manipur', '', 1, '2018-10-16 13:26:29', '2018-10-16 13:26:29', 1, 1),
(1560, 88, 1560, 'Meghalaya', '', 1, '2018-10-16 13:26:29', '2018-10-16 13:26:29', 1, 1),
(1561, 88, 1561, 'Mizoram', '', 1, '2018-10-16 13:26:29', '2018-10-16 13:26:29', 1, 1),
(1562, 88, 1562, 'Nagaland', '', 1, '2018-10-16 13:26:29', '2018-10-16 13:26:29', 1, 1),
(1563, 88, 1563, 'Narora', '', 1, '2018-10-16 13:26:29', '2018-10-16 13:26:29', 1, 1),
(1564, 88, 1564, 'Natwar', '', 1, '2018-10-16 13:26:30', '2018-10-16 13:26:30', 1, 1),
(1565, 88, 1565, 'Odisha', '', 1, '2018-10-16 13:26:30', '2018-10-16 13:26:30', 1, 1),
(1566, 88, 1566, 'Paschim Medinipur', '', 1, '2018-10-16 13:26:30', '2018-10-16 13:26:30', 1, 1),
(1567, 88, 1567, 'Pondicherry', '', 1, '2018-10-16 13:26:30', '2018-10-16 13:26:30', 1, 1),
(1568, 88, 1568, 'Punjab', '', 1, '2018-10-16 13:26:30', '2018-10-16 13:26:30', 1, 1),
(1569, 88, 1569, 'Rajasthan', '', 1, '2018-10-16 13:26:30', '2018-10-16 13:26:30', 1, 1),
(1570, 88, 1570, 'Sikkim', '', 1, '2018-10-16 13:26:30', '2018-10-16 13:26:30', 1, 1),
(1571, 88, 1571, 'Tamil Nadu', '', 1, '2018-10-16 13:26:30', '2018-10-16 13:26:30', 1, 1),
(1572, 88, 1572, 'Telangana', '', 1, '2018-10-16 13:26:30', '2018-10-16 13:26:30', 1, 1),
(1573, 88, 1573, 'Tripura', '', 1, '2018-10-16 13:26:30', '2018-10-16 13:26:30', 1, 1),
(1574, 88, 1574, 'Uttar Pradesh', '', 1, '2018-10-16 13:26:30', '2018-10-16 13:26:30', 1, 1),
(1575, 88, 1575, 'Uttarakhand', '', 1, '2018-10-16 13:26:31', '2018-10-16 13:26:31', 1, 1),
(1576, 88, 1576, 'Vaishali', '', 1, '2018-10-16 13:26:31', '2018-10-16 13:26:31', 1, 1),
(1577, 88, 1577, 'West Bengal', '', 1, '2018-10-16 13:26:31', '2018-10-16 13:26:31', 1, 1),
(1578, 89, 1578, 'Aceh', '', 1, '2018-10-16 13:26:31', '2018-10-16 13:26:31', 1, 1),
(1579, 89, 1579, 'Bali', '', 1, '2018-10-16 13:26:31', '2018-10-16 13:26:31', 1, 1),
(1580, 89, 1580, 'Bangka-Belitung', '', 1, '2018-10-16 13:26:31', '2018-10-16 13:26:31', 1, 1),
(1581, 89, 1581, 'Banten', '', 1, '2018-10-16 13:26:31', '2018-10-16 13:26:31', 1, 1),
(1582, 89, 1582, 'Bengkulu', '', 1, '2018-10-16 13:26:31', '2018-10-16 13:26:31', 1, 1),
(1583, 89, 1583, 'Gandaria', '', 1, '2018-10-16 13:26:32', '2018-10-16 13:26:32', 1, 1),
(1584, 89, 1584, 'Gorontalo', '', 1, '2018-10-16 13:26:32', '2018-10-16 13:26:32', 1, 1),
(1585, 89, 1585, 'Jakarta', '', 1, '2018-10-16 13:26:32', '2018-10-16 13:26:32', 1, 1),
(1586, 89, 1586, 'Jambi', '', 1, '2018-10-16 13:26:32', '2018-10-16 13:26:32', 1, 1),
(1587, 89, 1587, 'Jawa Barat', '', 1, '2018-10-16 13:26:32', '2018-10-16 13:26:32', 1, 1),
(1588, 89, 1588, 'Jawa Tengah', '', 1, '2018-10-16 13:26:32', '2018-10-16 13:26:32', 1, 1),
(1589, 89, 1589, 'Jawa Timur', '', 1, '2018-10-16 13:26:32', '2018-10-16 13:26:32', 1, 1),
(1590, 89, 1590, 'Kalimantan Barat', '', 1, '2018-10-16 13:26:32', '2018-10-16 13:26:32', 1, 1),
(1591, 89, 1591, 'Kalimantan Selatan', '', 1, '2018-10-16 13:26:32', '2018-10-16 13:26:32', 1, 1),
(1592, 89, 1592, 'Kalimantan Tengah', '', 1, '2018-10-16 13:26:32', '2018-10-16 13:26:32', 1, 1),
(1593, 89, 1593, 'Kalimantan Timur', '', 1, '2018-10-16 13:26:32', '2018-10-16 13:26:32', 1, 1),
(1594, 89, 1594, 'Kendal', '', 1, '2018-10-16 13:26:32', '2018-10-16 13:26:32', 1, 1),
(1595, 89, 1595, 'Lampung', '', 1, '2018-10-16 13:26:33', '2018-10-16 13:26:33', 1, 1),
(1596, 89, 1596, 'Maluku', '', 1, '2018-10-16 13:26:33', '2018-10-16 13:26:33', 1, 1),
(1597, 89, 1597, 'Maluku Utara', '', 1, '2018-10-16 13:26:33', '2018-10-16 13:26:33', 1, 1),
(1598, 89, 1598, 'Nusa Tenggara Barat', '', 1, '2018-10-16 13:26:33', '2018-10-16 13:26:33', 1, 1),
(1599, 89, 1599, 'Nusa Tenggara Timur', '', 1, '2018-10-16 13:26:33', '2018-10-16 13:26:33', 1, 1),
(1600, 89, 1600, 'Papua', '', 1, '2018-10-16 13:26:33', '2018-10-16 13:26:33', 1, 1),
(1601, 89, 1601, 'Riau', '', 1, '2018-10-16 13:26:33', '2018-10-16 13:26:33', 1, 1),
(1602, 89, 1602, 'Riau Kepulauan', '', 1, '2018-10-16 13:26:33', '2018-10-16 13:26:33', 1, 1),
(1603, 89, 1603, 'Solo', '', 1, '2018-10-16 13:26:33', '2018-10-16 13:26:33', 1, 1),
(1604, 89, 1604, 'Sulawesi Selatan', '', 1, '2018-10-16 13:26:33', '2018-10-16 13:26:33', 1, 1),
(1605, 89, 1605, 'Sulawesi Tengah', '', 1, '2018-10-16 13:26:34', '2018-10-16 13:26:34', 1, 1),
(1606, 89, 1606, 'Sulawesi Tenggara', '', 1, '2018-10-16 13:26:34', '2018-10-16 13:26:34', 1, 1),
(1607, 89, 1607, 'Sulawesi Utara', '', 1, '2018-10-16 13:26:34', '2018-10-16 13:26:34', 1, 1),
(1608, 89, 1608, 'Sumatera Barat', '', 1, '2018-10-16 13:26:34', '2018-10-16 13:26:34', 1, 1),
(1609, 89, 1609, 'Sumatera Selatan', '', 1, '2018-10-16 13:26:34', '2018-10-16 13:26:34', 1, 1),
(1610, 89, 1610, 'Sumatera Utara', '', 1, '2018-10-16 13:26:34', '2018-10-16 13:26:34', 1, 1),
(1611, 89, 1611, 'Yogyakarta', '', 1, '2018-10-16 13:26:34', '2018-10-16 13:26:34', 1, 1),
(1612, 90, 1612, 'Babil', '', 1, '2018-10-16 13:26:34', '2018-10-16 13:26:34', 1, 1),
(1613, 90, 1613, 'Baghdad', '', 1, '2018-10-16 13:26:34', '2018-10-16 13:26:34', 1, 1),
(1614, 90, 1614, 'Dahuk', '', 1, '2018-10-16 13:26:34', '2018-10-16 13:26:34', 1, 1),
(1615, 90, 1615, 'Dhi Qar', '', 1, '2018-10-16 13:26:34', '2018-10-16 13:26:34', 1, 1),
(1616, 90, 1616, 'Diyala', '', 1, '2018-10-16 13:26:34', '2018-10-16 13:26:34', 1, 1),
(1617, 90, 1617, 'Erbil', '', 1, '2018-10-16 13:26:34', '2018-10-16 13:26:34', 1, 1),
(1618, 90, 1618, 'Irbil', '', 1, '2018-10-16 13:26:34', '2018-10-16 13:26:34', 1, 1),
(1619, 90, 1619, 'Karbala', '', 1, '2018-10-16 13:26:34', '2018-10-16 13:26:34', 1, 1),
(1620, 90, 1620, 'Kurdistan', '', 1, '2018-10-16 13:26:35', '2018-10-16 13:26:35', 1, 1),
(1621, 90, 1621, 'Maysan', '', 1, '2018-10-16 13:26:35', '2018-10-16 13:26:35', 1, 1),
(1622, 90, 1622, 'Ninawa', '', 1, '2018-10-16 13:26:35', '2018-10-16 13:26:35', 1, 1),
(1623, 90, 1623, 'Salah-ad-Din', '', 1, '2018-10-16 13:26:35', '2018-10-16 13:26:35', 1, 1),
(1624, 90, 1624, 'Wasit', '', 1, '2018-10-16 13:26:35', '2018-10-16 13:26:35', 1, 1),
(1625, 90, 1625, 'al-Anbar', '', 1, '2018-10-16 13:26:35', '2018-10-16 13:26:35', 1, 1),
(1626, 90, 1626, 'al-Basrah', '', 1, '2018-10-16 13:26:35', '2018-10-16 13:26:35', 1, 1),
(1627, 90, 1627, 'al-Muthanna', '', 1, '2018-10-16 13:26:35', '2018-10-16 13:26:35', 1, 1),
(1628, 90, 1628, 'al-Qadisiyah', '', 1, '2018-10-16 13:26:35', '2018-10-16 13:26:35', 1, 1),
(1629, 90, 1629, 'an-Najaf', '', 1, '2018-10-16 13:26:35', '2018-10-16 13:26:35', 1, 1),
(1630, 90, 1630, 'as-Sulaymaniyah', '', 1, '2018-10-16 13:26:36', '2018-10-16 13:26:36', 1, 1),
(1631, 90, 1631, 'at-Ta\'mim', '', 1, '2018-10-16 13:26:36', '2018-10-16 13:26:36', 1, 1),
(1632, 91, 1632, 'Armagh', '', 1, '2018-10-16 13:26:36', '2018-10-16 13:26:36', 1, 1),
(1633, 91, 1633, 'Carlow', '', 1, '2018-10-16 13:26:36', '2018-10-16 13:26:36', 1, 1),
(1634, 91, 1634, 'Cavan', '', 1, '2018-10-16 13:26:36', '2018-10-16 13:26:36', 1, 1),
(1635, 91, 1635, 'Clare', '', 1, '2018-10-16 13:26:36', '2018-10-16 13:26:36', 1, 1),
(1636, 91, 1636, 'Cork', '', 1, '2018-10-16 13:26:36', '2018-10-16 13:26:36', 1, 1),
(1637, 91, 1637, 'Donegal', '', 1, '2018-10-16 13:26:36', '2018-10-16 13:26:36', 1, 1),
(1638, 91, 1638, 'Dublin', '', 1, '2018-10-16 13:26:36', '2018-10-16 13:26:36', 1, 1),
(1639, 91, 1639, 'Galway', '', 1, '2018-10-16 13:26:36', '2018-10-16 13:26:36', 1, 1),
(1640, 91, 1640, 'Kerry', '', 1, '2018-10-16 13:26:36', '2018-10-16 13:26:36', 1, 1),
(1641, 91, 1641, 'Kildare', '', 1, '2018-10-16 13:26:37', '2018-10-16 13:26:37', 1, 1),
(1642, 91, 1642, 'Kilkenny', '', 1, '2018-10-16 13:26:37', '2018-10-16 13:26:37', 1, 1),
(1643, 91, 1643, 'Laois', '', 1, '2018-10-16 13:26:37', '2018-10-16 13:26:37', 1, 1),
(1644, 91, 1644, 'Leinster', '', 1, '2018-10-16 13:26:37', '2018-10-16 13:26:37', 1, 1),
(1645, 91, 1645, 'Leitrim', '', 1, '2018-10-16 13:26:37', '2018-10-16 13:26:37', 1, 1),
(1646, 91, 1646, 'Limerick', '', 1, '2018-10-16 13:26:37', '2018-10-16 13:26:37', 1, 1),
(1647, 91, 1647, 'Loch Garman', '', 1, '2018-10-16 13:26:37', '2018-10-16 13:26:37', 1, 1),
(1648, 91, 1648, 'Longford', '', 1, '2018-10-16 13:26:37', '2018-10-16 13:26:37', 1, 1),
(1649, 91, 1649, 'Louth', '', 1, '2018-10-16 13:26:37', '2018-10-16 13:26:37', 1, 1),
(1650, 91, 1650, 'Mayo', '', 1, '2018-10-16 13:26:38', '2018-10-16 13:26:38', 1, 1),
(1651, 91, 1651, 'Meath', '', 1, '2018-10-16 13:26:38', '2018-10-16 13:26:38', 1, 1),
(1652, 91, 1652, 'Monaghan', '', 1, '2018-10-16 13:26:38', '2018-10-16 13:26:38', 1, 1),
(1653, 91, 1653, 'Offaly', '', 1, '2018-10-16 13:26:38', '2018-10-16 13:26:38', 1, 1),
(1654, 91, 1654, 'Roscommon', '', 1, '2018-10-16 13:26:38', '2018-10-16 13:26:38', 1, 1),
(1655, 91, 1655, 'Sligo', '', 1, '2018-10-16 13:26:38', '2018-10-16 13:26:38', 1, 1),
(1656, 91, 1656, 'Tipperary North Riding', '', 1, '2018-10-16 13:26:38', '2018-10-16 13:26:38', 1, 1),
(1657, 91, 1657, 'Tipperary South Riding', '', 1, '2018-10-16 13:26:38', '2018-10-16 13:26:38', 1, 1),
(1658, 91, 1658, 'Ulster', '', 1, '2018-10-16 13:26:38', '2018-10-16 13:26:38', 1, 1),
(1659, 91, 1659, 'Waterford', '', 1, '2018-10-16 13:26:38', '2018-10-16 13:26:38', 1, 1),
(1660, 91, 1660, 'Westmeath', '', 1, '2018-10-16 13:26:38', '2018-10-16 13:26:38', 1, 1),
(1661, 91, 1661, 'Wexford', '', 1, '2018-10-16 13:26:38', '2018-10-16 13:26:38', 1, 1),
(1662, 91, 1662, 'Wicklow', '', 1, '2018-10-16 13:26:39', '2018-10-16 13:26:39', 1, 1),
(1663, 92, 1663, 'Beit Hanania', '', 1, '2018-10-16 13:26:39', '2018-10-16 13:26:39', 1, 1),
(1664, 92, 1664, 'Ben Gurion Airport', '', 1, '2018-10-16 13:26:39', '2018-10-16 13:26:39', 1, 1),
(1665, 92, 1665, 'Bethlehem', '', 1, '2018-10-16 13:26:39', '2018-10-16 13:26:39', 1, 1),
(1666, 92, 1666, 'Caesarea', '', 1, '2018-10-16 13:26:39', '2018-10-16 13:26:39', 1, 1),
(1667, 92, 1667, 'Centre', '', 1, '2018-10-16 13:26:39', '2018-10-16 13:26:39', 1, 1),
(1668, 92, 1668, 'Gaza', '', 1, '2018-10-16 13:26:39', '2018-10-16 13:26:39', 1, 1),
(1669, 92, 1669, 'Hadaron', '', 1, '2018-10-16 13:26:39', '2018-10-16 13:26:39', 1, 1),
(1670, 92, 1670, 'Haifa District', '', 1, '2018-10-16 13:26:39', '2018-10-16 13:26:39', 1, 1),
(1671, 92, 1671, 'Hamerkaz', '', 1, '2018-10-16 13:26:40', '2018-10-16 13:26:40', 1, 1),
(1672, 92, 1672, 'Hazafon', '', 1, '2018-10-16 13:26:40', '2018-10-16 13:26:40', 1, 1),
(1673, 92, 1673, 'Hebron', '', 1, '2018-10-16 13:26:40', '2018-10-16 13:26:40', 1, 1),
(1674, 92, 1674, 'Jaffa', '', 1, '2018-10-16 13:26:40', '2018-10-16 13:26:40', 1, 1),
(1675, 92, 1675, 'Jerusalem', '', 1, '2018-10-16 13:26:40', '2018-10-16 13:26:40', 1, 1),
(1676, 92, 1676, 'Khefa', '', 1, '2018-10-16 13:26:40', '2018-10-16 13:26:40', 1, 1),
(1677, 92, 1677, 'Kiryat Yam', '', 1, '2018-10-16 13:26:40', '2018-10-16 13:26:40', 1, 1),
(1678, 92, 1678, 'Lower Galilee', '', 1, '2018-10-16 13:26:40', '2018-10-16 13:26:40', 1, 1),
(1679, 92, 1679, 'Qalqilya', '', 1, '2018-10-16 13:26:40', '2018-10-16 13:26:40', 1, 1),
(1680, 92, 1680, 'Talme Elazar', '', 1, '2018-10-16 13:26:40', '2018-10-16 13:26:40', 1, 1),
(1681, 92, 1681, 'Tel Aviv', '', 1, '2018-10-16 13:26:40', '2018-10-16 13:26:40', 1, 1),
(1682, 92, 1682, 'Tsafon', '', 1, '2018-10-16 13:26:40', '2018-10-16 13:26:40', 1, 1),
(1683, 92, 1683, 'Umm El Fahem', '', 1, '2018-10-16 13:26:40', '2018-10-16 13:26:40', 1, 1),
(1684, 92, 1684, 'Yerushalayim', '', 1, '2018-10-16 13:26:40', '2018-10-16 13:26:40', 1, 1),
(1685, 93, 1685, 'Abruzzi', '', 1, '2018-10-16 13:26:40', '2018-10-16 13:26:40', 1, 1),
(1686, 93, 1686, 'Abruzzo', '', 1, '2018-10-16 13:26:40', '2018-10-16 13:26:40', 1, 1),
(1687, 93, 1687, 'Agrigento', '', 1, '2018-10-16 13:26:41', '2018-10-16 13:26:41', 1, 1),
(1688, 93, 1688, 'Alessandria', '', 1, '2018-10-16 13:26:41', '2018-10-16 13:26:41', 1, 1),
(1689, 93, 1689, 'Ancona', '', 1, '2018-10-16 13:26:41', '2018-10-16 13:26:41', 1, 1),
(1690, 93, 1690, 'Arezzo', '', 1, '2018-10-16 13:26:41', '2018-10-16 13:26:41', 1, 1),
(1691, 93, 1691, 'Ascoli Piceno', '', 1, '2018-10-16 13:26:41', '2018-10-16 13:26:41', 1, 1),
(1692, 93, 1692, 'Asti', '', 1, '2018-10-16 13:26:41', '2018-10-16 13:26:41', 1, 1),
(1693, 93, 1693, 'Avellino', '', 1, '2018-10-16 13:26:41', '2018-10-16 13:26:41', 1, 1),
(1694, 93, 1694, 'Bari', '', 1, '2018-10-16 13:26:41', '2018-10-16 13:26:41', 1, 1),
(1695, 93, 1695, 'Basilicata', '', 1, '2018-10-16 13:26:41', '2018-10-16 13:26:41', 1, 1),
(1696, 93, 1696, 'Belluno', '', 1, '2018-10-16 13:26:41', '2018-10-16 13:26:41', 1, 1),
(1697, 93, 1697, 'Benevento', '', 1, '2018-10-16 13:26:41', '2018-10-16 13:26:41', 1, 1),
(1698, 93, 1698, 'Bergamo', '', 1, '2018-10-16 13:26:41', '2018-10-16 13:26:41', 1, 1),
(1699, 93, 1699, 'Biella', '', 1, '2018-10-16 13:26:41', '2018-10-16 13:26:41', 1, 1),
(1700, 93, 1700, 'Bologna', '', 1, '2018-10-16 13:26:41', '2018-10-16 13:26:41', 1, 1),
(1701, 93, 1701, 'Bolzano', '', 1, '2018-10-16 13:26:41', '2018-10-16 13:26:41', 1, 1),
(1702, 93, 1702, 'Brescia', '', 1, '2018-10-16 13:26:41', '2018-10-16 13:26:41', 1, 1),
(1703, 93, 1703, 'Brindisi', '', 1, '2018-10-16 13:26:41', '2018-10-16 13:26:41', 1, 1),
(1704, 93, 1704, 'Calabria', '', 1, '2018-10-16 13:26:41', '2018-10-16 13:26:41', 1, 1),
(1705, 93, 1705, 'Campania', '', 1, '2018-10-16 13:26:42', '2018-10-16 13:26:42', 1, 1),
(1706, 93, 1706, 'Cartoceto', '', 1, '2018-10-16 13:26:42', '2018-10-16 13:26:42', 1, 1),
(1707, 93, 1707, 'Caserta', '', 1, '2018-10-16 13:26:42', '2018-10-16 13:26:42', 1, 1),
(1708, 93, 1708, 'Catania', '', 1, '2018-10-16 13:26:42', '2018-10-16 13:26:42', 1, 1),
(1709, 93, 1709, 'Chieti', '', 1, '2018-10-16 13:26:42', '2018-10-16 13:26:42', 1, 1),
(1710, 93, 1710, 'Como', '', 1, '2018-10-16 13:26:42', '2018-10-16 13:26:42', 1, 1),
(1711, 93, 1711, 'Cosenza', '', 1, '2018-10-16 13:26:42', '2018-10-16 13:26:42', 1, 1),
(1712, 93, 1712, 'Cremona', '', 1, '2018-10-16 13:26:42', '2018-10-16 13:26:42', 1, 1),
(1713, 93, 1713, 'Cuneo', '', 1, '2018-10-16 13:26:42', '2018-10-16 13:26:42', 1, 1),
(1714, 93, 1714, 'Emilia-Romagna', '', 1, '2018-10-16 13:26:42', '2018-10-16 13:26:42', 1, 1),
(1715, 93, 1715, 'Ferrara', '', 1, '2018-10-16 13:26:42', '2018-10-16 13:26:42', 1, 1),
(1716, 93, 1716, 'Firenze', '', 1, '2018-10-16 13:26:42', '2018-10-16 13:26:42', 1, 1),
(1717, 93, 1717, 'Florence', '', 1, '2018-10-16 13:26:42', '2018-10-16 13:26:42', 1, 1),
(1718, 93, 1718, 'Forli-Cesena ', '', 1, '2018-10-16 13:26:42', '2018-10-16 13:26:42', 1, 1),
(1719, 93, 1719, 'Friuli-Venezia Giulia', '', 1, '2018-10-16 13:26:42', '2018-10-16 13:26:42', 1, 1),
(1720, 93, 1720, 'Frosinone', '', 1, '2018-10-16 13:26:42', '2018-10-16 13:26:42', 1, 1),
(1721, 93, 1721, 'Genoa', '', 1, '2018-10-16 13:26:42', '2018-10-16 13:26:42', 1, 1),
(1722, 93, 1722, 'Gorizia', '', 1, '2018-10-16 13:26:42', '2018-10-16 13:26:42', 1, 1),
(1723, 93, 1723, 'L\'Aquila', '', 1, '2018-10-16 13:26:42', '2018-10-16 13:26:42', 1, 1),
(1724, 93, 1724, 'Lazio', '', 1, '2018-10-16 13:26:42', '2018-10-16 13:26:42', 1, 1),
(1725, 93, 1725, 'Lecce', '', 1, '2018-10-16 13:26:42', '2018-10-16 13:26:42', 1, 1),
(1726, 93, 1726, 'Lecco', '', 1, '2018-10-16 13:26:42', '2018-10-16 13:26:42', 1, 1),
(1727, 93, 1727, 'Lecco Province', '', 1, '2018-10-16 13:26:42', '2018-10-16 13:26:42', 1, 1),
(1728, 93, 1728, 'Liguria', '', 1, '2018-10-16 13:26:42', '2018-10-16 13:26:42', 1, 1),
(1729, 93, 1729, 'Lodi', '', 1, '2018-10-16 13:26:43', '2018-10-16 13:26:43', 1, 1),
(1730, 93, 1730, 'Lombardia', '', 1, '2018-10-16 13:26:43', '2018-10-16 13:26:43', 1, 1),
(1731, 93, 1731, 'Lombardy', '', 1, '2018-10-16 13:26:43', '2018-10-16 13:26:43', 1, 1),
(1732, 93, 1732, 'Macerata', '', 1, '2018-10-16 13:26:43', '2018-10-16 13:26:43', 1, 1),
(1733, 93, 1733, 'Mantova', '', 1, '2018-10-16 13:26:43', '2018-10-16 13:26:43', 1, 1),
(1734, 93, 1734, 'Marche', '', 1, '2018-10-16 13:26:43', '2018-10-16 13:26:43', 1, 1),
(1735, 93, 1735, 'Messina', '', 1, '2018-10-16 13:26:43', '2018-10-16 13:26:43', 1, 1),
(1736, 93, 1736, 'Milan', '', 1, '2018-10-16 13:26:43', '2018-10-16 13:26:43', 1, 1),
(1737, 93, 1737, 'Modena', '', 1, '2018-10-16 13:26:43', '2018-10-16 13:26:43', 1, 1),
(1738, 93, 1738, 'Molise', '', 1, '2018-10-16 13:26:43', '2018-10-16 13:26:43', 1, 1),
(1739, 93, 1739, 'Molteno', '', 1, '2018-10-16 13:26:43', '2018-10-16 13:26:43', 1, 1),
(1740, 93, 1740, 'Montenegro', '', 1, '2018-10-16 13:26:43', '2018-10-16 13:26:43', 1, 1),
(1741, 93, 1741, 'Monza and Brianza', '', 1, '2018-10-16 13:26:43', '2018-10-16 13:26:43', 1, 1),
(1742, 93, 1742, 'Naples', '', 1, '2018-10-16 13:26:43', '2018-10-16 13:26:43', 1, 1),
(1743, 93, 1743, 'Novara', '', 1, '2018-10-16 13:26:43', '2018-10-16 13:26:43', 1, 1),
(1744, 93, 1744, 'Padova', '', 1, '2018-10-16 13:26:43', '2018-10-16 13:26:43', 1, 1),
(1745, 93, 1745, 'Parma', '', 1, '2018-10-16 13:26:43', '2018-10-16 13:26:43', 1, 1),
(1746, 93, 1746, 'Pavia', '', 1, '2018-10-16 13:26:44', '2018-10-16 13:26:44', 1, 1),
(1747, 93, 1747, 'Perugia', '', 1, '2018-10-16 13:26:44', '2018-10-16 13:26:44', 1, 1),
(1748, 93, 1748, 'Pesaro-Urbino', '', 1, '2018-10-16 13:26:44', '2018-10-16 13:26:44', 1, 1),
(1749, 93, 1749, 'Piacenza', '', 1, '2018-10-16 13:26:44', '2018-10-16 13:26:44', 1, 1),
(1750, 93, 1750, 'Piedmont', '', 1, '2018-10-16 13:26:44', '2018-10-16 13:26:44', 1, 1),
(1751, 93, 1751, 'Piemonte', '', 1, '2018-10-16 13:26:44', '2018-10-16 13:26:44', 1, 1),
(1752, 93, 1752, 'Pisa', '', 1, '2018-10-16 13:26:44', '2018-10-16 13:26:44', 1, 1),
(1753, 93, 1753, 'Pordenone', '', 1, '2018-10-16 13:26:44', '2018-10-16 13:26:44', 1, 1),
(1754, 93, 1754, 'Potenza', '', 1, '2018-10-16 13:26:44', '2018-10-16 13:26:44', 1, 1),
(1755, 93, 1755, 'Puglia', '', 1, '2018-10-16 13:26:44', '2018-10-16 13:26:44', 1, 1),
(1756, 93, 1756, 'Reggio Emilia', '', 1, '2018-10-16 13:26:44', '2018-10-16 13:26:44', 1, 1),
(1757, 93, 1757, 'Rimini', '', 1, '2018-10-16 13:26:44', '2018-10-16 13:26:44', 1, 1),
(1758, 93, 1758, 'Roma', '', 1, '2018-10-16 13:26:44', '2018-10-16 13:26:44', 1, 1),
(1759, 93, 1759, 'Salerno', '', 1, '2018-10-16 13:26:45', '2018-10-16 13:26:45', 1, 1),
(1760, 93, 1760, 'Sardegna', '', 1, '2018-10-16 13:26:45', '2018-10-16 13:26:45', 1, 1),
(1761, 93, 1761, 'Sassari', '', 1, '2018-10-16 13:26:45', '2018-10-16 13:26:45', 1, 1),
(1762, 93, 1762, 'Savona', '', 1, '2018-10-16 13:26:45', '2018-10-16 13:26:45', 1, 1),
(1763, 93, 1763, 'Sicilia', '', 1, '2018-10-16 13:26:45', '2018-10-16 13:26:45', 1, 1),
(1764, 93, 1764, 'Siena', '', 1, '2018-10-16 13:26:45', '2018-10-16 13:26:45', 1, 1),
(1765, 93, 1765, 'Sondrio', '', 1, '2018-10-16 13:26:45', '2018-10-16 13:26:45', 1, 1),
(1766, 93, 1766, 'South Tyrol', '', 1, '2018-10-16 13:26:45', '2018-10-16 13:26:45', 1, 1),
(1767, 93, 1767, 'Taranto', '', 1, '2018-10-16 13:26:45', '2018-10-16 13:26:45', 1, 1),
(1768, 93, 1768, 'Teramo', '', 1, '2018-10-16 13:26:45', '2018-10-16 13:26:45', 1, 1),
(1769, 93, 1769, 'Torino', '', 1, '2018-10-16 13:26:45', '2018-10-16 13:26:45', 1, 1),
(1770, 93, 1770, 'Toscana', '', 1, '2018-10-16 13:26:45', '2018-10-16 13:26:45', 1, 1),
(1771, 93, 1771, 'Trapani', '', 1, '2018-10-16 13:26:45', '2018-10-16 13:26:45', 1, 1),
(1772, 93, 1772, 'Trentino-Alto Adige', '', 1, '2018-10-16 13:26:45', '2018-10-16 13:26:45', 1, 1),
(1773, 93, 1773, 'Trento', '', 1, '2018-10-16 13:26:45', '2018-10-16 13:26:45', 1, 1),
(1774, 93, 1774, 'Treviso', '', 1, '2018-10-16 13:26:45', '2018-10-16 13:26:45', 1, 1),
(1775, 93, 1775, 'Udine', '', 1, '2018-10-16 13:26:45', '2018-10-16 13:26:45', 1, 1),
(1776, 93, 1776, 'Umbria', '', 1, '2018-10-16 13:26:45', '2018-10-16 13:26:45', 1, 1),
(1777, 93, 1777, 'Valle d\'Aosta', '', 1, '2018-10-16 13:26:45', '2018-10-16 13:26:45', 1, 1),
(1778, 93, 1778, 'Varese', '', 1, '2018-10-16 13:26:46', '2018-10-16 13:26:46', 1, 1),
(1779, 93, 1779, 'Veneto', '', 1, '2018-10-16 13:26:46', '2018-10-16 13:26:46', 1, 1),
(1780, 93, 1780, 'Venezia', '', 1, '2018-10-16 13:26:46', '2018-10-16 13:26:46', 1, 1),
(1781, 93, 1781, 'Verbano-Cusio-Ossola', '', 1, '2018-10-16 13:26:46', '2018-10-16 13:26:46', 1, 1),
(1782, 93, 1782, 'Vercelli', '', 1, '2018-10-16 13:26:46', '2018-10-16 13:26:46', 1, 1),
(1783, 93, 1783, 'Verona', '', 1, '2018-10-16 13:26:46', '2018-10-16 13:26:46', 1, 1),
(1784, 93, 1784, 'Vicenza', '', 1, '2018-10-16 13:26:46', '2018-10-16 13:26:46', 1, 1),
(1785, 93, 1785, 'Viterbo', '', 1, '2018-10-16 13:26:46', '2018-10-16 13:26:46', 1, 1),
(1786, 94, 1786, 'Buxoro Viloyati', '', 1, '2018-10-16 13:26:46', '2018-10-16 13:26:46', 1, 1),
(1787, 94, 1787, 'Clarendon', '', 1, '2018-10-16 13:26:46', '2018-10-16 13:26:46', 1, 1),
(1788, 94, 1788, 'Hanover', '', 1, '2018-10-16 13:26:46', '2018-10-16 13:26:46', 1, 1),
(1789, 94, 1789, 'Kingston', '', 1, '2018-10-16 13:26:46', '2018-10-16 13:26:46', 1, 1),
(1790, 94, 1790, 'Manchester', '', 1, '2018-10-16 13:26:46', '2018-10-16 13:26:46', 1, 1),
(1791, 94, 1791, 'Portland', '', 1, '2018-10-16 13:26:46', '2018-10-16 13:26:46', 1, 1),
(1792, 94, 1792, 'Saint Andrews', '', 1, '2018-10-16 13:26:46', '2018-10-16 13:26:46', 1, 1),
(1793, 94, 1793, 'Saint Ann', '', 1, '2018-10-16 13:26:46', '2018-10-16 13:26:46', 1, 1),
(1794, 94, 1794, 'Saint Catherine', '', 1, '2018-10-16 13:26:46', '2018-10-16 13:26:46', 1, 1),
(1795, 94, 1795, 'Saint Elizabeth', '', 1, '2018-10-16 13:26:46', '2018-10-16 13:26:46', 1, 1),
(1796, 94, 1796, 'Saint James', '', 1, '2018-10-16 13:26:46', '2018-10-16 13:26:46', 1, 1),
(1797, 94, 1797, 'Saint Mary', '', 1, '2018-10-16 13:26:46', '2018-10-16 13:26:46', 1, 1),
(1798, 94, 1798, 'Saint Thomas', '', 1, '2018-10-16 13:26:46', '2018-10-16 13:26:46', 1, 1),
(1799, 94, 1799, 'Trelawney', '', 1, '2018-10-16 13:26:46', '2018-10-16 13:26:46', 1, 1),
(1800, 94, 1800, 'Westmoreland', '', 1, '2018-10-16 13:26:46', '2018-10-16 13:26:46', 1, 1),
(1801, 95, 1801, 'Aichi', '', 1, '2018-10-16 13:26:46', '2018-10-16 13:26:46', 1, 1),
(1802, 95, 1802, 'Akita', '', 1, '2018-10-16 13:26:47', '2018-10-16 13:26:47', 1, 1),
(1803, 95, 1803, 'Aomori', '', 1, '2018-10-16 13:26:47', '2018-10-16 13:26:47', 1, 1),
(1804, 95, 1804, 'Chiba', '', 1, '2018-10-16 13:26:47', '2018-10-16 13:26:47', 1, 1),
(1805, 95, 1805, 'Ehime', '', 1, '2018-10-16 13:26:47', '2018-10-16 13:26:47', 1, 1),
(1806, 95, 1806, 'Fukui', '', 1, '2018-10-16 13:26:47', '2018-10-16 13:26:47', 1, 1),
(1807, 95, 1807, 'Fukuoka', '', 1, '2018-10-16 13:26:47', '2018-10-16 13:26:47', 1, 1),
(1808, 95, 1808, 'Fukushima', '', 1, '2018-10-16 13:26:47', '2018-10-16 13:26:47', 1, 1),
(1809, 95, 1809, 'Gifu', '', 1, '2018-10-16 13:26:47', '2018-10-16 13:26:47', 1, 1),
(1810, 95, 1810, 'Gumma', '', 1, '2018-10-16 13:26:47', '2018-10-16 13:26:47', 1, 1),
(1811, 95, 1811, 'Hiroshima', '', 1, '2018-10-16 13:26:47', '2018-10-16 13:26:47', 1, 1),
(1812, 95, 1812, 'Hokkaido', '', 1, '2018-10-16 13:26:47', '2018-10-16 13:26:47', 1, 1),
(1813, 95, 1813, 'Hyogo', '', 1, '2018-10-16 13:26:47', '2018-10-16 13:26:47', 1, 1),
(1814, 95, 1814, 'Ibaraki', '', 1, '2018-10-16 13:26:47', '2018-10-16 13:26:47', 1, 1),
(1815, 95, 1815, 'Ishikawa', '', 1, '2018-10-16 13:26:47', '2018-10-16 13:26:47', 1, 1),
(1816, 95, 1816, 'Iwate', '', 1, '2018-10-16 13:26:47', '2018-10-16 13:26:47', 1, 1),
(1817, 95, 1817, 'Kagawa', '', 1, '2018-10-16 13:26:47', '2018-10-16 13:26:47', 1, 1),
(1818, 95, 1818, 'Kagoshima', '', 1, '2018-10-16 13:26:47', '2018-10-16 13:26:47', 1, 1),
(1819, 95, 1819, 'Kanagawa', '', 1, '2018-10-16 13:26:48', '2018-10-16 13:26:48', 1, 1),
(1820, 95, 1820, 'Kanto', '', 1, '2018-10-16 13:26:48', '2018-10-16 13:26:48', 1, 1),
(1821, 95, 1821, 'Kochi', '', 1, '2018-10-16 13:26:48', '2018-10-16 13:26:48', 1, 1),
(1822, 95, 1822, 'Kumamoto', '', 1, '2018-10-16 13:26:48', '2018-10-16 13:26:48', 1, 1),
(1823, 95, 1823, 'Kyoto', '', 1, '2018-10-16 13:26:48', '2018-10-16 13:26:48', 1, 1),
(1824, 95, 1824, 'Mie', '', 1, '2018-10-16 13:26:48', '2018-10-16 13:26:48', 1, 1),
(1825, 95, 1825, 'Miyagi', '', 1, '2018-10-16 13:26:48', '2018-10-16 13:26:48', 1, 1),
(1826, 95, 1826, 'Miyazaki', '', 1, '2018-10-16 13:26:48', '2018-10-16 13:26:48', 1, 1),
(1827, 95, 1827, 'Nagano', '', 1, '2018-10-16 13:26:48', '2018-10-16 13:26:48', 1, 1),
(1828, 95, 1828, 'Nagasaki', '', 1, '2018-10-16 13:26:48', '2018-10-16 13:26:48', 1, 1),
(1829, 95, 1829, 'Nara', '', 1, '2018-10-16 13:26:48', '2018-10-16 13:26:48', 1, 1),
(1830, 95, 1830, 'Niigata', '', 1, '2018-10-16 13:26:48', '2018-10-16 13:26:48', 1, 1),
(1831, 95, 1831, 'Oita', '', 1, '2018-10-16 13:26:48', '2018-10-16 13:26:48', 1, 1),
(1832, 95, 1832, 'Okayama', '', 1, '2018-10-16 13:26:48', '2018-10-16 13:26:48', 1, 1),
(1833, 95, 1833, 'Okinawa', '', 1, '2018-10-16 13:26:48', '2018-10-16 13:26:48', 1, 1),
(1834, 95, 1834, 'Osaka', '', 1, '2018-10-16 13:26:48', '2018-10-16 13:26:48', 1, 1),
(1835, 95, 1835, 'Saga', '', 1, '2018-10-16 13:26:48', '2018-10-16 13:26:48', 1, 1),
(1836, 95, 1836, 'Saitama', '', 1, '2018-10-16 13:26:48', '2018-10-16 13:26:48', 1, 1),
(1837, 95, 1837, 'Shiga', '', 1, '2018-10-16 13:26:48', '2018-10-16 13:26:48', 1, 1),
(1838, 95, 1838, 'Shimane', '', 1, '2018-10-16 13:26:48', '2018-10-16 13:26:48', 1, 1),
(1839, 95, 1839, 'Shizuoka', '', 1, '2018-10-16 13:26:48', '2018-10-16 13:26:48', 1, 1),
(1840, 95, 1840, 'Tochigi', '', 1, '2018-10-16 13:26:48', '2018-10-16 13:26:48', 1, 1),
(1841, 95, 1841, 'Tokushima', '', 1, '2018-10-16 13:26:48', '2018-10-16 13:26:48', 1, 1),
(1842, 95, 1842, 'Tokyo', '', 1, '2018-10-16 13:26:48', '2018-10-16 13:26:48', 1, 1),
(1843, 95, 1843, 'Tottori', '', 1, '2018-10-16 13:26:48', '2018-10-16 13:26:48', 1, 1),
(1844, 95, 1844, 'Toyama', '', 1, '2018-10-16 13:26:48', '2018-10-16 13:26:48', 1, 1),
(1845, 95, 1845, 'Wakayama', '', 1, '2018-10-16 13:26:49', '2018-10-16 13:26:49', 1, 1),
(1846, 95, 1846, 'Yamagata', '', 1, '2018-10-16 13:26:49', '2018-10-16 13:26:49', 1, 1),
(1847, 95, 1847, 'Yamaguchi', '', 1, '2018-10-16 13:26:49', '2018-10-16 13:26:49', 1, 1),
(1848, 95, 1848, 'Yamanashi', '', 1, '2018-10-16 13:26:49', '2018-10-16 13:26:49', 1, 1);
INSERT INTO `states_text` (`StateTextID`, `CountryID`, `StateID`, `Title`, `Seo`, `SystemLanguageID`, `CreatedAt`, `UpdatedAt`, `CreatedBy`, `UpdatedBy`) VALUES
(1849, 96, 1849, '\'Ajlun', '', 1, '2018-10-16 13:26:49', '2018-10-16 13:26:49', 1, 1),
(1850, 96, 1850, 'Amman', '', 1, '2018-10-16 13:26:49', '2018-10-16 13:26:49', 1, 1),
(1851, 96, 1851, 'Irbid', '', 1, '2018-10-16 13:26:49', '2018-10-16 13:26:49', 1, 1),
(1852, 96, 1852, 'Jarash', '', 1, '2018-10-16 13:26:49', '2018-10-16 13:26:49', 1, 1),
(1853, 96, 1853, 'Ma\'an', '', 1, '2018-10-16 13:26:49', '2018-10-16 13:26:49', 1, 1),
(1854, 96, 1854, 'Madaba', '', 1, '2018-10-16 13:26:49', '2018-10-16 13:26:49', 1, 1),
(1855, 96, 1855, 'al-\'Aqabah', '', 1, '2018-10-16 13:26:49', '2018-10-16 13:26:49', 1, 1),
(1856, 96, 1856, 'al-Balqa\'', '', 1, '2018-10-16 13:26:49', '2018-10-16 13:26:49', 1, 1),
(1857, 96, 1857, 'al-Karak', '', 1, '2018-10-16 13:26:49', '2018-10-16 13:26:49', 1, 1),
(1858, 96, 1858, 'al-Mafraq', '', 1, '2018-10-16 13:26:49', '2018-10-16 13:26:49', 1, 1),
(1859, 96, 1859, 'at-Tafilah', '', 1, '2018-10-16 13:26:49', '2018-10-16 13:26:49', 1, 1),
(1860, 96, 1860, 'az-Zarqa\'', '', 1, '2018-10-16 13:26:49', '2018-10-16 13:26:49', 1, 1),
(1861, 97, 1861, 'Akmecet', '', 1, '2018-10-16 13:26:49', '2018-10-16 13:26:49', 1, 1),
(1862, 97, 1862, 'Akmola', '', 1, '2018-10-16 13:26:49', '2018-10-16 13:26:49', 1, 1),
(1863, 97, 1863, 'Aktobe', '', 1, '2018-10-16 13:26:49', '2018-10-16 13:26:49', 1, 1),
(1864, 97, 1864, 'Almati', '', 1, '2018-10-16 13:26:49', '2018-10-16 13:26:49', 1, 1),
(1865, 97, 1865, 'Atirau', '', 1, '2018-10-16 13:26:49', '2018-10-16 13:26:49', 1, 1),
(1866, 97, 1866, 'Batis Kazakstan', '', 1, '2018-10-16 13:26:49', '2018-10-16 13:26:49', 1, 1),
(1867, 97, 1867, 'Burlinsky Region', '', 1, '2018-10-16 13:26:49', '2018-10-16 13:26:49', 1, 1),
(1868, 97, 1868, 'Karagandi', '', 1, '2018-10-16 13:26:50', '2018-10-16 13:26:50', 1, 1),
(1869, 97, 1869, 'Kostanay', '', 1, '2018-10-16 13:26:50', '2018-10-16 13:26:50', 1, 1),
(1870, 97, 1870, 'Mankistau', '', 1, '2018-10-16 13:26:50', '2018-10-16 13:26:50', 1, 1),
(1871, 97, 1871, 'Ontustik Kazakstan', '', 1, '2018-10-16 13:26:50', '2018-10-16 13:26:50', 1, 1),
(1872, 97, 1872, 'Pavlodar', '', 1, '2018-10-16 13:26:50', '2018-10-16 13:26:50', 1, 1),
(1873, 97, 1873, 'Sigis Kazakstan', '', 1, '2018-10-16 13:26:50', '2018-10-16 13:26:50', 1, 1),
(1874, 97, 1874, 'Soltustik Kazakstan', '', 1, '2018-10-16 13:26:50', '2018-10-16 13:26:50', 1, 1),
(1875, 97, 1875, 'Taraz', '', 1, '2018-10-16 13:26:50', '2018-10-16 13:26:50', 1, 1),
(1876, 98, 1876, 'Central', '', 1, '2018-10-16 13:26:50', '2018-10-16 13:26:50', 1, 1),
(1877, 98, 1877, 'Coast', '', 1, '2018-10-16 13:26:50', '2018-10-16 13:26:50', 1, 1),
(1878, 98, 1878, 'Eastern', '', 1, '2018-10-16 13:26:50', '2018-10-16 13:26:50', 1, 1),
(1879, 98, 1879, 'Nairobi', '', 1, '2018-10-16 13:26:50', '2018-10-16 13:26:50', 1, 1),
(1880, 98, 1880, 'North Eastern', '', 1, '2018-10-16 13:26:50', '2018-10-16 13:26:50', 1, 1),
(1881, 98, 1881, 'Nyanza', '', 1, '2018-10-16 13:26:50', '2018-10-16 13:26:50', 1, 1),
(1882, 98, 1882, 'Rift Valley', '', 1, '2018-10-16 13:26:50', '2018-10-16 13:26:50', 1, 1),
(1883, 98, 1883, 'Western', '', 1, '2018-10-16 13:26:50', '2018-10-16 13:26:50', 1, 1),
(1884, 99, 1884, 'Abaiang', '', 1, '2018-10-16 13:26:50', '2018-10-16 13:26:50', 1, 1),
(1885, 99, 1885, 'Abemana', '', 1, '2018-10-16 13:26:51', '2018-10-16 13:26:51', 1, 1),
(1886, 99, 1886, 'Aranuka', '', 1, '2018-10-16 13:26:51', '2018-10-16 13:26:51', 1, 1),
(1887, 99, 1887, 'Arorae', '', 1, '2018-10-16 13:26:51', '2018-10-16 13:26:51', 1, 1),
(1888, 99, 1888, 'Banaba', '', 1, '2018-10-16 13:26:51', '2018-10-16 13:26:51', 1, 1),
(1889, 99, 1889, 'Beru', '', 1, '2018-10-16 13:26:51', '2018-10-16 13:26:51', 1, 1),
(1890, 99, 1890, 'Butaritari', '', 1, '2018-10-16 13:26:51', '2018-10-16 13:26:51', 1, 1),
(1891, 99, 1891, 'Kiritimati', '', 1, '2018-10-16 13:26:51', '2018-10-16 13:26:51', 1, 1),
(1892, 99, 1892, 'Kuria', '', 1, '2018-10-16 13:26:51', '2018-10-16 13:26:51', 1, 1),
(1893, 99, 1893, 'Maiana', '', 1, '2018-10-16 13:26:51', '2018-10-16 13:26:51', 1, 1),
(1894, 99, 1894, 'Makin', '', 1, '2018-10-16 13:26:51', '2018-10-16 13:26:51', 1, 1),
(1895, 99, 1895, 'Marakei', '', 1, '2018-10-16 13:26:51', '2018-10-16 13:26:51', 1, 1),
(1896, 99, 1896, 'Nikunau', '', 1, '2018-10-16 13:26:51', '2018-10-16 13:26:51', 1, 1),
(1897, 99, 1897, 'Nonouti', '', 1, '2018-10-16 13:26:51', '2018-10-16 13:26:51', 1, 1),
(1898, 99, 1898, 'Onotoa', '', 1, '2018-10-16 13:26:51', '2018-10-16 13:26:51', 1, 1),
(1899, 99, 1899, 'Phoenix Islands', '', 1, '2018-10-16 13:26:51', '2018-10-16 13:26:51', 1, 1),
(1900, 99, 1900, 'Tabiteuea North', '', 1, '2018-10-16 13:26:51', '2018-10-16 13:26:51', 1, 1),
(1901, 99, 1901, 'Tabiteuea South', '', 1, '2018-10-16 13:26:51', '2018-10-16 13:26:51', 1, 1),
(1902, 99, 1902, 'Tabuaeran', '', 1, '2018-10-16 13:26:51', '2018-10-16 13:26:51', 1, 1),
(1903, 99, 1903, 'Tamana', '', 1, '2018-10-16 13:26:51', '2018-10-16 13:26:51', 1, 1),
(1904, 99, 1904, 'Tarawa North', '', 1, '2018-10-16 13:26:51', '2018-10-16 13:26:51', 1, 1),
(1905, 99, 1905, 'Tarawa South', '', 1, '2018-10-16 13:26:51', '2018-10-16 13:26:51', 1, 1),
(1906, 99, 1906, 'Teraina', '', 1, '2018-10-16 13:26:51', '2018-10-16 13:26:51', 1, 1),
(1907, 100, 1907, 'Al Asimah', '', 1, '2018-10-16 13:26:51', '2018-10-16 13:26:51', 1, 1),
(1908, 100, 1908, 'Hawalli', '', 1, '2018-10-16 13:26:51', '2018-10-16 13:26:51', 1, 1),
(1909, 100, 1909, 'Mishref', '', 1, '2018-10-16 13:26:51', '2018-10-16 13:26:51', 1, 1),
(1910, 100, 1910, 'Qadesiya', '', 1, '2018-10-16 13:26:52', '2018-10-16 13:26:52', 1, 1),
(1911, 100, 1911, 'Safat', '', 1, '2018-10-16 13:26:52', '2018-10-16 13:26:52', 1, 1),
(1912, 100, 1912, 'Salmiya', '', 1, '2018-10-16 13:26:52', '2018-10-16 13:26:52', 1, 1),
(1913, 100, 1913, 'al-Ahmadi', '', 1, '2018-10-16 13:26:52', '2018-10-16 13:26:52', 1, 1),
(1914, 100, 1914, 'al-Farwaniyah', '', 1, '2018-10-16 13:26:52', '2018-10-16 13:26:52', 1, 1),
(1915, 100, 1915, 'al-Jahra', '', 1, '2018-10-16 13:26:52', '2018-10-16 13:26:52', 1, 1),
(1916, 100, 1916, 'al-Kuwayt', '', 1, '2018-10-16 13:26:52', '2018-10-16 13:26:52', 1, 1),
(1917, 101, 1917, 'Batken', '', 1, '2018-10-16 13:26:52', '2018-10-16 13:26:52', 1, 1),
(1918, 101, 1918, 'Bishkek', '', 1, '2018-10-16 13:26:52', '2018-10-16 13:26:52', 1, 1),
(1919, 101, 1919, 'Chui', '', 1, '2018-10-16 13:26:52', '2018-10-16 13:26:52', 1, 1),
(1920, 101, 1920, 'Issyk-Kul', '', 1, '2018-10-16 13:26:52', '2018-10-16 13:26:52', 1, 1),
(1921, 101, 1921, 'Jalal-Abad', '', 1, '2018-10-16 13:26:52', '2018-10-16 13:26:52', 1, 1),
(1922, 101, 1922, 'Naryn', '', 1, '2018-10-16 13:26:52', '2018-10-16 13:26:52', 1, 1),
(1923, 101, 1923, 'Osh', '', 1, '2018-10-16 13:26:52', '2018-10-16 13:26:52', 1, 1),
(1924, 101, 1924, 'Talas', '', 1, '2018-10-16 13:26:52', '2018-10-16 13:26:52', 1, 1),
(1925, 102, 1925, 'Aizkraukles', '', 1, '2018-10-16 13:26:52', '2018-10-16 13:26:52', 1, 1),
(1926, 102, 1926, 'Aluksnes', '', 1, '2018-10-16 13:26:52', '2018-10-16 13:26:52', 1, 1),
(1927, 102, 1927, 'Balvu', '', 1, '2018-10-16 13:26:52', '2018-10-16 13:26:52', 1, 1),
(1928, 102, 1928, 'Bauskas', '', 1, '2018-10-16 13:26:52', '2018-10-16 13:26:52', 1, 1),
(1929, 102, 1929, 'Cesu', '', 1, '2018-10-16 13:26:52', '2018-10-16 13:26:52', 1, 1),
(1930, 102, 1930, 'Daugavpils', '', 1, '2018-10-16 13:26:52', '2018-10-16 13:26:52', 1, 1),
(1931, 102, 1931, 'Daugavpils City', '', 1, '2018-10-16 13:26:52', '2018-10-16 13:26:52', 1, 1),
(1932, 102, 1932, 'Dobeles', '', 1, '2018-10-16 13:26:52', '2018-10-16 13:26:52', 1, 1),
(1933, 102, 1933, 'Gulbenes', '', 1, '2018-10-16 13:26:52', '2018-10-16 13:26:52', 1, 1),
(1934, 102, 1934, 'Jekabspils', '', 1, '2018-10-16 13:26:52', '2018-10-16 13:26:52', 1, 1),
(1935, 102, 1935, 'Jelgava', '', 1, '2018-10-16 13:26:52', '2018-10-16 13:26:52', 1, 1),
(1936, 102, 1936, 'Jelgavas', '', 1, '2018-10-16 13:26:52', '2018-10-16 13:26:52', 1, 1),
(1937, 102, 1937, 'Jurmala City', '', 1, '2018-10-16 13:26:53', '2018-10-16 13:26:53', 1, 1),
(1938, 102, 1938, 'Kraslavas', '', 1, '2018-10-16 13:26:53', '2018-10-16 13:26:53', 1, 1),
(1939, 102, 1939, 'Kuldigas', '', 1, '2018-10-16 13:26:53', '2018-10-16 13:26:53', 1, 1),
(1940, 102, 1940, 'Liepaja', '', 1, '2018-10-16 13:26:53', '2018-10-16 13:26:53', 1, 1),
(1941, 102, 1941, 'Liepajas', '', 1, '2018-10-16 13:26:53', '2018-10-16 13:26:53', 1, 1),
(1942, 102, 1942, 'Limbazhu', '', 1, '2018-10-16 13:26:53', '2018-10-16 13:26:53', 1, 1),
(1943, 102, 1943, 'Ludzas', '', 1, '2018-10-16 13:26:53', '2018-10-16 13:26:53', 1, 1),
(1944, 102, 1944, 'Madonas', '', 1, '2018-10-16 13:26:53', '2018-10-16 13:26:53', 1, 1),
(1945, 102, 1945, 'Ogres', '', 1, '2018-10-16 13:26:53', '2018-10-16 13:26:53', 1, 1),
(1946, 102, 1946, 'Preilu', '', 1, '2018-10-16 13:26:53', '2018-10-16 13:26:53', 1, 1),
(1947, 102, 1947, 'Rezekne', '', 1, '2018-10-16 13:26:53', '2018-10-16 13:26:53', 1, 1),
(1948, 102, 1948, 'Rezeknes', '', 1, '2018-10-16 13:26:53', '2018-10-16 13:26:53', 1, 1),
(1949, 102, 1949, 'Riga', '', 1, '2018-10-16 13:26:53', '2018-10-16 13:26:53', 1, 1),
(1950, 102, 1950, 'Rigas', '', 1, '2018-10-16 13:26:53', '2018-10-16 13:26:53', 1, 1),
(1951, 102, 1951, 'Saldus', '', 1, '2018-10-16 13:26:53', '2018-10-16 13:26:53', 1, 1),
(1952, 102, 1952, 'Talsu', '', 1, '2018-10-16 13:26:53', '2018-10-16 13:26:53', 1, 1),
(1953, 102, 1953, 'Tukuma', '', 1, '2018-10-16 13:26:53', '2018-10-16 13:26:53', 1, 1),
(1954, 102, 1954, 'Valkas', '', 1, '2018-10-16 13:26:53', '2018-10-16 13:26:53', 1, 1),
(1955, 102, 1955, 'Valmieras', '', 1, '2018-10-16 13:26:54', '2018-10-16 13:26:54', 1, 1),
(1956, 102, 1956, 'Ventspils', '', 1, '2018-10-16 13:26:54', '2018-10-16 13:26:54', 1, 1),
(1957, 102, 1957, 'Ventspils City', '', 1, '2018-10-16 13:26:54', '2018-10-16 13:26:54', 1, 1),
(1958, 103, 1958, 'Beirut', '', 1, '2018-10-16 13:26:54', '2018-10-16 13:26:54', 1, 1),
(1959, 103, 1959, 'Jabal Lubnan', '', 1, '2018-10-16 13:26:54', '2018-10-16 13:26:54', 1, 1),
(1960, 103, 1960, 'Mohafazat Liban-Nord', '', 1, '2018-10-16 13:26:54', '2018-10-16 13:26:54', 1, 1),
(1961, 103, 1961, 'Mohafazat Mont-Liban', '', 1, '2018-10-16 13:26:54', '2018-10-16 13:26:54', 1, 1),
(1962, 103, 1962, 'Sidon', '', 1, '2018-10-16 13:26:54', '2018-10-16 13:26:54', 1, 1),
(1963, 103, 1963, 'al-Biqa', '', 1, '2018-10-16 13:26:54', '2018-10-16 13:26:54', 1, 1),
(1964, 103, 1964, 'al-Janub', '', 1, '2018-10-16 13:26:54', '2018-10-16 13:26:54', 1, 1),
(1965, 103, 1965, 'an-Nabatiyah', '', 1, '2018-10-16 13:26:54', '2018-10-16 13:26:54', 1, 1),
(1966, 103, 1966, 'ash-Shamal', '', 1, '2018-10-16 13:26:54', '2018-10-16 13:26:54', 1, 1),
(1967, 104, 1967, 'Berea', '', 1, '2018-10-16 13:26:54', '2018-10-16 13:26:54', 1, 1),
(1968, 104, 1968, 'Butha-Buthe', '', 1, '2018-10-16 13:26:54', '2018-10-16 13:26:54', 1, 1),
(1969, 104, 1969, 'Leribe', '', 1, '2018-10-16 13:26:54', '2018-10-16 13:26:54', 1, 1),
(1970, 104, 1970, 'Mafeteng', '', 1, '2018-10-16 13:26:54', '2018-10-16 13:26:54', 1, 1),
(1971, 104, 1971, 'Maseru', '', 1, '2018-10-16 13:26:54', '2018-10-16 13:26:54', 1, 1),
(1972, 104, 1972, 'Mohale\'s Hoek', '', 1, '2018-10-16 13:26:54', '2018-10-16 13:26:54', 1, 1),
(1973, 104, 1973, 'Mokhotlong', '', 1, '2018-10-16 13:26:54', '2018-10-16 13:26:54', 1, 1),
(1974, 104, 1974, 'Qacha\'s Nek', '', 1, '2018-10-16 13:26:54', '2018-10-16 13:26:54', 1, 1),
(1975, 104, 1975, 'Quthing', '', 1, '2018-10-16 13:26:54', '2018-10-16 13:26:54', 1, 1),
(1976, 104, 1976, 'Thaba-Tseka', '', 1, '2018-10-16 13:26:54', '2018-10-16 13:26:54', 1, 1),
(1977, 105, 1977, 'Bomi', '', 1, '2018-10-16 13:26:55', '2018-10-16 13:26:55', 1, 1),
(1978, 105, 1978, 'Bong', '', 1, '2018-10-16 13:26:55', '2018-10-16 13:26:55', 1, 1),
(1979, 105, 1979, 'Grand Bassa', '', 1, '2018-10-16 13:26:55', '2018-10-16 13:26:55', 1, 1),
(1980, 105, 1980, 'Grand Cape Mount', '', 1, '2018-10-16 13:26:55', '2018-10-16 13:26:55', 1, 1),
(1981, 105, 1981, 'Grand Gedeh', '', 1, '2018-10-16 13:26:55', '2018-10-16 13:26:55', 1, 1),
(1982, 105, 1982, 'Loffa', '', 1, '2018-10-16 13:26:55', '2018-10-16 13:26:55', 1, 1),
(1983, 105, 1983, 'Margibi', '', 1, '2018-10-16 13:26:55', '2018-10-16 13:26:55', 1, 1),
(1984, 105, 1984, 'Maryland and Grand Kru', '', 1, '2018-10-16 13:26:55', '2018-10-16 13:26:55', 1, 1),
(1985, 105, 1985, 'Montserrado', '', 1, '2018-10-16 13:26:55', '2018-10-16 13:26:55', 1, 1),
(1986, 105, 1986, 'Nimba', '', 1, '2018-10-16 13:26:55', '2018-10-16 13:26:55', 1, 1),
(1987, 105, 1987, 'Rivercess', '', 1, '2018-10-16 13:26:55', '2018-10-16 13:26:55', 1, 1),
(1988, 105, 1988, 'Sinoe', '', 1, '2018-10-16 13:26:55', '2018-10-16 13:26:55', 1, 1),
(1989, 106, 1989, 'Balzers', '', 1, '2018-10-16 13:26:55', '2018-10-16 13:26:55', 1, 1),
(1990, 106, 1990, 'Eschen', '', 1, '2018-10-16 13:26:55', '2018-10-16 13:26:55', 1, 1),
(1991, 106, 1991, 'Gamprin', '', 1, '2018-10-16 13:26:55', '2018-10-16 13:26:55', 1, 1),
(1992, 106, 1992, 'Mauren', '', 1, '2018-10-16 13:26:55', '2018-10-16 13:26:55', 1, 1),
(1993, 106, 1993, 'Planken', '', 1, '2018-10-16 13:26:55', '2018-10-16 13:26:55', 1, 1),
(1994, 106, 1994, 'Ruggell', '', 1, '2018-10-16 13:26:55', '2018-10-16 13:26:55', 1, 1),
(1995, 106, 1995, 'Schaan', '', 1, '2018-10-16 13:26:55', '2018-10-16 13:26:55', 1, 1),
(1996, 106, 1996, 'Schellenberg', '', 1, '2018-10-16 13:26:55', '2018-10-16 13:26:55', 1, 1),
(1997, 106, 1997, 'Triesen', '', 1, '2018-10-16 13:26:55', '2018-10-16 13:26:55', 1, 1),
(1998, 106, 1998, 'Triesenberg', '', 1, '2018-10-16 13:26:55', '2018-10-16 13:26:55', 1, 1),
(1999, 106, 1999, 'Vaduz', '', 1, '2018-10-16 13:26:55', '2018-10-16 13:26:55', 1, 1),
(2000, 107, 2000, 'Alytaus', '', 1, '2018-10-16 13:26:55', '2018-10-16 13:26:55', 1, 1),
(2001, 107, 2001, 'Anyksciai', '', 1, '2018-10-16 13:26:56', '2018-10-16 13:26:56', 1, 1),
(2002, 107, 2002, 'Kauno', '', 1, '2018-10-16 13:26:56', '2018-10-16 13:26:56', 1, 1),
(2003, 107, 2003, 'Klaipedos', '', 1, '2018-10-16 13:26:56', '2018-10-16 13:26:56', 1, 1),
(2004, 107, 2004, 'Marijampoles', '', 1, '2018-10-16 13:26:56', '2018-10-16 13:26:56', 1, 1),
(2005, 107, 2005, 'Panevezhio', '', 1, '2018-10-16 13:26:56', '2018-10-16 13:26:56', 1, 1),
(2006, 107, 2006, 'Panevezys', '', 1, '2018-10-16 13:26:56', '2018-10-16 13:26:56', 1, 1),
(2007, 107, 2007, 'Shiauliu', '', 1, '2018-10-16 13:26:56', '2018-10-16 13:26:56', 1, 1),
(2008, 107, 2008, 'Taurages', '', 1, '2018-10-16 13:26:56', '2018-10-16 13:26:56', 1, 1),
(2009, 107, 2009, 'Telshiu', '', 1, '2018-10-16 13:26:56', '2018-10-16 13:26:56', 1, 1),
(2010, 107, 2010, 'Telsiai', '', 1, '2018-10-16 13:26:56', '2018-10-16 13:26:56', 1, 1),
(2011, 107, 2011, 'Utenos', '', 1, '2018-10-16 13:26:56', '2018-10-16 13:26:56', 1, 1),
(2012, 107, 2012, 'Vilniaus', '', 1, '2018-10-16 13:26:56', '2018-10-16 13:26:56', 1, 1),
(2013, 108, 2013, 'Capellen', '', 1, '2018-10-16 13:26:56', '2018-10-16 13:26:56', 1, 1),
(2014, 108, 2014, 'Clervaux', '', 1, '2018-10-16 13:26:56', '2018-10-16 13:26:56', 1, 1),
(2015, 108, 2015, 'Diekirch', '', 1, '2018-10-16 13:26:56', '2018-10-16 13:26:56', 1, 1),
(2016, 108, 2016, 'Echternach', '', 1, '2018-10-16 13:26:56', '2018-10-16 13:26:56', 1, 1),
(2017, 108, 2017, 'Esch-sur-Alzette', '', 1, '2018-10-16 13:26:56', '2018-10-16 13:26:56', 1, 1),
(2018, 108, 2018, 'Grevenmacher', '', 1, '2018-10-16 13:26:56', '2018-10-16 13:26:56', 1, 1),
(2019, 108, 2019, 'Luxembourg', '', 1, '2018-10-16 13:26:56', '2018-10-16 13:26:56', 1, 1),
(2020, 108, 2020, 'Mersch', '', 1, '2018-10-16 13:26:56', '2018-10-16 13:26:56', 1, 1),
(2021, 108, 2021, 'Redange', '', 1, '2018-10-16 13:26:56', '2018-10-16 13:26:56', 1, 1),
(2022, 108, 2022, 'Remich', '', 1, '2018-10-16 13:26:56', '2018-10-16 13:26:56', 1, 1),
(2023, 108, 2023, 'Vianden', '', 1, '2018-10-16 13:26:56', '2018-10-16 13:26:56', 1, 1),
(2024, 108, 2024, 'Wiltz', '', 1, '2018-10-16 13:26:57', '2018-10-16 13:26:57', 1, 1),
(2025, 109, 2025, 'Antananarivo', '', 1, '2018-10-16 13:26:57', '2018-10-16 13:26:57', 1, 1),
(2026, 109, 2026, 'Antsiranana', '', 1, '2018-10-16 13:26:57', '2018-10-16 13:26:57', 1, 1),
(2027, 109, 2027, 'Fianarantsoa', '', 1, '2018-10-16 13:26:57', '2018-10-16 13:26:57', 1, 1),
(2028, 109, 2028, 'Mahajanga', '', 1, '2018-10-16 13:26:57', '2018-10-16 13:26:57', 1, 1),
(2029, 109, 2029, 'Toamasina', '', 1, '2018-10-16 13:26:57', '2018-10-16 13:26:57', 1, 1),
(2030, 109, 2030, 'Toliary', '', 1, '2018-10-16 13:26:57', '2018-10-16 13:26:57', 1, 1),
(2031, 110, 2031, 'Balaka', '', 1, '2018-10-16 13:26:57', '2018-10-16 13:26:57', 1, 1),
(2032, 110, 2032, 'Blantyre City', '', 1, '2018-10-16 13:26:57', '2018-10-16 13:26:57', 1, 1),
(2033, 110, 2033, 'Chikwawa', '', 1, '2018-10-16 13:26:57', '2018-10-16 13:26:57', 1, 1),
(2034, 110, 2034, 'Chiradzulu', '', 1, '2018-10-16 13:26:57', '2018-10-16 13:26:57', 1, 1),
(2035, 110, 2035, 'Chitipa', '', 1, '2018-10-16 13:26:57', '2018-10-16 13:26:57', 1, 1),
(2036, 110, 2036, 'Dedza', '', 1, '2018-10-16 13:26:57', '2018-10-16 13:26:57', 1, 1),
(2037, 110, 2037, 'Dowa', '', 1, '2018-10-16 13:26:57', '2018-10-16 13:26:57', 1, 1),
(2038, 110, 2038, 'Karonga', '', 1, '2018-10-16 13:26:57', '2018-10-16 13:26:57', 1, 1),
(2039, 110, 2039, 'Kasungu', '', 1, '2018-10-16 13:26:57', '2018-10-16 13:26:57', 1, 1),
(2040, 110, 2040, 'Lilongwe City', '', 1, '2018-10-16 13:26:57', '2018-10-16 13:26:57', 1, 1),
(2041, 110, 2041, 'Machinga', '', 1, '2018-10-16 13:26:57', '2018-10-16 13:26:57', 1, 1),
(2042, 110, 2042, 'Mangochi', '', 1, '2018-10-16 13:26:57', '2018-10-16 13:26:57', 1, 1),
(2043, 110, 2043, 'Mchinji', '', 1, '2018-10-16 13:26:57', '2018-10-16 13:26:57', 1, 1),
(2044, 110, 2044, 'Mulanje', '', 1, '2018-10-16 13:26:57', '2018-10-16 13:26:57', 1, 1),
(2045, 110, 2045, 'Mwanza', '', 1, '2018-10-16 13:26:57', '2018-10-16 13:26:57', 1, 1),
(2046, 110, 2046, 'Mzimba', '', 1, '2018-10-16 13:26:57', '2018-10-16 13:26:57', 1, 1),
(2047, 110, 2047, 'Mzuzu City', '', 1, '2018-10-16 13:26:57', '2018-10-16 13:26:57', 1, 1),
(2048, 110, 2048, 'Nkhata Bay', '', 1, '2018-10-16 13:26:57', '2018-10-16 13:26:57', 1, 1),
(2049, 110, 2049, 'Nkhotakota', '', 1, '2018-10-16 13:26:58', '2018-10-16 13:26:58', 1, 1),
(2050, 110, 2050, 'Nsanje', '', 1, '2018-10-16 13:26:58', '2018-10-16 13:26:58', 1, 1),
(2051, 110, 2051, 'Ntcheu', '', 1, '2018-10-16 13:26:58', '2018-10-16 13:26:58', 1, 1),
(2052, 110, 2052, 'Ntchisi', '', 1, '2018-10-16 13:26:58', '2018-10-16 13:26:58', 1, 1),
(2053, 110, 2053, 'Phalombe', '', 1, '2018-10-16 13:26:58', '2018-10-16 13:26:58', 1, 1),
(2054, 110, 2054, 'Rumphi', '', 1, '2018-10-16 13:26:58', '2018-10-16 13:26:58', 1, 1),
(2055, 110, 2055, 'Salima', '', 1, '2018-10-16 13:26:58', '2018-10-16 13:26:58', 1, 1),
(2056, 110, 2056, 'Thyolo', '', 1, '2018-10-16 13:26:58', '2018-10-16 13:26:58', 1, 1),
(2057, 110, 2057, 'Zomba Municipality', '', 1, '2018-10-16 13:26:58', '2018-10-16 13:26:58', 1, 1),
(2058, 111, 2058, 'Johor', '', 1, '2018-10-16 13:26:58', '2018-10-16 13:26:58', 1, 1),
(2059, 111, 2059, 'Kedah', '', 1, '2018-10-16 13:26:58', '2018-10-16 13:26:58', 1, 1),
(2060, 111, 2060, 'Kelantan', '', 1, '2018-10-16 13:26:58', '2018-10-16 13:26:58', 1, 1),
(2061, 111, 2061, 'Kuala Lumpur', '', 1, '2018-10-16 13:26:58', '2018-10-16 13:26:58', 1, 1),
(2062, 111, 2062, 'Labuan', '', 1, '2018-10-16 13:26:58', '2018-10-16 13:26:58', 1, 1),
(2063, 111, 2063, 'Melaka', '', 1, '2018-10-16 13:26:58', '2018-10-16 13:26:58', 1, 1),
(2064, 111, 2064, 'Negeri Johor', '', 1, '2018-10-16 13:26:58', '2018-10-16 13:26:58', 1, 1),
(2065, 111, 2065, 'Negeri Sembilan', '', 1, '2018-10-16 13:26:58', '2018-10-16 13:26:58', 1, 1),
(2066, 111, 2066, 'Pahang', '', 1, '2018-10-16 13:26:58', '2018-10-16 13:26:58', 1, 1),
(2067, 111, 2067, 'Penang', '', 1, '2018-10-16 13:26:58', '2018-10-16 13:26:58', 1, 1),
(2068, 111, 2068, 'Perak', '', 1, '2018-10-16 13:26:58', '2018-10-16 13:26:58', 1, 1),
(2069, 111, 2069, 'Perlis', '', 1, '2018-10-16 13:26:58', '2018-10-16 13:26:58', 1, 1),
(2070, 111, 2070, 'Pulau Pinang', '', 1, '2018-10-16 13:26:59', '2018-10-16 13:26:59', 1, 1),
(2071, 111, 2071, 'Sabah', '', 1, '2018-10-16 13:26:59', '2018-10-16 13:26:59', 1, 1),
(2072, 111, 2072, 'Sarawak', '', 1, '2018-10-16 13:26:59', '2018-10-16 13:26:59', 1, 1),
(2073, 111, 2073, 'Selangor', '', 1, '2018-10-16 13:26:59', '2018-10-16 13:26:59', 1, 1),
(2074, 111, 2074, 'Sembilan', '', 1, '2018-10-16 13:26:59', '2018-10-16 13:26:59', 1, 1),
(2075, 111, 2075, 'Terengganu', '', 1, '2018-10-16 13:26:59', '2018-10-16 13:26:59', 1, 1),
(2076, 112, 2076, 'Alif Alif', '', 1, '2018-10-16 13:26:59', '2018-10-16 13:26:59', 1, 1),
(2077, 112, 2077, 'Alif Dhaal', '', 1, '2018-10-16 13:26:59', '2018-10-16 13:26:59', 1, 1),
(2078, 112, 2078, 'Baa', '', 1, '2018-10-16 13:26:59', '2018-10-16 13:26:59', 1, 1),
(2079, 112, 2079, 'Dhaal', '', 1, '2018-10-16 13:26:59', '2018-10-16 13:26:59', 1, 1),
(2080, 112, 2080, 'Faaf', '', 1, '2018-10-16 13:26:59', '2018-10-16 13:26:59', 1, 1),
(2081, 112, 2081, 'Gaaf Alif', '', 1, '2018-10-16 13:26:59', '2018-10-16 13:26:59', 1, 1),
(2082, 112, 2082, 'Gaaf Dhaal', '', 1, '2018-10-16 13:26:59', '2018-10-16 13:26:59', 1, 1),
(2083, 112, 2083, 'Ghaviyani', '', 1, '2018-10-16 13:26:59', '2018-10-16 13:26:59', 1, 1),
(2084, 112, 2084, 'Haa Alif', '', 1, '2018-10-16 13:26:59', '2018-10-16 13:26:59', 1, 1),
(2085, 112, 2085, 'Haa Dhaal', '', 1, '2018-10-16 13:26:59', '2018-10-16 13:26:59', 1, 1),
(2086, 112, 2086, 'Kaaf', '', 1, '2018-10-16 13:26:59', '2018-10-16 13:26:59', 1, 1),
(2087, 112, 2087, 'Laam', '', 1, '2018-10-16 13:26:59', '2018-10-16 13:26:59', 1, 1),
(2088, 112, 2088, 'Lhaviyani', '', 1, '2018-10-16 13:26:59', '2018-10-16 13:26:59', 1, 1),
(2089, 112, 2089, 'Male', '', 1, '2018-10-16 13:26:59', '2018-10-16 13:26:59', 1, 1),
(2090, 112, 2090, 'Miim', '', 1, '2018-10-16 13:26:59', '2018-10-16 13:26:59', 1, 1),
(2091, 112, 2091, 'Nuun', '', 1, '2018-10-16 13:27:00', '2018-10-16 13:27:00', 1, 1),
(2092, 112, 2092, 'Raa', '', 1, '2018-10-16 13:27:00', '2018-10-16 13:27:00', 1, 1),
(2093, 112, 2093, 'Shaviyani', '', 1, '2018-10-16 13:27:00', '2018-10-16 13:27:00', 1, 1),
(2094, 112, 2094, 'Siin', '', 1, '2018-10-16 13:27:00', '2018-10-16 13:27:00', 1, 1),
(2095, 112, 2095, 'Thaa', '', 1, '2018-10-16 13:27:00', '2018-10-16 13:27:00', 1, 1),
(2096, 112, 2096, 'Vaav', '', 1, '2018-10-16 13:27:00', '2018-10-16 13:27:00', 1, 1),
(2097, 113, 2097, 'Bamako', '', 1, '2018-10-16 13:27:00', '2018-10-16 13:27:00', 1, 1),
(2098, 113, 2098, 'Gao', '', 1, '2018-10-16 13:27:00', '2018-10-16 13:27:00', 1, 1),
(2099, 113, 2099, 'Kayes', '', 1, '2018-10-16 13:27:00', '2018-10-16 13:27:00', 1, 1),
(2100, 113, 2100, 'Kidal', '', 1, '2018-10-16 13:27:00', '2018-10-16 13:27:00', 1, 1),
(2101, 113, 2101, 'Koulikoro', '', 1, '2018-10-16 13:27:00', '2018-10-16 13:27:00', 1, 1),
(2102, 113, 2102, 'Mopti', '', 1, '2018-10-16 13:27:00', '2018-10-16 13:27:00', 1, 1),
(2103, 113, 2103, 'Segou', '', 1, '2018-10-16 13:27:00', '2018-10-16 13:27:00', 1, 1),
(2104, 113, 2104, 'Sikasso', '', 1, '2018-10-16 13:27:00', '2018-10-16 13:27:00', 1, 1),
(2105, 113, 2105, 'Tombouctou', '', 1, '2018-10-16 13:27:00', '2018-10-16 13:27:00', 1, 1),
(2106, 114, 2106, 'Gozo and Comino', '', 1, '2018-10-16 13:27:00', '2018-10-16 13:27:00', 1, 1),
(2107, 114, 2107, 'Inner Harbour', '', 1, '2018-10-16 13:27:00', '2018-10-16 13:27:00', 1, 1),
(2108, 114, 2108, 'Northern', '', 1, '2018-10-16 13:27:00', '2018-10-16 13:27:00', 1, 1),
(2109, 114, 2109, 'Outer Harbour', '', 1, '2018-10-16 13:27:00', '2018-10-16 13:27:00', 1, 1),
(2110, 114, 2110, 'South Eastern', '', 1, '2018-10-16 13:27:00', '2018-10-16 13:27:00', 1, 1),
(2111, 114, 2111, 'Valletta', '', 1, '2018-10-16 13:27:00', '2018-10-16 13:27:00', 1, 1),
(2112, 114, 2112, 'Western', '', 1, '2018-10-16 13:27:00', '2018-10-16 13:27:00', 1, 1),
(2113, 115, 2113, 'Ailinlaplap', '', 1, '2018-10-16 13:27:01', '2018-10-16 13:27:01', 1, 1),
(2114, 115, 2114, 'Ailuk', '', 1, '2018-10-16 13:27:01', '2018-10-16 13:27:01', 1, 1),
(2115, 115, 2115, 'Arno', '', 1, '2018-10-16 13:27:01', '2018-10-16 13:27:01', 1, 1),
(2116, 115, 2116, 'Aur', '', 1, '2018-10-16 13:27:01', '2018-10-16 13:27:01', 1, 1),
(2117, 115, 2117, 'Bikini', '', 1, '2018-10-16 13:27:01', '2018-10-16 13:27:01', 1, 1),
(2118, 115, 2118, 'Ebon', '', 1, '2018-10-16 13:27:01', '2018-10-16 13:27:01', 1, 1),
(2119, 115, 2119, 'Enewetak', '', 1, '2018-10-16 13:27:01', '2018-10-16 13:27:01', 1, 1),
(2120, 115, 2120, 'Jabat', '', 1, '2018-10-16 13:27:01', '2018-10-16 13:27:01', 1, 1),
(2121, 115, 2121, 'Jaluit', '', 1, '2018-10-16 13:27:01', '2018-10-16 13:27:01', 1, 1),
(2122, 115, 2122, 'Kili', '', 1, '2018-10-16 13:27:01', '2018-10-16 13:27:01', 1, 1),
(2123, 115, 2123, 'Kwajalein', '', 1, '2018-10-16 13:27:01', '2018-10-16 13:27:01', 1, 1),
(2124, 115, 2124, 'Lae', '', 1, '2018-10-16 13:27:01', '2018-10-16 13:27:01', 1, 1),
(2125, 115, 2125, 'Lib', '', 1, '2018-10-16 13:27:01', '2018-10-16 13:27:01', 1, 1),
(2126, 115, 2126, 'Likiep', '', 1, '2018-10-16 13:27:01', '2018-10-16 13:27:01', 1, 1),
(2127, 115, 2127, 'Majuro', '', 1, '2018-10-16 13:27:01', '2018-10-16 13:27:01', 1, 1),
(2128, 115, 2128, 'Maloelap', '', 1, '2018-10-16 13:27:01', '2018-10-16 13:27:01', 1, 1),
(2129, 115, 2129, 'Mejit', '', 1, '2018-10-16 13:27:01', '2018-10-16 13:27:01', 1, 1),
(2130, 115, 2130, 'Mili', '', 1, '2018-10-16 13:27:01', '2018-10-16 13:27:01', 1, 1),
(2131, 115, 2131, 'Namorik', '', 1, '2018-10-16 13:27:01', '2018-10-16 13:27:01', 1, 1),
(2132, 115, 2132, 'Namu', '', 1, '2018-10-16 13:27:01', '2018-10-16 13:27:01', 1, 1),
(2133, 115, 2133, 'Rongelap', '', 1, '2018-10-16 13:27:02', '2018-10-16 13:27:02', 1, 1),
(2134, 115, 2134, 'Ujae', '', 1, '2018-10-16 13:27:02', '2018-10-16 13:27:02', 1, 1),
(2135, 115, 2135, 'Utrik', '', 1, '2018-10-16 13:27:02', '2018-10-16 13:27:02', 1, 1),
(2136, 115, 2136, 'Wotho', '', 1, '2018-10-16 13:27:02', '2018-10-16 13:27:02', 1, 1),
(2137, 115, 2137, 'Wotje', '', 1, '2018-10-16 13:27:02', '2018-10-16 13:27:02', 1, 1),
(2138, 116, 2138, 'Fort-de-France', '', 1, '2018-10-16 13:27:02', '2018-10-16 13:27:02', 1, 1),
(2139, 116, 2139, 'La Trinite', '', 1, '2018-10-16 13:27:02', '2018-10-16 13:27:02', 1, 1),
(2140, 116, 2140, 'Le Marin', '', 1, '2018-10-16 13:27:02', '2018-10-16 13:27:02', 1, 1),
(2141, 116, 2141, 'Saint-Pierre', '', 1, '2018-10-16 13:27:02', '2018-10-16 13:27:02', 1, 1),
(2142, 117, 2142, 'Adrar', '', 1, '2018-10-16 13:27:02', '2018-10-16 13:27:02', 1, 1),
(2143, 117, 2143, 'Assaba', '', 1, '2018-10-16 13:27:02', '2018-10-16 13:27:02', 1, 1),
(2144, 117, 2144, 'Brakna', '', 1, '2018-10-16 13:27:02', '2018-10-16 13:27:02', 1, 1),
(2145, 117, 2145, 'Dhakhlat Nawadibu', '', 1, '2018-10-16 13:27:02', '2018-10-16 13:27:02', 1, 1),
(2146, 117, 2146, 'Hudh-al-Gharbi', '', 1, '2018-10-16 13:27:02', '2018-10-16 13:27:02', 1, 1),
(2147, 117, 2147, 'Hudh-ash-Sharqi', '', 1, '2018-10-16 13:27:02', '2018-10-16 13:27:02', 1, 1),
(2148, 117, 2148, 'Inshiri', '', 1, '2018-10-16 13:27:02', '2018-10-16 13:27:02', 1, 1),
(2149, 117, 2149, 'Nawakshut', '', 1, '2018-10-16 13:27:02', '2018-10-16 13:27:02', 1, 1),
(2150, 117, 2150, 'Qidimagha', '', 1, '2018-10-16 13:27:02', '2018-10-16 13:27:02', 1, 1),
(2151, 117, 2151, 'Qurqul', '', 1, '2018-10-16 13:27:02', '2018-10-16 13:27:02', 1, 1),
(2152, 117, 2152, 'Taqant', '', 1, '2018-10-16 13:27:02', '2018-10-16 13:27:02', 1, 1),
(2153, 117, 2153, 'Tiris Zammur', '', 1, '2018-10-16 13:27:02', '2018-10-16 13:27:02', 1, 1),
(2154, 117, 2154, 'Trarza', '', 1, '2018-10-16 13:27:02', '2018-10-16 13:27:02', 1, 1),
(2155, 118, 2155, 'Black River', '', 1, '2018-10-16 13:27:02', '2018-10-16 13:27:02', 1, 1),
(2156, 118, 2156, 'Eau Coulee', '', 1, '2018-10-16 13:27:02', '2018-10-16 13:27:02', 1, 1),
(2157, 118, 2157, 'Flacq', '', 1, '2018-10-16 13:27:02', '2018-10-16 13:27:02', 1, 1),
(2158, 118, 2158, 'Floreal', '', 1, '2018-10-16 13:27:03', '2018-10-16 13:27:03', 1, 1),
(2159, 118, 2159, 'Grand Port', '', 1, '2018-10-16 13:27:03', '2018-10-16 13:27:03', 1, 1),
(2160, 118, 2160, 'Moka', '', 1, '2018-10-16 13:27:03', '2018-10-16 13:27:03', 1, 1),
(2161, 118, 2161, 'Pamplempousses', '', 1, '2018-10-16 13:27:03', '2018-10-16 13:27:03', 1, 1),
(2162, 118, 2162, 'Plaines Wilhelm', '', 1, '2018-10-16 13:27:03', '2018-10-16 13:27:03', 1, 1),
(2163, 118, 2163, 'Port Louis', '', 1, '2018-10-16 13:27:03', '2018-10-16 13:27:03', 1, 1),
(2164, 118, 2164, 'Riviere du Rempart', '', 1, '2018-10-16 13:27:03', '2018-10-16 13:27:03', 1, 1),
(2165, 118, 2165, 'Rodrigues', '', 1, '2018-10-16 13:27:03', '2018-10-16 13:27:03', 1, 1),
(2166, 118, 2166, 'Rose Hill', '', 1, '2018-10-16 13:27:03', '2018-10-16 13:27:03', 1, 1),
(2167, 118, 2167, 'Savanne', '', 1, '2018-10-16 13:27:03', '2018-10-16 13:27:03', 1, 1),
(2168, 119, 2168, 'Mayotte', '', 1, '2018-10-16 13:27:03', '2018-10-16 13:27:03', 1, 1),
(2169, 119, 2169, 'Pamanzi', '', 1, '2018-10-16 13:27:03', '2018-10-16 13:27:03', 1, 1),
(2170, 120, 2170, 'Aguascalientes', '', 1, '2018-10-16 13:27:03', '2018-10-16 13:27:03', 1, 1),
(2171, 120, 2171, 'Baja California', '', 1, '2018-10-16 13:27:03', '2018-10-16 13:27:03', 1, 1),
(2172, 120, 2172, 'Baja California Sur', '', 1, '2018-10-16 13:27:03', '2018-10-16 13:27:03', 1, 1),
(2173, 120, 2173, 'Campeche', '', 1, '2018-10-16 13:27:03', '2018-10-16 13:27:03', 1, 1),
(2174, 120, 2174, 'Chiapas', '', 1, '2018-10-16 13:27:04', '2018-10-16 13:27:04', 1, 1),
(2175, 120, 2175, 'Chihuahua', '', 1, '2018-10-16 13:27:04', '2018-10-16 13:27:04', 1, 1),
(2176, 120, 2176, 'Coahuila', '', 1, '2018-10-16 13:27:04', '2018-10-16 13:27:04', 1, 1),
(2177, 120, 2177, 'Colima', '', 1, '2018-10-16 13:27:04', '2018-10-16 13:27:04', 1, 1),
(2178, 120, 2178, 'Distrito Federal', '', 1, '2018-10-16 13:27:04', '2018-10-16 13:27:04', 1, 1),
(2179, 120, 2179, 'Durango', '', 1, '2018-10-16 13:27:04', '2018-10-16 13:27:04', 1, 1),
(2180, 120, 2180, 'Estado de Mexico', '', 1, '2018-10-16 13:27:04', '2018-10-16 13:27:04', 1, 1),
(2181, 120, 2181, 'Guanajuato', '', 1, '2018-10-16 13:27:04', '2018-10-16 13:27:04', 1, 1),
(2182, 120, 2182, 'Guerrero', '', 1, '2018-10-16 13:27:04', '2018-10-16 13:27:04', 1, 1),
(2183, 120, 2183, 'Hidalgo', '', 1, '2018-10-16 13:27:04', '2018-10-16 13:27:04', 1, 1),
(2184, 120, 2184, 'Jalisco', '', 1, '2018-10-16 13:27:04', '2018-10-16 13:27:04', 1, 1),
(2185, 120, 2185, 'Mexico', '', 1, '2018-10-16 13:27:04', '2018-10-16 13:27:04', 1, 1),
(2186, 120, 2186, 'Michoacan', '', 1, '2018-10-16 13:27:04', '2018-10-16 13:27:04', 1, 1),
(2187, 120, 2187, 'Morelos', '', 1, '2018-10-16 13:27:04', '2018-10-16 13:27:04', 1, 1),
(2188, 120, 2188, 'Nayarit', '', 1, '2018-10-16 13:27:04', '2018-10-16 13:27:04', 1, 1),
(2189, 120, 2189, 'Nuevo Leon', '', 1, '2018-10-16 13:27:04', '2018-10-16 13:27:04', 1, 1),
(2190, 120, 2190, 'Oaxaca', '', 1, '2018-10-16 13:27:04', '2018-10-16 13:27:04', 1, 1),
(2191, 120, 2191, 'Puebla', '', 1, '2018-10-16 13:27:04', '2018-10-16 13:27:04', 1, 1),
(2192, 120, 2192, 'Queretaro', '', 1, '2018-10-16 13:27:04', '2018-10-16 13:27:04', 1, 1),
(2193, 120, 2193, 'Quintana Roo', '', 1, '2018-10-16 13:27:04', '2018-10-16 13:27:04', 1, 1),
(2194, 120, 2194, 'San Luis Potosi', '', 1, '2018-10-16 13:27:04', '2018-10-16 13:27:04', 1, 1),
(2195, 120, 2195, 'Sinaloa', '', 1, '2018-10-16 13:27:04', '2018-10-16 13:27:04', 1, 1),
(2196, 120, 2196, 'Sonora', '', 1, '2018-10-16 13:27:05', '2018-10-16 13:27:05', 1, 1),
(2197, 120, 2197, 'Tabasco', '', 1, '2018-10-16 13:27:05', '2018-10-16 13:27:05', 1, 1),
(2198, 120, 2198, 'Tamaulipas', '', 1, '2018-10-16 13:27:05', '2018-10-16 13:27:05', 1, 1),
(2199, 120, 2199, 'Tlaxcala', '', 1, '2018-10-16 13:27:05', '2018-10-16 13:27:05', 1, 1),
(2200, 120, 2200, 'Veracruz', '', 1, '2018-10-16 13:27:05', '2018-10-16 13:27:05', 1, 1),
(2201, 120, 2201, 'Yucatan', '', 1, '2018-10-16 13:27:05', '2018-10-16 13:27:05', 1, 1),
(2202, 120, 2202, 'Zacatecas', '', 1, '2018-10-16 13:27:05', '2018-10-16 13:27:05', 1, 1),
(2203, 121, 2203, 'Fontvieille', '', 1, '2018-10-16 13:27:05', '2018-10-16 13:27:05', 1, 1),
(2204, 121, 2204, 'La Condamine', '', 1, '2018-10-16 13:27:05', '2018-10-16 13:27:05', 1, 1),
(2205, 121, 2205, 'Monaco-Ville', '', 1, '2018-10-16 13:27:05', '2018-10-16 13:27:05', 1, 1),
(2206, 121, 2206, 'Monte Carlo', '', 1, '2018-10-16 13:27:05', '2018-10-16 13:27:05', 1, 1),
(2207, 122, 2207, 'Arhangaj', '', 1, '2018-10-16 13:27:05', '2018-10-16 13:27:05', 1, 1),
(2208, 122, 2208, 'Bajan-Olgij', '', 1, '2018-10-16 13:27:05', '2018-10-16 13:27:05', 1, 1),
(2209, 122, 2209, 'Bajanhongor', '', 1, '2018-10-16 13:27:05', '2018-10-16 13:27:05', 1, 1),
(2210, 122, 2210, 'Bulgan', '', 1, '2018-10-16 13:27:05', '2018-10-16 13:27:05', 1, 1),
(2211, 122, 2211, 'Darhan-Uul', '', 1, '2018-10-16 13:27:05', '2018-10-16 13:27:05', 1, 1),
(2212, 122, 2212, 'Dornod', '', 1, '2018-10-16 13:27:05', '2018-10-16 13:27:05', 1, 1),
(2213, 122, 2213, 'Dornogovi', '', 1, '2018-10-16 13:27:05', '2018-10-16 13:27:05', 1, 1),
(2214, 122, 2214, 'Dundgovi', '', 1, '2018-10-16 13:27:05', '2018-10-16 13:27:05', 1, 1),
(2215, 122, 2215, 'Govi-Altaj', '', 1, '2018-10-16 13:27:05', '2018-10-16 13:27:05', 1, 1),
(2216, 122, 2216, 'Govisumber', '', 1, '2018-10-16 13:27:05', '2018-10-16 13:27:05', 1, 1),
(2217, 122, 2217, 'Hentij', '', 1, '2018-10-16 13:27:06', '2018-10-16 13:27:06', 1, 1),
(2218, 122, 2218, 'Hovd', '', 1, '2018-10-16 13:27:06', '2018-10-16 13:27:06', 1, 1),
(2219, 122, 2219, 'Hovsgol', '', 1, '2018-10-16 13:27:06', '2018-10-16 13:27:06', 1, 1),
(2220, 122, 2220, 'Omnogovi', '', 1, '2018-10-16 13:27:06', '2018-10-16 13:27:06', 1, 1),
(2221, 122, 2221, 'Orhon', '', 1, '2018-10-16 13:27:06', '2018-10-16 13:27:06', 1, 1),
(2222, 122, 2222, 'Ovorhangaj', '', 1, '2018-10-16 13:27:06', '2018-10-16 13:27:06', 1, 1),
(2223, 122, 2223, 'Selenge', '', 1, '2018-10-16 13:27:06', '2018-10-16 13:27:06', 1, 1),
(2224, 122, 2224, 'Suhbaatar', '', 1, '2018-10-16 13:27:06', '2018-10-16 13:27:06', 1, 1),
(2225, 122, 2225, 'Tov', '', 1, '2018-10-16 13:27:06', '2018-10-16 13:27:06', 1, 1),
(2226, 122, 2226, 'Ulaanbaatar', '', 1, '2018-10-16 13:27:06', '2018-10-16 13:27:06', 1, 1),
(2227, 122, 2227, 'Uvs', '', 1, '2018-10-16 13:27:06', '2018-10-16 13:27:06', 1, 1),
(2228, 122, 2228, 'Zavhan', '', 1, '2018-10-16 13:27:06', '2018-10-16 13:27:06', 1, 1),
(2229, 124, 2229, 'Montserrat', '', 1, '2018-10-16 13:27:06', '2018-10-16 13:27:06', 1, 1),
(2230, 125, 2230, 'Agadir', '', 1, '2018-10-16 13:27:06', '2018-10-16 13:27:06', 1, 1),
(2231, 125, 2231, 'Casablanca', '', 1, '2018-10-16 13:27:06', '2018-10-16 13:27:06', 1, 1),
(2232, 125, 2232, 'Chaouia-Ouardigha', '', 1, '2018-10-16 13:27:06', '2018-10-16 13:27:06', 1, 1),
(2233, 125, 2233, 'Doukkala-Abda', '', 1, '2018-10-16 13:27:06', '2018-10-16 13:27:06', 1, 1),
(2234, 125, 2234, 'Fes-Boulemane', '', 1, '2018-10-16 13:27:06', '2018-10-16 13:27:06', 1, 1),
(2235, 125, 2235, 'Gharb-Chrarda-Beni Hssen', '', 1, '2018-10-16 13:27:06', '2018-10-16 13:27:06', 1, 1),
(2236, 125, 2236, 'Guelmim', '', 1, '2018-10-16 13:27:06', '2018-10-16 13:27:06', 1, 1),
(2237, 125, 2237, 'Kenitra', '', 1, '2018-10-16 13:27:06', '2018-10-16 13:27:06', 1, 1),
(2238, 125, 2238, 'Marrakech-Tensift-Al Haouz', '', 1, '2018-10-16 13:27:06', '2018-10-16 13:27:06', 1, 1),
(2239, 125, 2239, 'Meknes-Tafilalet', '', 1, '2018-10-16 13:27:07', '2018-10-16 13:27:07', 1, 1),
(2240, 125, 2240, 'Oriental', '', 1, '2018-10-16 13:27:07', '2018-10-16 13:27:07', 1, 1),
(2241, 125, 2241, 'Oujda', '', 1, '2018-10-16 13:27:07', '2018-10-16 13:27:07', 1, 1),
(2242, 125, 2242, 'Province de Tanger', '', 1, '2018-10-16 13:27:07', '2018-10-16 13:27:07', 1, 1),
(2243, 125, 2243, 'Rabat-Sale-Zammour-Zaer', '', 1, '2018-10-16 13:27:07', '2018-10-16 13:27:07', 1, 1),
(2244, 125, 2244, 'Sala Al Jadida', '', 1, '2018-10-16 13:27:07', '2018-10-16 13:27:07', 1, 1),
(2245, 125, 2245, 'Settat', '', 1, '2018-10-16 13:27:07', '2018-10-16 13:27:07', 1, 1),
(2246, 125, 2246, 'Souss Massa-Draa', '', 1, '2018-10-16 13:27:07', '2018-10-16 13:27:07', 1, 1),
(2247, 125, 2247, 'Tadla-Azilal', '', 1, '2018-10-16 13:27:07', '2018-10-16 13:27:07', 1, 1),
(2248, 125, 2248, 'Tangier-Tetouan', '', 1, '2018-10-16 13:27:07', '2018-10-16 13:27:07', 1, 1),
(2249, 125, 2249, 'Taza-Al Hoceima-Taounate', '', 1, '2018-10-16 13:27:07', '2018-10-16 13:27:07', 1, 1),
(2250, 125, 2250, 'Wilaya de Casablanca', '', 1, '2018-10-16 13:27:07', '2018-10-16 13:27:07', 1, 1),
(2251, 125, 2251, 'Wilaya de Rabat-Sale', '', 1, '2018-10-16 13:27:07', '2018-10-16 13:27:07', 1, 1),
(2252, 126, 2252, 'Ayeyarwady', '', 1, '2018-10-16 13:27:07', '2018-10-16 13:27:07', 1, 1),
(2253, 126, 2253, 'Bago', '', 1, '2018-10-16 13:27:07', '2018-10-16 13:27:07', 1, 1),
(2254, 126, 2254, 'Chin', '', 1, '2018-10-16 13:27:07', '2018-10-16 13:27:07', 1, 1),
(2255, 126, 2255, 'Kachin', '', 1, '2018-10-16 13:27:07', '2018-10-16 13:27:07', 1, 1),
(2256, 126, 2256, 'Kayah', '', 1, '2018-10-16 13:27:07', '2018-10-16 13:27:07', 1, 1),
(2257, 126, 2257, 'Kayin', '', 1, '2018-10-16 13:27:07', '2018-10-16 13:27:07', 1, 1),
(2258, 126, 2258, 'Magway', '', 1, '2018-10-16 13:27:07', '2018-10-16 13:27:07', 1, 1),
(2259, 126, 2259, 'Mandalay', '', 1, '2018-10-16 13:27:07', '2018-10-16 13:27:07', 1, 1),
(2260, 126, 2260, 'Mon', '', 1, '2018-10-16 13:27:08', '2018-10-16 13:27:08', 1, 1),
(2261, 126, 2261, 'Nay Pyi Taw', '', 1, '2018-10-16 13:27:08', '2018-10-16 13:27:08', 1, 1),
(2262, 126, 2262, 'Rakhine', '', 1, '2018-10-16 13:27:08', '2018-10-16 13:27:08', 1, 1),
(2263, 126, 2263, 'Sagaing', '', 1, '2018-10-16 13:27:08', '2018-10-16 13:27:08', 1, 1),
(2264, 126, 2264, 'Shan', '', 1, '2018-10-16 13:27:08', '2018-10-16 13:27:08', 1, 1),
(2265, 126, 2265, 'Tanintharyi', '', 1, '2018-10-16 13:27:08', '2018-10-16 13:27:08', 1, 1),
(2266, 126, 2266, 'Yangon', '', 1, '2018-10-16 13:27:08', '2018-10-16 13:27:08', 1, 1),
(2267, 127, 2267, 'Caprivi', '', 1, '2018-10-16 13:27:08', '2018-10-16 13:27:08', 1, 1),
(2268, 127, 2268, 'Erongo', '', 1, '2018-10-16 13:27:08', '2018-10-16 13:27:08', 1, 1),
(2269, 127, 2269, 'Hardap', '', 1, '2018-10-16 13:27:08', '2018-10-16 13:27:08', 1, 1),
(2270, 127, 2270, 'Karas', '', 1, '2018-10-16 13:27:08', '2018-10-16 13:27:08', 1, 1),
(2271, 127, 2271, 'Kavango', '', 1, '2018-10-16 13:27:08', '2018-10-16 13:27:08', 1, 1),
(2272, 127, 2272, 'Khomas', '', 1, '2018-10-16 13:27:08', '2018-10-16 13:27:08', 1, 1),
(2273, 127, 2273, 'Kunene', '', 1, '2018-10-16 13:27:08', '2018-10-16 13:27:08', 1, 1),
(2274, 127, 2274, 'Ohangwena', '', 1, '2018-10-16 13:27:08', '2018-10-16 13:27:08', 1, 1),
(2275, 127, 2275, 'Omaheke', '', 1, '2018-10-16 13:27:08', '2018-10-16 13:27:08', 1, 1),
(2276, 127, 2276, 'Omusati', '', 1, '2018-10-16 13:27:08', '2018-10-16 13:27:08', 1, 1),
(2277, 127, 2277, 'Oshana', '', 1, '2018-10-16 13:27:08', '2018-10-16 13:27:08', 1, 1),
(2278, 127, 2278, 'Oshikoto', '', 1, '2018-10-16 13:27:08', '2018-10-16 13:27:08', 1, 1),
(2279, 127, 2279, 'Otjozondjupa', '', 1, '2018-10-16 13:27:08', '2018-10-16 13:27:08', 1, 1),
(2280, 128, 2280, 'Yaren', '', 1, '2018-10-16 13:27:08', '2018-10-16 13:27:08', 1, 1),
(2281, 129, 2281, 'Bagmati', '', 1, '2018-10-16 13:27:08', '2018-10-16 13:27:08', 1, 1),
(2282, 129, 2282, 'Bheri', '', 1, '2018-10-16 13:27:08', '2018-10-16 13:27:08', 1, 1),
(2283, 129, 2283, 'Dhawalagiri', '', 1, '2018-10-16 13:27:09', '2018-10-16 13:27:09', 1, 1),
(2284, 129, 2284, 'Gandaki', '', 1, '2018-10-16 13:27:09', '2018-10-16 13:27:09', 1, 1),
(2285, 129, 2285, 'Janakpur', '', 1, '2018-10-16 13:27:09', '2018-10-16 13:27:09', 1, 1),
(2286, 129, 2286, 'Karnali', '', 1, '2018-10-16 13:27:09', '2018-10-16 13:27:09', 1, 1),
(2287, 129, 2287, 'Koshi', '', 1, '2018-10-16 13:27:09', '2018-10-16 13:27:09', 1, 1),
(2288, 129, 2288, 'Lumbini', '', 1, '2018-10-16 13:27:09', '2018-10-16 13:27:09', 1, 1),
(2289, 129, 2289, 'Mahakali', '', 1, '2018-10-16 13:27:09', '2018-10-16 13:27:09', 1, 1),
(2290, 129, 2290, 'Mechi', '', 1, '2018-10-16 13:27:09', '2018-10-16 13:27:09', 1, 1),
(2291, 129, 2291, 'Narayani', '', 1, '2018-10-16 13:27:09', '2018-10-16 13:27:09', 1, 1),
(2292, 129, 2292, 'Rapti', '', 1, '2018-10-16 13:27:09', '2018-10-16 13:27:09', 1, 1),
(2293, 129, 2293, 'Sagarmatha', '', 1, '2018-10-16 13:27:09', '2018-10-16 13:27:09', 1, 1),
(2294, 129, 2294, 'Seti', '', 1, '2018-10-16 13:27:09', '2018-10-16 13:27:09', 1, 1),
(2295, 130, 2295, 'Bonaire', '', 1, '2018-10-16 13:27:09', '2018-10-16 13:27:09', 1, 1),
(2296, 130, 2296, 'Curacao', '', 1, '2018-10-16 13:27:09', '2018-10-16 13:27:09', 1, 1),
(2297, 130, 2297, 'Saba', '', 1, '2018-10-16 13:27:09', '2018-10-16 13:27:09', 1, 1),
(2298, 130, 2298, 'Sint Eustatius', '', 1, '2018-10-16 13:27:09', '2018-10-16 13:27:09', 1, 1),
(2299, 130, 2299, 'Sint Maarten', '', 1, '2018-10-16 13:27:09', '2018-10-16 13:27:09', 1, 1),
(2300, 130, 2300, 'Amsterdam', '', 1, '2018-10-16 13:27:09', '2018-10-16 13:27:09', 1, 1),
(2301, 130, 2301, 'Benelux', '', 1, '2018-10-16 13:27:09', '2018-10-16 13:27:09', 1, 1),
(2302, 130, 2302, 'Drenthe', '', 1, '2018-10-16 13:27:09', '2018-10-16 13:27:09', 1, 1),
(2303, 130, 2303, 'Flevoland', '', 1, '2018-10-16 13:27:09', '2018-10-16 13:27:09', 1, 1),
(2304, 130, 2304, 'Friesland', '', 1, '2018-10-16 13:27:09', '2018-10-16 13:27:09', 1, 1),
(2305, 130, 2305, 'Gelderland', '', 1, '2018-10-16 13:27:09', '2018-10-16 13:27:09', 1, 1),
(2306, 130, 2306, 'Groningen', '', 1, '2018-10-16 13:27:09', '2018-10-16 13:27:09', 1, 1),
(2307, 130, 2307, 'Limburg', '', 1, '2018-10-16 13:27:10', '2018-10-16 13:27:10', 1, 1),
(2308, 130, 2308, 'Noord-Brabant', '', 1, '2018-10-16 13:27:10', '2018-10-16 13:27:10', 1, 1),
(2309, 130, 2309, 'Noord-Holland', '', 1, '2018-10-16 13:27:10', '2018-10-16 13:27:10', 1, 1),
(2310, 130, 2310, 'Overijssel', '', 1, '2018-10-16 13:27:10', '2018-10-16 13:27:10', 1, 1),
(2311, 130, 2311, 'South Holland', '', 1, '2018-10-16 13:27:10', '2018-10-16 13:27:10', 1, 1),
(2312, 130, 2312, 'Utrecht', '', 1, '2018-10-16 13:27:10', '2018-10-16 13:27:10', 1, 1),
(2313, 130, 2313, 'Zeeland', '', 1, '2018-10-16 13:27:10', '2018-10-16 13:27:10', 1, 1),
(2314, 130, 2314, 'Zuid-Holland', '', 1, '2018-10-16 13:27:10', '2018-10-16 13:27:10', 1, 1),
(2315, 132, 2315, 'Iles', '', 1, '2018-10-16 13:27:10', '2018-10-16 13:27:10', 1, 1),
(2316, 132, 2316, 'Nord', '', 1, '2018-10-16 13:27:10', '2018-10-16 13:27:10', 1, 1),
(2317, 132, 2317, 'Sud', '', 1, '2018-10-16 13:27:10', '2018-10-16 13:27:10', 1, 1),
(2318, 133, 2318, 'Area Outside Region', '', 1, '2018-10-16 13:27:10', '2018-10-16 13:27:10', 1, 1),
(2319, 133, 2319, 'Auckland', '', 1, '2018-10-16 13:27:10', '2018-10-16 13:27:10', 1, 1),
(2320, 133, 2320, 'Bay of Plenty', '', 1, '2018-10-16 13:27:10', '2018-10-16 13:27:10', 1, 1),
(2321, 133, 2321, 'Canterbury', '', 1, '2018-10-16 13:27:10', '2018-10-16 13:27:10', 1, 1),
(2322, 133, 2322, 'Christchurch', '', 1, '2018-10-16 13:27:10', '2018-10-16 13:27:10', 1, 1),
(2323, 133, 2323, 'Gisborne', '', 1, '2018-10-16 13:27:10', '2018-10-16 13:27:10', 1, 1),
(2324, 133, 2324, 'Hawke\'s Bay', '', 1, '2018-10-16 13:27:11', '2018-10-16 13:27:11', 1, 1),
(2325, 133, 2325, 'Manawatu-Wanganui', '', 1, '2018-10-16 13:27:11', '2018-10-16 13:27:11', 1, 1),
(2326, 133, 2326, 'Marlborough', '', 1, '2018-10-16 13:27:11', '2018-10-16 13:27:11', 1, 1),
(2327, 133, 2327, 'Nelson', '', 1, '2018-10-16 13:27:11', '2018-10-16 13:27:11', 1, 1),
(2328, 133, 2328, 'Northland', '', 1, '2018-10-16 13:27:11', '2018-10-16 13:27:11', 1, 1),
(2329, 133, 2329, 'Otago', '', 1, '2018-10-16 13:27:11', '2018-10-16 13:27:11', 1, 1),
(2330, 133, 2330, 'Rodney', '', 1, '2018-10-16 13:27:11', '2018-10-16 13:27:11', 1, 1),
(2331, 133, 2331, 'Southland', '', 1, '2018-10-16 13:27:11', '2018-10-16 13:27:11', 1, 1),
(2332, 133, 2332, 'Taranaki', '', 1, '2018-10-16 13:27:11', '2018-10-16 13:27:11', 1, 1),
(2333, 133, 2333, 'Tasman', '', 1, '2018-10-16 13:27:11', '2018-10-16 13:27:11', 1, 1),
(2334, 133, 2334, 'Waikato', '', 1, '2018-10-16 13:27:11', '2018-10-16 13:27:11', 1, 1),
(2335, 133, 2335, 'Wellington', '', 1, '2018-10-16 13:27:11', '2018-10-16 13:27:11', 1, 1),
(2336, 133, 2336, 'West Coast', '', 1, '2018-10-16 13:27:11', '2018-10-16 13:27:11', 1, 1),
(2337, 134, 2337, 'Atlantico Norte', '', 1, '2018-10-16 13:27:11', '2018-10-16 13:27:11', 1, 1),
(2338, 134, 2338, 'Atlantico Sur', '', 1, '2018-10-16 13:27:11', '2018-10-16 13:27:11', 1, 1),
(2339, 134, 2339, 'Boaco', '', 1, '2018-10-16 13:27:11', '2018-10-16 13:27:11', 1, 1),
(2340, 134, 2340, 'Carazo', '', 1, '2018-10-16 13:27:11', '2018-10-16 13:27:11', 1, 1),
(2341, 134, 2341, 'Chinandega', '', 1, '2018-10-16 13:27:11', '2018-10-16 13:27:11', 1, 1),
(2342, 134, 2342, 'Chontales', '', 1, '2018-10-16 13:27:11', '2018-10-16 13:27:11', 1, 1),
(2343, 134, 2343, 'Esteli', '', 1, '2018-10-16 13:27:12', '2018-10-16 13:27:12', 1, 1),
(2344, 134, 2344, 'Granada', '', 1, '2018-10-16 13:27:12', '2018-10-16 13:27:12', 1, 1),
(2345, 134, 2345, 'Jinotega', '', 1, '2018-10-16 13:27:12', '2018-10-16 13:27:12', 1, 1),
(2346, 134, 2346, 'Leon', '', 1, '2018-10-16 13:27:12', '2018-10-16 13:27:12', 1, 1),
(2347, 134, 2347, 'Madriz', '', 1, '2018-10-16 13:27:12', '2018-10-16 13:27:12', 1, 1),
(2348, 134, 2348, 'Managua', '', 1, '2018-10-16 13:27:12', '2018-10-16 13:27:12', 1, 1),
(2349, 134, 2349, 'Masaya', '', 1, '2018-10-16 13:27:12', '2018-10-16 13:27:12', 1, 1),
(2350, 134, 2350, 'Matagalpa', '', 1, '2018-10-16 13:27:12', '2018-10-16 13:27:12', 1, 1),
(2351, 134, 2351, 'Nueva Segovia', '', 1, '2018-10-16 13:27:12', '2018-10-16 13:27:12', 1, 1),
(2352, 134, 2352, 'Rio San Juan', '', 1, '2018-10-16 13:27:12', '2018-10-16 13:27:12', 1, 1),
(2353, 134, 2353, 'Rivas', '', 1, '2018-10-16 13:27:12', '2018-10-16 13:27:12', 1, 1),
(2354, 135, 2354, 'Agadez', '', 1, '2018-10-16 13:27:12', '2018-10-16 13:27:12', 1, 1),
(2355, 135, 2355, 'Diffa', '', 1, '2018-10-16 13:27:12', '2018-10-16 13:27:12', 1, 1),
(2356, 135, 2356, 'Dosso', '', 1, '2018-10-16 13:27:12', '2018-10-16 13:27:12', 1, 1),
(2357, 135, 2357, 'Maradi', '', 1, '2018-10-16 13:27:12', '2018-10-16 13:27:12', 1, 1),
(2358, 135, 2358, 'Niamey', '', 1, '2018-10-16 13:27:12', '2018-10-16 13:27:12', 1, 1),
(2359, 135, 2359, 'Tahoua', '', 1, '2018-10-16 13:27:12', '2018-10-16 13:27:12', 1, 1),
(2360, 135, 2360, 'Tillabery', '', 1, '2018-10-16 13:27:12', '2018-10-16 13:27:12', 1, 1),
(2361, 135, 2361, 'Zinder', '', 1, '2018-10-16 13:27:12', '2018-10-16 13:27:12', 1, 1),
(2362, 136, 2362, 'Abia', '', 1, '2018-10-16 13:27:12', '2018-10-16 13:27:12', 1, 1),
(2363, 136, 2363, 'Abuja Federal Capital Territor', '', 1, '2018-10-16 13:27:12', '2018-10-16 13:27:12', 1, 1),
(2364, 136, 2364, 'Adamawa', '', 1, '2018-10-16 13:27:12', '2018-10-16 13:27:12', 1, 1),
(2365, 136, 2365, 'Akwa Ibom', '', 1, '2018-10-16 13:27:13', '2018-10-16 13:27:13', 1, 1),
(2366, 136, 2366, 'Anambra', '', 1, '2018-10-16 13:27:13', '2018-10-16 13:27:13', 1, 1),
(2367, 136, 2367, 'Bauchi', '', 1, '2018-10-16 13:27:13', '2018-10-16 13:27:13', 1, 1),
(2368, 136, 2368, 'Bayelsa', '', 1, '2018-10-16 13:27:13', '2018-10-16 13:27:13', 1, 1),
(2369, 136, 2369, 'Benue', '', 1, '2018-10-16 13:27:13', '2018-10-16 13:27:13', 1, 1),
(2370, 136, 2370, 'Borno', '', 1, '2018-10-16 13:27:13', '2018-10-16 13:27:13', 1, 1),
(2371, 136, 2371, 'Cross River', '', 1, '2018-10-16 13:27:13', '2018-10-16 13:27:13', 1, 1),
(2372, 136, 2372, 'Delta', '', 1, '2018-10-16 13:27:13', '2018-10-16 13:27:13', 1, 1),
(2373, 136, 2373, 'Ebonyi', '', 1, '2018-10-16 13:27:13', '2018-10-16 13:27:13', 1, 1),
(2374, 136, 2374, 'Edo', '', 1, '2018-10-16 13:27:13', '2018-10-16 13:27:13', 1, 1),
(2375, 136, 2375, 'Ekiti', '', 1, '2018-10-16 13:27:13', '2018-10-16 13:27:13', 1, 1),
(2376, 136, 2376, 'Enugu', '', 1, '2018-10-16 13:27:13', '2018-10-16 13:27:13', 1, 1),
(2377, 136, 2377, 'Gombe', '', 1, '2018-10-16 13:27:13', '2018-10-16 13:27:13', 1, 1),
(2378, 136, 2378, 'Imo', '', 1, '2018-10-16 13:27:13', '2018-10-16 13:27:13', 1, 1),
(2379, 136, 2379, 'Jigawa', '', 1, '2018-10-16 13:27:13', '2018-10-16 13:27:13', 1, 1),
(2380, 136, 2380, 'Kaduna', '', 1, '2018-10-16 13:27:13', '2018-10-16 13:27:13', 1, 1),
(2381, 136, 2381, 'Kano', '', 1, '2018-10-16 13:27:13', '2018-10-16 13:27:13', 1, 1),
(2382, 136, 2382, 'Katsina', '', 1, '2018-10-16 13:27:13', '2018-10-16 13:27:13', 1, 1),
(2383, 136, 2383, 'Kebbi', '', 1, '2018-10-16 13:27:13', '2018-10-16 13:27:13', 1, 1),
(2384, 136, 2384, 'Kogi', '', 1, '2018-10-16 13:27:13', '2018-10-16 13:27:13', 1, 1),
(2385, 136, 2385, 'Kwara', '', 1, '2018-10-16 13:27:13', '2018-10-16 13:27:13', 1, 1),
(2386, 136, 2386, 'Lagos', '', 1, '2018-10-16 13:27:13', '2018-10-16 13:27:13', 1, 1),
(2387, 136, 2387, 'Nassarawa', '', 1, '2018-10-16 13:27:13', '2018-10-16 13:27:13', 1, 1),
(2388, 136, 2388, 'Niger', '', 1, '2018-10-16 13:27:13', '2018-10-16 13:27:13', 1, 1),
(2389, 136, 2389, 'Ogun', '', 1, '2018-10-16 13:27:14', '2018-10-16 13:27:14', 1, 1),
(2390, 136, 2390, 'Ondo', '', 1, '2018-10-16 13:27:14', '2018-10-16 13:27:14', 1, 1),
(2391, 136, 2391, 'Osun', '', 1, '2018-10-16 13:27:14', '2018-10-16 13:27:14', 1, 1),
(2392, 136, 2392, 'Oyo', '', 1, '2018-10-16 13:27:14', '2018-10-16 13:27:14', 1, 1),
(2393, 136, 2393, 'Plateau', '', 1, '2018-10-16 13:27:14', '2018-10-16 13:27:14', 1, 1),
(2394, 136, 2394, 'Rivers', '', 1, '2018-10-16 13:27:14', '2018-10-16 13:27:14', 1, 1),
(2395, 136, 2395, 'Sokoto', '', 1, '2018-10-16 13:27:14', '2018-10-16 13:27:14', 1, 1),
(2396, 136, 2396, 'Taraba', '', 1, '2018-10-16 13:27:14', '2018-10-16 13:27:14', 1, 1),
(2397, 136, 2397, 'Yobe', '', 1, '2018-10-16 13:27:14', '2018-10-16 13:27:14', 1, 1),
(2398, 136, 2398, 'Zamfara', '', 1, '2018-10-16 13:27:14', '2018-10-16 13:27:14', 1, 1),
(2399, 137, 2399, 'Niue', '', 1, '2018-10-16 13:27:14', '2018-10-16 13:27:14', 1, 1),
(2400, 138, 2400, 'Norfolk Island', '', 1, '2018-10-16 13:27:14', '2018-10-16 13:27:14', 1, 1),
(2401, 139, 2401, 'Northern Islands', '', 1, '2018-10-16 13:27:14', '2018-10-16 13:27:14', 1, 1),
(2402, 139, 2402, 'Rota', '', 1, '2018-10-16 13:27:14', '2018-10-16 13:27:14', 1, 1),
(2403, 139, 2403, 'Saipan', '', 1, '2018-10-16 13:27:14', '2018-10-16 13:27:14', 1, 1),
(2404, 139, 2404, 'Tinian', '', 1, '2018-10-16 13:27:14', '2018-10-16 13:27:14', 1, 1),
(2405, 140, 2405, 'Akershus', '', 1, '2018-10-16 13:27:14', '2018-10-16 13:27:14', 1, 1),
(2406, 140, 2406, 'Aust Agder', '', 1, '2018-10-16 13:27:14', '2018-10-16 13:27:14', 1, 1),
(2407, 140, 2407, 'Bergen', '', 1, '2018-10-16 13:27:14', '2018-10-16 13:27:14', 1, 1),
(2408, 140, 2408, 'Buskerud', '', 1, '2018-10-16 13:27:14', '2018-10-16 13:27:14', 1, 1),
(2409, 140, 2409, 'Finnmark', '', 1, '2018-10-16 13:27:14', '2018-10-16 13:27:14', 1, 1),
(2410, 140, 2410, 'Hedmark', '', 1, '2018-10-16 13:27:14', '2018-10-16 13:27:14', 1, 1),
(2411, 140, 2411, 'Hordaland', '', 1, '2018-10-16 13:27:14', '2018-10-16 13:27:14', 1, 1),
(2412, 140, 2412, 'Moere og Romsdal', '', 1, '2018-10-16 13:27:14', '2018-10-16 13:27:14', 1, 1),
(2413, 140, 2413, 'Nord Trondelag', '', 1, '2018-10-16 13:27:14', '2018-10-16 13:27:14', 1, 1);
INSERT INTO `states_text` (`StateTextID`, `CountryID`, `StateID`, `Title`, `Seo`, `SystemLanguageID`, `CreatedAt`, `UpdatedAt`, `CreatedBy`, `UpdatedBy`) VALUES
(2414, 140, 2414, 'Nordland', '', 1, '2018-10-16 13:27:14', '2018-10-16 13:27:14', 1, 1),
(2415, 140, 2415, 'Oestfold', '', 1, '2018-10-16 13:27:14', '2018-10-16 13:27:14', 1, 1),
(2416, 140, 2416, 'Oppland', '', 1, '2018-10-16 13:27:15', '2018-10-16 13:27:15', 1, 1),
(2417, 140, 2417, 'Oslo', '', 1, '2018-10-16 13:27:15', '2018-10-16 13:27:15', 1, 1),
(2418, 140, 2418, 'Rogaland', '', 1, '2018-10-16 13:27:15', '2018-10-16 13:27:15', 1, 1),
(2419, 140, 2419, 'Soer Troendelag', '', 1, '2018-10-16 13:27:15', '2018-10-16 13:27:15', 1, 1),
(2420, 140, 2420, 'Sogn og Fjordane', '', 1, '2018-10-16 13:27:15', '2018-10-16 13:27:15', 1, 1),
(2421, 140, 2421, 'Stavern', '', 1, '2018-10-16 13:27:15', '2018-10-16 13:27:15', 1, 1),
(2422, 140, 2422, 'Sykkylven', '', 1, '2018-10-16 13:27:15', '2018-10-16 13:27:15', 1, 1),
(2423, 140, 2423, 'Telemark', '', 1, '2018-10-16 13:27:15', '2018-10-16 13:27:15', 1, 1),
(2424, 140, 2424, 'Troms', '', 1, '2018-10-16 13:27:15', '2018-10-16 13:27:15', 1, 1),
(2425, 140, 2425, 'Vest Agder', '', 1, '2018-10-16 13:27:15', '2018-10-16 13:27:15', 1, 1),
(2426, 140, 2426, 'Vestfold', '', 1, '2018-10-16 13:27:15', '2018-10-16 13:27:15', 1, 1),
(2428, 141, 2428, 'Al Buraimi', '', 1, '2018-10-16 13:27:15', '2018-10-16 13:27:15', 1, 1),
(2429, 141, 2429, 'Dhufar', '', 1, '2018-10-16 13:27:15', '2018-10-16 13:27:15', 1, 1),
(2430, 141, 2430, 'Masqat', '', 1, '2018-10-16 13:27:15', '2018-10-16 13:27:15', 1, 1),
(2431, 141, 2431, 'Musandam', '', 1, '2018-10-16 13:27:15', '2018-10-16 13:27:15', 1, 1),
(2432, 141, 2432, 'Rusayl', '', 1, '2018-10-16 13:27:15', '2018-10-16 13:27:15', 1, 1),
(2433, 141, 2433, 'Wadi Kabir', '', 1, '2018-10-16 13:27:15', '2018-10-16 13:27:15', 1, 1),
(2434, 141, 2434, 'ad-Dakhiliyah', '', 1, '2018-10-16 13:27:15', '2018-10-16 13:27:15', 1, 1),
(2435, 141, 2435, 'adh-Dhahirah', '', 1, '2018-10-16 13:27:15', '2018-10-16 13:27:15', 1, 1),
(2436, 141, 2436, 'al-Batinah', '', 1, '2018-10-16 13:27:15', '2018-10-16 13:27:15', 1, 1),
(2437, 141, 2437, 'ash-Sharqiyah', '', 1, '2018-10-16 13:27:15', '2018-10-16 13:27:15', 1, 1),
(2438, 142, 2438, 'Baluchistan', '', 1, '2018-10-16 13:27:15', '2018-10-16 13:27:15', 1, 1),
(2439, 142, 2439, 'Federal Capital Area', '', 1, '2018-10-16 13:27:15', '2018-10-16 13:27:15', 1, 1),
(2440, 142, 2440, 'Federally administered Tribal ', '', 1, '2018-10-16 13:27:16', '2018-10-16 13:27:16', 1, 1),
(2441, 142, 2441, 'North-West Frontier', '', 1, '2018-10-16 13:27:16', '2018-10-16 13:27:16', 1, 1),
(2442, 142, 2442, 'Northern Areas', '', 1, '2018-10-16 13:27:16', '2018-10-16 13:27:16', 1, 1),
(2443, 142, 2443, 'Punjab', '', 1, '2018-10-16 13:27:16', '2018-10-16 13:27:16', 1, 1),
(2444, 142, 2444, 'Sind', '', 1, '2018-10-16 13:27:16', '2018-10-16 13:27:16', 1, 1),
(2445, 143, 2445, 'Aimeliik', '', 1, '2018-10-16 13:27:16', '2018-10-16 13:27:16', 1, 1),
(2446, 143, 2446, 'Airai', '', 1, '2018-10-16 13:27:16', '2018-10-16 13:27:16', 1, 1),
(2447, 143, 2447, 'Angaur', '', 1, '2018-10-16 13:27:16', '2018-10-16 13:27:16', 1, 1),
(2448, 143, 2448, 'Hatobohei', '', 1, '2018-10-16 13:27:16', '2018-10-16 13:27:16', 1, 1),
(2449, 143, 2449, 'Kayangel', '', 1, '2018-10-16 13:27:16', '2018-10-16 13:27:16', 1, 1),
(2450, 143, 2450, 'Koror', '', 1, '2018-10-16 13:27:16', '2018-10-16 13:27:16', 1, 1),
(2451, 143, 2451, 'Melekeok', '', 1, '2018-10-16 13:27:16', '2018-10-16 13:27:16', 1, 1),
(2452, 143, 2452, 'Ngaraard', '', 1, '2018-10-16 13:27:16', '2018-10-16 13:27:16', 1, 1),
(2453, 143, 2453, 'Ngardmau', '', 1, '2018-10-16 13:27:16', '2018-10-16 13:27:16', 1, 1),
(2454, 143, 2454, 'Ngaremlengui', '', 1, '2018-10-16 13:27:16', '2018-10-16 13:27:16', 1, 1),
(2455, 143, 2455, 'Ngatpang', '', 1, '2018-10-16 13:27:16', '2018-10-16 13:27:16', 1, 1),
(2456, 143, 2456, 'Ngchesar', '', 1, '2018-10-16 13:27:16', '2018-10-16 13:27:16', 1, 1),
(2457, 143, 2457, 'Ngerchelong', '', 1, '2018-10-16 13:27:16', '2018-10-16 13:27:16', 1, 1),
(2458, 143, 2458, 'Ngiwal', '', 1, '2018-10-16 13:27:16', '2018-10-16 13:27:16', 1, 1),
(2459, 143, 2459, 'Peleliu', '', 1, '2018-10-16 13:27:16', '2018-10-16 13:27:16', 1, 1),
(2460, 143, 2460, 'Sonsorol', '', 1, '2018-10-16 13:27:17', '2018-10-16 13:27:17', 1, 1),
(2461, 144, 2461, 'Bocas del Toro', '', 1, '2018-10-16 13:27:17', '2018-10-16 13:27:17', 1, 1),
(2462, 144, 2462, 'Chiriqui', '', 1, '2018-10-16 13:27:17', '2018-10-16 13:27:17', 1, 1),
(2463, 144, 2463, 'Cocle', '', 1, '2018-10-16 13:27:17', '2018-10-16 13:27:17', 1, 1),
(2464, 144, 2464, 'Colon', '', 1, '2018-10-16 13:27:17', '2018-10-16 13:27:17', 1, 1),
(2465, 144, 2465, 'Darien', '', 1, '2018-10-16 13:27:17', '2018-10-16 13:27:17', 1, 1),
(2466, 144, 2466, 'Embera', '', 1, '2018-10-16 13:27:17', '2018-10-16 13:27:17', 1, 1),
(2467, 144, 2467, 'Herrera', '', 1, '2018-10-16 13:27:17', '2018-10-16 13:27:17', 1, 1),
(2468, 144, 2468, 'Kuna Yala', '', 1, '2018-10-16 13:27:17', '2018-10-16 13:27:17', 1, 1),
(2469, 144, 2469, 'Los Santos', '', 1, '2018-10-16 13:27:17', '2018-10-16 13:27:17', 1, 1),
(2470, 144, 2470, 'Ngobe Bugle', '', 1, '2018-10-16 13:27:17', '2018-10-16 13:27:17', 1, 1),
(2471, 144, 2471, 'Panama', '', 1, '2018-10-16 13:27:17', '2018-10-16 13:27:17', 1, 1),
(2472, 144, 2472, 'Veraguas', '', 1, '2018-10-16 13:27:17', '2018-10-16 13:27:17', 1, 1),
(2473, 145, 2473, 'East New Britain', '', 1, '2018-10-16 13:27:17', '2018-10-16 13:27:17', 1, 1),
(2474, 145, 2474, 'East Sepik', '', 1, '2018-10-16 13:27:17', '2018-10-16 13:27:17', 1, 1),
(2475, 145, 2475, 'Eastern Highlands', '', 1, '2018-10-16 13:27:17', '2018-10-16 13:27:17', 1, 1),
(2476, 145, 2476, 'Enga', '', 1, '2018-10-16 13:27:17', '2018-10-16 13:27:17', 1, 1),
(2477, 145, 2477, 'Fly River', '', 1, '2018-10-16 13:27:17', '2018-10-16 13:27:17', 1, 1),
(2478, 145, 2478, 'Gulf', '', 1, '2018-10-16 13:27:17', '2018-10-16 13:27:17', 1, 1),
(2479, 145, 2479, 'Madang', '', 1, '2018-10-16 13:27:17', '2018-10-16 13:27:17', 1, 1),
(2480, 145, 2480, 'Manus', '', 1, '2018-10-16 13:27:17', '2018-10-16 13:27:17', 1, 1),
(2481, 145, 2481, 'Milne Bay', '', 1, '2018-10-16 13:27:17', '2018-10-16 13:27:17', 1, 1),
(2482, 145, 2482, 'Morobe', '', 1, '2018-10-16 13:27:17', '2018-10-16 13:27:17', 1, 1),
(2483, 145, 2483, 'National Capital District', '', 1, '2018-10-16 13:27:17', '2018-10-16 13:27:17', 1, 1),
(2484, 145, 2484, 'New Ireland', '', 1, '2018-10-16 13:27:17', '2018-10-16 13:27:17', 1, 1),
(2485, 145, 2485, 'North Solomons', '', 1, '2018-10-16 13:27:18', '2018-10-16 13:27:18', 1, 1),
(2486, 145, 2486, 'Oro', '', 1, '2018-10-16 13:27:18', '2018-10-16 13:27:18', 1, 1),
(2487, 145, 2487, 'Sandaun', '', 1, '2018-10-16 13:27:18', '2018-10-16 13:27:18', 1, 1),
(2488, 145, 2488, 'Simbu', '', 1, '2018-10-16 13:27:18', '2018-10-16 13:27:18', 1, 1),
(2489, 145, 2489, 'Southern Highlands', '', 1, '2018-10-16 13:27:18', '2018-10-16 13:27:18', 1, 1),
(2490, 145, 2490, 'West New Britain', '', 1, '2018-10-16 13:27:18', '2018-10-16 13:27:18', 1, 1),
(2491, 145, 2491, 'Western Highlands', '', 1, '2018-10-16 13:27:18', '2018-10-16 13:27:18', 1, 1),
(2492, 146, 2492, 'Alto Paraguay', '', 1, '2018-10-16 13:27:18', '2018-10-16 13:27:18', 1, 1),
(2493, 146, 2493, 'Alto Parana', '', 1, '2018-10-16 13:27:18', '2018-10-16 13:27:18', 1, 1),
(2494, 146, 2494, 'Amambay', '', 1, '2018-10-16 13:27:18', '2018-10-16 13:27:18', 1, 1),
(2495, 146, 2495, 'Asuncion', '', 1, '2018-10-16 13:27:18', '2018-10-16 13:27:18', 1, 1),
(2496, 146, 2496, 'Boqueron', '', 1, '2018-10-16 13:27:18', '2018-10-16 13:27:18', 1, 1),
(2497, 146, 2497, 'Caaguazu', '', 1, '2018-10-16 13:27:18', '2018-10-16 13:27:18', 1, 1),
(2498, 146, 2498, 'Caazapa', '', 1, '2018-10-16 13:27:18', '2018-10-16 13:27:18', 1, 1),
(2499, 146, 2499, 'Canendiyu', '', 1, '2018-10-16 13:27:18', '2018-10-16 13:27:18', 1, 1),
(2500, 146, 2500, 'Central', '', 1, '2018-10-16 13:27:18', '2018-10-16 13:27:18', 1, 1),
(2501, 146, 2501, 'Concepcion', '', 1, '2018-10-16 13:27:18', '2018-10-16 13:27:18', 1, 1),
(2502, 146, 2502, 'Cordillera', '', 1, '2018-10-16 13:27:18', '2018-10-16 13:27:18', 1, 1),
(2503, 146, 2503, 'Guaira', '', 1, '2018-10-16 13:27:18', '2018-10-16 13:27:18', 1, 1),
(2504, 146, 2504, 'Itapua', '', 1, '2018-10-16 13:27:18', '2018-10-16 13:27:18', 1, 1),
(2505, 146, 2505, 'Misiones', '', 1, '2018-10-16 13:27:18', '2018-10-16 13:27:18', 1, 1),
(2506, 146, 2506, 'Neembucu', '', 1, '2018-10-16 13:27:18', '2018-10-16 13:27:18', 1, 1),
(2507, 146, 2507, 'Paraguari', '', 1, '2018-10-16 13:27:18', '2018-10-16 13:27:18', 1, 1),
(2508, 146, 2508, 'Presidente Hayes', '', 1, '2018-10-16 13:27:18', '2018-10-16 13:27:18', 1, 1),
(2509, 146, 2509, 'San Pedro', '', 1, '2018-10-16 13:27:18', '2018-10-16 13:27:18', 1, 1),
(2510, 147, 2510, 'Amazonas', '', 1, '2018-10-16 13:27:19', '2018-10-16 13:27:19', 1, 1),
(2511, 147, 2511, 'Ancash', '', 1, '2018-10-16 13:27:19', '2018-10-16 13:27:19', 1, 1),
(2512, 147, 2512, 'Apurimac', '', 1, '2018-10-16 13:27:19', '2018-10-16 13:27:19', 1, 1),
(2513, 147, 2513, 'Arequipa', '', 1, '2018-10-16 13:27:19', '2018-10-16 13:27:19', 1, 1),
(2514, 147, 2514, 'Ayacucho', '', 1, '2018-10-16 13:27:19', '2018-10-16 13:27:19', 1, 1),
(2515, 147, 2515, 'Cajamarca', '', 1, '2018-10-16 13:27:19', '2018-10-16 13:27:19', 1, 1),
(2516, 147, 2516, 'Cusco', '', 1, '2018-10-16 13:27:19', '2018-10-16 13:27:19', 1, 1),
(2517, 147, 2517, 'Huancavelica', '', 1, '2018-10-16 13:27:19', '2018-10-16 13:27:19', 1, 1),
(2518, 147, 2518, 'Huanuco', '', 1, '2018-10-16 13:27:19', '2018-10-16 13:27:19', 1, 1),
(2519, 147, 2519, 'Ica', '', 1, '2018-10-16 13:27:19', '2018-10-16 13:27:19', 1, 1),
(2520, 147, 2520, 'Junin', '', 1, '2018-10-16 13:27:19', '2018-10-16 13:27:19', 1, 1),
(2521, 147, 2521, 'La Libertad', '', 1, '2018-10-16 13:27:19', '2018-10-16 13:27:19', 1, 1),
(2522, 147, 2522, 'Lambayeque', '', 1, '2018-10-16 13:27:19', '2018-10-16 13:27:19', 1, 1),
(2523, 147, 2523, 'Lima y Callao', '', 1, '2018-10-16 13:27:19', '2018-10-16 13:27:19', 1, 1),
(2524, 147, 2524, 'Loreto', '', 1, '2018-10-16 13:27:19', '2018-10-16 13:27:19', 1, 1),
(2525, 147, 2525, 'Madre de Dios', '', 1, '2018-10-16 13:27:19', '2018-10-16 13:27:19', 1, 1),
(2526, 147, 2526, 'Moquegua', '', 1, '2018-10-16 13:27:19', '2018-10-16 13:27:19', 1, 1),
(2527, 147, 2527, 'Pasco', '', 1, '2018-10-16 13:27:20', '2018-10-16 13:27:20', 1, 1),
(2528, 147, 2528, 'Piura', '', 1, '2018-10-16 13:27:20', '2018-10-16 13:27:20', 1, 1),
(2529, 147, 2529, 'Puno', '', 1, '2018-10-16 13:27:20', '2018-10-16 13:27:20', 1, 1),
(2530, 147, 2530, 'San Martin', '', 1, '2018-10-16 13:27:20', '2018-10-16 13:27:20', 1, 1),
(2531, 147, 2531, 'Tacna', '', 1, '2018-10-16 13:27:20', '2018-10-16 13:27:20', 1, 1),
(2532, 147, 2532, 'Tumbes', '', 1, '2018-10-16 13:27:20', '2018-10-16 13:27:20', 1, 1),
(2533, 147, 2533, 'Ucayali', '', 1, '2018-10-16 13:27:20', '2018-10-16 13:27:20', 1, 1),
(2534, 148, 2534, 'Batangas', '', 1, '2018-10-16 13:27:20', '2018-10-16 13:27:20', 1, 1),
(2535, 148, 2535, 'Bicol', '', 1, '2018-10-16 13:27:20', '2018-10-16 13:27:20', 1, 1),
(2536, 148, 2536, 'Bulacan', '', 1, '2018-10-16 13:27:20', '2018-10-16 13:27:20', 1, 1),
(2537, 148, 2537, 'Cagayan', '', 1, '2018-10-16 13:27:20', '2018-10-16 13:27:20', 1, 1),
(2538, 148, 2538, 'Caraga', '', 1, '2018-10-16 13:27:21', '2018-10-16 13:27:21', 1, 1),
(2539, 148, 2539, 'Central Luzon', '', 1, '2018-10-16 13:27:21', '2018-10-16 13:27:21', 1, 1),
(2540, 148, 2540, 'Central Mindanao', '', 1, '2018-10-16 13:27:21', '2018-10-16 13:27:21', 1, 1),
(2541, 148, 2541, 'Central Visayas', '', 1, '2018-10-16 13:27:21', '2018-10-16 13:27:21', 1, 1),
(2542, 148, 2542, 'Cordillera', '', 1, '2018-10-16 13:27:21', '2018-10-16 13:27:21', 1, 1),
(2543, 148, 2543, 'Davao', '', 1, '2018-10-16 13:27:21', '2018-10-16 13:27:21', 1, 1),
(2544, 148, 2544, 'Eastern Visayas', '', 1, '2018-10-16 13:27:21', '2018-10-16 13:27:21', 1, 1),
(2545, 148, 2545, 'Greater Metropolitan Area', '', 1, '2018-10-16 13:27:21', '2018-10-16 13:27:21', 1, 1),
(2546, 148, 2546, 'Ilocos', '', 1, '2018-10-16 13:27:21', '2018-10-16 13:27:21', 1, 1),
(2547, 148, 2547, 'Laguna', '', 1, '2018-10-16 13:27:21', '2018-10-16 13:27:21', 1, 1),
(2548, 148, 2548, 'Luzon', '', 1, '2018-10-16 13:27:21', '2018-10-16 13:27:21', 1, 1),
(2549, 148, 2549, 'Mactan', '', 1, '2018-10-16 13:27:21', '2018-10-16 13:27:21', 1, 1),
(2550, 148, 2550, 'Metropolitan Manila Area', '', 1, '2018-10-16 13:27:21', '2018-10-16 13:27:21', 1, 1),
(2551, 148, 2551, 'Muslim Mindanao', '', 1, '2018-10-16 13:27:21', '2018-10-16 13:27:21', 1, 1),
(2552, 148, 2552, 'Northern Mindanao', '', 1, '2018-10-16 13:27:21', '2018-10-16 13:27:21', 1, 1),
(2553, 148, 2553, 'Southern Mindanao', '', 1, '2018-10-16 13:27:21', '2018-10-16 13:27:21', 1, 1),
(2554, 148, 2554, 'Southern Tagalog', '', 1, '2018-10-16 13:27:21', '2018-10-16 13:27:21', 1, 1),
(2555, 148, 2555, 'Western Mindanao', '', 1, '2018-10-16 13:27:21', '2018-10-16 13:27:21', 1, 1),
(2556, 148, 2556, 'Western Visayas', '', 1, '2018-10-16 13:27:21', '2018-10-16 13:27:21', 1, 1),
(2557, 149, 2557, 'Biale Blota', '', 1, '2018-10-16 13:27:21', '2018-10-16 13:27:21', 1, 1),
(2558, 149, 2558, 'Dobroszyce', '', 1, '2018-10-16 13:27:21', '2018-10-16 13:27:21', 1, 1),
(2559, 149, 2559, 'Dolnoslaskie', '', 1, '2018-10-16 13:27:21', '2018-10-16 13:27:21', 1, 1),
(2560, 149, 2560, 'Dziekanow Lesny', '', 1, '2018-10-16 13:27:21', '2018-10-16 13:27:21', 1, 1),
(2561, 149, 2561, 'Hopowo', '', 1, '2018-10-16 13:27:21', '2018-10-16 13:27:21', 1, 1),
(2562, 149, 2562, 'Kartuzy', '', 1, '2018-10-16 13:27:22', '2018-10-16 13:27:22', 1, 1),
(2563, 149, 2563, 'Koscian', '', 1, '2018-10-16 13:27:22', '2018-10-16 13:27:22', 1, 1),
(2564, 149, 2564, 'Krakow', '', 1, '2018-10-16 13:27:22', '2018-10-16 13:27:22', 1, 1),
(2565, 149, 2565, 'Kujawsko-Pomorskie', '', 1, '2018-10-16 13:27:22', '2018-10-16 13:27:22', 1, 1),
(2566, 149, 2566, 'Lodzkie', '', 1, '2018-10-16 13:27:22', '2018-10-16 13:27:22', 1, 1),
(2567, 149, 2567, 'Lubelskie', '', 1, '2018-10-16 13:27:22', '2018-10-16 13:27:22', 1, 1),
(2568, 149, 2568, 'Lubuskie', '', 1, '2018-10-16 13:27:22', '2018-10-16 13:27:22', 1, 1),
(2569, 149, 2569, 'Malomice', '', 1, '2018-10-16 13:27:22', '2018-10-16 13:27:22', 1, 1),
(2570, 149, 2570, 'Malopolskie', '', 1, '2018-10-16 13:27:22', '2018-10-16 13:27:22', 1, 1),
(2571, 149, 2571, 'Mazowieckie', '', 1, '2018-10-16 13:27:22', '2018-10-16 13:27:22', 1, 1),
(2572, 149, 2572, 'Mirkow', '', 1, '2018-10-16 13:27:22', '2018-10-16 13:27:22', 1, 1),
(2573, 149, 2573, 'Opolskie', '', 1, '2018-10-16 13:27:22', '2018-10-16 13:27:22', 1, 1),
(2574, 149, 2574, 'Ostrowiec', '', 1, '2018-10-16 13:27:22', '2018-10-16 13:27:22', 1, 1),
(2575, 149, 2575, 'Podkarpackie', '', 1, '2018-10-16 13:27:22', '2018-10-16 13:27:22', 1, 1),
(2576, 149, 2576, 'Podlaskie', '', 1, '2018-10-16 13:27:22', '2018-10-16 13:27:22', 1, 1),
(2577, 149, 2577, 'Polska', '', 1, '2018-10-16 13:27:22', '2018-10-16 13:27:22', 1, 1),
(2578, 149, 2578, 'Pomorskie', '', 1, '2018-10-16 13:27:22', '2018-10-16 13:27:22', 1, 1),
(2579, 149, 2579, 'Poznan', '', 1, '2018-10-16 13:27:22', '2018-10-16 13:27:22', 1, 1),
(2580, 149, 2580, 'Pruszkow', '', 1, '2018-10-16 13:27:23', '2018-10-16 13:27:23', 1, 1),
(2581, 149, 2581, 'Rymanowska', '', 1, '2018-10-16 13:27:23', '2018-10-16 13:27:23', 1, 1),
(2582, 149, 2582, 'Rzeszow', '', 1, '2018-10-16 13:27:23', '2018-10-16 13:27:23', 1, 1),
(2583, 149, 2583, 'Slaskie', '', 1, '2018-10-16 13:27:23', '2018-10-16 13:27:23', 1, 1),
(2584, 149, 2584, 'Stare Pole', '', 1, '2018-10-16 13:27:23', '2018-10-16 13:27:23', 1, 1),
(2585, 149, 2585, 'Swietokrzyskie', '', 1, '2018-10-16 13:27:23', '2018-10-16 13:27:23', 1, 1),
(2586, 149, 2586, 'Warminsko-Mazurskie', '', 1, '2018-10-16 13:27:23', '2018-10-16 13:27:23', 1, 1),
(2587, 149, 2587, 'Warsaw', '', 1, '2018-10-16 13:27:23', '2018-10-16 13:27:23', 1, 1),
(2588, 149, 2588, 'Wejherowo', '', 1, '2018-10-16 13:27:23', '2018-10-16 13:27:23', 1, 1),
(2589, 149, 2589, 'Wielkopolskie', '', 1, '2018-10-16 13:27:23', '2018-10-16 13:27:23', 1, 1),
(2590, 149, 2590, 'Wroclaw', '', 1, '2018-10-16 13:27:23', '2018-10-16 13:27:23', 1, 1),
(2591, 149, 2591, 'Zachodnio-Pomorskie', '', 1, '2018-10-16 13:27:23', '2018-10-16 13:27:23', 1, 1),
(2592, 149, 2592, 'Zukowo', '', 1, '2018-10-16 13:27:23', '2018-10-16 13:27:23', 1, 1),
(2593, 150, 2593, 'Abrantes', '', 1, '2018-10-16 13:27:23', '2018-10-16 13:27:23', 1, 1),
(2594, 150, 2594, 'Acores', '', 1, '2018-10-16 13:27:23', '2018-10-16 13:27:23', 1, 1),
(2595, 150, 2595, 'Alentejo', '', 1, '2018-10-16 13:27:23', '2018-10-16 13:27:23', 1, 1),
(2596, 150, 2596, 'Algarve', '', 1, '2018-10-16 13:27:23', '2018-10-16 13:27:23', 1, 1),
(2597, 150, 2597, 'Braga', '', 1, '2018-10-16 13:27:23', '2018-10-16 13:27:23', 1, 1),
(2598, 150, 2598, 'Centro', '', 1, '2018-10-16 13:27:23', '2018-10-16 13:27:23', 1, 1),
(2599, 150, 2599, 'Distrito de Leiria', '', 1, '2018-10-16 13:27:23', '2018-10-16 13:27:23', 1, 1),
(2600, 150, 2600, 'Distrito de Viana do Castelo', '', 1, '2018-10-16 13:27:23', '2018-10-16 13:27:23', 1, 1),
(2601, 150, 2601, 'Distrito de Vila Real', '', 1, '2018-10-16 13:27:23', '2018-10-16 13:27:23', 1, 1),
(2602, 150, 2602, 'Distrito do Porto', '', 1, '2018-10-16 13:27:23', '2018-10-16 13:27:23', 1, 1),
(2603, 150, 2603, 'Lisboa e Vale do Tejo', '', 1, '2018-10-16 13:27:23', '2018-10-16 13:27:23', 1, 1),
(2604, 150, 2604, 'Madeira', '', 1, '2018-10-16 13:27:23', '2018-10-16 13:27:23', 1, 1),
(2605, 150, 2605, 'Norte', '', 1, '2018-10-16 13:27:24', '2018-10-16 13:27:24', 1, 1),
(2606, 150, 2606, 'Paivas', '', 1, '2018-10-16 13:27:24', '2018-10-16 13:27:24', 1, 1),
(2607, 151, 2607, 'Arecibo', '', 1, '2018-10-16 13:27:24', '2018-10-16 13:27:24', 1, 1),
(2608, 151, 2608, 'Bayamon', '', 1, '2018-10-16 13:27:24', '2018-10-16 13:27:24', 1, 1),
(2609, 151, 2609, 'Carolina', '', 1, '2018-10-16 13:27:24', '2018-10-16 13:27:24', 1, 1),
(2610, 151, 2610, 'Florida', '', 1, '2018-10-16 13:27:24', '2018-10-16 13:27:24', 1, 1),
(2611, 151, 2611, 'Guayama', '', 1, '2018-10-16 13:27:24', '2018-10-16 13:27:24', 1, 1),
(2612, 151, 2612, 'Humacao', '', 1, '2018-10-16 13:27:24', '2018-10-16 13:27:24', 1, 1),
(2613, 151, 2613, 'Mayaguez-Aguadilla', '', 1, '2018-10-16 13:27:24', '2018-10-16 13:27:24', 1, 1),
(2614, 151, 2614, 'Ponce', '', 1, '2018-10-16 13:27:24', '2018-10-16 13:27:24', 1, 1),
(2615, 151, 2615, 'Salinas', '', 1, '2018-10-16 13:27:24', '2018-10-16 13:27:24', 1, 1),
(2616, 151, 2616, 'San Juan', '', 1, '2018-10-16 13:27:24', '2018-10-16 13:27:24', 1, 1),
(2617, 152, 2617, 'Doha', '', 1, '2018-10-16 13:27:24', '2018-10-16 13:27:24', 1, 1),
(2618, 152, 2618, 'Jarian-al-Batnah', '', 1, '2018-10-16 13:27:24', '2018-10-16 13:27:24', 1, 1),
(2619, 152, 2619, 'Umm Salal', '', 1, '2018-10-16 13:27:24', '2018-10-16 13:27:24', 1, 1),
(2620, 152, 2620, 'ad-Dawhah', '', 1, '2018-10-16 13:27:24', '2018-10-16 13:27:24', 1, 1),
(2621, 152, 2621, 'al-Ghuwayriyah', '', 1, '2018-10-16 13:27:25', '2018-10-16 13:27:25', 1, 1),
(2622, 152, 2622, 'al-Jumayliyah', '', 1, '2018-10-16 13:27:25', '2018-10-16 13:27:25', 1, 1),
(2623, 152, 2623, 'al-Khawr', '', 1, '2018-10-16 13:27:25', '2018-10-16 13:27:25', 1, 1),
(2624, 152, 2624, 'al-Wakrah', '', 1, '2018-10-16 13:27:25', '2018-10-16 13:27:25', 1, 1),
(2625, 152, 2625, 'ar-Rayyan', '', 1, '2018-10-16 13:27:25', '2018-10-16 13:27:25', 1, 1),
(2626, 152, 2626, 'ash-Shamal', '', 1, '2018-10-16 13:27:25', '2018-10-16 13:27:25', 1, 1),
(2627, 153, 2627, 'Alba', '', 1, '2018-10-16 13:27:25', '2018-10-16 13:27:25', 1, 1),
(2628, 153, 2628, 'Arad', '', 1, '2018-10-16 13:27:25', '2018-10-16 13:27:25', 1, 1),
(2629, 153, 2629, 'Arges', '', 1, '2018-10-16 13:27:25', '2018-10-16 13:27:25', 1, 1),
(2630, 153, 2630, 'Bacau', '', 1, '2018-10-16 13:27:25', '2018-10-16 13:27:25', 1, 1),
(2631, 153, 2631, 'Bihor', '', 1, '2018-10-16 13:27:25', '2018-10-16 13:27:25', 1, 1),
(2632, 153, 2632, 'Bistrita-Nasaud', '', 1, '2018-10-16 13:27:25', '2018-10-16 13:27:25', 1, 1),
(2633, 153, 2633, 'Botosani', '', 1, '2018-10-16 13:27:25', '2018-10-16 13:27:25', 1, 1),
(2634, 153, 2634, 'Braila', '', 1, '2018-10-16 13:27:25', '2018-10-16 13:27:25', 1, 1),
(2635, 153, 2635, 'Brasov', '', 1, '2018-10-16 13:27:25', '2018-10-16 13:27:25', 1, 1),
(2636, 153, 2636, 'Bucuresti', '', 1, '2018-10-16 13:27:25', '2018-10-16 13:27:25', 1, 1),
(2637, 153, 2637, 'Buzau', '', 1, '2018-10-16 13:27:25', '2018-10-16 13:27:25', 1, 1),
(2638, 153, 2638, 'Calarasi', '', 1, '2018-10-16 13:27:25', '2018-10-16 13:27:25', 1, 1),
(2639, 153, 2639, 'Caras-Severin', '', 1, '2018-10-16 13:27:25', '2018-10-16 13:27:25', 1, 1),
(2640, 153, 2640, 'Cluj', '', 1, '2018-10-16 13:27:25', '2018-10-16 13:27:25', 1, 1),
(2641, 153, 2641, 'Constanta', '', 1, '2018-10-16 13:27:25', '2018-10-16 13:27:25', 1, 1),
(2642, 153, 2642, 'Covasna', '', 1, '2018-10-16 13:27:25', '2018-10-16 13:27:25', 1, 1),
(2643, 153, 2643, 'Dambovita', '', 1, '2018-10-16 13:27:25', '2018-10-16 13:27:25', 1, 1),
(2644, 153, 2644, 'Dolj', '', 1, '2018-10-16 13:27:25', '2018-10-16 13:27:25', 1, 1),
(2645, 153, 2645, 'Galati', '', 1, '2018-10-16 13:27:26', '2018-10-16 13:27:26', 1, 1),
(2646, 153, 2646, 'Giurgiu', '', 1, '2018-10-16 13:27:26', '2018-10-16 13:27:26', 1, 1),
(2647, 153, 2647, 'Gorj', '', 1, '2018-10-16 13:27:26', '2018-10-16 13:27:26', 1, 1),
(2648, 153, 2648, 'Harghita', '', 1, '2018-10-16 13:27:26', '2018-10-16 13:27:26', 1, 1),
(2649, 153, 2649, 'Hunedoara', '', 1, '2018-10-16 13:27:26', '2018-10-16 13:27:26', 1, 1),
(2650, 153, 2650, 'Ialomita', '', 1, '2018-10-16 13:27:26', '2018-10-16 13:27:26', 1, 1),
(2651, 153, 2651, 'Iasi', '', 1, '2018-10-16 13:27:26', '2018-10-16 13:27:26', 1, 1),
(2652, 153, 2652, 'Ilfov', '', 1, '2018-10-16 13:27:26', '2018-10-16 13:27:26', 1, 1),
(2653, 153, 2653, 'Maramures', '', 1, '2018-10-16 13:27:26', '2018-10-16 13:27:26', 1, 1),
(2654, 153, 2654, 'Mehedinti', '', 1, '2018-10-16 13:27:26', '2018-10-16 13:27:26', 1, 1),
(2655, 153, 2655, 'Mures', '', 1, '2018-10-16 13:27:26', '2018-10-16 13:27:26', 1, 1),
(2656, 153, 2656, 'Neamt', '', 1, '2018-10-16 13:27:26', '2018-10-16 13:27:26', 1, 1),
(2657, 153, 2657, 'Olt', '', 1, '2018-10-16 13:27:26', '2018-10-16 13:27:26', 1, 1),
(2658, 153, 2658, 'Prahova', '', 1, '2018-10-16 13:27:26', '2018-10-16 13:27:26', 1, 1),
(2659, 153, 2659, 'Salaj', '', 1, '2018-10-16 13:27:26', '2018-10-16 13:27:26', 1, 1),
(2660, 153, 2660, 'Satu Mare', '', 1, '2018-10-16 13:27:26', '2018-10-16 13:27:26', 1, 1),
(2661, 153, 2661, 'Sibiu', '', 1, '2018-10-16 13:27:26', '2018-10-16 13:27:26', 1, 1),
(2662, 153, 2662, 'Sondelor', '', 1, '2018-10-16 13:27:26', '2018-10-16 13:27:26', 1, 1),
(2663, 153, 2663, 'Suceava', '', 1, '2018-10-16 13:27:26', '2018-10-16 13:27:26', 1, 1),
(2664, 153, 2664, 'Teleorman', '', 1, '2018-10-16 13:27:26', '2018-10-16 13:27:26', 1, 1),
(2665, 153, 2665, 'Timis', '', 1, '2018-10-16 13:27:26', '2018-10-16 13:27:26', 1, 1),
(2666, 153, 2666, 'Tulcea', '', 1, '2018-10-16 13:27:26', '2018-10-16 13:27:26', 1, 1),
(2667, 153, 2667, 'Valcea', '', 1, '2018-10-16 13:27:27', '2018-10-16 13:27:27', 1, 1),
(2668, 153, 2668, 'Vaslui', '', 1, '2018-10-16 13:27:27', '2018-10-16 13:27:27', 1, 1),
(2669, 153, 2669, 'Vrancea', '', 1, '2018-10-16 13:27:27', '2018-10-16 13:27:27', 1, 1),
(2670, 154, 2670, 'Butare', '', 1, '2018-10-16 13:27:27', '2018-10-16 13:27:27', 1, 1),
(2671, 154, 2671, 'Byumba', '', 1, '2018-10-16 13:27:27', '2018-10-16 13:27:27', 1, 1),
(2672, 154, 2672, 'Cyangugu', '', 1, '2018-10-16 13:27:27', '2018-10-16 13:27:27', 1, 1),
(2673, 154, 2673, 'Gikongoro', '', 1, '2018-10-16 13:27:27', '2018-10-16 13:27:27', 1, 1),
(2674, 154, 2674, 'Gisenyi', '', 1, '2018-10-16 13:27:27', '2018-10-16 13:27:27', 1, 1),
(2675, 154, 2675, 'Gitarama', '', 1, '2018-10-16 13:27:27', '2018-10-16 13:27:27', 1, 1),
(2676, 154, 2676, 'Kibungo', '', 1, '2018-10-16 13:27:27', '2018-10-16 13:27:27', 1, 1),
(2677, 154, 2677, 'Kibuye', '', 1, '2018-10-16 13:27:27', '2018-10-16 13:27:27', 1, 1),
(2678, 154, 2678, 'Kigali-ngali', '', 1, '2018-10-16 13:27:27', '2018-10-16 13:27:27', 1, 1),
(2679, 154, 2679, 'Ruhengeri', '', 1, '2018-10-16 13:27:27', '2018-10-16 13:27:27', 1, 1),
(2680, 155, 2680, 'A\'ana', '', 1, '2018-10-16 13:27:27', '2018-10-16 13:27:27', 1, 1),
(2681, 155, 2681, 'Aiga-i-le-Tai', '', 1, '2018-10-16 13:27:27', '2018-10-16 13:27:27', 1, 1),
(2682, 155, 2682, 'Atua', '', 1, '2018-10-16 13:27:27', '2018-10-16 13:27:27', 1, 1),
(2683, 155, 2683, 'Fa\'asaleleaga', '', 1, '2018-10-16 13:27:27', '2018-10-16 13:27:27', 1, 1),
(2684, 155, 2684, 'Gaga\'emauga', '', 1, '2018-10-16 13:27:27', '2018-10-16 13:27:27', 1, 1),
(2685, 155, 2685, 'Gagaifomauga', '', 1, '2018-10-16 13:27:27', '2018-10-16 13:27:27', 1, 1),
(2686, 155, 2686, 'Palauli', '', 1, '2018-10-16 13:27:27', '2018-10-16 13:27:27', 1, 1),
(2687, 155, 2687, 'Satupa\'itea', '', 1, '2018-10-16 13:27:27', '2018-10-16 13:27:27', 1, 1),
(2688, 155, 2688, 'Tuamasaga', '', 1, '2018-10-16 13:27:27', '2018-10-16 13:27:27', 1, 1),
(2689, 155, 2689, 'Va\'a-o-Fonoti', '', 1, '2018-10-16 13:27:27', '2018-10-16 13:27:27', 1, 1),
(2690, 155, 2690, 'Vaisigano', '', 1, '2018-10-16 13:27:28', '2018-10-16 13:27:28', 1, 1),
(2691, 156, 2691, 'Acquaviva', '', 1, '2018-10-16 13:27:28', '2018-10-16 13:27:28', 1, 1),
(2692, 156, 2692, 'Borgo Maggiore', '', 1, '2018-10-16 13:27:28', '2018-10-16 13:27:28', 1, 1),
(2693, 156, 2693, 'Chiesanuova', '', 1, '2018-10-16 13:27:28', '2018-10-16 13:27:28', 1, 1),
(2694, 156, 2694, 'Domagnano', '', 1, '2018-10-16 13:27:28', '2018-10-16 13:27:28', 1, 1),
(2695, 156, 2695, 'Faetano', '', 1, '2018-10-16 13:27:28', '2018-10-16 13:27:28', 1, 1),
(2696, 156, 2696, 'Fiorentino', '', 1, '2018-10-16 13:27:28', '2018-10-16 13:27:28', 1, 1),
(2697, 156, 2697, 'Montegiardino', '', 1, '2018-10-16 13:27:28', '2018-10-16 13:27:28', 1, 1),
(2698, 156, 2698, 'San Marino', '', 1, '2018-10-16 13:27:28', '2018-10-16 13:27:28', 1, 1),
(2699, 156, 2699, 'Serravalle', '', 1, '2018-10-16 13:27:28', '2018-10-16 13:27:28', 1, 1),
(2700, 157, 2700, 'Al Khobar', '', 1, '2018-10-16 13:27:28', '2018-10-16 13:27:28', 1, 1),
(2701, 157, 2701, 'Aseer', '', 1, '2018-10-16 13:27:28', '2018-10-16 13:27:28', 1, 1),
(2702, 157, 2702, 'Ash Sharqiyah', '', 1, '2018-10-16 13:27:28', '2018-10-16 13:27:28', 1, 1),
(2703, 157, 2703, 'Asir', '', 1, '2018-10-16 13:27:28', '2018-10-16 13:27:28', 1, 1),
(2704, 157, 2704, 'Central Province', '', 1, '2018-10-16 13:27:28', '2018-10-16 13:27:28', 1, 1),
(2705, 157, 2705, 'Eastern Province', '', 1, '2018-10-16 13:27:28', '2018-10-16 13:27:28', 1, 1),
(2706, 157, 2706, 'Ha\'il', '', 1, '2018-10-16 13:27:28', '2018-10-16 13:27:28', 1, 1),
(2707, 157, 2707, 'Jawf', '', 1, '2018-10-16 13:27:28', '2018-10-16 13:27:28', 1, 1),
(2708, 157, 2708, 'Jizan', '', 1, '2018-10-16 13:27:28', '2018-10-16 13:27:28', 1, 1),
(2709, 157, 2709, 'Makkah', '', 1, '2018-10-16 13:27:28', '2018-10-16 13:27:28', 1, 1),
(2710, 157, 2710, 'Najran', '', 1, '2018-10-16 13:27:28', '2018-10-16 13:27:28', 1, 1),
(2711, 157, 2711, 'Qasim', '', 1, '2018-10-16 13:27:29', '2018-10-16 13:27:29', 1, 1),
(2712, 157, 2712, 'Tabuk', '', 1, '2018-10-16 13:27:29', '2018-10-16 13:27:29', 1, 1),
(2713, 157, 2713, 'Western Province', '', 1, '2018-10-16 13:27:29', '2018-10-16 13:27:29', 1, 1),
(2714, 157, 2714, 'al-Bahah', '', 1, '2018-10-16 13:27:29', '2018-10-16 13:27:29', 1, 1),
(2715, 157, 2715, 'al-Hudud-ash-Shamaliyah', '', 1, '2018-10-16 13:27:29', '2018-10-16 13:27:29', 1, 1),
(2716, 157, 2716, 'al-Madinah', '', 1, '2018-10-16 13:27:29', '2018-10-16 13:27:29', 1, 1),
(2717, 157, 2717, 'ar-Riyad', '', 1, '2018-10-16 13:27:29', '2018-10-16 13:27:29', 1, 1),
(2718, 158, 2718, 'Dakar', '', 1, '2018-10-16 13:27:29', '2018-10-16 13:27:29', 1, 1),
(2719, 158, 2719, 'Diourbel', '', 1, '2018-10-16 13:27:29', '2018-10-16 13:27:29', 1, 1),
(2720, 158, 2720, 'Fatick', '', 1, '2018-10-16 13:27:29', '2018-10-16 13:27:29', 1, 1),
(2721, 158, 2721, 'Kaolack', '', 1, '2018-10-16 13:27:29', '2018-10-16 13:27:29', 1, 1),
(2722, 158, 2722, 'Kolda', '', 1, '2018-10-16 13:27:29', '2018-10-16 13:27:29', 1, 1),
(2723, 158, 2723, 'Louga', '', 1, '2018-10-16 13:27:29', '2018-10-16 13:27:29', 1, 1),
(2724, 158, 2724, 'Saint-Louis', '', 1, '2018-10-16 13:27:29', '2018-10-16 13:27:29', 1, 1),
(2725, 158, 2725, 'Tambacounda', '', 1, '2018-10-16 13:27:29', '2018-10-16 13:27:29', 1, 1),
(2726, 158, 2726, 'Thies', '', 1, '2018-10-16 13:27:29', '2018-10-16 13:27:29', 1, 1),
(2727, 158, 2727, 'Ziguinchor', '', 1, '2018-10-16 13:27:29', '2018-10-16 13:27:29', 1, 1),
(2728, 159, 2728, 'Central Serbia', '', 1, '2018-10-16 13:27:30', '2018-10-16 13:27:30', 1, 1),
(2729, 159, 2729, 'Kosovo and Metohija', '', 1, '2018-10-16 13:27:30', '2018-10-16 13:27:30', 1, 1),
(2730, 159, 2730, 'Vojvodina', '', 1, '2018-10-16 13:27:30', '2018-10-16 13:27:30', 1, 1),
(2731, 160, 2731, 'Anse Boileau', '', 1, '2018-10-16 13:27:30', '2018-10-16 13:27:30', 1, 1),
(2732, 160, 2732, 'Anse Royale', '', 1, '2018-10-16 13:27:30', '2018-10-16 13:27:30', 1, 1),
(2733, 160, 2733, 'Cascade', '', 1, '2018-10-16 13:27:31', '2018-10-16 13:27:31', 1, 1),
(2734, 160, 2734, 'Takamaka', '', 1, '2018-10-16 13:27:31', '2018-10-16 13:27:31', 1, 1),
(2735, 160, 2735, 'Victoria', '', 1, '2018-10-16 13:27:31', '2018-10-16 13:27:31', 1, 1),
(2736, 161, 2736, 'Eastern', '', 1, '2018-10-16 13:27:31', '2018-10-16 13:27:31', 1, 1),
(2737, 161, 2737, 'Northern', '', 1, '2018-10-16 13:27:31', '2018-10-16 13:27:31', 1, 1),
(2738, 161, 2738, 'Southern', '', 1, '2018-10-16 13:27:31', '2018-10-16 13:27:31', 1, 1),
(2739, 161, 2739, 'Western', '', 1, '2018-10-16 13:27:31', '2018-10-16 13:27:31', 1, 1),
(2740, 162, 2740, 'Singapore', '', 1, '2018-10-16 13:27:31', '2018-10-16 13:27:31', 1, 1),
(2741, 163, 2741, 'Banskobystricky', '', 1, '2018-10-16 13:27:31', '2018-10-16 13:27:31', 1, 1),
(2742, 163, 2742, 'Bratislavsky', '', 1, '2018-10-16 13:27:31', '2018-10-16 13:27:31', 1, 1),
(2743, 163, 2743, 'Kosicky', '', 1, '2018-10-16 13:27:31', '2018-10-16 13:27:31', 1, 1),
(2744, 163, 2744, 'Nitriansky', '', 1, '2018-10-16 13:27:31', '2018-10-16 13:27:31', 1, 1),
(2745, 163, 2745, 'Presovsky', '', 1, '2018-10-16 13:27:31', '2018-10-16 13:27:31', 1, 1),
(2746, 163, 2746, 'Trenciansky', '', 1, '2018-10-16 13:27:31', '2018-10-16 13:27:31', 1, 1),
(2747, 163, 2747, 'Trnavsky', '', 1, '2018-10-16 13:27:31', '2018-10-16 13:27:31', 1, 1),
(2748, 163, 2748, 'Zilinsky', '', 1, '2018-10-16 13:27:31', '2018-10-16 13:27:31', 1, 1),
(2749, 164, 2749, 'Benedikt', '', 1, '2018-10-16 13:27:31', '2018-10-16 13:27:31', 1, 1),
(2750, 164, 2750, 'Gorenjska', '', 1, '2018-10-16 13:27:32', '2018-10-16 13:27:32', 1, 1),
(2751, 164, 2751, 'Gorishka', '', 1, '2018-10-16 13:27:32', '2018-10-16 13:27:32', 1, 1),
(2752, 164, 2752, 'Jugovzhodna Slovenija', '', 1, '2018-10-16 13:27:32', '2018-10-16 13:27:32', 1, 1),
(2753, 164, 2753, 'Koroshka', '', 1, '2018-10-16 13:27:32', '2018-10-16 13:27:32', 1, 1),
(2754, 164, 2754, 'Notranjsko-krashka', '', 1, '2018-10-16 13:27:32', '2018-10-16 13:27:32', 1, 1),
(2755, 164, 2755, 'Obalno-krashka', '', 1, '2018-10-16 13:27:32', '2018-10-16 13:27:32', 1, 1),
(2756, 164, 2756, 'Obcina Domzale', '', 1, '2018-10-16 13:27:32', '2018-10-16 13:27:32', 1, 1),
(2757, 164, 2757, 'Obcina Vitanje', '', 1, '2018-10-16 13:27:32', '2018-10-16 13:27:32', 1, 1),
(2758, 164, 2758, 'Osrednjeslovenska', '', 1, '2018-10-16 13:27:32', '2018-10-16 13:27:32', 1, 1),
(2759, 164, 2759, 'Podravska', '', 1, '2018-10-16 13:27:32', '2018-10-16 13:27:32', 1, 1),
(2760, 164, 2760, 'Pomurska', '', 1, '2018-10-16 13:27:32', '2018-10-16 13:27:32', 1, 1),
(2761, 164, 2761, 'Savinjska', '', 1, '2018-10-16 13:27:32', '2018-10-16 13:27:32', 1, 1),
(2762, 164, 2762, 'Slovenian Littoral', '', 1, '2018-10-16 13:27:32', '2018-10-16 13:27:32', 1, 1),
(2763, 164, 2763, 'Spodnjeposavska', '', 1, '2018-10-16 13:27:32', '2018-10-16 13:27:32', 1, 1),
(2764, 164, 2764, 'Zasavska', '', 1, '2018-10-16 13:27:32', '2018-10-16 13:27:32', 1, 1),
(2765, 165, 2765, 'Central', '', 1, '2018-10-16 13:27:32', '2018-10-16 13:27:32', 1, 1),
(2766, 165, 2766, 'Choiseul', '', 1, '2018-10-16 13:27:32', '2018-10-16 13:27:32', 1, 1),
(2767, 165, 2767, 'Guadalcanal', '', 1, '2018-10-16 13:27:32', '2018-10-16 13:27:32', 1, 1),
(2768, 165, 2768, 'Isabel', '', 1, '2018-10-16 13:27:32', '2018-10-16 13:27:32', 1, 1),
(2769, 165, 2769, 'Makira and Ulawa', '', 1, '2018-10-16 13:27:32', '2018-10-16 13:27:32', 1, 1),
(2770, 165, 2770, 'Malaita', '', 1, '2018-10-16 13:27:32', '2018-10-16 13:27:32', 1, 1),
(2771, 165, 2771, 'Rennell and Bellona', '', 1, '2018-10-16 13:27:33', '2018-10-16 13:27:33', 1, 1),
(2772, 165, 2772, 'Temotu', '', 1, '2018-10-16 13:27:33', '2018-10-16 13:27:33', 1, 1),
(2773, 165, 2773, 'Western', '', 1, '2018-10-16 13:27:33', '2018-10-16 13:27:33', 1, 1),
(2774, 166, 2774, 'Eastern Cape', '', 1, '2018-10-16 13:27:33', '2018-10-16 13:27:33', 1, 1),
(2775, 166, 2775, 'Free State', '', 1, '2018-10-16 13:27:33', '2018-10-16 13:27:33', 1, 1),
(2776, 166, 2776, 'Gauteng', '', 1, '2018-10-16 13:27:33', '2018-10-16 13:27:33', 1, 1),
(2777, 166, 2777, 'Kempton Park', '', 1, '2018-10-16 13:27:33', '2018-10-16 13:27:33', 1, 1),
(2778, 166, 2778, 'Kramerville', '', 1, '2018-10-16 13:27:33', '2018-10-16 13:27:33', 1, 1),
(2779, 166, 2779, 'KwaZulu Natal', '', 1, '2018-10-16 13:27:33', '2018-10-16 13:27:33', 1, 1),
(2780, 166, 2780, 'Limpopo', '', 1, '2018-10-16 13:27:33', '2018-10-16 13:27:33', 1, 1),
(2781, 166, 2781, 'Mpumalanga', '', 1, '2018-10-16 13:27:33', '2018-10-16 13:27:33', 1, 1),
(2782, 166, 2782, 'North West', '', 1, '2018-10-16 13:27:33', '2018-10-16 13:27:33', 1, 1),
(2783, 166, 2783, 'Northern Cape', '', 1, '2018-10-16 13:27:33', '2018-10-16 13:27:33', 1, 1),
(2784, 166, 2784, 'Parow', '', 1, '2018-10-16 13:27:33', '2018-10-16 13:27:33', 1, 1),
(2785, 166, 2785, 'Table View', '', 1, '2018-10-16 13:27:33', '2018-10-16 13:27:33', 1, 1),
(2786, 166, 2786, 'Umtentweni', '', 1, '2018-10-16 13:27:33', '2018-10-16 13:27:33', 1, 1),
(2787, 166, 2787, 'Western Cape', '', 1, '2018-10-16 13:27:33', '2018-10-16 13:27:33', 1, 1),
(2788, 167, 2788, 'South Georgia', '', 1, '2018-10-16 13:27:33', '2018-10-16 13:27:33', 1, 1),
(2789, 168, 2789, 'A Coruna', '', 1, '2018-10-16 13:27:33', '2018-10-16 13:27:33', 1, 1),
(2790, 168, 2790, 'Alacant', '', 1, '2018-10-16 13:27:34', '2018-10-16 13:27:34', 1, 1),
(2791, 168, 2791, 'Alava', '', 1, '2018-10-16 13:27:34', '2018-10-16 13:27:34', 1, 1),
(2792, 168, 2792, 'Albacete', '', 1, '2018-10-16 13:27:34', '2018-10-16 13:27:34', 1, 1),
(2793, 168, 2793, 'Almeria', '', 1, '2018-10-16 13:27:34', '2018-10-16 13:27:34', 1, 1),
(2794, 168, 2794, 'Andalucia', '', 1, '2018-10-16 13:27:34', '2018-10-16 13:27:34', 1, 1),
(2795, 168, 2795, 'Asturias', '', 1, '2018-10-16 13:27:34', '2018-10-16 13:27:34', 1, 1),
(2796, 168, 2796, 'Avila', '', 1, '2018-10-16 13:27:34', '2018-10-16 13:27:34', 1, 1),
(2797, 168, 2797, 'Badajoz', '', 1, '2018-10-16 13:27:34', '2018-10-16 13:27:34', 1, 1),
(2798, 168, 2798, 'Balears', '', 1, '2018-10-16 13:27:34', '2018-10-16 13:27:34', 1, 1),
(2799, 168, 2799, 'Barcelona', '', 1, '2018-10-16 13:27:34', '2018-10-16 13:27:34', 1, 1),
(2800, 168, 2800, 'Bertamirans', '', 1, '2018-10-16 13:27:34', '2018-10-16 13:27:34', 1, 1),
(2801, 168, 2801, 'Biscay', '', 1, '2018-10-16 13:27:34', '2018-10-16 13:27:34', 1, 1),
(2802, 168, 2802, 'Burgos', '', 1, '2018-10-16 13:27:34', '2018-10-16 13:27:34', 1, 1),
(2803, 168, 2803, 'Caceres', '', 1, '2018-10-16 13:27:34', '2018-10-16 13:27:34', 1, 1),
(2804, 168, 2804, 'Cadiz', '', 1, '2018-10-16 13:27:34', '2018-10-16 13:27:34', 1, 1),
(2805, 168, 2805, 'Cantabria', '', 1, '2018-10-16 13:27:34', '2018-10-16 13:27:34', 1, 1),
(2806, 168, 2806, 'Castello', '', 1, '2018-10-16 13:27:34', '2018-10-16 13:27:34', 1, 1),
(2807, 168, 2807, 'Catalunya', '', 1, '2018-10-16 13:27:34', '2018-10-16 13:27:34', 1, 1),
(2808, 168, 2808, 'Ceuta', '', 1, '2018-10-16 13:27:34', '2018-10-16 13:27:34', 1, 1),
(2809, 168, 2809, 'Ciudad Real', '', 1, '2018-10-16 13:27:34', '2018-10-16 13:27:34', 1, 1),
(2810, 168, 2810, 'Comunidad Autonoma de Canarias', '', 1, '2018-10-16 13:27:34', '2018-10-16 13:27:34', 1, 1),
(2811, 168, 2811, 'Comunidad Autonoma de Cataluna', '', 1, '2018-10-16 13:27:34', '2018-10-16 13:27:34', 1, 1),
(2812, 168, 2812, 'Comunidad Autonoma de Galicia', '', 1, '2018-10-16 13:27:35', '2018-10-16 13:27:35', 1, 1),
(2813, 168, 2813, 'Comunidad Autonoma de las Isla', '', 1, '2018-10-16 13:27:35', '2018-10-16 13:27:35', 1, 1),
(2814, 168, 2814, 'Comunidad Autonoma del Princip', '', 1, '2018-10-16 13:27:35', '2018-10-16 13:27:35', 1, 1),
(2815, 168, 2815, 'Comunidad Valenciana', '', 1, '2018-10-16 13:27:35', '2018-10-16 13:27:35', 1, 1),
(2816, 168, 2816, 'Cordoba', '', 1, '2018-10-16 13:27:35', '2018-10-16 13:27:35', 1, 1),
(2817, 168, 2817, 'Cuenca', '', 1, '2018-10-16 13:27:35', '2018-10-16 13:27:35', 1, 1),
(2818, 168, 2818, 'Gipuzkoa', '', 1, '2018-10-16 13:27:35', '2018-10-16 13:27:35', 1, 1),
(2819, 168, 2819, 'Girona', '', 1, '2018-10-16 13:27:35', '2018-10-16 13:27:35', 1, 1),
(2820, 168, 2820, 'Granada', '', 1, '2018-10-16 13:27:35', '2018-10-16 13:27:35', 1, 1),
(2821, 168, 2821, 'Guadalajara', '', 1, '2018-10-16 13:27:35', '2018-10-16 13:27:35', 1, 1),
(2822, 168, 2822, 'Guipuzcoa', '', 1, '2018-10-16 13:27:35', '2018-10-16 13:27:35', 1, 1),
(2823, 168, 2823, 'Huelva', '', 1, '2018-10-16 13:27:35', '2018-10-16 13:27:35', 1, 1),
(2824, 168, 2824, 'Huesca', '', 1, '2018-10-16 13:27:35', '2018-10-16 13:27:35', 1, 1),
(2825, 168, 2825, 'Jaen', '', 1, '2018-10-16 13:27:35', '2018-10-16 13:27:35', 1, 1),
(2826, 168, 2826, 'La Rioja', '', 1, '2018-10-16 13:27:35', '2018-10-16 13:27:35', 1, 1),
(2827, 168, 2827, 'Las Palmas', '', 1, '2018-10-16 13:27:35', '2018-10-16 13:27:35', 1, 1),
(2828, 168, 2828, 'Leon', '', 1, '2018-10-16 13:27:35', '2018-10-16 13:27:35', 1, 1),
(2829, 168, 2829, 'Lerida', '', 1, '2018-10-16 13:27:35', '2018-10-16 13:27:35', 1, 1),
(2830, 168, 2830, 'Lleida', '', 1, '2018-10-16 13:27:35', '2018-10-16 13:27:35', 1, 1),
(2831, 168, 2831, 'Lugo', '', 1, '2018-10-16 13:27:35', '2018-10-16 13:27:35', 1, 1),
(2832, 168, 2832, 'Madrid', '', 1, '2018-10-16 13:27:35', '2018-10-16 13:27:35', 1, 1),
(2833, 168, 2833, 'Malaga', '', 1, '2018-10-16 13:27:36', '2018-10-16 13:27:36', 1, 1),
(2834, 168, 2834, 'Melilla', '', 1, '2018-10-16 13:27:36', '2018-10-16 13:27:36', 1, 1),
(2835, 168, 2835, 'Murcia', '', 1, '2018-10-16 13:27:36', '2018-10-16 13:27:36', 1, 1),
(2836, 168, 2836, 'Navarra', '', 1, '2018-10-16 13:27:36', '2018-10-16 13:27:36', 1, 1),
(2837, 168, 2837, 'Ourense', '', 1, '2018-10-16 13:27:36', '2018-10-16 13:27:36', 1, 1),
(2838, 168, 2838, 'Pais Vasco', '', 1, '2018-10-16 13:27:36', '2018-10-16 13:27:36', 1, 1),
(2839, 168, 2839, 'Palencia', '', 1, '2018-10-16 13:27:36', '2018-10-16 13:27:36', 1, 1),
(2840, 168, 2840, 'Pontevedra', '', 1, '2018-10-16 13:27:36', '2018-10-16 13:27:36', 1, 1),
(2841, 168, 2841, 'Salamanca', '', 1, '2018-10-16 13:27:36', '2018-10-16 13:27:36', 1, 1),
(2842, 168, 2842, 'Santa Cruz de Tenerife', '', 1, '2018-10-16 13:27:37', '2018-10-16 13:27:37', 1, 1),
(2843, 168, 2843, 'Segovia', '', 1, '2018-10-16 13:27:37', '2018-10-16 13:27:37', 1, 1),
(2844, 168, 2844, 'Sevilla', '', 1, '2018-10-16 13:27:37', '2018-10-16 13:27:37', 1, 1),
(2845, 168, 2845, 'Soria', '', 1, '2018-10-16 13:27:37', '2018-10-16 13:27:37', 1, 1),
(2846, 168, 2846, 'Tarragona', '', 1, '2018-10-16 13:27:37', '2018-10-16 13:27:37', 1, 1),
(2847, 168, 2847, 'Tenerife', '', 1, '2018-10-16 13:27:37', '2018-10-16 13:27:37', 1, 1),
(2848, 168, 2848, 'Teruel', '', 1, '2018-10-16 13:27:37', '2018-10-16 13:27:37', 1, 1),
(2849, 168, 2849, 'Toledo', '', 1, '2018-10-16 13:27:37', '2018-10-16 13:27:37', 1, 1),
(2850, 168, 2850, 'Valencia', '', 1, '2018-10-16 13:27:37', '2018-10-16 13:27:37', 1, 1),
(2851, 168, 2851, 'Valladolid', '', 1, '2018-10-16 13:27:37', '2018-10-16 13:27:37', 1, 1),
(2852, 168, 2852, 'Vizcaya', '', 1, '2018-10-16 13:27:37', '2018-10-16 13:27:37', 1, 1),
(2853, 168, 2853, 'Zamora', '', 1, '2018-10-16 13:27:37', '2018-10-16 13:27:37', 1, 1),
(2854, 168, 2854, 'Zaragoza', '', 1, '2018-10-16 13:27:37', '2018-10-16 13:27:37', 1, 1),
(2855, 169, 2855, 'Amparai', '', 1, '2018-10-16 13:27:37', '2018-10-16 13:27:37', 1, 1),
(2856, 169, 2856, 'Anuradhapuraya', '', 1, '2018-10-16 13:27:37', '2018-10-16 13:27:37', 1, 1),
(2857, 169, 2857, 'Badulla', '', 1, '2018-10-16 13:27:37', '2018-10-16 13:27:37', 1, 1),
(2858, 169, 2858, 'Boralesgamuwa', '', 1, '2018-10-16 13:27:38', '2018-10-16 13:27:38', 1, 1),
(2859, 169, 2859, 'Colombo', '', 1, '2018-10-16 13:27:38', '2018-10-16 13:27:38', 1, 1),
(2860, 169, 2860, 'Galla', '', 1, '2018-10-16 13:27:38', '2018-10-16 13:27:38', 1, 1),
(2861, 169, 2861, 'Gampaha', '', 1, '2018-10-16 13:27:38', '2018-10-16 13:27:38', 1, 1),
(2862, 169, 2862, 'Hambantota', '', 1, '2018-10-16 13:27:38', '2018-10-16 13:27:38', 1, 1),
(2863, 169, 2863, 'Kalatura', '', 1, '2018-10-16 13:27:38', '2018-10-16 13:27:38', 1, 1),
(2864, 169, 2864, 'Kegalla', '', 1, '2018-10-16 13:27:38', '2018-10-16 13:27:38', 1, 1),
(2865, 169, 2865, 'Kilinochchi', '', 1, '2018-10-16 13:27:38', '2018-10-16 13:27:38', 1, 1),
(2866, 169, 2866, 'Kurunegala', '', 1, '2018-10-16 13:27:38', '2018-10-16 13:27:38', 1, 1),
(2867, 169, 2867, 'Madakalpuwa', '', 1, '2018-10-16 13:27:38', '2018-10-16 13:27:38', 1, 1),
(2868, 169, 2868, 'Maha Nuwara', '', 1, '2018-10-16 13:27:38', '2018-10-16 13:27:38', 1, 1),
(2869, 169, 2869, 'Malwana', '', 1, '2018-10-16 13:27:38', '2018-10-16 13:27:38', 1, 1),
(2870, 169, 2870, 'Mannarama', '', 1, '2018-10-16 13:27:38', '2018-10-16 13:27:38', 1, 1),
(2871, 169, 2871, 'Matale', '', 1, '2018-10-16 13:27:38', '2018-10-16 13:27:38', 1, 1),
(2872, 169, 2872, 'Matara', '', 1, '2018-10-16 13:27:38', '2018-10-16 13:27:38', 1, 1),
(2873, 169, 2873, 'Monaragala', '', 1, '2018-10-16 13:27:38', '2018-10-16 13:27:38', 1, 1),
(2874, 169, 2874, 'Mullaitivu', '', 1, '2018-10-16 13:27:38', '2018-10-16 13:27:38', 1, 1),
(2875, 169, 2875, 'North Eastern Province', '', 1, '2018-10-16 13:27:39', '2018-10-16 13:27:39', 1, 1),
(2876, 169, 2876, 'North Western Province', '', 1, '2018-10-16 13:27:39', '2018-10-16 13:27:39', 1, 1),
(2877, 169, 2877, 'Nuwara Eliya', '', 1, '2018-10-16 13:27:39', '2018-10-16 13:27:39', 1, 1),
(2878, 169, 2878, 'Polonnaruwa', '', 1, '2018-10-16 13:27:39', '2018-10-16 13:27:39', 1, 1),
(2879, 169, 2879, 'Puttalama', '', 1, '2018-10-16 13:27:39', '2018-10-16 13:27:39', 1, 1),
(2880, 169, 2880, 'Ratnapuraya', '', 1, '2018-10-16 13:27:39', '2018-10-16 13:27:39', 1, 1),
(2881, 169, 2881, 'Southern Province', '', 1, '2018-10-16 13:27:39', '2018-10-16 13:27:39', 1, 1),
(2882, 169, 2882, 'Tirikunamalaya', '', 1, '2018-10-16 13:27:39', '2018-10-16 13:27:39', 1, 1),
(2883, 169, 2883, 'Tuscany', '', 1, '2018-10-16 13:27:39', '2018-10-16 13:27:39', 1, 1),
(2884, 169, 2884, 'Vavuniyawa', '', 1, '2018-10-16 13:27:39', '2018-10-16 13:27:39', 1, 1),
(2885, 169, 2885, 'Western Province', '', 1, '2018-10-16 13:27:39', '2018-10-16 13:27:39', 1, 1),
(2886, 169, 2886, 'Yapanaya', '', 1, '2018-10-16 13:27:39', '2018-10-16 13:27:39', 1, 1),
(2887, 169, 2887, 'kadawatha', '', 1, '2018-10-16 13:27:39', '2018-10-16 13:27:39', 1, 1),
(2888, 170, 2888, 'A\'ali-an-Nil', '', 1, '2018-10-16 13:27:39', '2018-10-16 13:27:39', 1, 1),
(2889, 170, 2889, 'Bahr-al-Jabal', '', 1, '2018-10-16 13:27:39', '2018-10-16 13:27:39', 1, 1),
(2890, 170, 2890, 'Central Equatoria', '', 1, '2018-10-16 13:27:39', '2018-10-16 13:27:39', 1, 1),
(2891, 170, 2891, 'Gharb Bahr-al-Ghazal', '', 1, '2018-10-16 13:27:39', '2018-10-16 13:27:39', 1, 1),
(2892, 170, 2892, 'Gharb Darfur', '', 1, '2018-10-16 13:27:39', '2018-10-16 13:27:39', 1, 1),
(2893, 170, 2893, 'Gharb Kurdufan', '', 1, '2018-10-16 13:27:39', '2018-10-16 13:27:39', 1, 1),
(2894, 170, 2894, 'Gharb-al-Istiwa\'iyah', '', 1, '2018-10-16 13:27:39', '2018-10-16 13:27:39', 1, 1),
(2895, 170, 2895, 'Janub Darfur', '', 1, '2018-10-16 13:27:39', '2018-10-16 13:27:39', 1, 1),
(2896, 170, 2896, 'Janub Kurdufan', '', 1, '2018-10-16 13:27:40', '2018-10-16 13:27:40', 1, 1),
(2897, 170, 2897, 'Junqali', '', 1, '2018-10-16 13:27:40', '2018-10-16 13:27:40', 1, 1),
(2898, 170, 2898, 'Kassala', '', 1, '2018-10-16 13:27:40', '2018-10-16 13:27:40', 1, 1),
(2899, 170, 2899, 'Nahr-an-Nil', '', 1, '2018-10-16 13:27:40', '2018-10-16 13:27:40', 1, 1),
(2900, 170, 2900, 'Shamal Bahr-al-Ghazal', '', 1, '2018-10-16 13:27:40', '2018-10-16 13:27:40', 1, 1),
(2901, 170, 2901, 'Shamal Darfur', '', 1, '2018-10-16 13:27:40', '2018-10-16 13:27:40', 1, 1),
(2902, 170, 2902, 'Shamal Kurdufan', '', 1, '2018-10-16 13:27:40', '2018-10-16 13:27:40', 1, 1),
(2903, 170, 2903, 'Sharq-al-Istiwa\'iyah', '', 1, '2018-10-16 13:27:40', '2018-10-16 13:27:40', 1, 1),
(2904, 170, 2904, 'Sinnar', '', 1, '2018-10-16 13:27:40', '2018-10-16 13:27:40', 1, 1),
(2905, 170, 2905, 'Warab', '', 1, '2018-10-16 13:27:40', '2018-10-16 13:27:40', 1, 1),
(2906, 170, 2906, 'Wilayat al Khartum', '', 1, '2018-10-16 13:27:40', '2018-10-16 13:27:40', 1, 1),
(2907, 170, 2907, 'al-Bahr-al-Ahmar', '', 1, '2018-10-16 13:27:40', '2018-10-16 13:27:40', 1, 1),
(2908, 170, 2908, 'al-Buhayrat', '', 1, '2018-10-16 13:27:40', '2018-10-16 13:27:40', 1, 1),
(2909, 170, 2909, 'al-Jazirah', '', 1, '2018-10-16 13:27:40', '2018-10-16 13:27:40', 1, 1),
(2910, 170, 2910, 'al-Khartum', '', 1, '2018-10-16 13:27:40', '2018-10-16 13:27:40', 1, 1),
(2911, 170, 2911, 'al-Qadarif', '', 1, '2018-10-16 13:27:40', '2018-10-16 13:27:40', 1, 1),
(2912, 170, 2912, 'al-Wahdah', '', 1, '2018-10-16 13:27:40', '2018-10-16 13:27:40', 1, 1),
(2913, 170, 2913, 'an-Nil-al-Abyad', '', 1, '2018-10-16 13:27:40', '2018-10-16 13:27:40', 1, 1),
(2914, 170, 2914, 'an-Nil-al-Azraq', '', 1, '2018-10-16 13:27:40', '2018-10-16 13:27:40', 1, 1),
(2915, 170, 2915, 'ash-Shamaliyah', '', 1, '2018-10-16 13:27:40', '2018-10-16 13:27:40', 1, 1),
(2916, 171, 2916, 'Brokopondo', '', 1, '2018-10-16 13:27:41', '2018-10-16 13:27:41', 1, 1),
(2917, 171, 2917, 'Commewijne', '', 1, '2018-10-16 13:27:41', '2018-10-16 13:27:41', 1, 1),
(2918, 171, 2918, 'Coronie', '', 1, '2018-10-16 13:27:41', '2018-10-16 13:27:41', 1, 1),
(2919, 171, 2919, 'Marowijne', '', 1, '2018-10-16 13:27:41', '2018-10-16 13:27:41', 1, 1),
(2920, 171, 2920, 'Nickerie', '', 1, '2018-10-16 13:27:41', '2018-10-16 13:27:41', 1, 1),
(2921, 171, 2921, 'Para', '', 1, '2018-10-16 13:27:41', '2018-10-16 13:27:41', 1, 1),
(2922, 171, 2922, 'Paramaribo', '', 1, '2018-10-16 13:27:41', '2018-10-16 13:27:41', 1, 1),
(2923, 171, 2923, 'Saramacca', '', 1, '2018-10-16 13:27:41', '2018-10-16 13:27:41', 1, 1),
(2924, 171, 2924, 'Wanica', '', 1, '2018-10-16 13:27:41', '2018-10-16 13:27:41', 1, 1),
(2925, 172, 2925, 'Hhohho', '', 1, '2018-10-16 13:27:41', '2018-10-16 13:27:41', 1, 1),
(2926, 172, 2926, 'Lubombo', '', 1, '2018-10-16 13:27:41', '2018-10-16 13:27:41', 1, 1),
(2927, 172, 2927, 'Manzini', '', 1, '2018-10-16 13:27:41', '2018-10-16 13:27:41', 1, 1),
(2928, 172, 2928, 'Shiselweni', '', 1, '2018-10-16 13:27:41', '2018-10-16 13:27:41', 1, 1),
(2929, 173, 2929, 'Alvsborgs Lan', '', 1, '2018-10-16 13:27:41', '2018-10-16 13:27:41', 1, 1),
(2930, 173, 2930, 'Angermanland', '', 1, '2018-10-16 13:27:41', '2018-10-16 13:27:41', 1, 1),
(2931, 173, 2931, 'Blekinge', '', 1, '2018-10-16 13:27:41', '2018-10-16 13:27:41', 1, 1),
(2932, 173, 2932, 'Bohuslan', '', 1, '2018-10-16 13:27:41', '2018-10-16 13:27:41', 1, 1),
(2933, 173, 2933, 'Dalarna', '', 1, '2018-10-16 13:27:41', '2018-10-16 13:27:41', 1, 1),
(2934, 173, 2934, 'Gavleborg', '', 1, '2018-10-16 13:27:41', '2018-10-16 13:27:41', 1, 1),
(2935, 173, 2935, 'Gaza', '', 1, '2018-10-16 13:27:41', '2018-10-16 13:27:41', 1, 1),
(2936, 173, 2936, 'Gotland', '', 1, '2018-10-16 13:27:41', '2018-10-16 13:27:41', 1, 1),
(2937, 173, 2937, 'Halland', '', 1, '2018-10-16 13:27:42', '2018-10-16 13:27:42', 1, 1),
(2938, 173, 2938, 'Jamtland', '', 1, '2018-10-16 13:27:42', '2018-10-16 13:27:42', 1, 1),
(2939, 173, 2939, 'Jonkoping', '', 1, '2018-10-16 13:27:42', '2018-10-16 13:27:42', 1, 1),
(2940, 173, 2940, 'Kalmar', '', 1, '2018-10-16 13:27:42', '2018-10-16 13:27:42', 1, 1),
(2941, 173, 2941, 'Kristianstads', '', 1, '2018-10-16 13:27:42', '2018-10-16 13:27:42', 1, 1),
(2942, 173, 2942, 'Kronoberg', '', 1, '2018-10-16 13:27:42', '2018-10-16 13:27:42', 1, 1),
(2943, 173, 2943, 'Norrbotten', '', 1, '2018-10-16 13:27:42', '2018-10-16 13:27:42', 1, 1),
(2944, 173, 2944, 'Orebro', '', 1, '2018-10-16 13:27:42', '2018-10-16 13:27:42', 1, 1),
(2945, 173, 2945, 'Ostergotland', '', 1, '2018-10-16 13:27:42', '2018-10-16 13:27:42', 1, 1),
(2946, 173, 2946, 'Saltsjo-Boo', '', 1, '2018-10-16 13:27:42', '2018-10-16 13:27:42', 1, 1),
(2947, 173, 2947, 'Skane', '', 1, '2018-10-16 13:27:42', '2018-10-16 13:27:42', 1, 1),
(2948, 173, 2948, 'Smaland', '', 1, '2018-10-16 13:27:42', '2018-10-16 13:27:42', 1, 1),
(2949, 173, 2949, 'Sodermanland', '', 1, '2018-10-16 13:27:42', '2018-10-16 13:27:42', 1, 1),
(2950, 173, 2950, 'Stockholm', '', 1, '2018-10-16 13:27:42', '2018-10-16 13:27:42', 1, 1),
(2951, 173, 2951, 'Uppsala', '', 1, '2018-10-16 13:27:42', '2018-10-16 13:27:42', 1, 1),
(2952, 173, 2952, 'Varmland', '', 1, '2018-10-16 13:27:42', '2018-10-16 13:27:42', 1, 1),
(2953, 173, 2953, 'Vasterbotten', '', 1, '2018-10-16 13:27:43', '2018-10-16 13:27:43', 1, 1),
(2954, 173, 2954, 'Vastergotland', '', 1, '2018-10-16 13:27:43', '2018-10-16 13:27:43', 1, 1),
(2955, 173, 2955, 'Vasternorrland', '', 1, '2018-10-16 13:27:43', '2018-10-16 13:27:43', 1, 1),
(2956, 173, 2956, 'Vastmanland', '', 1, '2018-10-16 13:27:43', '2018-10-16 13:27:43', 1, 1),
(2957, 173, 2957, 'Vastra Gotaland', '', 1, '2018-10-16 13:27:43', '2018-10-16 13:27:43', 1, 1),
(2958, 174, 2958, 'Aargau', '', 1, '2018-10-16 13:27:43', '2018-10-16 13:27:43', 1, 1),
(2959, 174, 2959, 'Appenzell Inner-Rhoden', '', 1, '2018-10-16 13:27:43', '2018-10-16 13:27:43', 1, 1),
(2960, 174, 2960, 'Appenzell-Ausser Rhoden', '', 1, '2018-10-16 13:27:43', '2018-10-16 13:27:43', 1, 1),
(2961, 174, 2961, 'Basel-Landschaft', '', 1, '2018-10-16 13:27:43', '2018-10-16 13:27:43', 1, 1),
(2962, 174, 2962, 'Basel-Stadt', '', 1, '2018-10-16 13:27:43', '2018-10-16 13:27:43', 1, 1),
(2963, 174, 2963, 'Bern', '', 1, '2018-10-16 13:27:43', '2018-10-16 13:27:43', 1, 1),
(2964, 174, 2964, 'Canton Ticino', '', 1, '2018-10-16 13:27:43', '2018-10-16 13:27:43', 1, 1),
(2965, 174, 2965, 'Fribourg', '', 1, '2018-10-16 13:27:43', '2018-10-16 13:27:43', 1, 1),
(2966, 174, 2966, 'Geneve', '', 1, '2018-10-16 13:27:43', '2018-10-16 13:27:43', 1, 1),
(2967, 174, 2967, 'Glarus', '', 1, '2018-10-16 13:27:43', '2018-10-16 13:27:43', 1, 1),
(2968, 174, 2968, 'Graubunden', '', 1, '2018-10-16 13:27:43', '2018-10-16 13:27:43', 1, 1),
(2969, 174, 2969, 'Heerbrugg', '', 1, '2018-10-16 13:27:43', '2018-10-16 13:27:43', 1, 1),
(2970, 174, 2970, 'Jura', '', 1, '2018-10-16 13:27:44', '2018-10-16 13:27:44', 1, 1);
INSERT INTO `states_text` (`StateTextID`, `CountryID`, `StateID`, `Title`, `Seo`, `SystemLanguageID`, `CreatedAt`, `UpdatedAt`, `CreatedBy`, `UpdatedBy`) VALUES
(2971, 174, 2971, 'Kanton Aargau', '', 1, '2018-10-16 13:27:44', '2018-10-16 13:27:44', 1, 1),
(2972, 174, 2972, 'Luzern', '', 1, '2018-10-16 13:27:44', '2018-10-16 13:27:44', 1, 1),
(2973, 174, 2973, 'Morbio Inferiore', '', 1, '2018-10-16 13:27:44', '2018-10-16 13:27:44', 1, 1),
(2974, 174, 2974, 'Muhen', '', 1, '2018-10-16 13:27:44', '2018-10-16 13:27:44', 1, 1),
(2975, 174, 2975, 'Neuchatel', '', 1, '2018-10-16 13:27:44', '2018-10-16 13:27:44', 1, 1),
(2976, 174, 2976, 'Nidwalden', '', 1, '2018-10-16 13:27:44', '2018-10-16 13:27:44', 1, 1),
(2977, 174, 2977, 'Obwalden', '', 1, '2018-10-16 13:27:44', '2018-10-16 13:27:44', 1, 1),
(2978, 174, 2978, 'Sankt Gallen', '', 1, '2018-10-16 13:27:44', '2018-10-16 13:27:44', 1, 1),
(2979, 174, 2979, 'Schaffhausen', '', 1, '2018-10-16 13:27:44', '2018-10-16 13:27:44', 1, 1),
(2980, 174, 2980, 'Schwyz', '', 1, '2018-10-16 13:27:44', '2018-10-16 13:27:44', 1, 1),
(2981, 174, 2981, 'Solothurn', '', 1, '2018-10-16 13:27:44', '2018-10-16 13:27:44', 1, 1),
(2982, 174, 2982, 'Thurgau', '', 1, '2018-10-16 13:27:44', '2018-10-16 13:27:44', 1, 1),
(2983, 174, 2983, 'Ticino', '', 1, '2018-10-16 13:27:44', '2018-10-16 13:27:44', 1, 1),
(2984, 174, 2984, 'Uri', '', 1, '2018-10-16 13:27:44', '2018-10-16 13:27:44', 1, 1),
(2985, 174, 2985, 'Valais', '', 1, '2018-10-16 13:27:44', '2018-10-16 13:27:44', 1, 1),
(2986, 174, 2986, 'Vaud', '', 1, '2018-10-16 13:27:44', '2018-10-16 13:27:44', 1, 1),
(2987, 174, 2987, 'Vauffelin', '', 1, '2018-10-16 13:27:44', '2018-10-16 13:27:44', 1, 1),
(2988, 174, 2988, 'Zug', '', 1, '2018-10-16 13:27:44', '2018-10-16 13:27:44', 1, 1),
(2989, 174, 2989, 'Zurich', '', 1, '2018-10-16 13:27:44', '2018-10-16 13:27:44', 1, 1),
(2990, 175, 2990, 'Dushanbe', '', 1, '2018-10-16 13:27:45', '2018-10-16 13:27:45', 1, 1),
(2991, 175, 2991, 'Gorno-Badakhshan', '', 1, '2018-10-16 13:27:45', '2018-10-16 13:27:45', 1, 1),
(2992, 175, 2992, 'Karotegin', '', 1, '2018-10-16 13:27:45', '2018-10-16 13:27:45', 1, 1),
(2993, 175, 2993, 'Khatlon', '', 1, '2018-10-16 13:27:45', '2018-10-16 13:27:45', 1, 1),
(2994, 175, 2994, 'Sughd', '', 1, '2018-10-16 13:27:45', '2018-10-16 13:27:45', 1, 1),
(2995, 176, 2995, 'Amnat Charoen', '', 1, '2018-10-16 13:27:45', '2018-10-16 13:27:45', 1, 1),
(2996, 176, 2996, 'Ang Thong', '', 1, '2018-10-16 13:27:45', '2018-10-16 13:27:45', 1, 1),
(2997, 176, 2997, 'Bangkok', '', 1, '2018-10-16 13:27:45', '2018-10-16 13:27:45', 1, 1),
(2998, 176, 2998, 'Buri Ram', '', 1, '2018-10-16 13:27:45', '2018-10-16 13:27:45', 1, 1),
(2999, 176, 2999, 'Chachoengsao', '', 1, '2018-10-16 13:27:45', '2018-10-16 13:27:45', 1, 1),
(3000, 176, 3000, 'Chai Nat', '', 1, '2018-10-16 13:27:45', '2018-10-16 13:27:45', 1, 1),
(3001, 176, 3001, 'Chaiyaphum', '', 1, '2018-10-16 13:27:45', '2018-10-16 13:27:45', 1, 1),
(3002, 176, 3002, 'Changwat Chaiyaphum', '', 1, '2018-10-16 13:27:45', '2018-10-16 13:27:45', 1, 1),
(3003, 176, 3003, 'Chanthaburi', '', 1, '2018-10-16 13:27:45', '2018-10-16 13:27:45', 1, 1),
(3004, 176, 3004, 'Chiang Mai', '', 1, '2018-10-16 13:27:45', '2018-10-16 13:27:45', 1, 1),
(3005, 176, 3005, 'Chiang Rai', '', 1, '2018-10-16 13:27:45', '2018-10-16 13:27:45', 1, 1),
(3006, 176, 3006, 'Chon Buri', '', 1, '2018-10-16 13:27:45', '2018-10-16 13:27:45', 1, 1),
(3007, 176, 3007, 'Chumphon', '', 1, '2018-10-16 13:27:45', '2018-10-16 13:27:45', 1, 1),
(3008, 176, 3008, 'Kalasin', '', 1, '2018-10-16 13:27:46', '2018-10-16 13:27:46', 1, 1),
(3009, 176, 3009, 'Kamphaeng Phet', '', 1, '2018-10-16 13:27:46', '2018-10-16 13:27:46', 1, 1),
(3010, 176, 3010, 'Kanchanaburi', '', 1, '2018-10-16 13:27:46', '2018-10-16 13:27:46', 1, 1),
(3011, 176, 3011, 'Khon Kaen', '', 1, '2018-10-16 13:27:46', '2018-10-16 13:27:46', 1, 1),
(3012, 176, 3012, 'Krabi', '', 1, '2018-10-16 13:27:46', '2018-10-16 13:27:46', 1, 1),
(3013, 176, 3013, 'Krung Thep', '', 1, '2018-10-16 13:27:46', '2018-10-16 13:27:46', 1, 1),
(3014, 176, 3014, 'Lampang', '', 1, '2018-10-16 13:27:46', '2018-10-16 13:27:46', 1, 1),
(3015, 176, 3015, 'Lamphun', '', 1, '2018-10-16 13:27:46', '2018-10-16 13:27:46', 1, 1),
(3016, 176, 3016, 'Loei', '', 1, '2018-10-16 13:27:46', '2018-10-16 13:27:46', 1, 1),
(3017, 176, 3017, 'Lop Buri', '', 1, '2018-10-16 13:27:46', '2018-10-16 13:27:46', 1, 1),
(3018, 176, 3018, 'Mae Hong Son', '', 1, '2018-10-16 13:27:46', '2018-10-16 13:27:46', 1, 1),
(3019, 176, 3019, 'Maha Sarakham', '', 1, '2018-10-16 13:27:46', '2018-10-16 13:27:46', 1, 1),
(3020, 176, 3020, 'Mukdahan', '', 1, '2018-10-16 13:27:46', '2018-10-16 13:27:46', 1, 1),
(3021, 176, 3021, 'Nakhon Nayok', '', 1, '2018-10-16 13:27:46', '2018-10-16 13:27:46', 1, 1),
(3022, 176, 3022, 'Nakhon Pathom', '', 1, '2018-10-16 13:27:46', '2018-10-16 13:27:46', 1, 1),
(3023, 176, 3023, 'Nakhon Phanom', '', 1, '2018-10-16 13:27:46', '2018-10-16 13:27:46', 1, 1),
(3024, 176, 3024, 'Nakhon Ratchasima', '', 1, '2018-10-16 13:27:46', '2018-10-16 13:27:46', 1, 1),
(3025, 176, 3025, 'Nakhon Sawan', '', 1, '2018-10-16 13:27:46', '2018-10-16 13:27:46', 1, 1),
(3026, 176, 3026, 'Nakhon Si Thammarat', '', 1, '2018-10-16 13:27:46', '2018-10-16 13:27:46', 1, 1),
(3027, 176, 3027, 'Nan', '', 1, '2018-10-16 13:27:47', '2018-10-16 13:27:47', 1, 1),
(3028, 176, 3028, 'Narathiwat', '', 1, '2018-10-16 13:27:47', '2018-10-16 13:27:47', 1, 1),
(3029, 176, 3029, 'Nong Bua Lam Phu', '', 1, '2018-10-16 13:27:47', '2018-10-16 13:27:47', 1, 1),
(3030, 176, 3030, 'Nong Khai', '', 1, '2018-10-16 13:27:47', '2018-10-16 13:27:47', 1, 1),
(3031, 176, 3031, 'Nonthaburi', '', 1, '2018-10-16 13:27:47', '2018-10-16 13:27:47', 1, 1),
(3032, 176, 3032, 'Pathum Thani', '', 1, '2018-10-16 13:27:47', '2018-10-16 13:27:47', 1, 1),
(3033, 176, 3033, 'Pattani', '', 1, '2018-10-16 13:27:47', '2018-10-16 13:27:47', 1, 1),
(3034, 176, 3034, 'Phangnga', '', 1, '2018-10-16 13:27:47', '2018-10-16 13:27:47', 1, 1),
(3035, 176, 3035, 'Phatthalung', '', 1, '2018-10-16 13:27:47', '2018-10-16 13:27:47', 1, 1),
(3036, 176, 3036, 'Phayao', '', 1, '2018-10-16 13:27:47', '2018-10-16 13:27:47', 1, 1),
(3037, 176, 3037, 'Phetchabun', '', 1, '2018-10-16 13:27:47', '2018-10-16 13:27:47', 1, 1),
(3038, 176, 3038, 'Phetchaburi', '', 1, '2018-10-16 13:27:47', '2018-10-16 13:27:47', 1, 1),
(3039, 176, 3039, 'Phichit', '', 1, '2018-10-16 13:27:47', '2018-10-16 13:27:47', 1, 1),
(3040, 176, 3040, 'Phitsanulok', '', 1, '2018-10-16 13:27:47', '2018-10-16 13:27:47', 1, 1),
(3041, 176, 3041, 'Phra Nakhon Si Ayutthaya', '', 1, '2018-10-16 13:27:47', '2018-10-16 13:27:47', 1, 1),
(3042, 176, 3042, 'Phrae', '', 1, '2018-10-16 13:27:47', '2018-10-16 13:27:47', 1, 1),
(3043, 176, 3043, 'Phuket', '', 1, '2018-10-16 13:27:47', '2018-10-16 13:27:47', 1, 1),
(3044, 176, 3044, 'Prachin Buri', '', 1, '2018-10-16 13:27:47', '2018-10-16 13:27:47', 1, 1),
(3045, 176, 3045, 'Prachuap Khiri Khan', '', 1, '2018-10-16 13:27:47', '2018-10-16 13:27:47', 1, 1),
(3046, 176, 3046, 'Ranong', '', 1, '2018-10-16 13:27:47', '2018-10-16 13:27:47', 1, 1),
(3047, 176, 3047, 'Ratchaburi', '', 1, '2018-10-16 13:27:47', '2018-10-16 13:27:47', 1, 1),
(3048, 176, 3048, 'Rayong', '', 1, '2018-10-16 13:27:48', '2018-10-16 13:27:48', 1, 1),
(3049, 176, 3049, 'Roi Et', '', 1, '2018-10-16 13:27:48', '2018-10-16 13:27:48', 1, 1),
(3050, 176, 3050, 'Sa Kaeo', '', 1, '2018-10-16 13:27:48', '2018-10-16 13:27:48', 1, 1),
(3051, 176, 3051, 'Sakon Nakhon', '', 1, '2018-10-16 13:27:48', '2018-10-16 13:27:48', 1, 1),
(3052, 176, 3052, 'Samut Prakan', '', 1, '2018-10-16 13:27:48', '2018-10-16 13:27:48', 1, 1),
(3053, 176, 3053, 'Samut Sakhon', '', 1, '2018-10-16 13:27:48', '2018-10-16 13:27:48', 1, 1),
(3054, 176, 3054, 'Samut Songkhran', '', 1, '2018-10-16 13:27:48', '2018-10-16 13:27:48', 1, 1),
(3055, 176, 3055, 'Saraburi', '', 1, '2018-10-16 13:27:48', '2018-10-16 13:27:48', 1, 1),
(3056, 176, 3056, 'Satun', '', 1, '2018-10-16 13:27:48', '2018-10-16 13:27:48', 1, 1),
(3057, 176, 3057, 'Si Sa Ket', '', 1, '2018-10-16 13:27:48', '2018-10-16 13:27:48', 1, 1),
(3058, 176, 3058, 'Sing Buri', '', 1, '2018-10-16 13:27:48', '2018-10-16 13:27:48', 1, 1),
(3059, 176, 3059, 'Songkhla', '', 1, '2018-10-16 13:27:48', '2018-10-16 13:27:48', 1, 1),
(3060, 176, 3060, 'Sukhothai', '', 1, '2018-10-16 13:27:48', '2018-10-16 13:27:48', 1, 1),
(3061, 176, 3061, 'Suphan Buri', '', 1, '2018-10-16 13:27:48', '2018-10-16 13:27:48', 1, 1),
(3062, 176, 3062, 'Surat Thani', '', 1, '2018-10-16 13:27:48', '2018-10-16 13:27:48', 1, 1),
(3063, 176, 3063, 'Surin', '', 1, '2018-10-16 13:27:48', '2018-10-16 13:27:48', 1, 1),
(3064, 176, 3064, 'Tak', '', 1, '2018-10-16 13:27:48', '2018-10-16 13:27:48', 1, 1),
(3065, 176, 3065, 'Trang', '', 1, '2018-10-16 13:27:48', '2018-10-16 13:27:48', 1, 1),
(3066, 176, 3066, 'Trat', '', 1, '2018-10-16 13:27:48', '2018-10-16 13:27:48', 1, 1),
(3067, 176, 3067, 'Ubon Ratchathani', '', 1, '2018-10-16 13:27:48', '2018-10-16 13:27:48', 1, 1),
(3068, 176, 3068, 'Udon Thani', '', 1, '2018-10-16 13:27:49', '2018-10-16 13:27:49', 1, 1),
(3069, 176, 3069, 'Uthai Thani', '', 1, '2018-10-16 13:27:49', '2018-10-16 13:27:49', 1, 1),
(3070, 176, 3070, 'Uttaradit', '', 1, '2018-10-16 13:27:49', '2018-10-16 13:27:49', 1, 1),
(3071, 176, 3071, 'Yala', '', 1, '2018-10-16 13:27:49', '2018-10-16 13:27:49', 1, 1),
(3072, 176, 3072, 'Yasothon', '', 1, '2018-10-16 13:27:49', '2018-10-16 13:27:49', 1, 1),
(3073, 177, 3073, 'Centre', '', 1, '2018-10-16 13:27:49', '2018-10-16 13:27:49', 1, 1),
(3074, 177, 3074, 'Kara', '', 1, '2018-10-16 13:27:49', '2018-10-16 13:27:49', 1, 1),
(3075, 177, 3075, 'Maritime', '', 1, '2018-10-16 13:27:49', '2018-10-16 13:27:49', 1, 1),
(3076, 177, 3076, 'Plateaux', '', 1, '2018-10-16 13:27:49', '2018-10-16 13:27:49', 1, 1),
(3077, 177, 3077, 'Savanes', '', 1, '2018-10-16 13:27:49', '2018-10-16 13:27:49', 1, 1),
(3078, 178, 3078, 'Atafu', '', 1, '2018-10-16 13:27:49', '2018-10-16 13:27:49', 1, 1),
(3079, 178, 3079, 'Fakaofo', '', 1, '2018-10-16 13:27:49', '2018-10-16 13:27:49', 1, 1),
(3080, 178, 3080, 'Nukunonu', '', 1, '2018-10-16 13:27:49', '2018-10-16 13:27:49', 1, 1),
(3081, 179, 3081, 'Eua', '', 1, '2018-10-16 13:27:49', '2018-10-16 13:27:49', 1, 1),
(3082, 179, 3082, 'Ha\'apai', '', 1, '2018-10-16 13:27:49', '2018-10-16 13:27:49', 1, 1),
(3083, 179, 3083, 'Niuas', '', 1, '2018-10-16 13:27:49', '2018-10-16 13:27:49', 1, 1),
(3084, 179, 3084, 'Tongatapu', '', 1, '2018-10-16 13:27:49', '2018-10-16 13:27:49', 1, 1),
(3085, 179, 3085, 'Vava\'u', '', 1, '2018-10-16 13:27:49', '2018-10-16 13:27:49', 1, 1),
(3086, 180, 3086, 'Arima-Tunapuna-Piarco', '', 1, '2018-10-16 13:27:49', '2018-10-16 13:27:49', 1, 1),
(3087, 180, 3087, 'Caroni', '', 1, '2018-10-16 13:27:50', '2018-10-16 13:27:50', 1, 1),
(3088, 180, 3088, 'Chaguanas', '', 1, '2018-10-16 13:27:50', '2018-10-16 13:27:50', 1, 1),
(3089, 180, 3089, 'Couva-Tabaquite-Talparo', '', 1, '2018-10-16 13:27:50', '2018-10-16 13:27:50', 1, 1),
(3090, 180, 3090, 'Diego Martin', '', 1, '2018-10-16 13:27:50', '2018-10-16 13:27:50', 1, 1),
(3091, 180, 3091, 'Glencoe', '', 1, '2018-10-16 13:27:50', '2018-10-16 13:27:50', 1, 1),
(3092, 180, 3092, 'Penal Debe', '', 1, '2018-10-16 13:27:50', '2018-10-16 13:27:50', 1, 1),
(3093, 180, 3093, 'Point Fortin', '', 1, '2018-10-16 13:27:50', '2018-10-16 13:27:50', 1, 1),
(3094, 180, 3094, 'Port of Spain', '', 1, '2018-10-16 13:27:50', '2018-10-16 13:27:50', 1, 1),
(3095, 180, 3095, 'Princes Town', '', 1, '2018-10-16 13:27:50', '2018-10-16 13:27:50', 1, 1),
(3096, 180, 3096, 'Saint George', '', 1, '2018-10-16 13:27:50', '2018-10-16 13:27:50', 1, 1),
(3097, 180, 3097, 'San Fernando', '', 1, '2018-10-16 13:27:50', '2018-10-16 13:27:50', 1, 1),
(3098, 180, 3098, 'San Juan', '', 1, '2018-10-16 13:27:51', '2018-10-16 13:27:51', 1, 1),
(3099, 180, 3099, 'Sangre Grande', '', 1, '2018-10-16 13:27:51', '2018-10-16 13:27:51', 1, 1),
(3100, 180, 3100, 'Siparia', '', 1, '2018-10-16 13:27:51', '2018-10-16 13:27:51', 1, 1),
(3101, 180, 3101, 'Tobago', '', 1, '2018-10-16 13:27:51', '2018-10-16 13:27:51', 1, 1),
(3102, 181, 3102, 'Aryanah', '', 1, '2018-10-16 13:27:51', '2018-10-16 13:27:51', 1, 1),
(3103, 181, 3103, 'Bajah', '', 1, '2018-10-16 13:27:51', '2018-10-16 13:27:51', 1, 1),
(3104, 181, 3104, 'Bin \'Arus', '', 1, '2018-10-16 13:27:51', '2018-10-16 13:27:51', 1, 1),
(3105, 181, 3105, 'Binzart', '', 1, '2018-10-16 13:27:51', '2018-10-16 13:27:51', 1, 1),
(3106, 181, 3106, 'Gouvernorat de Ariana', '', 1, '2018-10-16 13:27:51', '2018-10-16 13:27:51', 1, 1),
(3107, 181, 3107, 'Gouvernorat de Nabeul', '', 1, '2018-10-16 13:27:51', '2018-10-16 13:27:51', 1, 1),
(3108, 181, 3108, 'Gouvernorat de Sousse', '', 1, '2018-10-16 13:27:51', '2018-10-16 13:27:51', 1, 1),
(3109, 181, 3109, 'Hammamet Yasmine', '', 1, '2018-10-16 13:27:51', '2018-10-16 13:27:51', 1, 1),
(3110, 181, 3110, 'Jundubah', '', 1, '2018-10-16 13:27:51', '2018-10-16 13:27:51', 1, 1),
(3111, 181, 3111, 'Madaniyin', '', 1, '2018-10-16 13:27:51', '2018-10-16 13:27:51', 1, 1),
(3112, 181, 3112, 'Manubah', '', 1, '2018-10-16 13:27:51', '2018-10-16 13:27:51', 1, 1),
(3113, 181, 3113, 'Monastir', '', 1, '2018-10-16 13:27:51', '2018-10-16 13:27:51', 1, 1),
(3114, 181, 3114, 'Nabul', '', 1, '2018-10-16 13:27:51', '2018-10-16 13:27:51', 1, 1),
(3115, 181, 3115, 'Qabis', '', 1, '2018-10-16 13:27:51', '2018-10-16 13:27:51', 1, 1),
(3116, 181, 3116, 'Qafsah', '', 1, '2018-10-16 13:27:52', '2018-10-16 13:27:52', 1, 1),
(3117, 181, 3117, 'Qibili', '', 1, '2018-10-16 13:27:52', '2018-10-16 13:27:52', 1, 1),
(3118, 181, 3118, 'Safaqis', '', 1, '2018-10-16 13:27:52', '2018-10-16 13:27:52', 1, 1),
(3119, 181, 3119, 'Sfax', '', 1, '2018-10-16 13:27:52', '2018-10-16 13:27:52', 1, 1),
(3120, 181, 3120, 'Sidi Bu Zayd', '', 1, '2018-10-16 13:27:52', '2018-10-16 13:27:52', 1, 1),
(3121, 181, 3121, 'Silyanah', '', 1, '2018-10-16 13:27:52', '2018-10-16 13:27:52', 1, 1),
(3122, 181, 3122, 'Susah', '', 1, '2018-10-16 13:27:52', '2018-10-16 13:27:52', 1, 1),
(3123, 181, 3123, 'Tatawin', '', 1, '2018-10-16 13:27:52', '2018-10-16 13:27:52', 1, 1),
(3124, 181, 3124, 'Tawzar', '', 1, '2018-10-16 13:27:52', '2018-10-16 13:27:52', 1, 1),
(3125, 181, 3125, 'Tunis', '', 1, '2018-10-16 13:27:52', '2018-10-16 13:27:52', 1, 1),
(3126, 181, 3126, 'Zaghwan', '', 1, '2018-10-16 13:27:52', '2018-10-16 13:27:52', 1, 1),
(3127, 181, 3127, 'al-Kaf', '', 1, '2018-10-16 13:27:52', '2018-10-16 13:27:52', 1, 1),
(3128, 181, 3128, 'al-Mahdiyah', '', 1, '2018-10-16 13:27:52', '2018-10-16 13:27:52', 1, 1),
(3129, 181, 3129, 'al-Munastir', '', 1, '2018-10-16 13:27:52', '2018-10-16 13:27:52', 1, 1),
(3130, 181, 3130, 'al-Qasrayn', '', 1, '2018-10-16 13:27:53', '2018-10-16 13:27:53', 1, 1),
(3131, 181, 3131, 'al-Qayrawan', '', 1, '2018-10-16 13:27:53', '2018-10-16 13:27:53', 1, 1),
(3132, 182, 3132, 'Adana', '', 1, '2018-10-16 13:27:53', '2018-10-16 13:27:53', 1, 1),
(3133, 182, 3133, 'Adiyaman', '', 1, '2018-10-16 13:27:53', '2018-10-16 13:27:53', 1, 1),
(3134, 182, 3134, 'Afyon', '', 1, '2018-10-16 13:27:53', '2018-10-16 13:27:53', 1, 1),
(3135, 182, 3135, 'Agri', '', 1, '2018-10-16 13:27:53', '2018-10-16 13:27:53', 1, 1),
(3136, 182, 3136, 'Aksaray', '', 1, '2018-10-16 13:27:53', '2018-10-16 13:27:53', 1, 1),
(3137, 182, 3137, 'Amasya', '', 1, '2018-10-16 13:27:53', '2018-10-16 13:27:53', 1, 1),
(3138, 182, 3138, 'Ankara', '', 1, '2018-10-16 13:27:53', '2018-10-16 13:27:53', 1, 1),
(3139, 182, 3139, 'Antalya', '', 1, '2018-10-16 13:27:53', '2018-10-16 13:27:53', 1, 1),
(3140, 182, 3140, 'Ardahan', '', 1, '2018-10-16 13:27:53', '2018-10-16 13:27:53', 1, 1),
(3141, 182, 3141, 'Artvin', '', 1, '2018-10-16 13:27:53', '2018-10-16 13:27:53', 1, 1),
(3142, 182, 3142, 'Aydin', '', 1, '2018-10-16 13:27:53', '2018-10-16 13:27:53', 1, 1),
(3143, 182, 3143, 'Balikesir', '', 1, '2018-10-16 13:27:53', '2018-10-16 13:27:53', 1, 1),
(3144, 182, 3144, 'Bartin', '', 1, '2018-10-16 13:27:53', '2018-10-16 13:27:53', 1, 1),
(3145, 182, 3145, 'Batman', '', 1, '2018-10-16 13:27:54', '2018-10-16 13:27:54', 1, 1),
(3146, 182, 3146, 'Bayburt', '', 1, '2018-10-16 13:27:54', '2018-10-16 13:27:54', 1, 1),
(3147, 182, 3147, 'Bilecik', '', 1, '2018-10-16 13:27:54', '2018-10-16 13:27:54', 1, 1),
(3148, 182, 3148, 'Bingol', '', 1, '2018-10-16 13:27:54', '2018-10-16 13:27:54', 1, 1),
(3149, 182, 3149, 'Bitlis', '', 1, '2018-10-16 13:27:54', '2018-10-16 13:27:54', 1, 1),
(3150, 182, 3150, 'Bolu', '', 1, '2018-10-16 13:27:54', '2018-10-16 13:27:54', 1, 1),
(3151, 182, 3151, 'Burdur', '', 1, '2018-10-16 13:27:54', '2018-10-16 13:27:54', 1, 1),
(3152, 182, 3152, 'Bursa', '', 1, '2018-10-16 13:27:54', '2018-10-16 13:27:54', 1, 1),
(3153, 182, 3153, 'Canakkale', '', 1, '2018-10-16 13:27:54', '2018-10-16 13:27:54', 1, 1),
(3154, 182, 3154, 'Cankiri', '', 1, '2018-10-16 13:27:54', '2018-10-16 13:27:54', 1, 1),
(3155, 182, 3155, 'Corum', '', 1, '2018-10-16 13:27:54', '2018-10-16 13:27:54', 1, 1),
(3156, 182, 3156, 'Denizli', '', 1, '2018-10-16 13:27:54', '2018-10-16 13:27:54', 1, 1),
(3157, 182, 3157, 'Diyarbakir', '', 1, '2018-10-16 13:27:54', '2018-10-16 13:27:54', 1, 1),
(3158, 182, 3158, 'Duzce', '', 1, '2018-10-16 13:27:54', '2018-10-16 13:27:54', 1, 1),
(3159, 182, 3159, 'Edirne', '', 1, '2018-10-16 13:27:54', '2018-10-16 13:27:54', 1, 1),
(3160, 182, 3160, 'Elazig', '', 1, '2018-10-16 13:27:54', '2018-10-16 13:27:54', 1, 1),
(3161, 182, 3161, 'Erzincan', '', 1, '2018-10-16 13:27:54', '2018-10-16 13:27:54', 1, 1),
(3162, 182, 3162, 'Erzurum', '', 1, '2018-10-16 13:27:54', '2018-10-16 13:27:54', 1, 1),
(3163, 182, 3163, 'Eskisehir', '', 1, '2018-10-16 13:27:54', '2018-10-16 13:27:54', 1, 1),
(3164, 182, 3164, 'Gaziantep', '', 1, '2018-10-16 13:27:54', '2018-10-16 13:27:54', 1, 1),
(3165, 182, 3165, 'Giresun', '', 1, '2018-10-16 13:27:54', '2018-10-16 13:27:54', 1, 1),
(3166, 182, 3166, 'Gumushane', '', 1, '2018-10-16 13:27:55', '2018-10-16 13:27:55', 1, 1),
(3167, 182, 3167, 'Hakkari', '', 1, '2018-10-16 13:27:55', '2018-10-16 13:27:55', 1, 1),
(3168, 182, 3168, 'Hatay', '', 1, '2018-10-16 13:27:55', '2018-10-16 13:27:55', 1, 1),
(3169, 182, 3169, 'Icel', '', 1, '2018-10-16 13:27:55', '2018-10-16 13:27:55', 1, 1),
(3170, 182, 3170, 'Igdir', '', 1, '2018-10-16 13:27:55', '2018-10-16 13:27:55', 1, 1),
(3171, 182, 3171, 'Isparta', '', 1, '2018-10-16 13:27:55', '2018-10-16 13:27:55', 1, 1),
(3172, 182, 3172, 'Istanbul', '', 1, '2018-10-16 13:27:55', '2018-10-16 13:27:55', 1, 1),
(3173, 182, 3173, 'Izmir', '', 1, '2018-10-16 13:27:55', '2018-10-16 13:27:55', 1, 1),
(3174, 182, 3174, 'Kahramanmaras', '', 1, '2018-10-16 13:27:55', '2018-10-16 13:27:55', 1, 1),
(3175, 182, 3175, 'Karabuk', '', 1, '2018-10-16 13:27:55', '2018-10-16 13:27:55', 1, 1),
(3176, 182, 3176, 'Karaman', '', 1, '2018-10-16 13:27:55', '2018-10-16 13:27:55', 1, 1),
(3177, 182, 3177, 'Kars', '', 1, '2018-10-16 13:27:55', '2018-10-16 13:27:55', 1, 1),
(3178, 182, 3178, 'Karsiyaka', '', 1, '2018-10-16 13:27:55', '2018-10-16 13:27:55', 1, 1),
(3179, 182, 3179, 'Kastamonu', '', 1, '2018-10-16 13:27:55', '2018-10-16 13:27:55', 1, 1),
(3180, 182, 3180, 'Kayseri', '', 1, '2018-10-16 13:27:55', '2018-10-16 13:27:55', 1, 1),
(3181, 182, 3181, 'Kilis', '', 1, '2018-10-16 13:27:55', '2018-10-16 13:27:55', 1, 1),
(3182, 182, 3182, 'Kirikkale', '', 1, '2018-10-16 13:27:55', '2018-10-16 13:27:55', 1, 1),
(3183, 182, 3183, 'Kirklareli', '', 1, '2018-10-16 13:27:56', '2018-10-16 13:27:56', 1, 1),
(3184, 182, 3184, 'Kirsehir', '', 1, '2018-10-16 13:27:56', '2018-10-16 13:27:56', 1, 1),
(3185, 182, 3185, 'Kocaeli', '', 1, '2018-10-16 13:27:56', '2018-10-16 13:27:56', 1, 1),
(3186, 182, 3186, 'Konya', '', 1, '2018-10-16 13:27:56', '2018-10-16 13:27:56', 1, 1),
(3187, 182, 3187, 'Kutahya', '', 1, '2018-10-16 13:27:56', '2018-10-16 13:27:56', 1, 1),
(3188, 182, 3188, 'Lefkosa', '', 1, '2018-10-16 13:27:56', '2018-10-16 13:27:56', 1, 1),
(3189, 182, 3189, 'Malatya', '', 1, '2018-10-16 13:27:56', '2018-10-16 13:27:56', 1, 1),
(3190, 182, 3190, 'Manisa', '', 1, '2018-10-16 13:27:56', '2018-10-16 13:27:56', 1, 1),
(3191, 182, 3191, 'Mardin', '', 1, '2018-10-16 13:27:56', '2018-10-16 13:27:56', 1, 1),
(3192, 182, 3192, 'Mugla', '', 1, '2018-10-16 13:27:56', '2018-10-16 13:27:56', 1, 1),
(3193, 182, 3193, 'Mus', '', 1, '2018-10-16 13:27:56', '2018-10-16 13:27:56', 1, 1),
(3194, 182, 3194, 'Nevsehir', '', 1, '2018-10-16 13:27:56', '2018-10-16 13:27:56', 1, 1),
(3195, 182, 3195, 'Nigde', '', 1, '2018-10-16 13:27:56', '2018-10-16 13:27:56', 1, 1),
(3196, 182, 3196, 'Ordu', '', 1, '2018-10-16 13:27:56', '2018-10-16 13:27:56', 1, 1),
(3197, 182, 3197, 'Osmaniye', '', 1, '2018-10-16 13:27:56', '2018-10-16 13:27:56', 1, 1),
(3198, 182, 3198, 'Rize', '', 1, '2018-10-16 13:27:56', '2018-10-16 13:27:56', 1, 1),
(3199, 182, 3199, 'Sakarya', '', 1, '2018-10-16 13:27:56', '2018-10-16 13:27:56', 1, 1),
(3200, 182, 3200, 'Samsun', '', 1, '2018-10-16 13:27:57', '2018-10-16 13:27:57', 1, 1),
(3201, 182, 3201, 'Sanliurfa', '', 1, '2018-10-16 13:27:57', '2018-10-16 13:27:57', 1, 1),
(3202, 182, 3202, 'Siirt', '', 1, '2018-10-16 13:27:57', '2018-10-16 13:27:57', 1, 1),
(3203, 182, 3203, 'Sinop', '', 1, '2018-10-16 13:27:57', '2018-10-16 13:27:57', 1, 1),
(3204, 182, 3204, 'Sirnak', '', 1, '2018-10-16 13:27:57', '2018-10-16 13:27:57', 1, 1),
(3205, 182, 3205, 'Sivas', '', 1, '2018-10-16 13:27:57', '2018-10-16 13:27:57', 1, 1),
(3206, 182, 3206, 'Tekirdag', '', 1, '2018-10-16 13:27:57', '2018-10-16 13:27:57', 1, 1),
(3207, 182, 3207, 'Tokat', '', 1, '2018-10-16 13:27:57', '2018-10-16 13:27:57', 1, 1),
(3208, 182, 3208, 'Trabzon', '', 1, '2018-10-16 13:27:57', '2018-10-16 13:27:57', 1, 1),
(3209, 182, 3209, 'Tunceli', '', 1, '2018-10-16 13:27:57', '2018-10-16 13:27:57', 1, 1),
(3210, 182, 3210, 'Usak', '', 1, '2018-10-16 13:27:57', '2018-10-16 13:27:57', 1, 1),
(3211, 182, 3211, 'Van', '', 1, '2018-10-16 13:27:57', '2018-10-16 13:27:57', 1, 1),
(3212, 182, 3212, 'Yalova', '', 1, '2018-10-16 13:27:57', '2018-10-16 13:27:57', 1, 1),
(3213, 182, 3213, 'Yozgat', '', 1, '2018-10-16 13:27:57', '2018-10-16 13:27:57', 1, 1),
(3214, 182, 3214, 'Zonguldak', '', 1, '2018-10-16 13:27:57', '2018-10-16 13:27:57', 1, 1),
(3215, 183, 3215, 'Ahal', '', 1, '2018-10-16 13:27:57', '2018-10-16 13:27:57', 1, 1),
(3216, 183, 3216, 'Asgabat', '', 1, '2018-10-16 13:27:57', '2018-10-16 13:27:57', 1, 1),
(3217, 183, 3217, 'Balkan', '', 1, '2018-10-16 13:27:58', '2018-10-16 13:27:58', 1, 1),
(3218, 183, 3218, 'Dasoguz', '', 1, '2018-10-16 13:27:58', '2018-10-16 13:27:58', 1, 1),
(3219, 183, 3219, 'Lebap', '', 1, '2018-10-16 13:27:58', '2018-10-16 13:27:58', 1, 1),
(3220, 183, 3220, 'Mari', '', 1, '2018-10-16 13:27:58', '2018-10-16 13:27:58', 1, 1),
(3221, 184, 3221, 'Grand Turk', '', 1, '2018-10-16 13:27:58', '2018-10-16 13:27:58', 1, 1),
(3222, 184, 3222, 'South Caicos and East Caicos', '', 1, '2018-10-16 13:27:58', '2018-10-16 13:27:58', 1, 1),
(3223, 185, 3223, 'Funafuti', '', 1, '2018-10-16 13:27:58', '2018-10-16 13:27:58', 1, 1),
(3224, 185, 3224, 'Nanumanga', '', 1, '2018-10-16 13:27:58', '2018-10-16 13:27:58', 1, 1),
(3225, 185, 3225, 'Nanumea', '', 1, '2018-10-16 13:27:58', '2018-10-16 13:27:58', 1, 1),
(3226, 185, 3226, 'Niutao', '', 1, '2018-10-16 13:27:58', '2018-10-16 13:27:58', 1, 1),
(3227, 185, 3227, 'Nui', '', 1, '2018-10-16 13:27:58', '2018-10-16 13:27:58', 1, 1),
(3228, 185, 3228, 'Nukufetau', '', 1, '2018-10-16 13:27:58', '2018-10-16 13:27:58', 1, 1),
(3229, 185, 3229, 'Nukulaelae', '', 1, '2018-10-16 13:27:58', '2018-10-16 13:27:58', 1, 1),
(3230, 185, 3230, 'Vaitupu', '', 1, '2018-10-16 13:27:58', '2018-10-16 13:27:58', 1, 1),
(3231, 186, 3231, 'Central', '', 1, '2018-10-16 13:27:58', '2018-10-16 13:27:58', 1, 1),
(3232, 186, 3232, 'Eastern', '', 1, '2018-10-16 13:27:58', '2018-10-16 13:27:58', 1, 1),
(3233, 186, 3233, 'Northern', '', 1, '2018-10-16 13:27:58', '2018-10-16 13:27:58', 1, 1),
(3234, 186, 3234, 'Western', '', 1, '2018-10-16 13:27:58', '2018-10-16 13:27:58', 1, 1),
(3235, 187, 3235, 'Cherkas\'ka', '', 1, '2018-10-16 13:27:59', '2018-10-16 13:27:59', 1, 1),
(3236, 187, 3236, 'Chernihivs\'ka', '', 1, '2018-10-16 13:27:59', '2018-10-16 13:27:59', 1, 1),
(3237, 187, 3237, 'Chernivets\'ka', '', 1, '2018-10-16 13:27:59', '2018-10-16 13:27:59', 1, 1),
(3238, 187, 3238, 'Crimea', '', 1, '2018-10-16 13:27:59', '2018-10-16 13:27:59', 1, 1),
(3239, 187, 3239, 'Dnipropetrovska', '', 1, '2018-10-16 13:27:59', '2018-10-16 13:27:59', 1, 1),
(3240, 187, 3240, 'Donets\'ka', '', 1, '2018-10-16 13:27:59', '2018-10-16 13:27:59', 1, 1),
(3241, 187, 3241, 'Ivano-Frankivs\'ka', '', 1, '2018-10-16 13:27:59', '2018-10-16 13:27:59', 1, 1),
(3242, 187, 3242, 'Kharkiv', '', 1, '2018-10-16 13:27:59', '2018-10-16 13:27:59', 1, 1),
(3243, 187, 3243, 'Kharkov', '', 1, '2018-10-16 13:27:59', '2018-10-16 13:27:59', 1, 1),
(3244, 187, 3244, 'Khersonska', '', 1, '2018-10-16 13:27:59', '2018-10-16 13:27:59', 1, 1),
(3245, 187, 3245, 'Khmel\'nyts\'ka', '', 1, '2018-10-16 13:27:59', '2018-10-16 13:27:59', 1, 1),
(3246, 187, 3246, 'Kirovohrad', '', 1, '2018-10-16 13:27:59', '2018-10-16 13:27:59', 1, 1),
(3247, 187, 3247, 'Krym', '', 1, '2018-10-16 13:27:59', '2018-10-16 13:27:59', 1, 1),
(3248, 187, 3248, 'Kyyiv', '', 1, '2018-10-16 13:27:59', '2018-10-16 13:27:59', 1, 1),
(3249, 187, 3249, 'Kyyivs\'ka', '', 1, '2018-10-16 13:27:59', '2018-10-16 13:27:59', 1, 1),
(3250, 187, 3250, 'L\'vivs\'ka', '', 1, '2018-10-16 13:27:59', '2018-10-16 13:27:59', 1, 1),
(3251, 187, 3251, 'Luhans\'ka', '', 1, '2018-10-16 13:27:59', '2018-10-16 13:27:59', 1, 1),
(3252, 187, 3252, 'Mykolayivs\'ka', '', 1, '2018-10-16 13:27:59', '2018-10-16 13:27:59', 1, 1),
(3253, 187, 3253, 'Odes\'ka', '', 1, '2018-10-16 13:28:00', '2018-10-16 13:28:00', 1, 1),
(3254, 187, 3254, 'Odessa', '', 1, '2018-10-16 13:28:00', '2018-10-16 13:28:00', 1, 1),
(3255, 187, 3255, 'Poltavs\'ka', '', 1, '2018-10-16 13:28:00', '2018-10-16 13:28:00', 1, 1),
(3256, 187, 3256, 'Rivnens\'ka', '', 1, '2018-10-16 13:28:00', '2018-10-16 13:28:00', 1, 1),
(3257, 187, 3257, 'Sevastopol\'', '', 1, '2018-10-16 13:28:00', '2018-10-16 13:28:00', 1, 1),
(3258, 187, 3258, 'Sums\'ka', '', 1, '2018-10-16 13:28:00', '2018-10-16 13:28:00', 1, 1),
(3259, 187, 3259, 'Ternopil\'s\'ka', '', 1, '2018-10-16 13:28:00', '2018-10-16 13:28:00', 1, 1),
(3260, 187, 3260, 'Volyns\'ka', '', 1, '2018-10-16 13:28:00', '2018-10-16 13:28:00', 1, 1),
(3261, 187, 3261, 'Vynnyts\'ka', '', 1, '2018-10-16 13:28:00', '2018-10-16 13:28:00', 1, 1),
(3262, 187, 3262, 'Zakarpats\'ka', '', 1, '2018-10-16 13:28:00', '2018-10-16 13:28:00', 1, 1),
(3263, 187, 3263, 'Zaporizhia', '', 1, '2018-10-16 13:28:00', '2018-10-16 13:28:00', 1, 1),
(3264, 187, 3264, 'Zhytomyrs\'ka', '', 1, '2018-10-16 13:28:00', '2018-10-16 13:28:00', 1, 1),
(3265, 188, 3265, 'Abu Zabi', '', 1, '2018-10-16 13:28:00', '2018-10-16 13:28:00', 1, 1),
(3266, 188, 3266, 'Ajman', '', 1, '2018-10-16 13:28:00', '2018-10-16 13:28:00', 1, 1),
(3267, 188, 3267, 'Dubai', '', 1, '2018-10-16 13:28:01', '2018-10-16 13:28:01', 1, 1),
(3268, 188, 3268, 'Ras al-Khaymah', '', 1, '2018-10-16 13:28:01', '2018-10-16 13:28:01', 1, 1),
(3269, 188, 3269, 'Sharjah', '', 1, '2018-10-16 13:28:01', '2018-10-16 13:28:01', 1, 1),
(3270, 188, 3270, 'Sharjha', '', 1, '2018-10-16 13:28:01', '2018-10-16 13:28:01', 1, 1),
(3271, 188, 3271, 'Umm al Qaywayn', '', 1, '2018-10-16 13:28:01', '2018-10-16 13:28:01', 1, 1),
(3272, 188, 3272, 'al-Fujayrah', '', 1, '2018-10-16 13:28:01', '2018-10-16 13:28:01', 1, 1),
(3273, 188, 3273, 'ash-Shariqah', '', 1, '2018-10-16 13:28:01', '2018-10-16 13:28:01', 1, 1),
(3274, 189, 3274, 'Aberdeen', '', 1, '2018-10-16 13:28:01', '2018-10-16 13:28:01', 1, 1),
(3275, 189, 3275, 'Aberdeenshire', '', 1, '2018-10-16 13:28:01', '2018-10-16 13:28:01', 1, 1),
(3276, 189, 3276, 'Argyll', '', 1, '2018-10-16 13:28:01', '2018-10-16 13:28:01', 1, 1),
(3277, 189, 3277, 'Armagh', '', 1, '2018-10-16 13:28:01', '2018-10-16 13:28:01', 1, 1),
(3278, 189, 3278, 'Bedfordshire', '', 1, '2018-10-16 13:28:01', '2018-10-16 13:28:01', 1, 1),
(3279, 189, 3279, 'Belfast', '', 1, '2018-10-16 13:28:01', '2018-10-16 13:28:01', 1, 1),
(3280, 189, 3280, 'Berkshire', '', 1, '2018-10-16 13:28:01', '2018-10-16 13:28:01', 1, 1),
(3281, 189, 3281, 'Birmingham', '', 1, '2018-10-16 13:28:01', '2018-10-16 13:28:01', 1, 1),
(3282, 189, 3282, 'Brechin', '', 1, '2018-10-16 13:28:01', '2018-10-16 13:28:01', 1, 1),
(3283, 189, 3283, 'Bridgnorth', '', 1, '2018-10-16 13:28:01', '2018-10-16 13:28:01', 1, 1),
(3284, 189, 3284, 'Bristol', '', 1, '2018-10-16 13:28:02', '2018-10-16 13:28:02', 1, 1),
(3285, 189, 3285, 'Buckinghamshire', '', 1, '2018-10-16 13:28:02', '2018-10-16 13:28:02', 1, 1),
(3286, 189, 3286, 'Cambridge', '', 1, '2018-10-16 13:28:02', '2018-10-16 13:28:02', 1, 1),
(3287, 189, 3287, 'Cambridgeshire', '', 1, '2018-10-16 13:28:02', '2018-10-16 13:28:02', 1, 1),
(3288, 189, 3288, 'Channel Islands', '', 1, '2018-10-16 13:28:02', '2018-10-16 13:28:02', 1, 1),
(3289, 189, 3289, 'Cheshire', '', 1, '2018-10-16 13:28:02', '2018-10-16 13:28:02', 1, 1),
(3290, 189, 3290, 'Cleveland', '', 1, '2018-10-16 13:28:02', '2018-10-16 13:28:02', 1, 1),
(3291, 189, 3291, 'Co Fermanagh', '', 1, '2018-10-16 13:28:02', '2018-10-16 13:28:02', 1, 1),
(3292, 189, 3292, 'Conwy', '', 1, '2018-10-16 13:28:02', '2018-10-16 13:28:02', 1, 1),
(3293, 189, 3293, 'Cornwall', '', 1, '2018-10-16 13:28:02', '2018-10-16 13:28:02', 1, 1),
(3294, 189, 3294, 'Coventry', '', 1, '2018-10-16 13:28:02', '2018-10-16 13:28:02', 1, 1),
(3295, 189, 3295, 'Craven Arms', '', 1, '2018-10-16 13:28:02', '2018-10-16 13:28:02', 1, 1),
(3296, 189, 3296, 'Cumbria', '', 1, '2018-10-16 13:28:02', '2018-10-16 13:28:02', 1, 1),
(3297, 189, 3297, 'Denbighshire', '', 1, '2018-10-16 13:28:02', '2018-10-16 13:28:02', 1, 1),
(3298, 189, 3298, 'Derby', '', 1, '2018-10-16 13:28:02', '2018-10-16 13:28:02', 1, 1),
(3299, 189, 3299, 'Derbyshire', '', 1, '2018-10-16 13:28:02', '2018-10-16 13:28:02', 1, 1),
(3300, 189, 3300, 'Devon', '', 1, '2018-10-16 13:28:02', '2018-10-16 13:28:02', 1, 1),
(3301, 189, 3301, 'Dial Code Dungannon', '', 1, '2018-10-16 13:28:02', '2018-10-16 13:28:02', 1, 1),
(3302, 189, 3302, 'Didcot', '', 1, '2018-10-16 13:28:02', '2018-10-16 13:28:02', 1, 1),
(3303, 189, 3303, 'Dorset', '', 1, '2018-10-16 13:28:02', '2018-10-16 13:28:02', 1, 1),
(3304, 189, 3304, 'Dunbartonshire', '', 1, '2018-10-16 13:28:02', '2018-10-16 13:28:02', 1, 1),
(3305, 189, 3305, 'Durham', '', 1, '2018-10-16 13:28:03', '2018-10-16 13:28:03', 1, 1),
(3306, 189, 3306, 'East Dunbartonshire', '', 1, '2018-10-16 13:28:03', '2018-10-16 13:28:03', 1, 1),
(3307, 189, 3307, 'East Lothian', '', 1, '2018-10-16 13:28:03', '2018-10-16 13:28:03', 1, 1),
(3308, 189, 3308, 'East Midlands', '', 1, '2018-10-16 13:28:03', '2018-10-16 13:28:03', 1, 1),
(3309, 189, 3309, 'East Sussex', '', 1, '2018-10-16 13:28:03', '2018-10-16 13:28:03', 1, 1),
(3310, 189, 3310, 'East Yorkshire', '', 1, '2018-10-16 13:28:03', '2018-10-16 13:28:03', 1, 1),
(3311, 189, 3311, 'England', '', 1, '2018-10-16 13:28:03', '2018-10-16 13:28:03', 1, 1),
(3312, 189, 3312, 'Essex', '', 1, '2018-10-16 13:28:03', '2018-10-16 13:28:03', 1, 1),
(3313, 189, 3313, 'Fermanagh', '', 1, '2018-10-16 13:28:03', '2018-10-16 13:28:03', 1, 1),
(3314, 189, 3314, 'Fife', '', 1, '2018-10-16 13:28:03', '2018-10-16 13:28:03', 1, 1),
(3315, 189, 3315, 'Flintshire', '', 1, '2018-10-16 13:28:03', '2018-10-16 13:28:03', 1, 1),
(3316, 189, 3316, 'Fulham', '', 1, '2018-10-16 13:28:03', '2018-10-16 13:28:03', 1, 1),
(3317, 189, 3317, 'Gainsborough', '', 1, '2018-10-16 13:28:03', '2018-10-16 13:28:03', 1, 1),
(3318, 189, 3318, 'Glocestershire', '', 1, '2018-10-16 13:28:03', '2018-10-16 13:28:03', 1, 1),
(3319, 189, 3319, 'Gwent', '', 1, '2018-10-16 13:28:03', '2018-10-16 13:28:03', 1, 1),
(3320, 189, 3320, 'Hampshire', '', 1, '2018-10-16 13:28:03', '2018-10-16 13:28:03', 1, 1),
(3321, 189, 3321, 'Hants', '', 1, '2018-10-16 13:28:03', '2018-10-16 13:28:03', 1, 1),
(3322, 189, 3322, 'Herefordshire', '', 1, '2018-10-16 13:28:03', '2018-10-16 13:28:03', 1, 1),
(3323, 189, 3323, 'Hertfordshire', '', 1, '2018-10-16 13:28:04', '2018-10-16 13:28:04', 1, 1),
(3324, 189, 3324, 'Ireland', '', 1, '2018-10-16 13:28:04', '2018-10-16 13:28:04', 1, 1),
(3325, 189, 3325, 'Isle Of Man', '', 1, '2018-10-16 13:28:04', '2018-10-16 13:28:04', 1, 1),
(3326, 189, 3326, 'Isle of Wight', '', 1, '2018-10-16 13:28:04', '2018-10-16 13:28:04', 1, 1),
(3327, 189, 3327, 'Kenford', '', 1, '2018-10-16 13:28:04', '2018-10-16 13:28:04', 1, 1),
(3328, 189, 3328, 'Kent', '', 1, '2018-10-16 13:28:04', '2018-10-16 13:28:04', 1, 1),
(3329, 189, 3329, 'Kilmarnock', '', 1, '2018-10-16 13:28:04', '2018-10-16 13:28:04', 1, 1),
(3330, 189, 3330, 'Lanarkshire', '', 1, '2018-10-16 13:28:04', '2018-10-16 13:28:04', 1, 1),
(3331, 189, 3331, 'Lancashire', '', 1, '2018-10-16 13:28:04', '2018-10-16 13:28:04', 1, 1),
(3332, 189, 3332, 'Leicestershire', '', 1, '2018-10-16 13:28:04', '2018-10-16 13:28:04', 1, 1),
(3333, 189, 3333, 'Lincolnshire', '', 1, '2018-10-16 13:28:04', '2018-10-16 13:28:04', 1, 1),
(3334, 190, 3334, 'Alabama', '', 1, '2018-10-16 13:37:41', '2018-10-16 13:37:41', 1, 1),
(3335, 190, 3335, 'Alaska', '', 1, '2018-10-16 13:37:41', '2018-10-16 13:37:41', 1, 1),
(3336, 190, 3336, 'Arizona', '', 1, '2018-10-16 13:37:41', '2018-10-16 13:37:41', 1, 1),
(3337, 190, 3337, 'Arkansas', '', 1, '2018-10-16 13:37:41', '2018-10-16 13:37:41', 1, 1),
(3338, 190, 3338, 'Byram', '', 1, '2018-10-16 13:37:41', '2018-10-16 13:37:41', 1, 1),
(3339, 190, 3339, 'California', '', 1, '2018-10-16 13:37:41', '2018-10-16 13:37:41', 1, 1),
(3340, 190, 3340, 'Cokato', '', 1, '2018-10-16 13:37:42', '2018-10-16 13:37:42', 1, 1),
(3341, 190, 3341, 'Colorado', '', 1, '2018-10-16 13:37:42', '2018-10-16 13:37:42', 1, 1),
(3342, 190, 3342, 'Connecticut', '', 1, '2018-10-16 13:37:42', '2018-10-16 13:37:42', 1, 1),
(3343, 190, 3343, 'Delaware', '', 1, '2018-10-16 13:37:42', '2018-10-16 13:37:42', 1, 1),
(3344, 190, 3344, 'District of Columbia', '', 1, '2018-10-16 13:37:42', '2018-10-16 13:37:42', 1, 1),
(3345, 190, 3345, 'Florida', '', 1, '2018-10-16 13:37:42', '2018-10-16 13:37:42', 1, 1),
(3346, 190, 3346, 'Georgia', '', 1, '2018-10-16 13:37:42', '2018-10-16 13:37:42', 1, 1),
(3347, 190, 3347, 'Hawaii', '', 1, '2018-10-16 13:37:42', '2018-10-16 13:37:42', 1, 1),
(3348, 190, 3348, 'Idaho', '', 1, '2018-10-16 13:37:42', '2018-10-16 13:37:42', 1, 1),
(3349, 190, 3349, 'Illinois', '', 1, '2018-10-16 13:37:42', '2018-10-16 13:37:42', 1, 1),
(3350, 190, 3350, 'Indiana', '', 1, '2018-10-16 13:37:42', '2018-10-16 13:37:42', 1, 1),
(3351, 190, 3351, 'Iowa', '', 1, '2018-10-16 13:37:42', '2018-10-16 13:37:42', 1, 1),
(3352, 190, 3352, 'Kansas', '', 1, '2018-10-16 13:37:42', '2018-10-16 13:37:42', 1, 1),
(3353, 190, 3353, 'Kentucky', '', 1, '2018-10-16 13:37:42', '2018-10-16 13:37:42', 1, 1),
(3354, 190, 3354, 'Louisiana', '', 1, '2018-10-16 13:37:42', '2018-10-16 13:37:42', 1, 1),
(3355, 190, 3355, 'Lowa', '', 1, '2018-10-16 13:37:42', '2018-10-16 13:37:42', 1, 1),
(3356, 190, 3356, 'Maine', '', 1, '2018-10-16 13:37:43', '2018-10-16 13:37:43', 1, 1),
(3357, 190, 3357, 'Maryland', '', 1, '2018-10-16 13:37:43', '2018-10-16 13:37:43', 1, 1),
(3358, 190, 3358, 'Massachusetts', '', 1, '2018-10-16 13:37:43', '2018-10-16 13:37:43', 1, 1),
(3359, 190, 3359, 'Medfield', '', 1, '2018-10-16 13:37:43', '2018-10-16 13:37:43', 1, 1),
(3360, 190, 3360, 'Michigan', '', 1, '2018-10-16 13:37:43', '2018-10-16 13:37:43', 1, 1),
(3361, 190, 3361, 'Minnesota', '', 1, '2018-10-16 13:37:43', '2018-10-16 13:37:43', 1, 1),
(3362, 190, 3362, 'Mississippi', '', 1, '2018-10-16 13:37:43', '2018-10-16 13:37:43', 1, 1),
(3363, 190, 3363, 'Missouri', '', 1, '2018-10-16 13:37:43', '2018-10-16 13:37:43', 1, 1),
(3364, 190, 3364, 'Montana', '', 1, '2018-10-16 13:37:43', '2018-10-16 13:37:43', 1, 1),
(3365, 190, 3365, 'Nebraska', '', 1, '2018-10-16 13:37:43', '2018-10-16 13:37:43', 1, 1),
(3366, 190, 3366, 'Nevada', '', 1, '2018-10-16 13:37:43', '2018-10-16 13:37:43', 1, 1),
(3367, 190, 3367, 'New Hampshire', '', 1, '2018-10-16 13:37:43', '2018-10-16 13:37:43', 1, 1),
(3368, 190, 3368, 'New Jersey', '', 1, '2018-10-16 13:37:43', '2018-10-16 13:37:43', 1, 1),
(3369, 190, 3369, 'New Jersy', '', 1, '2018-10-16 13:37:43', '2018-10-16 13:37:43', 1, 1),
(3370, 190, 3370, 'New Mexico', '', 1, '2018-10-16 13:37:43', '2018-10-16 13:37:43', 1, 1),
(3371, 190, 3371, 'New York', '', 1, '2018-10-16 13:37:43', '2018-10-16 13:37:43', 1, 1),
(3372, 190, 3372, 'North Carolina', '', 1, '2018-10-16 13:37:43', '2018-10-16 13:37:43', 1, 1),
(3373, 190, 3373, 'North Dakota', '', 1, '2018-10-16 13:37:44', '2018-10-16 13:37:44', 1, 1),
(3374, 190, 3374, 'Ohio', '', 1, '2018-10-16 13:37:44', '2018-10-16 13:37:44', 1, 1),
(3375, 190, 3375, 'Oklahoma', '', 1, '2018-10-16 13:37:44', '2018-10-16 13:37:44', 1, 1),
(3376, 190, 3376, 'Ontario', '', 1, '2018-10-16 13:37:44', '2018-10-16 13:37:44', 1, 1),
(3377, 190, 3377, 'Oregon', '', 1, '2018-10-16 13:37:44', '2018-10-16 13:37:44', 1, 1),
(3378, 190, 3378, 'Pennsylvania', '', 1, '2018-10-16 13:37:44', '2018-10-16 13:37:44', 1, 1),
(3379, 190, 3379, 'Ramey', '', 1, '2018-10-16 13:37:44', '2018-10-16 13:37:44', 1, 1),
(3380, 190, 3380, 'Rhode Island', '', 1, '2018-10-16 13:37:44', '2018-10-16 13:37:44', 1, 1),
(3381, 190, 3381, 'South Carolina', '', 1, '2018-10-16 13:37:44', '2018-10-16 13:37:44', 1, 1),
(3382, 190, 3382, 'South Dakota', '', 1, '2018-10-16 13:37:44', '2018-10-16 13:37:44', 1, 1),
(3383, 190, 3383, 'Sublimity', '', 1, '2018-10-16 13:37:44', '2018-10-16 13:37:44', 1, 1),
(3384, 190, 3384, 'Tennessee', '', 1, '2018-10-16 13:37:44', '2018-10-16 13:37:44', 1, 1),
(3385, 190, 3385, 'Texas', '', 1, '2018-10-16 13:37:44', '2018-10-16 13:37:44', 1, 1),
(3386, 190, 3386, 'Trimble', '', 1, '2018-10-16 13:37:44', '2018-10-16 13:37:44', 1, 1),
(3387, 190, 3387, 'Utah', '', 1, '2018-10-16 13:37:44', '2018-10-16 13:37:44', 1, 1),
(3388, 190, 3388, 'Vermont', '', 1, '2018-10-16 13:37:44', '2018-10-16 13:37:44', 1, 1),
(3389, 190, 3389, 'Virginia', '', 1, '2018-10-16 13:37:44', '2018-10-16 13:37:44', 1, 1),
(3390, 190, 3390, 'Washington', '', 1, '2018-10-16 13:37:44', '2018-10-16 13:37:44', 1, 1),
(3391, 190, 3391, 'West Virginia', '', 1, '2018-10-16 13:37:44', '2018-10-16 13:37:44', 1, 1),
(3392, 190, 3392, 'Wisconsin', '', 1, '2018-10-16 13:37:45', '2018-10-16 13:37:45', 1, 1),
(3393, 190, 3393, 'Wyoming', '', 1, '2018-10-16 13:37:45', '2018-10-16 13:37:45', 1, 1),
(3394, 191, 3394, 'Artigas', '', 1, '2018-10-16 13:37:45', '2018-10-16 13:37:45', 1, 1),
(3395, 191, 3395, 'Canelones', '', 1, '2018-10-16 13:37:45', '2018-10-16 13:37:45', 1, 1),
(3396, 191, 3396, 'Cerro Largo', '', 1, '2018-10-16 13:37:45', '2018-10-16 13:37:45', 1, 1),
(3397, 191, 3397, 'Colonia', '', 1, '2018-10-16 13:37:45', '2018-10-16 13:37:45', 1, 1),
(3398, 191, 3398, 'Durazno', '', 1, '2018-10-16 13:37:45', '2018-10-16 13:37:45', 1, 1),
(3399, 191, 3399, 'FLorida', '', 1, '2018-10-16 13:37:45', '2018-10-16 13:37:45', 1, 1),
(3400, 191, 3400, 'Flores', '', 1, '2018-10-16 13:37:45', '2018-10-16 13:37:45', 1, 1),
(3401, 191, 3401, 'Lavalleja', '', 1, '2018-10-16 13:37:45', '2018-10-16 13:37:45', 1, 1),
(3402, 191, 3402, 'Maldonado', '', 1, '2018-10-16 13:37:45', '2018-10-16 13:37:45', 1, 1),
(3403, 191, 3403, 'Montevideo', '', 1, '2018-10-16 13:37:45', '2018-10-16 13:37:45', 1, 1),
(3404, 191, 3404, 'Paysandu', '', 1, '2018-10-16 13:37:45', '2018-10-16 13:37:45', 1, 1),
(3405, 191, 3405, 'Rio Negro', '', 1, '2018-10-16 13:37:45', '2018-10-16 13:37:45', 1, 1),
(3406, 191, 3406, 'Rivera', '', 1, '2018-10-16 13:37:45', '2018-10-16 13:37:45', 1, 1),
(3407, 191, 3407, 'Rocha', '', 1, '2018-10-16 13:37:45', '2018-10-16 13:37:45', 1, 1),
(3408, 191, 3408, 'Salto', '', 1, '2018-10-16 13:37:45', '2018-10-16 13:37:45', 1, 1),
(3409, 191, 3409, 'San Jose', '', 1, '2018-10-16 13:37:45', '2018-10-16 13:37:45', 1, 1),
(3410, 191, 3410, 'Soriano', '', 1, '2018-10-16 13:37:45', '2018-10-16 13:37:45', 1, 1),
(3411, 191, 3411, 'Tacuarembo', '', 1, '2018-10-16 13:37:45', '2018-10-16 13:37:45', 1, 1),
(3412, 191, 3412, 'Treinta y Tres', '', 1, '2018-10-16 13:37:45', '2018-10-16 13:37:45', 1, 1),
(3413, 192, 3413, 'Andijon', '', 1, '2018-10-16 13:37:46', '2018-10-16 13:37:46', 1, 1),
(3414, 192, 3414, 'Buhoro', '', 1, '2018-10-16 13:37:46', '2018-10-16 13:37:46', 1, 1),
(3415, 192, 3415, 'Buxoro Viloyati', '', 1, '2018-10-16 13:37:46', '2018-10-16 13:37:46', 1, 1),
(3416, 192, 3416, 'Cizah', '', 1, '2018-10-16 13:37:46', '2018-10-16 13:37:46', 1, 1),
(3417, 192, 3417, 'Fargona', '', 1, '2018-10-16 13:37:46', '2018-10-16 13:37:46', 1, 1),
(3418, 192, 3418, 'Horazm', '', 1, '2018-10-16 13:37:46', '2018-10-16 13:37:46', 1, 1),
(3419, 192, 3419, 'Kaskadar', '', 1, '2018-10-16 13:37:46', '2018-10-16 13:37:46', 1, 1),
(3420, 192, 3420, 'Korakalpogiston', '', 1, '2018-10-16 13:37:46', '2018-10-16 13:37:46', 1, 1),
(3421, 192, 3421, 'Namangan', '', 1, '2018-10-16 13:37:46', '2018-10-16 13:37:46', 1, 1),
(3422, 192, 3422, 'Navoi', '', 1, '2018-10-16 13:37:46', '2018-10-16 13:37:46', 1, 1),
(3423, 192, 3423, 'Samarkand', '', 1, '2018-10-16 13:37:46', '2018-10-16 13:37:46', 1, 1),
(3424, 192, 3424, 'Sirdare', '', 1, '2018-10-16 13:37:46', '2018-10-16 13:37:46', 1, 1),
(3425, 192, 3425, 'Surhondar', '', 1, '2018-10-16 13:37:46', '2018-10-16 13:37:46', 1, 1),
(3426, 192, 3426, 'Toskent', '', 1, '2018-10-16 13:37:46', '2018-10-16 13:37:46', 1, 1),
(3427, 193, 3427, 'Malampa', '', 1, '2018-10-16 13:37:46', '2018-10-16 13:37:46', 1, 1),
(3428, 193, 3428, 'Penama', '', 1, '2018-10-16 13:37:46', '2018-10-16 13:37:46', 1, 1),
(3429, 193, 3429, 'Sanma', '', 1, '2018-10-16 13:37:46', '2018-10-16 13:37:46', 1, 1),
(3430, 193, 3430, 'Shefa', '', 1, '2018-10-16 13:37:46', '2018-10-16 13:37:46', 1, 1),
(3431, 193, 3431, 'Tafea', '', 1, '2018-10-16 13:37:46', '2018-10-16 13:37:46', 1, 1),
(3432, 193, 3432, 'Torba', '', 1, '2018-10-16 13:37:46', '2018-10-16 13:37:46', 1, 1),
(3433, 194, 3433, 'Alo', '', 1, '2018-10-16 13:37:46', '2018-10-16 13:37:46', 1, 1),
(3434, 194, 3434, 'Singave', '', 1, '2018-10-16 13:37:47', '2018-10-16 13:37:47', 1, 1),
(3435, 194, 3435, 'Wallis', '', 1, '2018-10-16 13:37:47', '2018-10-16 13:37:47', 1, 1),
(3436, 195, 3436, '\'Adan', '{\"seo_title\":\"sdad\",\"keywords\":\"asdfadf\",\"meta_desc\":\"asdf\",\"crawl_after_day\":\"dfdfds\",\"follow\":\"follow\",\"index\":\"noindex\"}', 1, '2018-10-16 13:37:47', '2018-10-16 14:27:54', 1, 1),
(3437, 195, 3437, 'Abyan', '', 1, '2018-10-16 13:37:47', '2018-10-16 13:37:47', 1, 1),
(3438, 195, 3438, 'Dhamar', '', 1, '2018-10-16 13:37:47', '2018-10-16 13:37:47', 1, 1),
(3439, 195, 3439, 'Hadramaut', '', 1, '2018-10-16 13:37:47', '2018-10-16 13:37:47', 1, 1),
(3440, 195, 3440, 'Hajjah', '', 1, '2018-10-16 13:37:47', '2018-10-16 13:37:47', 1, 1),
(3441, 195, 3441, 'Hudaydah', '', 1, '2018-10-16 13:37:47', '2018-10-16 13:37:47', 1, 1),
(3442, 195, 3442, 'Ibb', '', 1, '2018-10-16 13:37:47', '2018-10-16 13:37:47', 1, 1),
(3443, 195, 3443, 'Lahij', '', 1, '2018-10-16 13:37:47', '2018-10-16 13:37:47', 1, 1),
(3444, 195, 3444, 'Ma\'rib', '', 1, '2018-10-16 13:37:47', '2018-10-16 13:37:47', 1, 1),
(3445, 195, 3445, 'Madinat San\'a', '', 1, '2018-10-16 13:37:47', '2018-10-16 13:37:47', 1, 1),
(3446, 195, 3446, 'Sa\'dah', '', 1, '2018-10-16 13:37:47', '2018-10-16 13:37:47', 1, 1),
(3447, 195, 3447, 'Sana', '', 1, '2018-10-16 13:37:47', '2018-10-16 13:37:47', 1, 1),
(3448, 195, 3448, 'Shabwah', '', 1, '2018-10-16 13:37:47', '2018-10-16 13:37:47', 1, 1),
(3449, 195, 3449, 'Ta\'izz', '', 1, '2018-10-16 13:37:47', '2018-10-16 13:37:47', 1, 1),
(3450, 195, 3450, 'al-Bayda', '', 1, '2018-10-16 13:37:47', '2018-10-16 13:37:47', 1, 1),
(3451, 195, 3451, 'al-Hudaydah', '', 1, '2018-10-16 13:37:47', '2018-10-16 13:37:47', 1, 1),
(3452, 195, 3452, 'al-Jawf', '', 1, '2018-10-16 13:37:48', '2018-10-16 13:37:48', 1, 1),
(3453, 195, 3453, 'al-Mahrah', '', 1, '2018-10-16 13:37:48', '2018-10-16 13:37:48', 1, 1),
(3454, 195, 3454, 'al-Mahwit', '', 1, '2018-10-16 13:37:48', '2018-10-16 13:37:48', 1, 1),
(3455, 196, 3455, 'Central', '', 1, '2018-10-16 13:37:48', '2018-10-16 13:37:48', 1, 1),
(3456, 196, 3456, 'Copperbelt', '', 1, '2018-10-16 13:37:48', '2018-10-16 13:37:48', 1, 1),
(3457, 196, 3457, 'Eastern', '', 1, '2018-10-16 13:37:48', '2018-10-16 13:37:48', 1, 1),
(3458, 196, 3458, 'Luapala', '', 1, '2018-10-16 13:37:48', '2018-10-16 13:37:48', 1, 1),
(3459, 196, 3459, 'Lusaka', '', 1, '2018-10-16 13:37:48', '2018-10-16 13:37:48', 1, 1),
(3460, 196, 3460, 'North-Western', '', 1, '2018-10-16 13:37:48', '2018-10-16 13:37:48', 1, 1),
(3461, 196, 3461, 'Northern', '', 1, '2018-10-16 13:37:48', '2018-10-16 13:37:48', 1, 1),
(3462, 196, 3462, 'Southern', '', 1, '2018-10-16 13:37:48', '2018-10-16 13:37:48', 1, 1),
(3463, 196, 3463, 'Western', '', 1, '2018-10-16 13:37:48', '2018-10-16 13:37:48', 1, 1),
(3464, 197, 3464, 'Bulawayo', '', 1, '2018-10-16 13:37:48', '2018-10-16 13:37:48', 1, 1),
(3465, 197, 3465, 'Harare', '', 1, '2018-10-16 13:37:48', '2018-10-16 13:37:48', 1, 1),
(3466, 197, 3466, 'Manicaland', '', 1, '2018-10-16 13:37:48', '2018-10-16 13:37:48', 1, 1),
(3467, 197, 3467, 'Mashonaland Central', '', 1, '2018-10-16 13:37:48', '2018-10-16 13:37:48', 1, 1),
(3468, 197, 3468, 'Mashonaland East', '', 1, '2018-10-16 13:37:48', '2018-10-16 13:37:48', 1, 1),
(3469, 197, 3469, 'Mashonaland West', '', 1, '2018-10-16 13:37:49', '2018-10-16 13:37:49', 1, 1),
(3470, 197, 3470, 'Masvingo', '', 1, '2018-10-16 13:37:49', '2018-10-16 13:37:49', 1, 1),
(3471, 197, 3471, 'Matabeleland North', '', 1, '2018-10-16 13:37:49', '2018-10-16 13:37:49', 1, 1),
(3472, 197, 3472, 'Matabeleland South', '', 1, '2018-10-16 13:37:49', '2018-10-16 13:37:49', 1, 1),
(3473, 197, 3473, 'Midlands', '', 1, '2018-10-16 13:37:49', '2018-10-16 13:37:49', 1, 1),
(3474, 4, 3474, 'fasfds', '[]', 1, '2018-10-26 13:44:12', '2018-10-26 13:44:21', 1, 1),
(3475, 72, 1240, 'Baden-Württemberg', '[]', 2, '2019-05-29 11:33:05', '2019-05-29 11:33:05', 1, 1),
(3477, 72, 3479, 'Thüringen', '[]', 1, '2019-05-29 12:16:34', '2019-05-29 12:16:34', 1, 1),
(3478, 72, 3479, 'Thüringen', '[]', 2, '2019-05-29 12:16:34', '2019-05-29 12:16:43', 1, 1);

-- --------------------------------------------------------

--
-- Table structure for table `system_languages`
--

CREATE TABLE `system_languages` (
  `SystemLanguageID` int(11) NOT NULL,
  `ShortCode` varchar(255) NOT NULL,
  `SortOrder` int(11) NOT NULL,
  `IconClass` varchar(255) NOT NULL,
  `Direction` varchar(50) NOT NULL,
  `Logo` varchar(255) NOT NULL,
  `IsDefault` tinyint(4) NOT NULL,
  `IsActive` tinyint(4) NOT NULL DEFAULT '1',
  `Hide` tinyint(4) NOT NULL DEFAULT '0',
  `CreatedAt` datetime NOT NULL,
  `UpdatedAt` datetime NOT NULL,
  `CreatedBy` int(11) NOT NULL,
  `UpdatedBy` int(11) NOT NULL
) ENGINE=InnoDB DEFAULT CHARSET=utf8;

--
-- Dumping data for table `system_languages`
--

INSERT INTO `system_languages` (`SystemLanguageID`, `ShortCode`, `SortOrder`, `IconClass`, `Direction`, `Logo`, `IsDefault`, `IsActive`, `Hide`, `CreatedAt`, `UpdatedAt`, `CreatedBy`, `UpdatedBy`) VALUES
(1, 'de', 0, '', 'ltr', 'uploads/posts/9840539956020190507112053Logo-Maschinenpilot-V5-deutsch-1512px.png', 1, 1, 0, '2018-04-09 00:00:00', '2019-05-07 11:53:20', 0, 1),
(2, 'en', 0, '', 'ltr', 'uploads/posts/2365530072320190507114153Logo-Maschinenpilot-V5-search-portal-english.png', 0, 1, 0, '2018-04-09 00:00:00', '2019-05-31 04:46:56', 0, 1);

-- --------------------------------------------------------

--
-- Table structure for table `system_languages_text`
--

CREATE TABLE `system_languages_text` (
  `SystemLanguageTextID` int(11) NOT NULL,
  `SystemLanguageID` int(11) NOT NULL,
  `LanguageID` int(11) NOT NULL,
  `SystemLanguageTitle` varchar(255) NOT NULL,
  `CreatedAt` datetime NOT NULL,
  `UpdatedAt` datetime NOT NULL,
  `CreatedBy` int(11) NOT NULL,
  `UpdatedBy` int(11) NOT NULL
) ENGINE=InnoDB DEFAULT CHARSET=latin1;

--
-- Dumping data for table `system_languages_text`
--

INSERT INTO `system_languages_text` (`SystemLanguageTextID`, `SystemLanguageID`, `LanguageID`, `SystemLanguageTitle`, `CreatedAt`, `UpdatedAt`, `CreatedBy`, `UpdatedBy`) VALUES
(6, 1, 1, 'Deutsch', '0000-00-00 00:00:00', '2019-05-07 11:53:20', 1, 1),
(7, 2, 1, 'German ', '0000-00-00 00:00:00', '2019-05-31 04:46:40', 1, 1),
(9, 1, 2, 'Englisch', '2019-02-27 00:00:00', '2019-05-31 04:46:56', 1, 1),
(10, 2, 2, 'English ', '2019-02-27 00:00:00', '2019-02-28 16:50:44', 1, 1);

-- --------------------------------------------------------

--
-- Table structure for table `users`
--

CREATE TABLE `users` (
  `UserID` int(11) NOT NULL,
  `RoleID` int(11) NOT NULL,
  `UName` varchar(255) NOT NULL,
  `Email` varchar(255) NOT NULL,
  `Password` varchar(255) NOT NULL,
  `Gender` enum('Male','Female') NOT NULL,
  `Mobile` varchar(255) DEFAULT NULL,
  `Phone` varchar(255) NOT NULL,
  `Fax` varchar(255) DEFAULT NULL,
  `City` varchar(255) NOT NULL,
  `Vat` varchar(255) NOT NULL,
  `Website` varchar(255) NOT NULL DEFAULT 'de',
  `Lang` char(10) NOT NULL,
  `CoverImage` varchar(255) NOT NULL,
  `DateOfBirth` date NOT NULL,
  `DeviceType` varchar(50) NOT NULL,
  `DeviceToken` varchar(255) NOT NULL,
  `Hide` tinyint(4) NOT NULL DEFAULT '0',
  `IsActive` tinyint(4) NOT NULL DEFAULT '1',
  `TillActivated` datetime DEFAULT NULL,
  `IsTillActivated` tinyint(4) NOT NULL DEFAULT '0',
  `IsVerified` tinyint(4) NOT NULL,
  `IsCompany` tinyint(4) NOT NULL,
  `IsPaid` tinyint(4) NOT NULL DEFAULT '0',
  `VATConfirmed` tinyint(4) NOT NULL DEFAULT '0',
  `TaxStatusConfirmed` tinyint(4) NOT NULL DEFAULT '0',
  `VerificationKey` varchar(255) NOT NULL,
  `IsCertifiedTrader` tinyint(4) NOT NULL DEFAULT '0' COMMENT '1= Certified Trader',
  `SortOrder` int(11) NOT NULL,
  `LastLogin` date NOT NULL,
  `CreatedAt` date NOT NULL,
  `CreatedBy` int(11) NOT NULL,
  `UpdatedAt` datetime NOT NULL,
  `UpdatedBy` int(11) NOT NULL
) ENGINE=InnoDB DEFAULT CHARSET=latin1;

--
-- Dumping data for table `users`
--

INSERT INTO `users` (`UserID`, `RoleID`, `UName`, `Email`, `Password`, `Gender`, `Mobile`, `Phone`, `Fax`, `City`, `Vat`, `Website`, `Lang`, `CoverImage`, `DateOfBirth`, `DeviceType`, `DeviceToken`, `Hide`, `IsActive`, `TillActivated`, `IsTillActivated`, `IsVerified`, `IsCompany`, `IsPaid`, `VATConfirmed`, `TaxStatusConfirmed`, `VerificationKey`, `IsCertifiedTrader`, `SortOrder`, `LastLogin`, `CreatedAt`, `CreatedBy`, `UpdatedAt`, `UpdatedBy`) VALUES
(1, 1, 'Herr', 'admin@maschinenpilot.de', '542a4bf55dd09fda1194b071cab1b84b', '', '', '071239570103', '', '', '', 'https://maschinenpilot.de', 'de', 'uploads/images/2853360220191110105916Logo--Quadrat-MaschinenPIlot_DE-MP.jpg', '0000-00-00', '', '', 0, 1, '1970-01-01 01:00:00', 0, 1, 0, 0, 0, 0, '', 0, 0, '2020-08-03', '2018-11-15', 0, '2020-05-20 20:12:19', 1),
(2, 4, 'Frau', 'mweigelt@web-by-michi.de', '8074469bc9ef6e8e61f8b3ee1ed4ac35', 'Male', '', '071239570787', '', 'Metzingen', 'DE297414880', '', 'de', 'uploads/images/25469342120191217025240profil.jpg', '0000-00-00', '', '', 0, 1, '1970-01-01 01:00:00', 0, 1, 1, 1, 1, 1, '', 0, 1, '2020-06-03', '2019-08-08', 0, '2020-06-05 07:09:30', 1),
(3, 4, 'Herr', 'anfrage@gerlitz-maschinen.de', 'ff7cb81f0a622d651fdfaab3ef9c5433', 'Male', '', '071239570103', '', 'Riederich', '815426049', 'https://gerlitz-maschinen.de', 'de', 'uploads/images/6469080413020190812114153Stempel.jpg', '0000-00-00', '', '', 0, 1, NULL, 0, 1, 1, 1, 1, 1, '', 1, 2, '2020-07-23', '2019-08-12', 0, '2019-09-19 09:25:16', 1),
(4, 4, 'Herr', 'info@erdexim.de', '306576c6082fba0e8a461b24403e1269', 'Male', '', '4971318739599', '4971318739597', 'Leingarten', 'DE274426768', 'https://erdexim.de', 'de', 'uploads/images/8977178714220190826043443logo.JPG', '0000-00-00', '', '', 0, 0, '2020-12-26 00:00:00', 0, 1, 0, 0, 1, 0, '', 1, 3, '2019-10-04', '2019-08-26', 0, '2019-12-28 03:50:07', 1),
(5, 4, 'Herr', 'cengiz.kevik@gmx.de', '2814df4452e8d6c5efcb0651fca23475', 'Male', '01621913804', '09083961562', '09083961599', 'Möttingen', 'DE 209 102 632', 'https://www.sapigmbh.de', 'de', 'uploads/images/354531644720200529115831sapi_logo.jpg', '0000-00-00', '', '', 0, 1, '2020-09-15 00:00:00', 1, 1, 1, 1, 1, 1, '', 0, 4, '2020-07-31', '2020-05-29', 0, '2020-06-30 20:58:38', 1),
(6, 4, 'Frau', 'info@web-by-michi.de', 'e6645da153fcc259880e53069cf4ec61', 'Male', '015736274048', '071239570787', '', 'Metzingen', 'DE297414880', 'https://www.web-by-michi.de', 'de', 'uploads/images/57517199920200603061906Logo_600-600.jpg', '0000-00-00', '', '', 0, 1, '2020-10-03 00:00:00', 1, 1, 0, 1, 1, 1, '', 0, 5, '2020-08-03', '2020-06-03', 0, '2020-08-03 11:45:48', 6),
(7, 4, 'Frau', 'info@trikora.de', 'ff2e371b6c0049d7c492358cf35bc37d', 'Male', '', '07123888366', '', 'Dettingen /Erms', 'DE 245720443', 'https://www.trikora.de/', 'de', 'uploads/images/3528593675620200703084643Logo_Trikora-Deutschlandx700.jpg', '0000-00-00', '', '', 0, 0, NULL, 0, 0, 0, 0, 0, 0, 'Nw==', 0, 6, '0000-00-00', '2020-07-03', 0, '2020-07-03 08:43:47', 0);

-- --------------------------------------------------------

--
-- Table structure for table `users_text`
--

CREATE TABLE `users_text` (
  `UserTextID` int(11) NOT NULL,
  `UserID` int(11) NOT NULL,
  `Title` varchar(255) NOT NULL,
  `CompanyName` varchar(255) NOT NULL,
  `StreetAddress` varchar(255) NOT NULL,
  `Country` int(11) NOT NULL,
  `PostalCode` varchar(255) NOT NULL,
  `CompanyProfile` text,
  `SystemLanguageID` int(11) NOT NULL,
  `CreatedAt` datetime NOT NULL,
  `UpdatedAt` datetime NOT NULL,
  `UpdatedBy` int(11) NOT NULL,
  `CreatedBy` int(11) NOT NULL
) ENGINE=InnoDB DEFAULT CHARSET=utf8;

--
-- Dumping data for table `users_text`
--

INSERT INTO `users_text` (`UserTextID`, `UserID`, `Title`, `CompanyName`, `StreetAddress`, `Country`, `PostalCode`, `CompanyProfile`, `SystemLanguageID`, `CreatedAt`, `UpdatedAt`, `UpdatedBy`, `CreatedBy`) VALUES
(1, 1, 'Admin', 'MaschinenPilot', 'Mörikestr. 2', 72, ' 72585 Riederich', '', 1, '0000-00-00 00:00:00', '0000-00-00 00:00:00', 0, 0),
(2, 1, 'Admin', 'MaschinenPilot', 'Mörikestr. 2', 72, ' 72585 Riederich', '', 2, '2019-02-25 12:47:12', '2019-02-25 12:47:12', 1, 1),
(3, 2, 'Michaela Weigelt', 'WPUE', 'Ulmer Str. 62', 72, '72555', '<p>Die zum Verkauf angebotenen Maschinen und Ger&auml;te stammen aus dem B&uuml;robereich und sind ausgemusterte bzw. nicht mehr ben&ouml;tigte Ger&auml;te.<br /><br /></p>', 1, '0000-00-00 00:00:00', '0000-00-00 00:00:00', 0, 0),
(4, 2, 'Michaela Weigelt', 'WPUE', 'Ulmer Str. 62', 72, '72555', '<p>Die zum Verkauf angebotenen Maschinen und Ger&auml;te stammen aus dem B&uuml;robereich und sind ausgemusterte bzw. nicht mehr ben&ouml;tigte Ger&auml;te.<br /><br /></p>', 2, '2019-08-08 17:48:21', '2019-08-08 17:48:21', 0, 0),
(5, 3, 'Artur Gerlitz', 'Gerlitz Maschinenhandel', 'Mörike Str. 2', 72, '72585', 'Unsere Leistungen:\r\nDas Geschäftsfeld von Gerlitz Maschinenvertrieb beinhaltet vorrangig den Handel mit Maschinen.\r\nAngefangen bei CNC-Drehmaschinen und Bearbeitungszentren stehen wir Ihnen Rat und Tat zur Seite.\r\nDie Aufbereitung und Reparatur von Maschinen übernehmen wir ebenfalls.\r\nEin weiterer Leistungsbereich ist die Übernahme von Aufträgen, um so Arbeitsspitzen aufzufangen.\r\nNutzen Sie zur Kontaktaufnahme unser Kontaktformular oder rufen Sie uns an.\r\n\r\nIhre Vorteile:\r\nFür uns steht Service an erster Stelle.\r\nSie benötigen eine spezielle Maschine oder haben Auftragsspitzen, die Sie so nicht abdecken können?\r\nNehmen Sie Kontakt auf, wir stehen Ihnen hier hilfreich zur Seite.\r\n\r\n>> Handel mit Maschinen – auch Sondermaschinen\r\n>> mehrsprachiger Service\r\n>> Aufbereitungs- und Reparaturleistungen\r\n>> Verkauf von Werkzeugen\r\n\r\nMaschinen-Transporte:\r\nEine Dreh-, Fräsmaschine muss transportiert werden? Wir führen die Demontage, Verladung und auch den Transport zum Wunschort für Sie durch.\r\nAuch für Maschinenumzüge und eine Zwischenlagerung sind wir für Sie da. ', 1, '0000-00-00 00:00:00', '0000-00-00 00:00:00', 0, 0),
(6, 3, '', '', '', 72, '', NULL, 2, '2019-08-12 11:53:43', '2019-08-12 11:53:43', 0, 0),
(7, 4, 'Alexander Erdmann', 'Erdmann Export Import', 'Liebigstrasse, 21', 72, 'Leingarten', 'Erdmann-Export-Import mit dem Sitz in Heilbronn ist ein aufsteigendes Unternehmen, welches mit Werkzeugmaschinen handelt. Nicht nur national sondern auch international haben wir Abnehmer die im Weiteren zu unseren festen Kunden werden.\r\n\r\nDadurch sind wir immer auf der Suche nach gebrauchten Werkzeug-/Blechbearbeitungsmaschinen die Sie gegebenenfalls abzugeben haben. Wenn es der Fall sein sollte, würden wir uns freuen von Ihnen ein Angebot zu erhalten.\r\n\r\nBei weiteren Fragen stehen wir Ihnen selbstverständlich telefonisch sowie auf dem elektronischen Wege zu Verfügung.\r\n\r\nWir bedanken uns im Voraus und hoffen auf eine zukünftige Zusammenarbeit.', 1, '0000-00-00 00:00:00', '0000-00-00 00:00:00', 0, 0),
(8, 4, '', '', '', 72, '', NULL, 2, '2019-08-26 16:43:35', '2019-08-26 16:43:35', 0, 0),
(9, 5, 'Cengiz Kevik', 'SAPI GmbH', 'Enkinger weg 4', 72, '86753', '\r\nInformationen unter www.sapigmbh.de\r\n50 Jährige Jubiläum \r\n\r\nHersteller von Sandstrahlanlagen, Lackieranlagen, Pulverbeschichtungsanlagen, Fördertechnik', 1, '0000-00-00 00:00:00', '0000-00-00 00:00:00', 0, 0),
(10, 5, '', '', '', 72, '', NULL, 2, '2020-05-29 11:31:59', '2020-05-29 11:31:59', 0, 0),
(11, 6, 'Michi Weigelt', 'Michaela Weigelt Internetdienstleistungen', 'Ulmer Str. 62', 72, '72555', '<p>&nbsp;</p>\r\n<p>Webdesign Agentur - wir inserieren hier B&uuml;roequipment und B&uuml;roger&auml;te wie Drucker etc., die nicht mehr ben&ouml;tigt werden aufgrund Neubeschaffung etc.&nbsp;</p>', 1, '0000-00-00 00:00:00', '0000-00-00 00:00:00', 0, 0),
(12, 6, 'Michi Weigelt', 'Michaela Weigelt Internetdienstleistungen', 'Ulmer Str. 62', 72, '72555', '<p>&nbsp;</p>\r\n<p>Webdesign Agentur - wir inserieren hier B&uuml;roequipment und B&uuml;roger&auml;te wie Drucker etc., die nicht mehr ben&ouml;tigt werden aufgrund Neubeschaffung etc.&nbsp;</p>', 2, '2020-06-03 17:01:42', '2020-06-03 17:01:42', 0, 0),
(13, 7, 'Sabine Möhn', 'Trikora Deutschland GmbH', 'Vogelsangstrasse 31', 72, '72581', 'TRIKORA DEUTSCHLAND – PRODUKTE UND WERBEMITTEL FÜR IHR UNTERNEHMEN\r\nTrikora Deutschland – Produkte, Werbeartikel, Berufskleidung, Give Aways und Accessoires. Produkte aus recyleltem Material – der Umwelt zuliebe. \r\n\r\nMachen Sie Ihr Unternehmen sichtbar mit Werbeartikeln, Give Aways und Werbetextilien von TRIKORA Deutschland. Wählen Sie aus mehr als 300.000 Artikeln Ihre Werbeartikel aus. Wir personalisieren Ihre Artikel wunschgerecht mit Ihrem Logo und Ihrer Werbebotschaft.  Werbemittel für Unternehmen erhalten Sie bei uns.Wir produzieren und beschaffen Werbemittel und Arbeitsbekleidung.\r\n\r\n\r\n', 1, '0000-00-00 00:00:00', '0000-00-00 00:00:00', 0, 0),
(14, 7, '', '', '', 72, '', NULL, 2, '2020-07-03 08:43:47', '2020-07-03 08:43:47', 0, 0);

-- --------------------------------------------------------

--
-- Table structure for table `user_package_purchase`
--

CREATE TABLE `user_package_purchase` (
  `PurchaseID` int(11) NOT NULL,
  `UserID` int(11) NOT NULL,
  `PackageID` int(11) NOT NULL,
  `Category` varchar(255) DEFAULT NULL,
  `Qty` varchar(255) NOT NULL,
  `Rate` varchar(255) NOT NULL,
  `PerMonth` varchar(255) NOT NULL,
  `Duration` int(1) NOT NULL,
  `Discount` varchar(255) NOT NULL,
  `ExpiryDate` date NOT NULL,
  `filePath` varchar(100) DEFAULT NULL,
  `IsExpiryEmailSent` int(11) NOT NULL,
  `CreatedAt` timestamp NOT NULL DEFAULT CURRENT_TIMESTAMP ON UPDATE CURRENT_TIMESTAMP
) ENGINE=InnoDB DEFAULT CHARSET=latin1;

--
-- Dumping data for table `user_package_purchase`
--

INSERT INTO `user_package_purchase` (`PurchaseID`, `UserID`, `PackageID`, `Category`, `Qty`, `Rate`, `PerMonth`, `Duration`, `Discount`, `ExpiryDate`, `filePath`, `IsExpiryEmailSent`, `CreatedAt`) VALUES
(1, 2, 29, '140,74', '5', '29', '145', 3, '0', '2019-11-08', NULL, 1, '2019-10-31 23:00:02'),
(2, 3, 27, '124,84,6,8,54,78,136,122', '25', '39', '975', 12, '0', '2020-08-12', NULL, 0, '2019-08-12 09:54:13'),
(3, 4, 27, '32,52,50,92,124,84,126,6,8,56,54,128,134,78,132,130,136,122', '50', '79', '3950', 12, '0', '2020-12-02', 'R-0000003.pdf', 0, '2019-12-11 09:04:24'),
(4, 1, 29, '', '5', '29', '145', 3, '0', '2019-11-26', NULL, 1, '2019-11-18 23:00:02'),
(5, 1, 27, '', '25', '39', '975', 12, '0', '2020-11-10', NULL, 0, '2019-11-10 12:56:07'),
(6, 1, 27, '', '50', '79', '3950', 12, '0', '2020-11-10', NULL, 0, '2019-11-10 12:56:17'),
(7, 1, 29, '', '5', '29', '145', 3, '0', '2020-03-04', NULL, 1, '2020-02-25 23:00:03'),
(8, 1, 27, '', '25', '39', '975', 12, '0', '2020-12-04', NULL, 0, '2019-12-04 14:02:55'),
(9, 5, 29, '232,124,230,84,126,6,8,56,54,78,134,128,132,136,130,122,188,196,190,194,200,92,94,182', '5', '29', '145', 3, '0', '2020-08-29', 'R-0000009.pdf', 0, '2020-05-29 09:35:43'),
(10, 6, 29, '168,206', '5', '29', '145', 3, '0', '2020-09-03', 'R-0000010.pdf', 0, '2020-06-03 15:02:33');

-- --------------------------------------------------------

--
-- Table structure for table `user_payment`
--

CREATE TABLE `user_payment` (
  `PaymentID` int(11) NOT NULL,
  `PurchaseID` int(11) NOT NULL,
  `Status` int(1) NOT NULL DEFAULT '0' COMMENT '0=pending,1=cancel,2=complete',
  `PaypalResponse` text NOT NULL,
  `CreatedAt` timestamp NOT NULL DEFAULT CURRENT_TIMESTAMP ON UPDATE CURRENT_TIMESTAMP
) ENGINE=InnoDB DEFAULT CHARSET=latin1;

--
-- Dumping data for table `user_payment`
--

INSERT INTO `user_payment` (`PaymentID`, `PurchaseID`, `Status`, `PaypalResponse`, `CreatedAt`) VALUES
(1, 1, 5, '', '2019-12-11 11:05:38'),
(2, 2, 5, '', '2020-08-03 13:50:41'),
(3, 3, 4, '', '2019-08-26 14:45:02'),
(4, 4, 4, '', '2019-08-26 15:03:21'),
(5, 5, 4, '', '2019-11-10 12:56:07'),
(6, 6, 4, '', '2019-11-10 12:56:17'),
(7, 7, 4, '', '2019-12-04 08:14:53'),
(8, 8, 4, '', '2019-12-04 14:02:55'),
(9, 9, 4, '', '2020-05-29 09:33:20'),
(10, 10, 5, '', '2020-08-03 09:40:31');

-- --------------------------------------------------------

--
-- Table structure for table `wishlist`
--

CREATE TABLE `wishlist` (
  `ID` int(11) NOT NULL,
  `UserID` int(11) NOT NULL,
  `MachineID` int(11) NOT NULL,
  `CreatedAt` timestamp NOT NULL DEFAULT CURRENT_TIMESTAMP ON UPDATE CURRENT_TIMESTAMP
) ENGINE=InnoDB DEFAULT CHARSET=latin1;

--
-- Dumping data for table `wishlist`
--

INSERT INTO `wishlist` (`ID`, `UserID`, `MachineID`, `CreatedAt`) VALUES
(1, 1, 51, '2019-10-25 11:35:11');

--
-- Indexes for dumped tables
--

--
-- Indexes for table `advertises`
--
ALTER TABLE `advertises`
  ADD PRIMARY KEY (`AdvertiseID`);

--
-- Indexes for table `advertises_text`
--
ALTER TABLE `advertises_text`
  ADD PRIMARY KEY (`AdvertiseTextID`),
  ADD KEY `comapny_advertises_text_Comapny_advertiseID_fk` (`AdvertiseID`);

--
-- Indexes for table `categories`
--
ALTER TABLE `categories`
  ADD PRIMARY KEY (`CategoryID`);

--
-- Indexes for table `categories_text`
--
ALTER TABLE `categories_text`
  ADD PRIMARY KEY (`CategoryTextID`),
  ADD KEY `categories_text_CategoryID_fk` (`CategoryID`);

--
-- Indexes for table `cities`
--
ALTER TABLE `cities`
  ADD PRIMARY KEY (`CityID`),
  ADD KEY `DistrictID` (`DistrictID`);

--
-- Indexes for table `cities_text`
--
ALTER TABLE `cities_text`
  ADD PRIMARY KEY (`CityTextID`),
  ADD KEY `FK_cities_text` (`CityID`);

--
-- Indexes for table `confirmation_boxes`
--
ALTER TABLE `confirmation_boxes`
  ADD PRIMARY KEY (`Confirmation_boxID`);

--
-- Indexes for table `confirmation_boxes_text`
--
ALTER TABLE `confirmation_boxes_text`
  ADD PRIMARY KEY (`Confirmation_boxTextID`),
  ADD KEY `confirmation-boxes_text_Confirmation-boxID_fk` (`Confirmation_boxID`);

--
-- Indexes for table `countries`
--
ALTER TABLE `countries`
  ADD PRIMARY KEY (`CountryID`);

--
-- Indexes for table `countries_text`
--
ALTER TABLE `countries_text`
  ADD PRIMARY KEY (`CountryTextID`),
  ADD KEY `countries_text_CountryID_fk` (`CountryID`);

--
-- Indexes for table `districts`
--
ALTER TABLE `districts`
  ADD PRIMARY KEY (`DistrictID`);

--
-- Indexes for table `districts_text`
--
ALTER TABLE `districts_text`
  ADD PRIMARY KEY (`DistrictTextID`),
  ADD KEY `DistrictID` (`DistrictID`);

--
-- Indexes for table `email_templates`
--
ALTER TABLE `email_templates`
  ADD PRIMARY KEY (`Email_templateID`);

--
-- Indexes for table `email_templates_text`
--
ALTER TABLE `email_templates_text`
  ADD PRIMARY KEY (`Email_templateTextID`),
  ADD KEY `email_templates_text_Email_templateID_fk` (`Email_templateID`);

--
-- Indexes for table `features`
--
ALTER TABLE `features`
  ADD PRIMARY KEY (`FeatureID`);

--
-- Indexes for table `features_text`
--
ALTER TABLE `features_text`
  ADD PRIMARY KEY (`FeatureTextID`),
  ADD KEY `features_text_FeatureID_fk` (`FeatureID`);

--
-- Indexes for table `inquiries`
--
ALTER TABLE `inquiries`
  ADD PRIMARY KEY (`InquiryID`),
  ADD KEY `inquiry_machineID_fk` (`MachineID`);

--
-- Indexes for table `machines`
--
ALTER TABLE `machines`
  ADD PRIMARY KEY (`MachineID`,`CategoryID`),
  ADD KEY `posts_text_CatID_fk` (`CategoryID`),
  ADD KEY `posts_text_UserID_fk` (`UserID`);

--
-- Indexes for table `machines_text`
--
ALTER TABLE `machines_text`
  ADD PRIMARY KEY (`MachineTextID`),
  ADD KEY `posts_text_PostID_fk` (`MachineID`);

--
-- Indexes for table `menus`
--
ALTER TABLE `menus`
  ADD PRIMARY KEY (`MenuID`);

--
-- Indexes for table `menus_text`
--
ALTER TABLE `menus_text`
  ADD PRIMARY KEY (`MenuTextID`),
  ADD KEY `menus_text_MenuID_fk` (`MenuID`);

--
-- Indexes for table `modules`
--
ALTER TABLE `modules`
  ADD PRIMARY KEY (`ModuleID`);

--
-- Indexes for table `modules_rights`
--
ALTER TABLE `modules_rights`
  ADD PRIMARY KEY (`ModuleRightID`),
  ADD KEY `fk_ModuleID` (`ModuleID`);

--
-- Indexes for table `modules_text`
--
ALTER TABLE `modules_text`
  ADD PRIMARY KEY (`ModuleTextID`),
  ADD KEY `ModuleID` (`ModuleID`);

--
-- Indexes for table `modules_users_rights`
--
ALTER TABLE `modules_users_rights`
  ADD PRIMARY KEY (`ModuleRightID`),
  ADD KEY `fk_ModuleID` (`ModuleID`),
  ADD KEY `FK_UID` (`UserID`);

--
-- Indexes for table `packages`
--
ALTER TABLE `packages`
  ADD PRIMARY KEY (`PackageID`);

--
-- Indexes for table `packages_text`
--
ALTER TABLE `packages_text`
  ADD PRIMARY KEY (`PackageTextID`),
  ADD KEY `packages_text_PackageID_fk` (`PackageID`);

--
-- Indexes for table `pages`
--
ALTER TABLE `pages`
  ADD PRIMARY KEY (`PageID`);

--
-- Indexes for table `pages_text`
--
ALTER TABLE `pages_text`
  ADD PRIMARY KEY (`PageTextID`),
  ADD KEY `pages_text_PageID_fk` (`PageID`);

--
-- Indexes for table `roles`
--
ALTER TABLE `roles`
  ADD PRIMARY KEY (`RoleID`);

--
-- Indexes for table `roles_text`
--
ALTER TABLE `roles_text`
  ADD PRIMARY KEY (`RoleTextID`),
  ADD KEY `RoleID` (`RoleID`);

--
-- Indexes for table `site_documents`
--
ALTER TABLE `site_documents`
  ADD PRIMARY KEY (`SiteDocumentID`);

--
-- Indexes for table `site_images`
--
ALTER TABLE `site_images`
  ADD PRIMARY KEY (`SiteImageID`);

--
-- Indexes for table `site_settings`
--
ALTER TABLE `site_settings`
  ADD PRIMARY KEY (`SiteSettingID`);

--
-- Indexes for table `states`
--
ALTER TABLE `states`
  ADD PRIMARY KEY (`StateID`);

--
-- Indexes for table `states_text`
--
ALTER TABLE `states_text`
  ADD PRIMARY KEY (`StateTextID`),
  ADD KEY `states_text_StateID_fk` (`StateID`),
  ADD KEY `states_text_CountryID_fk` (`CountryID`);

--
-- Indexes for table `system_languages`
--
ALTER TABLE `system_languages`
  ADD PRIMARY KEY (`SystemLanguageID`);

--
-- Indexes for table `system_languages_text`
--
ALTER TABLE `system_languages_text`
  ADD PRIMARY KEY (`SystemLanguageTextID`);

--
-- Indexes for table `users`
--
ALTER TABLE `users`
  ADD PRIMARY KEY (`UserID`),
  ADD KEY `users_ibfk_1` (`RoleID`);

--
-- Indexes for table `users_text`
--
ALTER TABLE `users_text`
  ADD PRIMARY KEY (`UserTextID`),
  ADD KEY `RoleID` (`UserID`);

--
-- Indexes for table `user_package_purchase`
--
ALTER TABLE `user_package_purchase`
  ADD PRIMARY KEY (`PurchaseID`),
  ADD KEY `FK_PackageID` (`PackageID`),
  ADD KEY `FK_UserID` (`UserID`);

--
-- Indexes for table `user_payment`
--
ALTER TABLE `user_payment`
  ADD PRIMARY KEY (`PaymentID`),
  ADD KEY `PaymentID` (`PaymentID`),
  ADD KEY `FK_Purchase` (`PurchaseID`);

--
-- Indexes for table `wishlist`
--
ALTER TABLE `wishlist`
  ADD PRIMARY KEY (`ID`),
  ADD KEY `wishlist_machineID_fk` (`MachineID`),
  ADD KEY `wishlist_UserID_fk` (`UserID`);

--
-- AUTO_INCREMENT for dumped tables
--

--
-- AUTO_INCREMENT for table `advertises`
--
ALTER TABLE `advertises`
  MODIFY `AdvertiseID` int(11) NOT NULL AUTO_INCREMENT, AUTO_INCREMENT=16;

--
-- AUTO_INCREMENT for table `advertises_text`
--
ALTER TABLE `advertises_text`
  MODIFY `AdvertiseTextID` int(11) NOT NULL AUTO_INCREMENT, AUTO_INCREMENT=31;

--
-- AUTO_INCREMENT for table `categories`
--
ALTER TABLE `categories`
  MODIFY `CategoryID` int(11) NOT NULL AUTO_INCREMENT, AUTO_INCREMENT=139;

--
-- AUTO_INCREMENT for table `categories_text`
--
ALTER TABLE `categories_text`
  MODIFY `CategoryTextID` int(11) NOT NULL AUTO_INCREMENT, AUTO_INCREMENT=278;

--
-- AUTO_INCREMENT for table `cities`
--
ALTER TABLE `cities`
  MODIFY `CityID` int(11) NOT NULL AUTO_INCREMENT, AUTO_INCREMENT=150;

--
-- AUTO_INCREMENT for table `cities_text`
--
ALTER TABLE `cities_text`
  MODIFY `CityTextID` int(11) NOT NULL AUTO_INCREMENT, AUTO_INCREMENT=446;

--
-- AUTO_INCREMENT for table `confirmation_boxes`
--
ALTER TABLE `confirmation_boxes`
  MODIFY `Confirmation_boxID` int(11) NOT NULL AUTO_INCREMENT, AUTO_INCREMENT=3;

--
-- AUTO_INCREMENT for table `confirmation_boxes_text`
--
ALTER TABLE `confirmation_boxes_text`
  MODIFY `Confirmation_boxTextID` int(11) NOT NULL AUTO_INCREMENT, AUTO_INCREMENT=5;

--
-- AUTO_INCREMENT for table `countries`
--
ALTER TABLE `countries`
  MODIFY `CountryID` int(11) NOT NULL AUTO_INCREMENT, AUTO_INCREMENT=198;

--
-- AUTO_INCREMENT for table `countries_text`
--
ALTER TABLE `countries_text`
  MODIFY `CountryTextID` int(11) NOT NULL AUTO_INCREMENT, AUTO_INCREMENT=589;

--
-- AUTO_INCREMENT for table `districts`
--
ALTER TABLE `districts`
  MODIFY `DistrictID` int(11) NOT NULL AUTO_INCREMENT, AUTO_INCREMENT=54;

--
-- AUTO_INCREMENT for table `districts_text`
--
ALTER TABLE `districts_text`
  MODIFY `DistrictTextID` int(11) NOT NULL AUTO_INCREMENT, AUTO_INCREMENT=144;

--
-- AUTO_INCREMENT for table `email_templates`
--
ALTER TABLE `email_templates`
  MODIFY `Email_templateID` int(11) NOT NULL AUTO_INCREMENT, AUTO_INCREMENT=22;

--
-- AUTO_INCREMENT for table `email_templates_text`
--
ALTER TABLE `email_templates_text`
  MODIFY `Email_templateTextID` int(11) NOT NULL AUTO_INCREMENT, AUTO_INCREMENT=41;

--
-- AUTO_INCREMENT for table `features`
--
ALTER TABLE `features`
  MODIFY `FeatureID` int(11) NOT NULL AUTO_INCREMENT, AUTO_INCREMENT=7;

--
-- AUTO_INCREMENT for table `features_text`
--
ALTER TABLE `features_text`
  MODIFY `FeatureTextID` int(11) NOT NULL AUTO_INCREMENT, AUTO_INCREMENT=19;

--
-- AUTO_INCREMENT for table `inquiries`
--
ALTER TABLE `inquiries`
  MODIFY `InquiryID` int(11) NOT NULL AUTO_INCREMENT, AUTO_INCREMENT=2691;

--
-- AUTO_INCREMENT for table `machines`
--
ALTER TABLE `machines`
  MODIFY `MachineID` int(11) NOT NULL AUTO_INCREMENT, AUTO_INCREMENT=91;

--
-- AUTO_INCREMENT for table `machines_text`
--
ALTER TABLE `machines_text`
  MODIFY `MachineTextID` int(11) NOT NULL AUTO_INCREMENT, AUTO_INCREMENT=181;

--
-- AUTO_INCREMENT for table `menus`
--
ALTER TABLE `menus`
  MODIFY `MenuID` int(11) NOT NULL AUTO_INCREMENT, AUTO_INCREMENT=20;

--
-- AUTO_INCREMENT for table `menus_text`
--
ALTER TABLE `menus_text`
  MODIFY `MenuTextID` int(11) NOT NULL AUTO_INCREMENT, AUTO_INCREMENT=30;

--
-- AUTO_INCREMENT for table `modules`
--
ALTER TABLE `modules`
  MODIFY `ModuleID` int(11) NOT NULL AUTO_INCREMENT, AUTO_INCREMENT=64;

--
-- AUTO_INCREMENT for table `modules_rights`
--
ALTER TABLE `modules_rights`
  MODIFY `ModuleRightID` int(11) NOT NULL AUTO_INCREMENT, AUTO_INCREMENT=234;

--
-- AUTO_INCREMENT for table `modules_text`
--
ALTER TABLE `modules_text`
  MODIFY `ModuleTextID` int(11) NOT NULL AUTO_INCREMENT, AUTO_INCREMENT=78;

--
-- AUTO_INCREMENT for table `modules_users_rights`
--
ALTER TABLE `modules_users_rights`
  MODIFY `ModuleRightID` int(11) NOT NULL AUTO_INCREMENT, AUTO_INCREMENT=393;

--
-- AUTO_INCREMENT for table `packages`
--
ALTER TABLE `packages`
  MODIFY `PackageID` int(11) NOT NULL AUTO_INCREMENT, AUTO_INCREMENT=36;

--
-- AUTO_INCREMENT for table `packages_text`
--
ALTER TABLE `packages_text`
  MODIFY `PackageTextID` int(11) NOT NULL AUTO_INCREMENT, AUTO_INCREMENT=142;

--
-- AUTO_INCREMENT for table `pages`
--
ALTER TABLE `pages`
  MODIFY `PageID` int(11) NOT NULL AUTO_INCREMENT, AUTO_INCREMENT=26;

--
-- AUTO_INCREMENT for table `pages_text`
--
ALTER TABLE `pages_text`
  MODIFY `PageTextID` int(11) NOT NULL AUTO_INCREMENT, AUTO_INCREMENT=67;

--
-- AUTO_INCREMENT for table `roles`
--
ALTER TABLE `roles`
  MODIFY `RoleID` int(11) NOT NULL AUTO_INCREMENT, AUTO_INCREMENT=6;

--
-- AUTO_INCREMENT for table `roles_text`
--
ALTER TABLE `roles_text`
  MODIFY `RoleTextID` int(11) NOT NULL AUTO_INCREMENT, AUTO_INCREMENT=11;

--
-- AUTO_INCREMENT for table `site_documents`
--
ALTER TABLE `site_documents`
  MODIFY `SiteDocumentID` int(11) NOT NULL AUTO_INCREMENT, AUTO_INCREMENT=10;

--
-- AUTO_INCREMENT for table `site_images`
--
ALTER TABLE `site_images`
  MODIFY `SiteImageID` int(11) NOT NULL AUTO_INCREMENT, AUTO_INCREMENT=454;

--
-- AUTO_INCREMENT for table `site_settings`
--
ALTER TABLE `site_settings`
  MODIFY `SiteSettingID` int(11) NOT NULL AUTO_INCREMENT, AUTO_INCREMENT=2;

--
-- AUTO_INCREMENT for table `states`
--
ALTER TABLE `states`
  MODIFY `StateID` int(11) NOT NULL AUTO_INCREMENT, AUTO_INCREMENT=3480;

--
-- AUTO_INCREMENT for table `states_text`
--
ALTER TABLE `states_text`
  MODIFY `StateTextID` int(11) NOT NULL AUTO_INCREMENT, AUTO_INCREMENT=3479;

--
-- AUTO_INCREMENT for table `system_languages`
--
ALTER TABLE `system_languages`
  MODIFY `SystemLanguageID` int(11) NOT NULL AUTO_INCREMENT, AUTO_INCREMENT=3;

--
-- AUTO_INCREMENT for table `system_languages_text`
--
ALTER TABLE `system_languages_text`
  MODIFY `SystemLanguageTextID` int(11) NOT NULL AUTO_INCREMENT, AUTO_INCREMENT=11;

--
-- AUTO_INCREMENT for table `users`
--
ALTER TABLE `users`
  MODIFY `UserID` int(11) NOT NULL AUTO_INCREMENT, AUTO_INCREMENT=8;

--
-- AUTO_INCREMENT for table `users_text`
--
ALTER TABLE `users_text`
  MODIFY `UserTextID` int(11) NOT NULL AUTO_INCREMENT, AUTO_INCREMENT=15;

--
-- AUTO_INCREMENT for table `user_package_purchase`
--
ALTER TABLE `user_package_purchase`
  MODIFY `PurchaseID` int(11) NOT NULL AUTO_INCREMENT, AUTO_INCREMENT=11;

--
-- AUTO_INCREMENT for table `user_payment`
--
ALTER TABLE `user_payment`
  MODIFY `PaymentID` int(11) NOT NULL AUTO_INCREMENT, AUTO_INCREMENT=11;

--
-- AUTO_INCREMENT for table `wishlist`
--
ALTER TABLE `wishlist`
  MODIFY `ID` int(11) NOT NULL AUTO_INCREMENT, AUTO_INCREMENT=2;

--
-- Constraints for dumped tables
--

--
-- Constraints for table `advertises_text`
--
ALTER TABLE `advertises_text`
  ADD CONSTRAINT `comapny_advertises_text_Comapny_advertiseID_fk` FOREIGN KEY (`AdvertiseID`) REFERENCES `advertises` (`AdvertiseID`) ON DELETE CASCADE ON UPDATE CASCADE;

--
-- Constraints for table `categories_text`
--
ALTER TABLE `categories_text`
  ADD CONSTRAINT `categories_text_CategoryID_fk` FOREIGN KEY (`CategoryID`) REFERENCES `categories` (`CategoryID`) ON DELETE CASCADE ON UPDATE CASCADE;

--
-- Constraints for table `cities`
--
ALTER TABLE `cities`
  ADD CONSTRAINT `cities_ibfk_1` FOREIGN KEY (`DistrictID`) REFERENCES `districts` (`DistrictID`);

--
-- Constraints for table `cities_text`
--
ALTER TABLE `cities_text`
  ADD CONSTRAINT `FK_cities_text` FOREIGN KEY (`CityID`) REFERENCES `cities` (`CityID`);

--
-- Constraints for table `confirmation_boxes_text`
--
ALTER TABLE `confirmation_boxes_text`
  ADD CONSTRAINT `confirmation-boxes_text_Confirmation-boxID_fk` FOREIGN KEY (`Confirmation_boxID`) REFERENCES `confirmation_boxes` (`Confirmation_boxID`) ON DELETE CASCADE ON UPDATE CASCADE;

--
-- Constraints for table `countries_text`
--
ALTER TABLE `countries_text`
  ADD CONSTRAINT `countries_text_CountryID_fk` FOREIGN KEY (`CountryID`) REFERENCES `countries` (`CountryID`) ON DELETE CASCADE ON UPDATE CASCADE;

--
-- Constraints for table `districts_text`
--
ALTER TABLE `districts_text`
  ADD CONSTRAINT `districts_text_ibfk_1` FOREIGN KEY (`DistrictID`) REFERENCES `districts` (`DistrictID`);

--
-- Constraints for table `email_templates_text`
--
ALTER TABLE `email_templates_text`
  ADD CONSTRAINT `email_templates_text_Email_templateID_fk` FOREIGN KEY (`Email_templateID`) REFERENCES `email_templates` (`Email_templateID`) ON DELETE CASCADE ON UPDATE CASCADE;

--
-- Constraints for table `features_text`
--
ALTER TABLE `features_text`
  ADD CONSTRAINT `features_text_FeatureID_fk` FOREIGN KEY (`FeatureID`) REFERENCES `features` (`FeatureID`) ON DELETE CASCADE ON UPDATE CASCADE;

--
-- Constraints for table `inquiries`
--
ALTER TABLE `inquiries`
  ADD CONSTRAINT `inquiry_machineID_fk` FOREIGN KEY (`MachineID`) REFERENCES `machines_text` (`MachineID`) ON DELETE CASCADE ON UPDATE CASCADE;

--
-- Constraints for table `machines_text`
--
ALTER TABLE `machines_text`
  ADD CONSTRAINT `posts_text_PostID_fk` FOREIGN KEY (`MachineID`) REFERENCES `machines` (`MachineID`) ON DELETE CASCADE ON UPDATE CASCADE;

--
-- Constraints for table `menus_text`
--
ALTER TABLE `menus_text`
  ADD CONSTRAINT `menus_text_MenuID_fk` FOREIGN KEY (`MenuID`) REFERENCES `menus` (`MenuID`) ON DELETE CASCADE ON UPDATE CASCADE;

--
-- Constraints for table `modules_rights`
--
ALTER TABLE `modules_rights`
  ADD CONSTRAINT `fk_ModuleID` FOREIGN KEY (`ModuleID`) REFERENCES `modules` (`ModuleID`);

--
-- Constraints for table `modules_text`
--
ALTER TABLE `modules_text`
  ADD CONSTRAINT `modules_text_ibfk_1` FOREIGN KEY (`ModuleID`) REFERENCES `modules` (`ModuleID`);

--
-- Constraints for table `packages_text`
--
ALTER TABLE `packages_text`
  ADD CONSTRAINT `packages_text_PackageID_fk` FOREIGN KEY (`PackageID`) REFERENCES `packages` (`PackageID`) ON DELETE CASCADE ON UPDATE CASCADE;
COMMIT;

/*!40101 SET CHARACTER_SET_CLIENT=@OLD_CHARACTER_SET_CLIENT */;
/*!40101 SET CHARACTER_SET_RESULTS=@OLD_CHARACTER_SET_RESULTS */;
/*!40101 SET COLLATION_CONNECTION=@OLD_COLLATION_CONNECTION */;
